dyad_id,block,trial_in_block,global_trial,sequence_type,sequence_member1,sequence_member2,dyad_similarity
S1_D01,1,0,,seed,BRRBBYYYGRBYY,YYYGRRRRBBBRG,0.07692307692307687
S1_D01,1,1,1,output,RRBBYYYGRBBBR,YYYGRRRBRRRGY,0.23076923076923073
S1_D01,1,2,2,output,GYYYGRRBRRGGG,RRRBBBGGYYBRR,0.07692307692307687
S1_D01,1,3,3,output,RRRBBBGYYYRGG,GGRBBRGGGYYYG,0.46153846153846156
S1_D01,1,4,4,output,GGRBGGYYRYGRR,RRBYYGRRBGGGY,0.23076923076923073
S1_D01,1,5,5,output,RRBBGYYGBRGYR,RRBGGRYYBRRBB,0.5384615384615384
S1_D01,1,6,6,output,RRBYYRBBYRRRR,RRBGGYRRBBGGG,0.3846153846153846
S1_D01,1,7,7,output,RRGYGGGRRGGGG,RRBYYRRBRRRRR,0.3076923076923077
S1_D01,1,8,8,output,RRBYYRRRRRRRR,RRGYRRGGGGGGG,0.3076923076923077
S1_D01,2,0,,seed,YBYYRYRYRBBYB,GYYRGYYYGGBBG,0.3846153846153846
S1_D01,2,1,9,output,YYBRYYBYBYRRR,RRYGGBBRYGGGG,0.15384615384615385
S1_D01,2,2,10,output,YYBRRRYBGGGGG,RRYYBBYBRRRRR,0.23076923076923073
S1_D01,2,3,11,output,RRYYBYBYRRRRR,RRYYBBGGGGGGG,0.3846153846153846
S1_D01,2,4,12,output,RRYYBBGGGGGGG,RRYBYBYRRRRRR,0.3076923076923077
S1_D01,2,5,13,output,RRYBYBYRRRRRR,RRYYBBGGGGGGG,0.3076923076923077
S1_D01,2,6,14,output,RRYYBBGGGGGGG,BYBRRRRRRRRRR,0.0
S1_D01,2,7,15,output,YBYRRRRRRRRRR,RRYYBBGGGGGGG,0.07692307692307687
S1_D01,2,8,16,output,RRYYBBGGGGGGG,BYBYRRRRRRRRR,0.07692307692307687
S1_D01,3,0,,seed,GRGYRGGGGYYBG,GYBRBRGBRGYGR,0.3076923076923077
S1_D01,3,1,17,output,GGRYGRBGGGGGG,YBYRBRBGYGYRB,0.3076923076923077
S1_D01,3,2,18,output,YRYRBYGYGYRYR,YRRBYRBGGGGGG,0.3846153846153846
S1_D01,3,3,19,output,YRRBYGGGGGGGG,RBRYRBGRBRBRB,0.15384615384615385
S1_D01,3,4,20,output,RBYRBGBRBRBRB,YYRYBBRYGGGGG,0.23076923076923073
S1_D01,3,5,21,output,YYRBYRGYGGGGG,GYRBYRYRYRYRY,0.3846153846153846
S1_D01,3,6,22,output,GYBBYRYRYRYRY,YYRYBBYRGGGGG,0.23076923076923073
S1_D01,3,7,23,output,YYRBYRYGGGGGG,YBBRYRYRYRYRY,0.3076923076923077
S1_D01,3,8,24,output,YBBRYRYRYRYRY,YYRYBYGGGGGGG,0.23076923076923073
S1_D01,4,0,,seed,RYGGRBYBYGGYR,YYRYBGYYGYYBG,0.3076923076923077
S1_D01,4,1,25,output,RYGGBYRYGRYGB,YYRBYGRYGGBGG,0.46153846153846156
S1_D01,4,2,26,output,YYRBYGBGYRGBG,YYRYBGBYRYGBG,0.6923076923076923
S1_D01,4,3,27,output,YYRBYGBGYRGGB,YRRYBGYBBRYGB,0.5384615384615384
S1_D01,4,4,28,output,YYRBGYRBGYYGB,YYRYBGBYRYGBG,0.5384615384615384
S1_D01,4,5,29,output,YYRBYGBGBYYGB,YYRYBGBYRYYGB,0.6923076923076923
S1_D01,4,6,30,output,YYRBYGBYGYYGB,YYYBGYGGBBRGB,0.46153846153846156
S1_D01,4,7,31,output,YYYBGYBBGYRGB,YYRYBGYBYRBBB,0.6153846153846154
S1_D01,4,8,32,output,YYYRYGBGBRRBB,YYRBGBBYRGBGB,0.5384615384615384
S1_D01,5,0,,seed,RRGRRRGGBBRGB,YYBBBBYGGYYYR,0.07692307692307687
S1_D01,5,1,33,output,RRRGRGGBRGBRR,YYYBBBGYYRRBR,0.23076923076923073
S1_D01,5,2,34,output,YYYBBBGYBRRRR,RRBBRBGBRGBRB,0.3846153846153846
S1_D01,5,3,35,output,RRRBBBGRBRBRR,YYYBBBGYBRRRR,0.6153846153846154
S1_D01,5,4,36,output,YYYBBBGYBRRRR,RRRBGBRBRRRRR,0.46153846153846156
S1_D01,5,5,37,output,RRRGBBRRRRRRR,YYYBGYBRRRRRR,0.5384615384615384
S1_D01,5,6,38,output,YYYBGYRBRRRRR,RRGBGRRRRRRRR,0.6153846153846154
S1_D01,5,7,39,output,RRRBGRRRRRRRR,YYBGYGBRRRRRR,0.5384615384615384
S1_D01,5,8,40,output,YGYBGYRRRRRRR,RRGRRRRRRRRRR,0.5384615384615384
S1_D01,6,0,,seed,BGGRBRBBGRGBR,GYBBBBRRBGGGY,0.3076923076923077
S1_D01,6,1,41,output,BBGRBRBRRGRGR,GGGBRRBYGGGGB,0.3846153846153846
S1_D01,6,2,42,output,GGGBRBBYGRRRG,RRBGBRGBRBRRR,0.46153846153846156
S1_D01,6,3,43,output,GBGRRBRRRRRRR,GGBYRBBRRBRRR,0.6153846153846154
S1_D01,6,4,44,output,YGBYBGRBRRBRR,RRBGGBRRRRRRR,0.46153846153846156
S1_D01,6,5,45,output,RRBGBGRRRRRRR,YYGBBRYBRBYRR,0.3846153846153846
S1_D01,6,6,46,output,YGBRBYYRRRRRR,RRBGBRYBRRRRR,0.6153846153846154
S1_D01,6,7,47,output,RGBYBRYGBRRRR,YYGBYRYGBRRRR,0.7692307692307692
S1_D01,6,8,48,output,YGGRYRBGYRRRR,RYBGBYRBGBRRR,0.6153846153846154
S1_D01,7,0,,seed,RYYYYYBYGRRRY,GBBYRYYYRGGRG,0.3076923076923077
S1_D01,7,1,49,output,YRYYYBYGBYRYR,GBYBGRBRYRRRR,0.3076923076923077
S1_D01,7,2,50,output,YGBBRYBRRRRRR,YYYYBGBRYBGBR,0.3076923076923077
S1_D01,7,3,51,output,YYYYBGYRYRRRG,YYGBRYGBRRRRR,0.46153846153846156
S1_D01,7,4,52,output,YYGYGYRBYGRRR,YYGGYRBRRRGRG,0.6153846153846154
S1_D01,7,5,53,output,YYGBGRRGRGRGG,YYGBGYRBRRRRR,0.6153846153846154
S1_D01,7,6,54,output,YYGBYGRRBRRRR,YRYRGRRGRGGRR,0.46153846153846156
S1_D01,7,7,55,output,YRYRGRRRGGRGR,GGYBGRYRRRRRR,0.46153846153846156
S1_D01,7,8,56,output,GGYBGRRRYRRRR,RYRYRRGRGRGGR,0.3846153846153846
S1_D01,8,0,,seed,BBBBRYBYRBYGB,YYGYRRGRBGYRB,0.3076923076923077
S1_D01,8,1,57,output,BBBRBRBYRBGYR,YYGYGRBYRYRBR,0.3846153846153846
S1_D01,8,2,58,output,YYGBGYYBRYBRR,RBYBRBGBYGBRY,0.3076923076923077
S1_D01,8,3,59,output,YYGBRYYGBYRBB,YYGBGYBYRRRRR,0.46153846153846156
S1_D01,8,4,60,output,YYGBGGBYRRRRR,YYGBBYRYGBRYR,0.5384615384615384
S1_D01,8,5,61,output,YYGBYBBGYRYRR,YYGGYRRRRRRRR,0.5384615384615384
S1_D01,8,6,62,output,YYGGRYRRRRRRR,YYBGYRBBYRYRY,0.46153846153846156
S1_D01,8,7,63,output,YYYBGYRYRYRYR,YGGYRYBRRRRRR,0.46153846153846156
S1_D01,8,8,64,output,YGGYRYRRRRRRR,YYGBYRYRYYRYR,0.5384615384615384
S1_D01,9,0,,seed,YBGBYYBYYGBRR,RBRGRYGRBRRBR,0.3076923076923077
S1_D01,9,1,65,output,YYBYBGYBRRYBR,YYRBGYRRBRYRY,0.5384615384615384
S1_D01,9,2,66,output,YYGYGBRYRYRYR,YYBGYBRRYGYRY,0.6153846153846154
S1_D01,9,3,67,output,YGBYBRGYRYRYR,YYGBYRYRYRYRY,0.6923076923076923
S1_D01,9,4,68,output,YYGYBGBGYRYRY,YGBYGYRYRYRYR,0.5384615384615384
S1_D01,9,5,69,output,YGYBGYRYRYRYR,YYGBGYRYRYRYR,0.8461538461538461
S1_D01,9,6,70,output,YYGBGYRYRRYRY,YGBYGYRYRYRYR,0.6923076923076923
S1_D01,9,7,71,output,GBYYGYRYRYRYR,YYGBYGYRYRYRR,0.6923076923076923
S1_D01,9,8,72,output,YYGGBYRYRYRRR,GGBYGYYRYYRYR,0.5384615384615384
S1_D01,10,0,,seed,GBBRRBRRGYYYB,BBYRGYGBYGBBR,0.3076923076923077
S1_D01,10,1,73,output,BGBBRBRGBRYRR,YYRYBGBRYRYRY,0.3846153846153846
S1_D01,10,2,74,output,YYRBGYYRBRYRR,GBGBGBYRYRRRY,0.46153846153846156
S1_D01,10,3,75,output,GBGGBGYRYYYYR,YYRBYGYRBBRYR,0.3846153846153846
S1_D01,10,4,76,output,YYRBGYRYBRYRR,BGGBGYRYGYRYR,0.5384615384615384
S1_D01,10,5,77,output,BGGBGYRYRYRYY,YYBGBYRYYRYRY,0.5384615384615384
S1_D01,10,6,78,output,YYBBGYRYRYRYY,BGGBYRYRGGRBR,0.3846153846153846
S1_D01,10,7,79,output,BGGGYRRBGRBRR,YYRBGBYRYRYRR,0.3076923076923077
S1_D01,10,8,80,output,BGGYRYRYRYRRR,YBGGGYRYBYRYR,0.6153846153846154
S1_D01,11,0,,seed,BBBRBYGBGRYRB,RGYRRRGRRYBGY,0.23076923076923073
S1_D01,11,1,81,output,BBGRBYRGBRRRR,RRYRYGYYRYRBR,0.3076923076923077
S1_D01,11,2,82,output,RRYRYGRBRRRRR,BGBYRBGGRRRRR,0.5384615384615384
S1_D01,11,3,83,output,BGBYRRBGRRRRR,RRYBGYRYRRRRR,0.46153846153846156
S1_D01,11,4,84,output,RRYBGYRYRRRRR,BBGBGYRBGBRRR,0.5384615384615384
S1_D01,11,5,85,output,RRYBGYRBRBRRR,RRYGBYRRRRRRR,0.6923076923076923
S1_D01,11,6,86,output,RRYGBYRRRRRRR,RRYBGBYBRRRRR,0.7692307692307692
S1_D01,11,7,87,output,RRYGYRBYRRRRR,RRYBGYRRRRRRR,0.7692307692307692
S1_D01,11,8,88,output,RRYBGYRRRRRRR,RRYBYRYRRRRRR,0.8461538461538461
S1_D01,12,0,,seed,BRGYGYBYRRYBY,BBYYBYBRBRGYY,0.46153846153846156
S1_D01,12,1,89,output,RGBBGYBYBYBYB,YYBGBYRYYRYYY,0.3076923076923077
S1_D01,12,2,90,output,YYRBGYRYYYYYY,RRBYGRBYBYBYB,0.3846153846153846
S1_D01,12,3,91,output,RRBRBGYBYBYBB,YYRYBGYRYYYYY,0.3846153846153846
S1_D01,12,4,92,output,YRYBGYYRYYYYY,RRBGBRYRBRBBB,0.3076923076923077
S1_D01,12,5,93,output,RGBYGBRBRBBBB,YYRBBYRYYYYYY,0.15384615384615385
S1_D01,12,6,94,output,YRYBRYYRYYYYY,RRGBGBRBBBBBB,0.15384615384615385
S1_D01,12,7,95,output,RRBBGBRBRBBBB,YYBRYYYRYYYYY,0.07692307692307687
S1_D01,12,8,96,output,YRYYBYYRYYYYY,RRBGBRBBBBBBB,0.15384615384615385
S1_D01,13,0,,seed,GRYBGBYRRBYRY,GBBRRYBYYYRRR,0.3846153846153846
S1_D01,13,1,97,output,YGRRBRBGBRBYY,GBBRRYRYBYRRR,0.23076923076923073
S1_D01,13,2,98,output,GBGRBYYRRBRRR,YYRYGBRYBRYYY,0.23076923076923073
S1_D01,13,3,99,output,YYRYBGRYRYYYY,GBYYRBYRRRRRR,0.3076923076923077
S1_D01,13,4,100,output,GBYYRBRBRRRRR,YYRYBYGYYRRYY,0.3076923076923077
S1_D01,13,5,101,output,YYRYBYGBGRRYY,GBYRYBYRRRRRR,0.46153846153846156
S1_D01,13,6,102,output,GBYRYBRYRRRRR,YYRYBYBGYYYRY,0.3076923076923077
S1_D01,13,7,103,output,YYRYBYBGYYYRY,GGBYRYBYRRRRR,0.3076923076923077
S1_D01,13,8,104,output,GGBYBYRYBRRRR,YYBGBYRYRRYRY,0.5384615384615384
S1_D01,14,0,,seed,BGRRRGYYBGRBR,RRRYRYBYGGYBY,0.3846153846153846
S1_D01,14,1,105,output,GGBRBYYGRRGBR,YYRYGYRYBGYBB,0.23076923076923073
S1_D01,14,2,106,output,YYRGBRRYBYGBB,GBYRYBRYYRBBB,0.46153846153846156
S1_D01,14,3,107,output,GBYRYBRGYRBBB,YYRBGBRBYRRYB,0.46153846153846156
S1_D01,14,4,108,output,YYRBGRRYBRRYB,YYBGYBGYBBBBB,0.46153846153846156
S1_D01,14,5,109,output,YBYGYBGYBBBBB,YYRBYGRBYRRYR,0.3076923076923077
S1_D01,14,6,110,output,YYRGBYRBYRRYR,YYBGYBGYBBBBB,0.3076923076923077
S1_D01,14,7,111,output,YYBGYBGYBBBBB,YBGBRYYRYRYRR,0.23076923076923073
S1_D01,14,8,112,output,YYRBGYRYRRYRR,YYBGYBBBBBBBB,0.3076923076923077
S1_D01,15,0,,seed,GRRGYRGGBYYYG,YBYBGBYBYGGBG,0.23076923076923073
S1_D01,15,1,113,output,GGRGBYRBYYYYG,YYBYBBGBGGBGG,0.23076923076923073
S1_D01,15,2,114,output,YYBYBYGBGGBGG,GGBRBYRYGYYYG,0.3846153846153846
S1_D01,15,3,115,output,GGBRBYRBYYYYG,YYBGBGBYBGGBG,0.3076923076923077
S1_D01,15,4,116,output,YBYGBGYYBYYYG,GGBRYRBGYGGGG,0.3076923076923077
S1_D01,15,5,117,output,GGBRYRRBYGGGG,YYBGBYYBYYGGY,0.3846153846153846
S1_D01,15,6,118,output,YYBGBGYBYYYGG,GGGGGGGGGGGGG,0.3076923076923077
S1_D01,15,7,119,output,GGGGGGGGGGGGG,YYBGBGBGGBYGG,0.46153846153846156
S1_D01,15,8,120,output,YYBGBGGBYGGGG,GGGGGGGGGGGGG,0.5384615384615384
S1_D02,1,0,,seed,RYRGRGRGBBRYY,GBYRRBBYGBYYR,0.3076923076923077
S1_D02,1,1,1,output,RYRYRYRRGRBRY,GGBYRRRYBRBBY,0.46153846153846156
S1_D02,1,2,2,output,RYRYRGRBGBRGR,RYRYRYRRGRBRY,0.6153846153846154
S1_D02,1,3,3,output,RYRYRYRYRYRGR,RYRRBGBRYBRRR,0.5384615384615384
S1_D02,1,4,4,output,RYRYRBRGRBGBG,RYRYRYRYRGRYR,0.5384615384615384
S1_D02,1,5,5,output,RYRYRYRYRGRYR,RRYYRBBRYRBGB,0.3846153846153846
S1_D02,1,6,6,output,RYRYRRYRGBRBR,RYRYRRYRRRYRR,0.6923076923076923
S1_D02,1,7,7,output,RYRYRYRRRYRRY,RRRRRBRBRYRBR,0.5384615384615384
S1_D02,1,8,8,output,RRRRRRBRBRYRY,RRYRYRRRRRRRR,0.5384615384615384
S1_D02,2,0,,seed,YYGBYRBRRRBRR,YBBYYGBBBRGRY,0.3846153846153846
S1_D02,2,1,9,output,YYYGBRBRGRRYR,BBBBBRBYBRBRR,0.3846153846153846
S1_D02,2,2,10,output,BBBBBRBYBRBRB,YBYBYBBGBYRBG,0.46153846153846156
S1_D02,2,3,11,output,YYYYYBYBGYBYG,BBBBBBBBYRYBR,0.23076923076923073
S1_D02,2,4,12,output,BBBBBBBBYRYBR,YYYYYYYBYYBYB,0.23076923076923073
S1_D02,2,5,13,output,YYYYYYYBYBYBB,BBBBBBBBYRBYB,0.3076923076923077
S1_D02,2,6,14,output,BBBBBBBBYRYBR,YYYYYYYBBBBBB,0.15384615384615385
S1_D02,2,7,15,output,YYYYYYYBBBBBB,BBBBBBBBRRBRB,0.23076923076923073
S1_D02,2,8,16,output,BBBBBBBBRRBRB,BBBBBBBBBBBBB,0.7692307692307692
S1_D02,3,0,,seed,BBGGYGBBYYYGY,YGYRGYBBRRRBG,0.23076923076923073
S1_D02,3,1,17,output,BBGGYBYGBYGYG,YGRYRYGRBBRBB,0.3076923076923077
S1_D02,3,2,18,output,YRYRGYRBGYRGB,BYGBYBGBYBBBB,0.3076923076923077
S1_D02,3,3,19,output,BYBYBGYBYBYBB,YRYRYRGBRGYRY,0.3076923076923077
S1_D02,3,4,20,output,YRYRYRGBRGRYR,BBYBYBYBGYBYB,0.3076923076923077
S1_D02,3,5,21,output,BBYBYBYBGYBYB,YRRYRYRYRGYRY,0.3846153846153846
S1_D02,3,6,22,output,YRYRYRRGYRGYR,BYBYBYBYBGYBY,0.3076923076923077
S1_D02,3,7,23,output,YBYBYBYBGBYBY,YRYRYRYRYRGYR,0.3076923076923077
S1_D02,3,8,24,output,YRYRYRYRYRGYR,YBYBYBYBGBYBY,0.3076923076923077
S1_D02,4,0,,seed,GGRGYBBYGRGYY,YRBRYRBBYBGBR,0.3076923076923077
S1_D02,4,1,25,output,GGRYRGYRYBGYB,YBRYRBYBBBRGB,0.46153846153846156
S1_D02,4,2,26,output,YRYRYBRGBGRYB,GRGYRGBYRGYRG,0.3846153846153846
S1_D02,4,3,27,output,GGRYRYGYBGBYR,YRRYRYRYRGBYR,0.6923076923076923
S1_D02,4,4,28,output,YRRYRYRYGYBGY,GRYGRYRGBYRGB,0.46153846153846156
S1_D02,4,5,29,output,YGRYRRGBGYRBY,GBGBYBGYBGRYB,0.3076923076923077
S1_D02,4,6,30,output,GBGBGBGYBGYBG,YRGYRRGRYBGRY,0.3076923076923077
S1_D02,4,7,31,output,YRYRRGYBGRGYB,GBGBGBGYBYBGY,0.3076923076923077
S1_D02,4,8,32,output,GGBGBGYBYGBYG,YRYRYRBRYRRBY,0.15384615384615385
S1_D02,5,0,,seed,GRBGYGBYGRRRG,BBBGGBBRBBYRG,0.3846153846153846
S1_D02,5,1,33,output,GRBGRYBRRGRGR,BBBGGBGRYBGRY,0.3846153846153846
S1_D02,5,2,34,output,BBBGRYRYGBGRB,GRBGRYYBRGRGR,0.46153846153846156
S1_D02,5,3,35,output,GRBGRBGGRYRYG,BBBRGBYRGBYRB,0.3076923076923077
S1_D02,5,4,36,output,BBBRGRYGYRYRG,GRRRBGRBGRBYR,0.3846153846153846
S1_D02,5,5,37,output,GRRRBGRBRGRBG,GGRBGRBRYRYRG,0.6153846153846154
S1_D02,5,6,38,output,GGRBGRBGYRBBG,GRBGRBGBGRBGR,0.6153846153846154
S1_D02,5,7,39,output,GRBGRBGBGBRGR,GRBGRRGRBGRYB,0.6153846153846154
S1_D02,5,8,40,output,GRBGRBRRYRBRG,GRBGRBGBGRBRG,0.7692307692307692
S1_D02,6,0,,seed,BRYYYGBRGRYGG,GGRRYGRBYRRRB,0.23076923076923073
S1_D02,6,1,41,output,BRYYYGBRYRBYR,GGRRBYRGBYRGG,0.3076923076923077
S1_D02,6,2,42,output,GGRGRGBYGRYGR,BRYYYGBRGBYRG,0.3076923076923077
S1_D02,6,3,43,output,BRBBBYRYRGBBR,GGRGRYBGRBYGR,0.23076923076923073
S1_D02,6,4,44,output,GGRGRYBYBGRYB,BRBRBBYRYBGBR,0.3076923076923077
S1_D02,6,5,45,output,BRBRBBYGBRYBG,GRGRGRYRBGRYB,0.46153846153846156
S1_D02,6,6,46,output,GRGRGRYBRGBRY,GBGBGBYRBGRYB,0.46153846153846156
S1_D02,6,7,47,output,GBGBGBYRBYGBR,GRGRGBYRGBYRG,0.5384615384615384
S1_D02,6,8,48,output,GRGRGRBGYRYRG,GBGBGBGRBYRGB,0.5384615384615384
S1_D02,7,0,,seed,RGRGGYRRYGYGB,RGGRYYGRBBGYG,0.46153846153846156
S1_D02,7,1,49,output,GRGRGRYGGRGRY,GRGRBGBYRGRBY,0.6153846153846154
S1_D02,7,2,50,output,GRGRGRBYGRYRY,GRGRGRGYGGRYG,0.6923076923076923
S1_D02,7,3,51,output,GRGRGRYGGRGGR,GRGRGRBGRYGBG,0.6153846153846154
S1_D02,7,4,52,output,GRGRGRBGYGRGR,GRGRGRGYBGYRG,0.6923076923076923
S1_D02,7,5,53,output,GRGRGRGYBGBRG,GRGRGRGRGBYGR,0.6923076923076923
S1_D02,7,6,54,output,GRGRGRGRGBYGR,GRGRGRGYBGYRG,0.6153846153846154
S1_D02,7,7,55,output,GRGRGRGYBGRGR,GRGRGRGRGBYGR,0.6923076923076923
S1_D02,7,8,56,output,GRGRGRRGBGRGR,GRGRGRGYBGYGR,0.7692307692307692
S1_D02,8,0,,seed,GGYBBRYYYBBRR,BYBGRRYRYBGBR,0.46153846153846156
S1_D02,8,1,57,output,GGYGGYBBBRYYY,BYBYBGRYBRGRY,0.3076923076923077
S1_D02,8,2,58,output,BYBYBBGGRRYRG,GYGGGYBRBYRBY,0.23076923076923073
S1_D02,8,3,59,output,GYGGGYGBYBRBG,BYBYBRBYGRBYB,0.3076923076923077
S1_D02,8,4,60,output,BYBYBRBYGRBYG,GYGYGBGYRGYBG,0.3846153846153846
S1_D02,8,5,61,output,GGYGBYGGRYBGY,BYBYBYBRGBYBR,0.3076923076923077
S1_D02,8,6,62,output,BYBYBYBRGYRYY,GGYGGGYBGYRBG,0.3846153846153846
S1_D02,8,7,63,output,GGYGYBYGBGRGG,YBYBYRGBYRBYR,0.3846153846153846
S1_D02,8,8,64,output,YBYBYRGBYRRBB,GBGYGYGBYRBYG,0.46153846153846156
S1_D02,9,0,,seed,RBRGBBRGBBYYY,YGGBBGRYYBGYY,0.46153846153846156
S1_D02,9,1,65,output,BRRGRBYRBYYYY,YGYGGRBYRYGBY,0.46153846153846156
S1_D02,9,2,66,output,YGGYGGYBYRYBR,BRBRBRYBRYRBG,0.3076923076923077
S1_D02,9,3,67,output,RBRBRBYBRYBRB,YGYYGGYBRYBYG,0.3846153846153846
S1_D02,9,4,68,output,YYGYGYBYBYGYB,RBRBRBRBYRBRB,0.23076923076923073
S1_D02,9,5,69,output,BRBRRBRBYRBRB,YGYGYYBYGYBYG,0.15384615384615385
S1_D02,9,6,70,output,GYYGYBYGYYBYG,RBRBRBRYBRYRB,0.15384615384615385
S1_D02,9,7,71,output,BRBRBRBRYBRYB,GYGYGYBGYBYGY,0.23076923076923073
S1_D02,9,8,72,output,GYGYGYGYBGYBY,BRBRBRBRBYBRB,0.15384615384615385
S1_D02,10,0,,seed,GYRGBRBGRGBGB,YYRBYRRYRRRGR,0.3846153846153846
S1_D02,10,1,73,output,GYRGYRGGBGBGB,YRYYYRBYYRBGR,0.3846153846153846
S1_D02,10,2,74,output,YRYYYYYBYRBYB,GYRGYRGGBGBGB,0.3846153846153846
S1_D02,10,3,75,output,GYRGRGGBGBGGB,YRYYYYYYYBYBR,0.15384615384615385
S1_D02,10,4,76,output,YRYYYYYYYBYBY,YRGGGBYGRYBGR,0.3076923076923077
S1_D02,10,5,77,output,YRYRGGGBYGRYR,YRYYYYYYYYYYB,0.3846153846153846
S1_D02,10,6,78,output,YRYYYYYYYYYBB,GYGYYYRGYYRGB,0.46153846153846156
S1_D02,10,7,79,output,GYGYGYYYRYGRG,YRYYYYYYYYYYB,0.3846153846153846
S1_D02,10,8,80,output,YRYYYYYYYYYYB,GYYYYYYYYRGRR,0.5384615384615384
S1_D02,11,0,,seed,YRBYYRYYBYBYB,RGBGGRGBYGRBB,0.3076923076923077
S1_D02,11,1,81,output,YRYYBYYYRBYBY,GRBGRBGRBYBGR,0.3076923076923077
S1_D02,11,2,82,output,GRBGRBGRBYRGB,YRYRYBBYBYGBY,0.3846153846153846
S1_D02,11,3,83,output,YRYRYBGYBYGYG,GRBGRBGRBYRGB,0.3846153846153846
S1_D02,11,4,84,output,GRBGRBGRBYRGB,YGBYGBYRYBGYR,0.3076923076923077
S1_D02,11,5,85,output,YGBGBYRYRGBGB,GRBGRBGYRGYRB,0.46153846153846156
S1_D02,11,6,86,output,GBRGBGYRYRGBR,GYBGBGRRGBYRG,0.5384615384615384
S1_D02,11,7,87,output,GYBGYBGRBYGBY,GBGBYGBYRGBYR,0.5384615384615384
S1_D02,11,8,88,output,GBGBYBYRYRGRG,GYBGYBGRBGRYR,0.46153846153846156
S1_D02,12,0,,seed,BRBGBRBYGBRRY,RYRGGGRBYGGGB,0.3846153846153846
S1_D02,12,1,89,output,BRBRGRYRYBRRR,GRBGRBYRGBRYR,0.6153846153846154
S1_D02,12,2,90,output,GBRGBRYBRGBRR,RBRBRBGRYRBGR,0.46153846153846156
S1_D02,12,3,91,output,RBRBRGRYRBRGR,GYBGYBRGRBYRG,0.3846153846153846
S1_D02,12,4,92,output,GYBGYBRGRGRBY,RBRBRGBRBYRBG,0.3846153846153846
S1_D02,12,5,93,output,BRBRGBRYBYRGB,GYBGYBRGRGYRG,0.3846153846153846
S1_D02,12,6,94,output,GYBGYBRYBRGRG,RBRBRGBYRBGRB,0.3846153846153846
S1_D02,12,7,95,output,RBRBRGBRYGRGR,GYBGYBRGYRGRG,0.46153846153846156
S1_D02,12,8,96,output,GYBGYBRGYRYRB,RBRBRBRGRGYRB,0.46153846153846156
S1_D02,13,0,,seed,BYBGYBGYRGYBR,YYBYYGBYGRBYY,0.3846153846153846
S1_D02,13,1,97,output,YBYBGYGYGYGYG,YYBYBYGGYBGYR,0.6153846153846154
S1_D02,13,2,98,output,YBYBYYBGYGYGY,YBYBYGYGYGYGY,0.8461538461538461
S1_D02,13,3,99,output,YBYBYGYGYGYGY,YBYBYBBYGYGYG,0.7692307692307692
S1_D02,13,4,100,output,YBYBYBBYGYGYG,YBYBYBYGYGYGY,0.8461538461538461
S1_D02,13,5,101,output,YBYBYBYGYGYGY,YBYBYBBYGYGYG,0.8461538461538461
S1_D02,13,6,102,output,YBYBYBBYGYGYG,YBYBYGYGYGYGY,0.7692307692307692
S1_D02,13,7,103,output,YBYBYGYGYGYGY,YBYBBYYGYGYGY,0.8461538461538461
S1_D02,13,8,104,output,YBYBBYYGYGYGY,YBYBYBYGYGYGY,0.8461538461538461
S1_D02,14,0,,seed,RRBRBYBRRYBRG,BBRBGYGGGGBRB,0.3846153846153846
S1_D02,14,1,105,output,RRBYYBRRGRGRG,BRBRGYRGGGRGR,0.46153846153846156
S1_D02,14,2,106,output,RBRBRYRYRGRYG,BRGBRGRGRBYRR,0.3846153846153846
S1_D02,14,3,107,output,RBGRBGRRRGRYR,RBRBRYRYRRBRG,0.46153846153846156
S1_D02,14,4,108,output,RBRRRYGRGBBYR,RBGRBGRRYYRGR,0.46153846153846156
S1_D02,14,5,109,output,RBRBRGRGRGRGB,RBRBRYGRBRYGR,0.6153846153846154
S1_D02,14,6,110,output,RRBRYGRBGRRRY,RBRBRGRGRBRGR,0.5384615384615384
S1_D02,14,7,111,output,RBRBRGRGRBRGR,RBRBGRBRRGBRR,0.6153846153846154
S1_D02,14,8,112,output,RBRBRGRBGRBGR,RBRBRBGRBRGBR,0.6923076923076923
S1_D02,15,0,,seed,RGBYBBRBRRRGY,BGYYBYRRGYGBG,0.3846153846153846
S1_D02,15,1,113,output,RGRGRBGRBGRYR,BGYYBGYBRYRGB,0.3846153846153846
S1_D02,15,2,114,output,BYBGYYBRYBRBY,RGRGRGRBYRGBY,0.3076923076923077
S1_D02,15,3,115,output,RGRGRGRBYRBYG,BYBYBRBYBRGBY,0.3076923076923077
S1_D02,15,4,116,output,BYBYBYBRGBRBY,RGRGRGRBRYRGR,0.15384615384615385
S1_D02,15,5,117,output,RGRGRGRGRBYBY,BYBYBYBRGBRYB,0.23076923076923073
S1_D02,15,6,118,output,BYBYBYBRGBRYB,RGRGRGRBYRBGR,0.07692307692307687
S1_D02,15,7,119,output,RGRGRGRBYRGRB,BYBYBYBRGBRYR,0.15384615384615385
S1_D02,15,8,120,output,BYBYBYBRYBRYR,RGRGRGRYBRGBR,0.3076923076923077
S1_D03,1,0,,seed,GYBBYRRGBRYYG,BYGRYRGYGBBRR,0.3076923076923077
S1_D03,1,1,1,output,GYBRYGBRGBBBY,BYGRYRGYGBBRY,0.5384615384615384
S1_D03,1,2,2,output,GBYRRGBBBYRGB,GYBRYGYBBRYGB,0.5384615384615384
S1_D03,1,3,3,output,GBYRGYBRYGBRY,GBRYYGBBRRYGY,0.5384615384615384
S1_D03,1,4,4,output,GBYRGYBRRGYYB,GBRYGBRYBGYGB,0.5384615384615384
S1_D03,1,5,5,output,GBRYRGBBYGRBY,GBYRGYRBRGYGY,0.5384615384615384
S1_D03,1,6,6,output,GRYBGRBYGYGGY,GBRYRGYBGGYGR,0.5384615384615384
S1_D03,1,7,7,output,GRGRBYGRBYGYG,GRYBGRYYGBGGY,0.5384615384615384
S1_D03,1,8,8,output,GRYBGYRBGYYRG,GRGRBYGBYGGYG,0.46153846153846156
S1_D03,2,0,,seed,BRYGGRRGRBYBB,RRGGYYYBRGBYB,0.3846153846153846
S1_D03,2,1,9,output,GRYBYGRBGGYYR,RRGGYYYBGRGYB,0.3846153846153846
S1_D03,2,2,10,output,RBYGGYBRRRBGY,GRYBYGGBGGRGY,0.5384615384615384
S1_D03,2,3,11,output,GYBRGGYYBRYGG,RRBYRGYBYGRYB,0.3846153846153846
S1_D03,2,4,12,output,RGBYYRRGBYGRB,GYBRGGYYGBRGY,0.3846153846153846
S1_D03,2,5,13,output,GGYBRGGYBGYGY,RGYBYRRYBRGBY,0.46153846153846156
S1_D03,2,6,14,output,YGRBYYGRBYGBY,GGYYBRGGBYGGY,0.46153846153846156
S1_D03,2,7,15,output,GRYBYYGGGYGYG,YGRBYYGRBGBBG,0.46153846153846156
S1_D03,2,8,16,output,GYGRBYGRBBGBG,GRYBYYGGGYGYG,0.3846153846153846
S1_D03,3,0,,seed,RRRYBYYGBBBGG,YGGYRRBRRYRGY,0.15384615384615385
S1_D03,3,1,17,output,RRYYGBGYRGBYG,GYYGRRBRRYRGY,0.3846153846153846
S1_D03,3,2,18,output,GGYYRBYGGGYGR,RRYYGBGBYRGBG,0.3076923076923077
S1_D03,3,3,19,output,RYGBYYGBGYGYG,GYYYRBRYGBYGR,0.46153846153846156
S1_D03,3,4,20,output,GYRYGBYGGYGRG,GRYBYYGBGYGYG,0.6153846153846154
S1_D03,3,5,21,output,GRBYRBYGYGYGG,GYRGRYGBGYGRG,0.5384615384615384
S1_D03,3,6,22,output,GRYBRBGRGRYGR,GRBYBRYGGYGRG,0.6153846153846154
S1_D03,3,7,23,output,GRBYRBGRGGGGB,GRYBRBGRGRYGR,0.6153846153846154
S1_D03,3,8,24,output,GRYBGYRGRYRGY,GRBYGRBGGGGRY,0.3846153846153846
S1_D03,4,0,,seed,BGGBYGYYBGGRB,BBYGYGRGGGRRB,0.5384615384615384
S1_D03,4,1,25,output,BGYRBGYRYGRBY,BBYRGGYGGGRGB,0.5384615384615384
S1_D03,4,2,26,output,YGRBYYGGYRGYB,BGYRYGBRYGRBY,0.3076923076923077
S1_D03,4,3,27,output,YGRBYGRBYGRBB,YGRBYYGGYRGYB,0.5384615384615384
S1_D03,4,4,28,output,GYGRBGRBYRBYG,YGRBYGRBYGRBG,0.6923076923076923
S1_D03,4,5,29,output,YGRBYGRBYGRBY,GYGRBGRBYRGBY,0.6923076923076923
S1_D03,4,6,30,output,GYRBGYRBYGGYG,YGRBYGRBYGRBY,0.46153846153846156
S1_D03,4,7,31,output,YGRBYGRBYGYRB,GYRBGYRBGYYGG,0.3846153846153846
S1_D03,4,8,32,output,GYRBGYRBGYGYB,YGRBYGRBYGYRB,0.5384615384615384
S1_D03,5,0,,seed,BBBYBGGRBYYRY,RBBBGYBBRGGRB,0.3846153846153846
S1_D03,5,1,33,output,BGRBYGRYGRYGR,RBRBBBRGYGRBB,0.3846153846153846
S1_D03,5,2,34,output,RBYGRBRBYGRBR,BGRBGRYGRYGRY,0.46153846153846156
S1_D03,5,3,35,output,GYGRBRYGRBYGY,RBYGRBYGRBRYG,0.6153846153846154
S1_D03,5,4,36,output,RBGRBGRBGYRBG,GYGRBRYGRBGYG,0.5384615384615384
S1_D03,5,5,37,output,GYRBGYGYGYGYR,RBGRBGRBGYRBG,0.3076923076923077
S1_D03,5,6,38,output,RBGRBGRBGRBGY,GYRBGYGYGYGYR,0.3076923076923077
S1_D03,5,7,39,output,GYRBGYGYGYRGY,RBGRBGRBGRBGY,0.3846153846153846
S1_D03,5,8,40,output,RBRBGRBGRBYRB,GYRBGYGYGYGRG,0.3846153846153846
S1_D03,6,0,,seed,BBGRRBGYBBRRG,GBRBBRGRYRBGY,0.3076923076923077
S1_D03,6,1,41,output,RBGRBYBGYBRGY,GBGRBBGRGRYGR,0.5384615384615384
S1_D03,6,2,42,output,GYRGYBGYRBGYB,RBGRBYBYGRBGY,0.46153846153846156
S1_D03,6,3,43,output,GRBGRBGYGBYBG,GYRGYBGYRBGYB,0.5384615384615384
S1_D03,6,4,44,output,YRBGYBGYRGYGB,GRBGRBGYGBYBG,0.5384615384615384
S1_D03,6,5,45,output,BRGYBGRBGYGYG,GYBYRBGYRGYBG,0.6153846153846154
S1_D03,6,6,46,output,GYBRGYBGYGYRB,BRGBYRGBGYGYG,0.46153846153846156
S1_D03,6,7,47,output,BRGYBRGYBYGRB,GYBYGRBGYGYGR,0.46153846153846156
S1_D03,6,8,48,output,GBYGYRGRGYRBG,BRGYBRGYBYGRB,0.46153846153846156
S1_D03,7,0,,seed,RRBBYGGBBGYGG,GYBBGRBRGYYBB,0.3846153846153846
S1_D03,7,1,49,output,RBGYGYGYGYGYB,GYBGRBBRGYYBB,0.3076923076923077
S1_D03,7,2,50,output,GYBGYBGYGYBGY,RBGYGYGYGYGYB,0.5384615384615384
S1_D03,7,3,51,output,RBGYGYGYGYGYG,GYBGYBGYGBGYY,0.5384615384615384
S1_D03,7,4,52,output,GBGBGYGYGYBGY,RBGYGYGYGYGYG,0.6923076923076923
S1_D03,7,5,53,output,GYRBYGYGYGYGY,GBGBGYGYGBGYG,0.6153846153846154
S1_D03,7,6,54,output,BGBGBGYYGBGYG,GYRBYGYGYGYYY,0.3846153846153846
S1_D03,7,7,55,output,GYRBGYGYGGYGY,GBGBGBYYGBGYG,0.5384615384615384
S1_D03,7,8,56,output,GGBGYGYGYGBGY,GYRBGYGYGGYGY,0.6923076923076923
S1_D03,8,0,,seed,RBBBYYRGYBBRG,GRYBBRRYRGYGR,0.46153846153846156
S1_D03,8,1,57,output,RGRBYGYGYGYGY,GYRBBRRYGRGRR,0.3076923076923077
S1_D03,8,2,58,output,RBGYRBGYGYGYR,RGRBGYGYGYGYG,0.6153846153846154
S1_D03,8,3,59,output,RBGYGYGYGYYGY,RBGYRBGYGYGYR,0.6923076923076923
S1_D03,8,4,60,output,RBGYGYRGYRGYR,RBGYGYGYYGYGY,0.6923076923076923
S1_D03,8,5,61,output,GYRBGYGYGYGYG,RBGYGYRGYRGYR,0.6153846153846154
S1_D03,8,6,62,output,RGYGYGYRYGYRG,GYRBGYGYGYGYG,0.6153846153846154
S1_D03,8,7,63,output,GYRBGYGYGYGYG,RGYGYGYRGYRGY,0.5384615384615384
S1_D03,8,8,64,output,GYRBGYRGYGYGR,GYRBGYGYGYGYG,0.7692307692307692
S1_D03,9,0,,seed,BRBYGRGRBYRBR,YGBRYYYGBYRRY,0.3846153846153846
S1_D03,9,1,65,output,YRBYRRRBYRGYR,YGBRYYYGBYRBG,0.3846153846153846
S1_D03,9,2,66,output,GRBGRBYGBYGBG,YRBYRRRBYRGYG,0.46153846153846156
S1_D03,9,3,67,output,RBYRBGYGYGYGR,GRBGRBYGBYGBG,0.5384615384615384
S1_D03,9,4,68,output,GYBGBYGYGRBYG,RBYRBGYGYGYGR,0.46153846153846156
S1_D03,9,5,69,output,RBGYGYRBYRBGY,YBGBYGYGRBYGG,0.5384615384615384
S1_D03,9,6,70,output,YGRBGYGYGYGRG,RBGYGYRBYRBGY,0.46153846153846156
S1_D03,9,7,71,output,RBYGYGYBRGYGY,GYRBGYGYGYGRG,0.46153846153846156
S1_D03,9,8,72,output,YBGYBRGYGYGYG,RBYGYGYBRGYGY,0.46153846153846156
S1_D03,10,0,,seed,YBBRRRGGGGYBB,BBYYYYBGRYYRY,0.23076923076923073
S1_D03,10,1,73,output,YGRBGRYBYGGRG,BBYYYYBGRYBYB,0.3076923076923077
S1_D03,10,2,74,output,BBYGBYGYBRGGY,GRBGRYBYGGRGG,0.3846153846153846
S1_D03,10,3,75,output,GRBYGRBYGGRBG,BBYGBYRBBGYRG,0.46153846153846156
S1_D03,10,4,76,output,GBGYRYRGYRYRG,GRBYGRBYGGRBG,0.3846153846153846
S1_D03,10,5,77,output,BRGYGYGGYGYGY,GBGYRYGYRYRYG,0.46153846153846156
S1_D03,10,6,78,output,GYBRYGYRYRGYG,BRGYGYGGYGYGY,0.46153846153846156
S1_D03,10,7,79,output,RBYGGYGYGYGYG,GYBRGYRYRGYGY,0.46153846153846156
S1_D03,10,8,80,output,YRBYRYGYGYRYG,GYBRGYGYGYGYG,0.6153846153846154
S1_D03,11,0,,seed,RRGYYYGRRRYBB,RYGRBGRRBRBYG,0.3846153846153846
S1_D03,11,1,81,output,RBGYBGYGYRYGY,RYGRBGYRGBBYG,0.5384615384615384
S1_D03,11,2,82,output,GBRGYRYGYGYGY,RBGYGYBGYGYRG,0.5384615384615384
S1_D03,11,3,83,output,YRBGYRYGRGYGY,GBRGYRGYGYGYG,0.5384615384615384
S1_D03,11,4,84,output,GYBGYGGRBGGYG,YRBGYRYRGYGYR,0.46153846153846156
S1_D03,11,5,85,output,YGRBYGYRYGYGY,GYBGYGGRBGGYG,0.46153846153846156
S1_D03,11,6,86,output,GYBGYGYRYGYYG,YGRBYGYRYGYGY,0.6153846153846154
S1_D03,11,7,87,output,GBGGGYRGYGYGY,GYBGYGYRGYYGY,0.7692307692307692
S1_D03,11,8,88,output,GYGYGYGYGYGYG,GBGGYRGYGYGGG,0.6923076923076923
S1_D03,12,0,,seed,BGRYRBRYBBGRB,BYYGYBRGBRYYG,0.3076923076923077
S1_D03,12,1,89,output,BRYRYBGGYGGYG,BYYGYBRGBYGYG,0.6153846153846154
S1_D03,12,2,90,output,RYGYBGYGYGGYG,BRYRYBGGYGGYG,0.7692307692307692
S1_D03,12,3,91,output,GYBRGYGYBGYGY,RYGBGYGYGYGYG,0.6153846153846154
S1_D03,12,4,92,output,RBGYGYGYGYGYG,GYBRGYGYBGYGY,0.5384615384615384
S1_D03,12,5,93,output,GYRGYGYGYGYGY,RBGYGYGYGYGYG,0.6923076923076923
S1_D03,12,6,94,output,GYBRGYGYGYGYG,GYRGYGYYGYGYG,0.8461538461538461
S1_D03,12,7,95,output,YRGYGYGGYGYGY,GYBRGYGYYGYGG,0.6153846153846154
S1_D03,12,8,96,output,GYRBGYGYGYYGY,YRGYGYGGYGYGY,0.6923076923076923
S1_D03,13,0,,seed,YRRBYYRBBYBGR,BRGBBYYBRRBBY,0.3846153846153846
S1_D03,13,1,97,output,GRBYGBGYGYRGY,BRGBBYYBRRBBY,0.3076923076923077
S1_D03,13,2,98,output,BRGYGYRYGYGYG,GYBRGBGYGYRGY,0.46153846153846156
S1_D03,13,3,99,output,GYBRGYGYRGYRY,GYBRGYRYGYGYG,0.6923076923076923
S1_D03,13,4,100,output,GYBGYRGYGYGYG,GYBRGYGYRGYRY,0.6153846153846154
S1_D03,13,5,101,output,BGYYGYRGYRGYR,GYBGYRGYGYGYG,0.6153846153846154
S1_D03,13,6,102,output,GBRBGYYGRYGYG,BGYYGYRGYRGYR,0.46153846153846156
S1_D03,13,7,103,output,BRGYGYGYGYRGY,BGRBRGYRYGYGY,0.6153846153846154
S1_D03,13,8,104,output,RBGYGYRGYGYGY,BRGYGYGYGYGRG,0.6153846153846154
S1_D03,14,0,,seed,YBRGBGRBRRRYR,YBYGRYRBBGYRG,0.46153846153846156
S1_D03,14,1,105,output,GBRBRBGYRBGYG,YBYGRYGYBYRGY,0.3846153846153846
S1_D03,14,2,106,output,GBRYRYGYRBGYG,GBRBRBGYRGYRG,0.6923076923076923
S1_D03,14,3,107,output,GYBRBYBGYGYRG,GYBRYRYGBRGYG,0.5384615384615384
S1_D03,14,4,108,output,BYYBRGYGYGYGY,GYBRBYBGYGRGY,0.6153846153846154
S1_D03,14,5,109,output,GYRBGYYGYGYYB,BYYBRYBYBRGYG,0.3846153846153846
S1_D03,14,6,110,output,RBGYBRBGYGYGY,GYRBGYGYYGYYB,0.5384615384615384
S1_D03,14,7,111,output,GYBGYGYYGYGYG,RBGYBRBGYGYGY,0.5384615384615384
S1_D03,14,8,112,output,BRGYBGYGYGYGG,GYBGYGYYGYGYG,0.6923076923076923
S1_D03,15,0,,seed,BGGBGYYYBRRGR,RGBRYYRGGBBGY,0.3076923076923077
S1_D03,15,1,113,output,GYRBGYGYGRBGG,RGBGYYRGGBRGY,0.3846153846153846
S1_D03,15,2,114,output,RBGYBGYBGYYGY,GYRBGYGYGRBGG,0.46153846153846156
S1_D03,15,3,115,output,GYRBGYGYGYGYG,RBGYBGYBGYGYG,0.6923076923076923
S1_D03,15,4,116,output,RBGYBYGYGYGGY,GYRBGYGYGYGYG,0.6153846153846154
S1_D03,15,5,117,output,GYBYYGYGYYGYG,RBGYBYGYGYGGY,0.6153846153846154
S1_D03,15,6,118,output,RBGYGYGYGYBGY,GYBYYGYGYYGYG,0.5384615384615384
S1_D03,15,7,119,output,GYBGYGYBGYGYG,RBGYGYGYGYBGY,0.6153846153846154
S1_D03,15,8,120,output,BGYGYGYGYBGGY,GYBGYGYBGYGYG,0.6153846153846154
S1_D04,1,0,,seed,GRYGYRGYBGRBR,RRYYGYRRBGBGG,0.46153846153846156
S1_D04,1,1,1,output,GYBGBYRGBYBRG,RYGGBRYBRBGRB,0.46153846153846156
S1_D04,1,2,2,output,RYGGBRYRBGYRB,GBBGBGBGBRGBR,0.3076923076923077
S1_D04,1,3,3,output,GBGBGGBBGBRGB,RYGGBGRYBGRYB,0.46153846153846156
S1_D04,1,4,4,output,RYGGBRYRGBYRB,GBGBGGBRYRBBR,0.46153846153846156
S1_D04,1,5,5,output,GBGBGGBRYGBRY,RYGGBRYBGRBYR,0.3846153846153846
S1_D04,1,6,6,output,RYGYBRGYBYGRY,GBGBGGBRYGBRB,0.3846153846153846
S1_D04,1,7,7,output,GBGBGGBRYGRYB,RYGBGYBYGRBRB,0.5384615384615384
S1_D04,1,8,8,output,RYGRBGYRGBYRY,GBGBGGRYGBRYB,0.46153846153846156
S1_D04,2,0,,seed,GBBYRRGYBYBBY,GGGBYYRRBRRGY,0.3846153846153846
S1_D04,2,1,9,output,GBGBRYBYBYRYB,GYYYRRBRRBGRB,0.3846153846153846
S1_D04,2,2,10,output,GYYRYBRYGBYRB,GBGBRYBGRYBYB,0.5384615384615384
S1_D04,2,3,11,output,GBGBRYGBYBYBB,GGRYYRRBGRBYB,0.3846153846153846
S1_D04,2,4,12,output,GYYRRBGRBYBYB,GBYRGBGBRYBYB,0.6923076923076923
S1_D04,2,5,13,output,RYGBYRBYRYBYB,GGYYRRBGRBYBY,0.46153846153846156
S1_D04,2,6,14,output,GGYYRRBGRBRYB,BGYRYYBRYBGYB,0.46153846153846156
S1_D04,2,7,15,output,GBRYYBRYBGBYB,GGYYRRBGRYBYB,0.5384615384615384
S1_D04,2,8,16,output,GGRRYYBRYRYBB,RYGBRYBGRBYYB,0.3846153846153846
S1_D04,3,0,,seed,RRGRYBYRGBGBG,RBYGGBBGBRBYB,0.3076923076923077
S1_D04,3,1,17,output,RRYBGYBGBYGRG,RGYBGBBRBGBYB,0.46153846153846156
S1_D04,3,2,18,output,RGBYGBRGBYBBY,RRYBGYBGYBYBR,0.3846153846153846
S1_D04,3,3,19,output,RRBGGYBGYYRBY,RGBYGBRGYBYBB,0.46153846153846156
S1_D04,3,4,20,output,RGBYRGYRBGBYR,RRBGGYYBRRBGY,0.3846153846153846
S1_D04,3,5,21,output,RRYGGYBBBYRGB,RGBYGYBGYRBYR,0.3846153846153846
S1_D04,3,6,22,output,RBYGBRBGYRBBY,GRYGGBBGRBGBY,0.5384615384615384
S1_D04,3,7,23,output,GRYGGBBGRBBGY,RBYGRBBGYRBBY,0.6153846153846154
S1_D04,3,8,24,output,GRRBGGRBBYBRG,GYRGGBBRBGGRB,0.46153846153846156
S1_D04,4,0,,seed,BRGYYGGBRBYGB,RYGYBRBBRGGBB,0.3846153846153846
S1_D04,4,1,25,output,YGRBYGGRGRBBG,RYGGBRBBRBRBG,0.46153846153846156
S1_D04,4,2,26,output,YRGGRGBBYBRBR,YGRBYGRGRBYGR,0.46153846153846156
S1_D04,4,3,27,output,YGRBYRGGRGYBY,YRGBGBBRRBBRB,0.23076923076923073
S1_D04,4,4,28,output,YRGBYGRBRBRBR,YGRBYRGGRGBYB,0.3846153846153846
S1_D04,4,5,29,output,YGRBYRGGRBYBR,YRGBYGRBRBRBR,0.5384615384615384
S1_D04,4,6,30,output,YRGBYGRBRBRBR,YRGBRGGRBYBRB,0.6923076923076923
S1_D04,4,7,31,output,YRGBRGGRBYBRB,YRGBYGRBRBRBR,0.6923076923076923
S1_D04,4,8,32,output,YRGBGRBYBRBRB,YRGBGGRGRBYRB,0.6153846153846154
S1_D04,5,0,,seed,RYRRGRGBGBRGY,GGYBBBGBRGBRG,0.3846153846153846
S1_D04,5,1,33,output,RYRRRGRBGYRBB,GGYBBBGGRBBRB,0.3076923076923077
S1_D04,5,2,34,output,YGGBBBYRGGBBR,RYRRRBGRBYRRY,0.15384615384615385
S1_D04,5,3,35,output,RYBRGYRBRYRYR,GGBBBYRGGBBRB,0.23076923076923073
S1_D04,5,4,36,output,GRBBBYGGGBRRY,RYRGYRBRYBRYB,0.23076923076923073
S1_D04,5,5,37,output,RYRGYRYRBYRBY,GRBBBYRGGGRBB,0.3076923076923077
S1_D04,5,6,38,output,GRBBYRGBYRBRY,RYGRYRYBRYRYB,0.3846153846153846
S1_D04,5,7,39,output,RYRGYRYRBYYRB,GRYRRBBYRGYRB,0.5384615384615384
S1_D04,5,8,40,output,YGRRBBGYRBGRR,RYGRYRGRBYBYR,0.3846153846153846
S1_D04,6,0,,seed,RRGRGBRBRBRYB,YGRYYGBRYRBBG,0.3846153846153846
S1_D04,6,1,41,output,GRBRGBRBRBRBY,YGRYYRGBBRGBY,0.5384615384615384
S1_D04,6,2,42,output,YGRYRRBBGYRBR,GRYBRBRBRBYBR,0.5384615384615384
S1_D04,6,3,43,output,GRYBRBRBRBYBY,YGRBRYGRBRBYR,0.5384615384615384
S1_D04,6,4,44,output,YGRBBGRYBYBRR,GRYBRBRBYBYBY,0.46153846153846156
S1_D04,6,5,45,output,GRBYRBRBRBYBY,YRBGRYBYRRBRR,0.3846153846153846
S1_D04,6,6,46,output,YRBYGBRYYBRBR,GRBYRBRBYBYBY,0.6153846153846154
S1_D04,6,7,47,output,GRBYRBRBYBYBY,YRBYGRBYRBRBY,0.6153846153846154
S1_D04,6,8,48,output,YRBYGRYRBRBRR,GRBYRBRBYBYBY,0.46153846153846156
S1_D04,7,0,,seed,YYBYGBRBGGGGR,GGGYGBBBRYBGY,0.3846153846153846
S1_D04,7,1,49,output,YBYYBGRGGBGGG,GGGYBBBYGRBRY,0.23076923076923073
S1_D04,7,2,50,output,YGGGBBBYGRGYB,YBYYBGRGGRGRG,0.3846153846153846
S1_D04,7,3,51,output,YBYYGBRYRGRGB,YGGGBBBRGYGGB,0.46153846153846156
S1_D04,7,4,52,output,YGBBYRBGYBRYG,YBYYBGGBGRGRY,0.3846153846153846
S1_D04,7,5,53,output,YBBYBYGBYRYBG,YGBBYRBYGRBRY,0.5384615384615384
S1_D04,7,6,54,output,YGRBBYGRYRBGY,YBYYBBYBGRGRB,0.46153846153846156
S1_D04,7,7,55,output,BYBYBYBGRGRBB,RGYBBRGYRGYBY,0.3846153846153846
S1_D04,7,8,56,output,RGYBBRGYRYBGR,BYBYBYGRGRBYB,0.3076923076923077
S1_D04,8,0,,seed,BRYBYBBBRGGYG,BGBYBGGYGRBRY,0.3076923076923077
S1_D04,8,1,57,output,RYBYBYBRYGBGR,BGYBBGGYBRBYG,0.3076923076923077
S1_D04,8,2,58,output,YRBYBRYBGRBBY,RYBYBYBBYBGRB,0.5384615384615384
S1_D04,8,3,59,output,RYBYBYBBYBGRB,YRBYYBRYGRBRB,0.46153846153846156
S1_D04,8,4,60,output,RYBYBRYGYBRBB,RYBYBBYBGRBGR,0.5384615384615384
S1_D04,8,5,61,output,RYBYBBYBRYGRG,RYBYBBYBGRYBY,0.6923076923076923
S1_D04,8,6,62,output,RYBYBYBRYGRGR,RYBYBBYBRYBGR,0.7692307692307692
S1_D04,8,7,63,output,RYBYBBYRRYGRB,RYBYBYBYGRGRB,0.7692307692307692
S1_D04,8,8,64,output,RYBYBYGRGRGRB,RYBYBBYGRGRBY,0.6923076923076923
S1_D04,9,0,,seed,RGRGGGRRYRGYB,GYYBRYGBYGGBY,0.15384615384615385
S1_D04,9,1,65,output,RGRGGGRRYRGRB,GBYGBBGBRYBYG,0.23076923076923073
S1_D04,9,2,66,output,GBBYRGBYRBBGY,RGGRGRYBYRGRG,0.3846153846153846
S1_D04,9,3,67,output,RGGRRYBGRYBGB,GGBYRGYBRYBGY,0.5384615384615384
S1_D04,9,4,68,output,GGYBBRYGBGBGY,RGRRGYBYBRGGY,0.3846153846153846
S1_D04,9,5,69,output,GBYGYGBRYGBRY,GGYBBGYRRBGGY,0.3846153846153846
S1_D04,9,6,70,output,GRYBBYGRYRGBY,GYBGYRBYGYRBG,0.46153846153846156
S1_D04,9,7,71,output,GYBGYRYBGRYBR,GRYBBYGRBRGBY,0.46153846153846156
S1_D04,9,8,72,output,GRBYRBGBYRGBY,GYBYBRYYGRBGY,0.46153846153846156
S1_D04,10,0,,seed,GYYRRRGYGRBGB,BGRGRGRBGBBRB,0.3846153846153846
S1_D04,10,1,73,output,GYBGYBGYGYBGB,BGRGRGRBRBRBR,0.23076923076923073
S1_D04,10,2,74,output,BGRGRGRBRBRBR,GYBGYBGGYBGBG,0.23076923076923073
S1_D04,10,3,75,output,GYBGYBGGYBGBY,BGRBGGRBRBRBG,0.3846153846153846
S1_D04,10,4,76,output,BGRBGGRBRBRBG,GYBRGYBGBGYRB,0.3846153846153846
S1_D04,10,5,77,output,GYRBGYBBGBGBG,GRBGRBRRBRBGR,0.5384615384615384
S1_D04,10,6,78,output,GRBGRBRBRBGRB,GYRBGYBBYBGBG,0.5384615384615384
S1_D04,10,7,79,output,GYRBGYBYBYBGB,GRBGRBRBRBGRB,0.6153846153846154
S1_D04,10,8,80,output,GRBGRBRBRBGRB,YRBGYYBYBGRBY,0.5384615384615384
S1_D04,11,0,,seed,YGBBBGYGGRRBY,YGBBRBRYYRBYR,0.5384615384615384
S1_D04,11,1,81,output,YGBYGRBBGYGGY,YGGBRBBRBBYRB,0.3846153846153846
S1_D04,11,2,82,output,YGGBYGGRYGRBB,YGBYYRBYGRYRY,0.46153846153846156
S1_D04,11,3,83,output,YGBYGBYGRBRYR,YGGBYRYGGBRBG,0.5384615384615384
S1_D04,11,4,84,output,YGGBYGRBYGGRY,YGGBRBYRBGGRB,0.6153846153846154
S1_D04,11,5,85,output,YRGBYRBRBGBRB,YGGBRBGYGGRBG,0.5384615384615384
S1_D04,11,6,86,output,YGGBRGYBYGGYG,YRGRBGRBRBRBG,0.3846153846153846
S1_D04,11,7,87,output,YRGBYRYBGYRBG,YGGBRBRGYYGGY,0.46153846153846156
S1_D04,11,8,88,output,YGGBYRGBYGGGB,YRGBYRBYRGBYY,0.5384615384615384
S1_D04,12,0,,seed,RGRGYBYRYBRGG,YRRYGYBRGRRGG,0.5384615384615384
S1_D04,12,1,89,output,RGRGBGRYBRGBR,YRGBYRGBRRGGR,0.5384615384615384
S1_D04,12,2,90,output,YRGBYRGBRRGGR,RGGBYBRGBYRBG,0.5384615384615384
S1_D04,12,3,91,output,RGGYRBYGYGGRB,YRGBYRGBRGRRG,0.3846153846153846
S1_D04,12,4,92,output,YRGBYRGBRGRRG,RYGBYGGYRBBGR,0.3846153846153846
S1_D04,12,5,93,output,YGRBYGGYRBBGR,YRGBYRGBRGRRG,0.3846153846153846
S1_D04,12,6,94,output,YRGBYRGBRGRRG,YGRBYGGBBRGRB,0.5384615384615384
S1_D04,12,7,95,output,YGRBYGGBRGRRB,YRGBYRGBRGRRG,0.6923076923076923
S1_D04,12,8,96,output,YRGBYRGBRGRRG,YGRBGGBRYGRBG,0.5384615384615384
S1_D04,13,0,,seed,BYYBGYGRBYGYG,BYGGRBYRGRGGB,0.46153846153846156
S1_D04,13,1,97,output,YBYBRGBRRGRYG,RBYGGYGRBRGRR,0.3846153846153846
S1_D04,13,2,98,output,YGRBYGGYBRGRR,YBYBGRRBGRBYG,0.3076923076923077
S1_D04,13,3,99,output,YBBYGYBRYBYGR,YGRBYGGRBRBGR,0.5384615384615384
S1_D04,13,4,100,output,YGRBBRGBRYBRY,YBBYGRBYBRGBR,0.3846153846153846
S1_D04,13,5,101,output,YBYBGRBYRYRBR,BRGYBGRBRYBRB,0.5384615384615384
S1_D04,13,6,102,output,BRGYBGRBBRRYB,YBYBGRBYRYRBY,0.46153846153846156
S1_D04,13,7,103,output,YBYBGRBYRBRBY,BRGYBRGBRRBRY,0.46153846153846156
S1_D04,13,8,104,output,BRGYBRGBRBRBY,YBYBYGRBRBRBR,0.5384615384615384
S1_D04,14,0,,seed,GRBRYGRBRRYRG,GGBGRBBRGGBGY,0.3846153846153846
S1_D04,14,1,105,output,GRBGRYGBYGRBG,GGBGRRBGGBRYR,0.46153846153846156
S1_D04,14,2,106,output,GGBGRRBGGRRYG,GRBGRYGRBGGRG,0.6153846153846154
S1_D04,14,3,107,output,GRBGRYGRBGGRG,GGBGRRBGRBYGR,0.6153846153846154
S1_D04,14,4,108,output,GGBGRRBYGRBGB,GRBGRYGRBGRBG,0.6153846153846154
S1_D04,14,5,109,output,GRBGYRGBYRGGB,GGBGRBYRGGBGR,0.6153846153846154
S1_D04,14,6,110,output,GGBGRBYRGGBGR,GGBGRYBRGGBGR,0.8461538461538461
S1_D04,14,7,111,output,GGBGRYBRGGBGR,GGBGRBYRGGBRB,0.6923076923076923
S1_D04,14,8,112,output,GGBGRBYRGGBRB,GGBGRYBRGBRGG,0.6153846153846154
S1_D04,15,0,,seed,YRGBGGBGBYBGR,YBYBGYGYRBRYR,0.3846153846153846
S1_D04,15,1,113,output,YRGBGGBGBYBGR,YBYBGYGYRYRBY,0.3076923076923077
S1_D04,15,2,114,output,BYBYYGYGBYRGY,YRGBGGBGRYRBY,0.3846153846153846
S1_D04,15,3,115,output,YRGBGGBGRYRGY,BYBYYGYRBYGYB,0.23076923076923073
S1_D04,15,4,116,output,BYBYYGYRBYGYB,YRGBGGBGRYRYB,0.3076923076923077
S1_D04,15,5,117,output,YRGBGGBGRYRYB,BYBYGYGYRBYGY,0.3076923076923077
S1_D04,15,6,118,output,BYBYGYGYRBYGY,YRGYBGGBGRYBR,0.3076923076923077
S1_D04,15,7,119,output,YRGYGBGBRYYGY,BYGYGYBRGYGYB,0.5384615384615384
S1_D04,15,8,120,output,BYGYGYBRBYYGB,RYGRYBGRGYGBR,0.46153846153846156
S1_D05,1,0,,seed,YBYGYRGYRYYRG,GYGBBYBBBRYBR,0.3076923076923077
S1_D05,1,1,1,output,YBYGYRBGYGRBY,GYGBYBBGBBYBR,0.3846153846153846
S1_D05,1,2,2,output,GYGBYBGBBYBRB,YBYGYRYGBYBYG,0.3846153846153846
S1_D05,1,3,3,output,YBYGRBGYBBYGB,GYGBYBGBBYGBR,0.5384615384615384
S1_D05,1,4,4,output,GYGBYBGYRGBYB,YBYGRBRGYBGRB,0.3846153846153846
S1_D05,1,5,5,output,YBYGRBRYGBGYR,GYGBRGYRYBGYB,0.46153846153846156
S1_D05,1,6,6,output,GYGBGRYGYBGBR,YBYGRBRGYBGRB,0.46153846153846156
S1_D05,1,7,7,output,YBYRGYGRBYGBR,GYGBGRGBYGYGR,0.46153846153846156
S1_D05,1,8,8,output,GYGBGRYBGRGYG,YGYBGYGRBYGRB,0.46153846153846156
S1_D05,2,0,,seed,GBRYYBYRYGBYR,GBBYBYYBYGGGB,0.46153846153846156
S1_D05,2,1,9,output,GBGRYBGRBYGGB,GBBYBYYBGYGGB,0.6153846153846154
S1_D05,2,2,10,output,GBBYYBGBYGBYB,GBGRYBGRBYGGB,0.6153846153846154
S1_D05,2,3,11,output,GBBYRBGRYBYGB,GBBYBGBYYBGGB,0.6923076923076923
S1_D05,2,4,12,output,GBBYGBYBGBGYB,GBBYRBGRBYGBY,0.5384615384615384
S1_D05,2,5,13,output,GBBYGBRYRBGBB,GBBYGBYBGBGYB,0.6923076923076923
S1_D05,2,6,14,output,GBBYGBGBGYBGY,GBBYRBYGBYGRB,0.5384615384615384
S1_D05,2,7,15,output,GBBYGBYRGBYGR,GBBYGBGBGYGBY,0.6153846153846154
S1_D05,2,8,16,output,GBBYGBGYGBYGB,GBBYBYRGBYRRB,0.6153846153846154
S1_D05,3,0,,seed,BYRYGBBYBBRBB,BYRGBRBRYGBBG,0.5384615384615384
S1_D05,3,1,17,output,GBBYRYGBBYRBB,BYRGBRBRYRBYG,0.46153846153846156
S1_D05,3,2,18,output,BYRBGBRBYRBGY,GBBYRYBGRBGRB,0.46153846153846156
S1_D05,3,3,19,output,GBBYGBGRYBGBR,BYRBGYRBGBGYB,0.3846153846153846
S1_D05,3,4,20,output,BRBGYRBGYRBGY,GBBYGBGRYBGBR,0.3846153846153846
S1_D05,3,5,21,output,BYYGBGYRYBGBB,BRBYRBGYRBGYY,0.5384615384615384
S1_D05,3,6,22,output,BRBYRBGBRBRGY,BYBGYBGRYGYBB,0.3846153846153846
S1_D05,3,7,23,output,BYBGBBRBGYBYB,BRBYRBGBRBRGY,0.3846153846153846
S1_D05,3,8,24,output,BRBYRBGBRBGYY,BYBGRBRGYBRGB,0.46153846153846156
S1_D05,4,0,,seed,RRYBYYGYYGBGB,BBRGBGYYRBGRR,0.3846153846153846
S1_D05,4,1,25,output,RRBYBYGYYBGYY,BBRGBYBGRBGRR,0.3846153846153846
S1_D05,4,2,26,output,BBRGYBBGRYGBG,RYBYYBGBRYBYY,0.3076923076923077
S1_D05,4,3,27,output,RBYRYBGRBBYYB,BBRGYBBGRYBGG,0.3846153846153846
S1_D05,4,4,28,output,BBRGYBRYBRYGG,RBYRYBGRYBYBB,0.46153846153846156
S1_D05,4,5,29,output,RBYRBGRYBGRBB,BRYGYBRYBRYGG,0.3076923076923077
S1_D05,4,6,30,output,BRBYGBYRYBRYG,RYBRBGRYBGRBB,0.3846153846153846
S1_D05,4,7,31,output,RYBRBGRYBGBBB,BRYRBGRYBYGBB,0.6923076923076923
S1_D05,4,8,32,output,BRYBGRRBYGBBY,RYBRBGRYBGBBB,0.5384615384615384
S1_D05,5,0,,seed,BRYBBBBBRBBBB,YRRYYYGGYRYRY,0.15384615384615385
S1_D05,5,1,33,output,BRYBBBRYBBRYB,YRRYYYGGYRYRY,0.3076923076923077
S1_D05,5,2,34,output,YRRYYYGYYRYGR,BRYBBBRYBBRYB,0.23076923076923073
S1_D05,5,3,35,output,BRYBBRYBBRYBB,YRRYYGYYYRYGR,0.3076923076923077
S1_D05,5,4,36,output,YRRYYGYYRYYGY,BRYBBRYBBRYBB,0.23076923076923073
S1_D05,5,5,37,output,BRYBBRYBBRYBB,YRRYYGYYRYYGY,0.23076923076923073
S1_D05,5,6,38,output,YRRYYGYRGYYGY,BRYBBRYBBRYBB,0.23076923076923073
S1_D05,5,7,39,output,BRYBBRYBBRYBB,YRRYYGYRGYYGY,0.23076923076923073
S1_D05,5,8,40,output,YRRGYRYYGYGYY,BRYBBRYBBRYBB,0.23076923076923073
S1_D05,6,0,,seed,YRYRYGRGBBRGY,BGBRRRYBBYBBG,0.3076923076923077
S1_D05,6,1,41,output,YRRYGYYRBGRYB,BGBRRYYBBYBBG,0.23076923076923073
S1_D05,6,2,42,output,BRBGRRBYYBGRB,YRRYGYYRBGBYB,0.3846153846153846
S1_D05,6,3,43,output,YRRYGYYRBGRYG,BRBGRYYBYBGRB,0.3846153846153846
S1_D05,6,4,44,output,BRBGRYYBGBYRB,YRRYGYYRBGRYG,0.3846153846153846
S1_D05,6,5,45,output,YRRYGYYRBGYRB,BRBGRYYBGBYRB,0.5384615384615384
S1_D05,6,6,46,output,BRBGRYYGBRYBB,YRRYGYYRBGYRB,0.46153846153846156
S1_D05,6,7,47,output,YRRYGYYRBGRYB,BRBGRYYGBRBYB,0.46153846153846156
S1_D05,6,8,48,output,BRBGRYYRBGYRB,YRRYGYYRBGRYB,0.5384615384615384
S1_D05,7,0,,seed,BYGBGRGRYGGYR,YYGBRYGBRYGRB,0.46153846153846156
S1_D05,7,1,49,output,BYGBGRYBGYBGR,YYGBRYGBRYGRB,0.5384615384615384
S1_D05,7,2,50,output,YYGBRYGBGRBYB,BYGBRYGBGYBGR,0.6923076923076923
S1_D05,7,3,51,output,BYGBGRYBGRRBR,YYGBRYGBGRBYB,0.5384615384615384
S1_D05,7,4,52,output,YYGYRBYGBYRBB,BYGBGRYBGRRBR,0.3846153846153846
S1_D05,7,5,53,output,BGBRYBBGRBBBY,YYGYRBYGBYRBB,0.3846153846153846
S1_D05,7,6,54,output,YYGYRYBGYGRBB,BGBRYBBGRBBBY,0.46153846153846156
S1_D05,7,7,55,output,BGBRYBBGBRGYB,YYGYRYBGYGRBB,0.3846153846153846
S1_D05,7,8,56,output,YYGYRYBGBYGBR,BRBRYBBGBYBBB,0.46153846153846156
S1_D05,8,0,,seed,YBYBRYYRYGGYY,RYYYBGYBRYBBR,0.3846153846153846
S1_D05,8,1,57,output,YBYBRYYRBGBGG,RYYYBGYBRYBBR,0.3846153846153846
S1_D05,8,2,58,output,RYYYBYGRYBGBB,YBYBRYYRBGBBG,0.5384615384615384
S1_D05,8,3,59,output,YBYRYYRBGBBGB,RYYYBYGRYBGBB,0.46153846153846156
S1_D05,8,4,60,output,RYYYBGRBGBBBB,YBYRRYYBGBBGB,0.46153846153846156
S1_D05,8,5,61,output,YBYBRYYRBGBGY,RYYYBGRBGBBBB,0.3846153846153846
S1_D05,8,6,62,output,RYYYRBGRBBGBB,YBYBRYYRBGBGY,0.3846153846153846
S1_D05,8,7,63,output,YBYBRYYRBGBGY,RYBGRBGRRBGBB,0.3846153846153846
S1_D05,8,8,64,output,RYBGRBGRRBGBB,YBYBRYYRBGBGY,0.3846153846153846
S1_D05,9,0,,seed,YRYRBBBBGRYRR,RRRGBGBRGBYGB,0.3846153846153846
S1_D05,9,1,65,output,YRYRBBBBGBGYR,RRRGBGBRGBYGB,0.3846153846153846
S1_D05,9,2,66,output,RRRGBGBBRGYBG,YRYRBBBBGBGYR,0.3846153846153846
S1_D05,9,3,67,output,RYRBBBBGBGYRB,RRRGBGBBRGYBG,0.46153846153846156
S1_D05,9,4,68,output,RRRGBGBBRGYBG,RYRGBBBGBGYRB,0.5384615384615384
S1_D05,9,5,69,output,GBGBRGYBBGBYG,RRRGBGBBRGYBG,0.3846153846153846
S1_D05,9,6,70,output,RRRGBGBBRGYBG,GBGBRGYBBGBYG,0.3846153846153846
S1_D05,9,7,71,output,GBGBRGYBBGBGY,RRRGBGBBRGYBG,0.3846153846153846
S1_D05,9,8,72,output,RRRGBGBBRGYBG,GBGBRGYBBGBGY,0.3846153846153846
S1_D05,10,0,,seed,YGBYYGRRRBYYR,BRRBGYRRRRYYG,0.46153846153846156
S1_D05,10,1,73,output,YGBYYGBGRRYBY,BRRBGYRRRGYBG,0.3076923076923077
S1_D05,10,2,74,output,BRRBGYRRRGBGB,GYBYYGBGRRYBY,0.23076923076923073
S1_D05,10,3,75,output,GYGYYGBGBRGYY,BRRBGYRRRGBBB,0.15384615384615385
S1_D05,10,4,76,output,BRRBGYRRRBGYB,GYGYYGBGBRGYY,0.23076923076923073
S1_D05,10,5,77,output,YGYGYGGRGYYYY,BRRBGYRRRBGYB,0.23076923076923073
S1_D05,10,6,78,output,BRRBYRRRBYBRB,YGYGYGGRGYYYY,0.23076923076923073
S1_D05,10,7,79,output,YGYGYGGRYRGYY,BRRBYRRRBYBRB,0.15384615384615385
S1_D05,10,8,80,output,BRRBYRRRBRBYB,YGYGYGGRYRGYY,0.3076923076923077
S1_D05,11,0,,seed,GRRYYGGBGYYGG,YYBGRBGYYBBBR,0.3076923076923077
S1_D05,11,1,81,output,GRRYYGGBGBYGG,YYBGRBGYYBBBR,0.23076923076923073
S1_D05,11,2,82,output,YGBRGBYYBGRBY,GRRYYGGBGBYGG,0.3076923076923077
S1_D05,11,3,83,output,GRRYYGGBGBYGG,YGBRGBYYGBBRB,0.3076923076923077
S1_D05,11,4,84,output,YGBRGBYYGYGBR,GRRYYGGBGBYGG,0.3076923076923077
S1_D05,11,5,85,output,GRRYYGGBGBYGG,YGBRGBYYGYGBR,0.3076923076923077
S1_D05,11,6,86,output,YGBYGRYGBRGYY,GRRYYGGBGBYGG,0.3076923076923077
S1_D05,11,7,87,output,GRRYYGGBGBYGG,YGBYGRYBBRGYY,0.23076923076923073
S1_D05,11,8,88,output,YGBYGRBBBGBRG,GRRYYGGBGBYGG,0.3076923076923077
S1_D05,12,0,,seed,GGRYYRBGGGYGG,RRBGYGYYBBYRR,0.15384615384615385
S1_D05,12,1,89,output,RYYGGGGYGGYGG,RRBGYGYYBBYRR,0.3846153846153846
S1_D05,12,2,90,output,RBBGBYGBGRYBB,GYYGGGGYGGYGG,0.3076923076923077
S1_D05,12,3,91,output,GYYGGGGYGGYYG,RBBGBYGBRBYBB,0.23076923076923073
S1_D05,12,4,92,output,RBBGBYGBRYBGB,GYYGGGGYGGYYG,0.23076923076923073
S1_D05,12,5,93,output,GYYGGGGYGGYYY,RBBGBYGBRBBGB,0.15384615384615385
S1_D05,12,6,94,output,RBBGBYGBBRBGB,GYYGGGGYGGYYY,0.15384615384615385
S1_D05,12,7,95,output,GYYGGGGYGGYYY,RBBGBYGBRBBGB,0.15384615384615385
S1_D05,12,8,96,output,RBBYGBYRBBGBG,GYYGGGGYGGYYY,0.15384615384615385
S1_D05,13,0,,seed,RBYRYGYYGRRYB,YBGGGYYBBYYBY,0.3846153846153846
S1_D05,13,1,97,output,RBBYGBGYYRGBB,YBGGGYYBYBYYB,0.3846153846153846
S1_D05,13,2,98,output,YBGGYYBYGBBBY,RBBYGBYBGBYGB,0.3846153846153846
S1_D05,13,3,99,output,RBBYBGBYBBGBY,YBBGYYBYGBBBY,0.5384615384615384
S1_D05,13,4,100,output,YBBYGBGYBGBYB,RBBYBGBYBBGBY,0.6153846153846154
S1_D05,13,5,101,output,RBBYBGBGBYGBY,YBBYGBGYBGBYB,0.6153846153846154
S1_D05,13,6,102,output,YBBGBYGBGBYBB,RBBYBGBGBGGBY,0.5384615384615384
S1_D05,13,7,103,output,RBBYBGBGGBGBY,YBBGBYGBGBYBB,0.5384615384615384
S1_D05,13,8,104,output,YBBGBGBYGYBYB,RBBYBGBGGBGBY,0.5384615384615384
S1_D05,14,0,,seed,RRRBBGGGGGYYB,RGRRYYRBYYGYB,0.3846153846153846
S1_D05,14,1,105,output,RRRBBGGGGGYYB,RGRRYRRBGBGYB,0.46153846153846156
S1_D05,14,2,106,output,RGRRYRRGBBGBR,RRRBBGGGGGYYB,0.3076923076923077
S1_D05,14,3,107,output,RRRBBGGGGGYYB,RGRRYRRGBBGBR,0.3076923076923077
S1_D05,14,4,108,output,RGRRYRRGBBGBY,RRRBBGGGGGYYB,0.3846153846153846
S1_D05,14,5,109,output,RRRBBGGGGGYYB,RGRRYRRGBBGBY,0.3846153846153846
S1_D05,14,6,110,output,RGRRYRGBGBBGY,RRRBBGGGGGYYB,0.3846153846153846
S1_D05,14,7,111,output,RRRBBGGGGGYYB,RGRRYRGBGBBGY,0.3846153846153846
S1_D05,14,8,112,output,RGRRYRGBGBBGB,RRRBBGGGGGYYB,0.3846153846153846
S1_D05,15,0,,seed,YRRRGBRRYGGRY,YRYBGRYGYGGGR,0.46153846153846156
S1_D05,15,1,113,output,YRRRGBGBYGGBY,YRYBGRYGYGGGR,0.46153846153846156
S1_D05,15,2,114,output,YRYGYRBYGGYGB,YRRRGBGBYGGBY,0.46153846153846156
S1_D05,15,3,115,output,YRRRGBGYGBGGY,YRRBYGBRGYGGB,0.5384615384615384
S1_D05,15,4,116,output,YRRBYGBYGGBGY,YRRRGBGYGBGYY,0.6153846153846154
S1_D05,15,5,117,output,YRRRGBGYGBGBG,YRRBYGBYGBGGY,0.6153846153846154
S1_D05,15,6,118,output,YRRRGBYGBYBGY,YRRRGBGYGBGBG,0.7692307692307692
S1_D05,15,7,119,output,YRRRGBGYGBYGG,YRRRGBYGBYBGY,0.7692307692307692
S1_D05,15,8,120,output,YRRRGBYGBGYYG,YRRRGBGYGBYGG,0.7692307692307692
S1_D06,1,0,,seed,RBGBBGYGBGYBB,BYGGGRGRGGBYY,0.3076923076923077
S1_D06,1,1,1,output,RBGBYGBRGBYBG,BYGGYBYGRGRBB,0.3846153846153846
S1_D06,1,2,2,output,BYGBGYRGBBYGR,RBGYRBGYRBYGB,0.5384615384615384
S1_D06,1,3,3,output,RBGYRBGYRBYGB,YGRYBGBYRYGRR,0.3846153846153846
S1_D06,1,4,4,output,GYRBYGBRGYRRB,RBYRBGYRBYGBB,0.46153846153846156
S1_D06,1,5,5,output,RBYRBGYBYGRBB,GYRBGYRBGYRRB,0.5384615384615384
S1_D06,1,6,6,output,GYRBGYRBGYBRB,RBYRRBYGGYBRB,0.5384615384615384
S1_D06,1,7,7,output,RBYRRBYGRBRBY,GYRBGYRBGYBRB,0.46153846153846156
S1_D06,1,8,8,output,GYRBGYRBGYBRB,RBYGRBYRGBYRB,0.46153846153846156
S1_D06,2,0,,seed,GBYYRRGGRBGGB,RRYGGBRYYRRBY,0.15384615384615385
S1_D06,2,1,9,output,GYRRBGGBGYRBB,RYGYYBRGRBYRR,0.3076923076923077
S1_D06,2,2,10,output,RYGBYRRBYGBRR,RYGRBYBRYBBBB,0.5384615384615384
S1_D06,2,3,11,output,RBYGRYGRYBBBB,RGYGBRYRRBGRR,0.46153846153846156
S1_D06,2,4,12,output,RGYRGBYGRBYBB,RYGGRYGGYRBBB,0.5384615384615384
S1_D06,2,5,13,output,RYGGRYGGRYBBB,GYRGBYGRYBRGB,0.5384615384615384
S1_D06,2,6,14,output,RGYRGYBGYRBBB,RYGGRYGGRYBBB,0.5384615384615384
S1_D06,2,7,15,output,RYGGRYGGRYBBB,GYRGYRGYBRBBB,0.46153846153846156
S1_D06,2,8,16,output,RYGGRYGGRYBRB,RYGGRYGGRYBBB,0.9230769230769231
S1_D06,3,0,,seed,BYGYGRBRRBBBY,RBYGRBBRGRYYB,0.3846153846153846
S1_D06,3,1,17,output,BGBYBRGYBRBBY,RBYGRBRBBBYGR,0.3846153846153846
S1_D06,3,2,18,output,BYGRRBYBYGRBY,BGRYBRGBBYBYY,0.3846153846153846
S1_D06,3,3,19,output,BGRYBRYBYGRBY,BYGRBRRBGRYBY,0.6153846153846154
S1_D06,3,4,20,output,BYGRBRBGBYBYR,BGRYBGRBYGBYB,0.5384615384615384
S1_D06,3,5,21,output,BGRYBGRBRBYBG,GRBYGRBGBYBYR,0.5384615384615384
S1_D06,3,6,22,output,GRBYGBRYGBGRY,RBYRBYGBYRBGB,0.46153846153846156
S1_D06,3,7,23,output,RYBGYRBGBRYBR,YBRGBYRRYGRYR,0.46153846153846156
S1_D06,3,8,24,output,YRGBYRBYGBYRY,RYBGRYGBYBRRB,0.46153846153846156
S1_D06,4,0,,seed,YGYYBRYRRGGBG,GYGYYGGRRRBYB,0.46153846153846156
S1_D06,4,1,25,output,YRRBYRYBYGRYB,GYGYYGGBRYRBR,0.23076923076923073
S1_D06,4,2,26,output,GYGYYBGRGYRRB,GYBRYBGRYBBBB,0.5384615384615384
S1_D06,4,3,27,output,GYRBGYRBBBBBB,GYBGYBRGYRGYR,0.3846153846153846
S1_D06,4,4,28,output,GYBGYBGYRGYRG,GYRBGYRBRGBBB,0.46153846153846156
S1_D06,4,5,29,output,GYRBGYRBRBBBB,GYBGYBGYRGYRG,0.3846153846153846
S1_D06,4,6,30,output,GYBGYBGYRGYRG,GYRBGYRBRBBBB,0.3846153846153846
S1_D06,4,7,31,output,GYRBGYRBGYRBR,GYBGYBGYRGYRG,0.6153846153846154
S1_D06,4,8,32,output,GYBGYBGYRGYRG,GYRBGYRBGYRBR,0.6153846153846154
S1_D06,5,0,,seed,RYRYGGYRYBRBY,BRGGGRRGBRGYG,0.46153846153846156
S1_D06,5,1,33,output,RYRYGRYGRYBRB,RGGGRGBYGGYGY,0.3076923076923077
S1_D06,5,2,34,output,RGGGRYBGRYBYR,RYRYBRGRBYBRB,0.46153846153846156
S1_D06,5,3,35,output,RYRYBRGRBRYBR,RGGGGRYBGRBBB,0.3846153846153846
S1_D06,5,4,36,output,RGGGGRYBGRYBR,RGYBRYBRYBRRR,0.5384615384615384
S1_D06,5,5,37,output,RGYBRYBRYBRRR,RYGGRGYBRYRYG,0.46153846153846156
S1_D06,5,6,38,output,RGYRGGRYBRYBR,RGYBRGBYRYBRR,0.6153846153846154
S1_D06,5,7,39,output,RGYBRYBRBYRRR,RGRGYRGRBRBBB,0.3076923076923077
S1_D06,5,8,40,output,RGRGYRGYRBGBB,GYBRBRYBRRRRR,0.15384615384615385
S1_D06,6,0,,seed,GYYBGYGYRGGBG,BRYYBGYRRYYGR,0.3846153846153846
S1_D06,6,1,41,output,GYYGYRGBGBYBB,RYBRYGYBRYGRG,0.23076923076923073
S1_D06,6,2,42,output,RYBRYGRYBYGRB,GYRBGYBGYRGBR,0.3846153846153846
S1_D06,6,3,43,output,GYRBGYRGBRGYB,RYBRYGRYBRYBR,0.46153846153846156
S1_D06,6,4,44,output,RYBRGYRYBRBBY,YRBGYRGBYRBYB,0.46153846153846156
S1_D06,6,5,45,output,YRGBYRBGYRBGY,YBRGYBGRBYBBB,0.46153846153846156
S1_D06,6,6,46,output,YRBGYRBGYRBYB,GYRGRBYRBBRBB,0.46153846153846156
S1_D06,6,7,47,output,YRBGBRYBBRYBB,GYRBYRBGBYRBB,0.46153846153846156
S1_D06,6,8,48,output,GYRBYRBGYRBBB,GYRBGYBRBBGBB,0.5384615384615384
S1_D06,7,0,,seed,GRGYBYBBRBGRY,RGRYGRGYBBYYR,0.3846153846153846
S1_D06,7,1,49,output,RGYBYRBGYRBYB,RYBGRYGRYRBBB,0.6153846153846154
S1_D06,7,2,50,output,RYGBRYRGBRBYR,RYBRGRBYGYRBY,0.5384615384615384
S1_D06,7,3,51,output,RYBGRYBGYRBGB,RYGBRYBBRBYRR,0.46153846153846156
S1_D06,7,4,52,output,RYGBRYBGRYBBR,RYBGRYBGYRBGR,0.6153846153846154
S1_D06,7,5,53,output,RYBGRYBGRYGBR,RGBRYGRBYBBBB,0.46153846153846156
S1_D06,7,6,54,output,RYGBRYGYGRBBB,RYBGYBGGYBBBB,0.5384615384615384
S1_D06,7,7,55,output,RYGBRYYGGBYBB,RYGBYBGBBBBBB,0.6153846153846154
S1_D06,7,8,56,output,RYBGYRGBBBBBB,RYBGYGBRYBBYB,0.6923076923076923
S1_D06,8,0,,seed,BYYRGRYRBRYYB,YRYGGGRRBYBBG,0.3846153846153846
S1_D06,8,1,57,output,RBYYGBRYBGBRR,YRYRYGRGRGRBR,0.3846153846153846
S1_D06,8,2,58,output,YRYRYGRYRGRGR,RBYYBRYGBRRRR,0.3846153846153846
S1_D06,8,3,59,output,RYYBRYBGYRRRR,YRYRYGRYBGRGR,0.5384615384615384
S1_D06,8,4,60,output,YRYRYGRYRBGRG,RYYBRBGGBYRRR,0.3076923076923077
S1_D06,8,5,61,output,RYBRBRGRYRRRR,RYRYYRYRGYRGR,0.46153846153846156
S1_D06,8,6,62,output,RYRYRGYRYRGYR,YBRYBRRRRGRRR,0.3846153846153846
S1_D06,8,7,63,output,RYBRYBRRRGRRR,RYYRGYRYRGRRR,0.6923076923076923
S1_D06,8,8,64,output,RYRGYRYRGRGGR,RYYBRRRRRRRRR,0.46153846153846156
S1_D06,9,0,,seed,GYYBYGYYYYGBY,YGYRYRGYYRYBY,0.5384615384615384
S1_D06,9,1,65,output,GYBYYBGYBYGYY,GYRBGYRYRBYRB,0.3846153846153846
S1_D06,9,2,66,output,GYRBGYRYRBYRB,GYBYGYBYYYGYY,0.3846153846153846
S1_D06,9,3,67,output,GYBYGYBYYGYBY,GYRBGYYYGRBRB,0.5384615384615384
S1_D06,9,4,68,output,GYRBGYRBGYYRB,GYBRBGYBYGYYY,0.6153846153846154
S1_D06,9,5,69,output,GYBRBGYRBGYYY,GYBRGYRBYGRBY,0.6923076923076923
S1_D06,9,6,70,output,GYBRGYRYBGYRG,GBRYGRYGBRYYY,0.46153846153846156
S1_D06,9,7,71,output,GYBRYGRYRGBYR,GYBBRGYBRGRGR,0.5384615384615384
S1_D06,9,8,72,output,GYBBGYBRYRGRG,GYBRGRBYGRGYR,0.5384615384615384
S1_D06,10,0,,seed,RYRGRBBGBRYBB,YGYBYBYYBGYGR,0.3076923076923077
S1_D06,10,1,73,output,RYBRYGBYRBBBB,GYGYBYRGYBYGY,0.3076923076923077
S1_D06,10,2,74,output,GYRGRGBYRGYRY,YBGYGYBYRBBBB,0.3846153846153846
S1_D06,10,3,75,output,YBGRYBYGRYBBB,YRBGYRGYRGRBR,0.3846153846153846
S1_D06,10,4,76,output,YRBGYRGYRGRGR,GYBRYBGRYBRBR,0.3846153846153846
S1_D06,10,5,77,output,GYBRGRYBGBYRB,GYGYRBYGRGGRG,0.3076923076923077
S1_D06,10,6,78,output,GYRBGYRYRGBYR,YRBYRBGYBBBBB,0.3846153846153846
S1_D06,10,7,79,output,RYBRYBGRYBBBB,GYRBGYRYBGYRB,0.46153846153846156
S1_D06,10,8,80,output,GYRBGYRBGYRBG,RYBRBGYRBBBBB,0.5384615384615384
S1_D06,11,0,,seed,RGBRYYRRRYGYB,YYRRGYRBGRGYB,0.46153846153846156
S1_D06,11,1,81,output,RYRYBRGYRYRYB,YYRRGYRGBYRRB,0.5384615384615384
S1_D06,11,2,82,output,YYRGYRBGYRYBB,RYRYRYBRBBBRB,0.3846153846153846
S1_D06,11,3,83,output,RYRYRYBRYBBBB,YYRGBYRGBYRRR,0.3076923076923077
S1_D06,11,4,84,output,YRGYRYBRYRRRR,RYRRBYRGBRBYR,0.3846153846153846
S1_D06,11,5,85,output,RYRBYRGRYBRBR,RYBGRYBRRBYRB,0.5384615384615384
S1_D06,11,6,86,output,RYBGRYBGRYBRB,RYBGRBYRBRBYB,0.6153846153846154
S1_D06,11,7,87,output,RBYGRBYRBRYBR,RYBGRYBGRYBBR,0.5384615384615384
S1_D06,11,8,88,output,RYBGRYBGRYBBR,GYBRGYBRBRBRR,0.46153846153846156
S1_D06,12,0,,seed,GGYRGYRBRBGRR,BYBRBGRRYYYYR,0.23076923076923073
S1_D06,12,1,89,output,GGYRGYBGYRGBB,BGRYYYRYBRYRB,0.3846153846153846
S1_D06,12,2,90,output,GYRYYYBRGRBYB,RYGGYGYBRGBBB,0.5384615384615384
S1_D06,12,3,91,output,RYGBRYBGYRYBB,RBRYBRBBBBBBB,0.3846153846153846
S1_D06,12,4,92,output,RYBRBBBBBBBBB,RYGRYBRBBGBBB,0.6923076923076923
S1_D06,12,5,93,output,RBYGRYBRGRYBB,YBGRYBBBBBBBB,0.46153846153846156
S1_D06,12,6,94,output,YBGRYBBBBBBBB,RGRYBRYBBBBBB,0.6923076923076923
S1_D06,12,7,95,output,RYGRYBBBBBBBB,RYBGRYBBBBBBB,0.8461538461538461
S1_D06,12,8,96,output,RYBGRYBBBBBBB,RGRYRBBBBBBBB,0.6923076923076923
S1_D06,13,0,,seed,BRYRYBYGBGBGY,GYBBGYGRRYGBG,0.3076923076923077
S1_D06,13,1,97,output,RYBGYRYBGYRBB,GYBRYBGYRGYBB,0.6153846153846154
S1_D06,13,2,98,output,RYGBRYRYBGRYB,RYBGRYBGRBBBB,0.5384615384615384
S1_D06,13,3,99,output,RYBGRYBGRBBBB,RYBRYBRYRBBBB,0.7692307692307692
S1_D06,13,4,100,output,RYBRYBRYBRBBB,RYBGRYBRGBBBB,0.7692307692307692
S1_D06,13,5,101,output,RYBGRYBGRYBBB,RYBGRYBRGRBYR,0.6923076923076923
S1_D06,13,6,102,output,RYBGRYBGRYGRB,RYBGYBRBYRBRB,0.6153846153846154
S1_D06,13,7,103,output,RBYGBYRYBRBRB,RYBGRYGRYYYBY,0.3846153846153846
S1_D06,13,8,104,output,RYBGRYGRYGRYY,RYGBYGRBRBRRB,0.46153846153846156
S1_D06,14,0,,seed,BGYBBGRGGGRRY,YGYYBRBYYBRYR,0.3846153846153846
S1_D06,14,1,105,output,RYBGRRYYGBYRR,YBGRYBRYRYRBY,0.46153846153846156
S1_D06,14,2,106,output,YBRGYBRYRYRBY,GBYRGYRBYRBRB,0.5384615384615384
S1_D06,14,3,107,output,GBRYGBRYBGBRY,BYRYRYRBYRBYY,0.3846153846153846
S1_D06,14,4,108,output,YRBRBYRYBRBRY,BYGRYBRBGYYYY,0.3076923076923077
S1_D06,14,5,109,output,YBRGYBYRGBYYY,YRBRRBYBRYBYG,0.46153846153846156
S1_D06,14,6,110,output,RYBRBYGYRBYRY,GYBRYGYBRYYYG,0.5384615384615384
S1_D06,14,7,111,output,YRBGYRBGRYBGB,GYRBGYRBGYBRY,0.6923076923076923
S1_D06,14,8,112,output,GYRBGYRBGYRBY,GYRBGYRYGBYRB,0.7692307692307692
S1_D06,15,0,,seed,YGGRBRRYGBYRY,RYBBYBGGBYYYY,0.3076923076923077
S1_D06,15,1,113,output,YGGRBRRBYGRBY,YBBYBGGRYBYYY,0.3076923076923077
S1_D06,15,2,114,output,YBGYBRBYBGRBB,YGGRRBBYGYBRR,0.3846153846153846
S1_D06,15,3,115,output,YGGRRBBYBGRRR,GYRBGBBBYRBBR,0.3846153846153846
S1_D06,15,4,116,output,GYRBGBBBYRGBR,GRGRRRYGBGRGR,0.3846153846153846
S1_D06,15,5,117,output,GRGRRRYBGYRBG,GYBRGYRBBBBBB,0.3076923076923077
S1_D06,15,6,118,output,GYRBGYBRBBBBB,GGRRGRYRYBRBR,0.46153846153846156
S1_D06,15,7,119,output,GGRRGRGYYBBYG,GYRBRBRBBBBBB,0.3846153846153846
S1_D06,15,8,120,output,GYRBRBBBBBBBB,GGRRGRGYYBYBY,0.3076923076923077
S1_D07,1,0,,seed,RYRYYBRYGRGBR,BRRYGGGRBRRYY,0.23076923076923073
S1_D07,1,1,1,output,RYRYBRGRGRGRG,RRBBGYRRBYGRB,0.3846153846153846
S1_D07,1,2,2,output,RRBBGYRRBBYGR,RYRYBRRBGRGRY,0.46153846153846156
S1_D07,1,3,3,output,RYRYBRRGRBRRY,RBRBGYYRBGGRY,0.46153846153846156
S1_D07,1,4,4,output,RRBBYGRGRBGYR,RYRYBGGRBYRYG,0.46153846153846156
S1_D07,1,5,5,output,RYRYBGGRYRYBG,RRBYYGRBYRYBG,0.6153846153846154
S1_D07,1,6,6,output,RYRYBGGRYBRYB,RYRYBGGRYBGRB,0.8461538461538461
S1_D07,1,7,7,output,RYRYBGGRYRYGG,RYRYBGGRBYRYG,0.8461538461538461
S1_D07,1,8,8,output,RYRYBGGRBYRYB,RYRYBGGRBYGGR,0.7692307692307692
S1_D07,2,0,,seed,YRRBBRRGGGGRY,RGYBRGBYRBBRY,0.3076923076923077
S1_D07,2,1,9,output,YRBRRRGBGBGYR,RGYBRGYRBGBGR,0.46153846153846156
S1_D07,2,2,10,output,RGYBRGYRGBGRY,YBRRYGYBRYGBR,0.3846153846153846
S1_D07,2,3,11,output,YBRGYGBRRYBRG,RGYBRGYGBRGBB,0.5384615384615384
S1_D07,2,4,12,output,YBRGGBRGBGBRY,YYBRGYRRBGYRG,0.5384615384615384
S1_D07,2,5,13,output,YYBRGBBRYRYGG,GYBRGGBRYGYBG,0.6923076923076923
S1_D07,2,6,14,output,GYBRGGBRGYRGG,YBRGYYBRGGBRY,0.46153846153846156
S1_D07,2,7,15,output,GYBRGYYBRGBGG,GYBRGGBGRYBGR,0.6153846153846154
S1_D07,2,8,16,output,GYBRGGBGRYBGR,GYBRGYYBRGBGY,0.6153846153846154
S1_D07,3,0,,seed,YBGYBYBRGGRYY,YYRRGGBGYBYGY,0.3076923076923077
S1_D07,3,1,17,output,GYBRGYBGRRYYB,RRGGYYGBGRYBG,0.3076923076923077
S1_D07,3,2,18,output,GGYYBBRRGBYRG,GYBRGYBGGRYBB,0.23076923076923073
S1_D07,3,3,19,output,GYBRGYBGGBYRG,GGYYBBRRGBYRG,0.46153846153846156
S1_D07,3,4,20,output,GGYYBBRRGBYRG,GYBRGGBYRGBRR,0.46153846153846156
S1_D07,3,5,21,output,GYBRGGBYRGBYG,GGYYBBRRGBYRG,0.46153846153846156
S1_D07,3,6,22,output,GGYYBBRRGBYRG,GGYYBBRGBYRGB,0.8461538461538461
S1_D07,3,7,23,output,GGYYBBRBYRBGG,GGYYBBRRGBYRG,0.6923076923076923
S1_D07,3,8,24,output,GGYYBBRRGBYRG,GGYYBBRRBYRGB,0.8461538461538461
S1_D07,4,0,,seed,RBGYBRBYRBYBG,BBYBRBRGRRYGR,0.46153846153846156
S1_D07,4,1,25,output,RBGYBRBYRBGYG,YBYRBGRBGYRBR,0.46153846153846156
S1_D07,4,2,26,output,YBRYBGYRBGYRB,RBYRBGBRYBRGB,0.3846153846153846
S1_D07,4,3,27,output,RYBRBGYRBGYRG,YBRYBRGYBGYBR,0.5384615384615384
S1_D07,4,4,28,output,YBRGYBRYBGYBR,RYBRBGYRGBYGB,0.46153846153846156
S1_D07,4,5,29,output,YBRYGBRGYBGYB,RGYBRGYRBGRYR,0.46153846153846156
S1_D07,4,6,30,output,RGYBRGYRBGYRB,YBRGRYBYGRGRB,0.46153846153846156
S1_D07,4,7,31,output,RGYBRYBRBGYRB,RGYBRGYRBGRYG,0.6153846153846154
S1_D07,4,8,32,output,RGYBRGYBRYBGY,RGYBRGYRBGRBY,0.6923076923076923
S1_D07,5,0,,seed,RGRRRYGGBGGYR,BBRBBRGRYYYRY,0.23076923076923073
S1_D07,5,1,33,output,RGRRRYBGGYRGY,RBRBBRRYYBGRR,0.3846153846153846
S1_D07,5,2,34,output,RBRRRBYYRYGRG,RGRGRRBYRGYRB,0.5384615384615384
S1_D07,5,3,35,output,RGRGRRBYRYRRG,RBRYYRGYBYGRB,0.46153846153846156
S1_D07,5,4,36,output,RYBRYGBYRBYRB,RGRGRBYRGRBRY,0.3846153846153846
S1_D07,5,5,37,output,RGRGRBYRYBGYR,RYBRGBYRBGYRY,0.6153846153846154
S1_D07,5,6,38,output,RBGYRBYGRYRYB,RGRGRBRGBRYRB,0.5384615384615384
S1_D07,5,7,39,output,RGRGBRYBYRBGB,RBGRYRBYGYRBR,0.46153846153846156
S1_D07,5,8,40,output,RGBRYRBYGBYGB,RGRBRYGBRYGRB,0.6153846153846154
S1_D07,6,0,,seed,RGBYYBBGBGGRB,YBRRGYGBGRGGR,0.3846153846153846
S1_D07,6,1,41,output,RBGYYBGRGBYBG,GYBRGGYRYGBGR,0.3076923076923077
S1_D07,6,2,42,output,GYBRGGYRGRYGB,RBYGYGBGGYRYG,0.3846153846153846
S1_D07,6,3,43,output,GYBRGYBGBYRBG,GYBRGYYRYGBRG,0.6153846153846154
S1_D07,6,4,44,output,GYBRGYYRYRGBG,GYBRGYBGRYGBR,0.6923076923076923
S1_D07,6,5,45,output,GYBRGYBGYRYBG,GYBRGYYRYGBGR,0.6923076923076923
S1_D07,6,6,46,output,GYBRGYYRYGBRG,GYBRGYBGYBGRY,0.6153846153846154
S1_D07,6,7,47,output,GYBRGYBGYRBYG,GYBRGYYRGBGRB,0.5384615384615384
S1_D07,6,8,48,output,GYBRGYYRGYBGR,GYBRGYBGRBYBG,0.6923076923076923
S1_D07,7,0,,seed,RYGBRGRRGYYRG,GYRBGGGGRGYYY,0.46153846153846156
S1_D07,7,1,49,output,GYRBGRRYYRYBG,GYBGGRBGRYYYY,0.46153846153846156
S1_D07,7,2,50,output,GYBGRBRRGBYYY,GYRYBGRRYGYBB,0.46153846153846156
S1_D07,7,3,51,output,GYRYYBGRYGRYG,GYBGRRBGYYYRY,0.46153846153846156
S1_D07,7,4,52,output,GYBGRRBGYYRYR,GYRGBGRGYYRGR,0.6153846153846154
S1_D07,7,5,53,output,GYBGRYBGRGYGY,GRBGRGRBYRRYR,0.46153846153846156
S1_D07,7,6,54,output,GYRGBRYRYBRGY,GYBGRYBGYBYGY,0.6153846153846154
S1_D07,7,7,55,output,GYBGRYBGYBGYB,GYRGBGRYGRGBY,0.46153846153846156
S1_D07,7,8,56,output,GYRGBRYBGRYBG,GYBGRBGRGRBYG,0.5384615384615384
S1_D07,8,0,,seed,GGYYBGYBBGGRY,GRYGBRBGGBBYB,0.3846153846153846
S1_D07,8,1,57,output,GGYYBGYRBYRGY,GRYGRYRGBYBBY,0.46153846153846156
S1_D07,8,2,58,output,GYRGRYGYBYBBY,GGYYBGBYRGYRB,0.3076923076923077
S1_D07,8,3,59,output,GYBRGYBGRYRBY,GYRGYBBYRGYBY,0.6153846153846154
S1_D07,8,4,60,output,GYBRGYBBGYRBG,GBRGBGRGYRBRY,0.5384615384615384
S1_D07,8,5,61,output,GBRGBRBRYGBYB,GBRGYBBGYRGBY,0.6153846153846154
S1_D07,8,6,62,output,GYBRGBBGYRBGY,GBRGBBYBRBGRY,0.6923076923076923
S1_D07,8,7,63,output,GYBRGBBRYRYBG,GYBRGYRBRBGBY,0.5384615384615384
S1_D07,8,8,64,output,GYBRGYRBRBGBY,RGBRGYBBGBYBY,0.6153846153846154
S1_D07,9,0,,seed,GYRYBGYBYRGGG,YYBBYYYGGGRBR,0.3846153846153846
S1_D07,9,1,65,output,GYRBGYGBRBGBY,YYBBYYYGYRRBY,0.46153846153846156
S1_D07,9,2,66,output,YBYBYYBGYRYBY,GYRBGYYRBGYRG,0.3846153846153846
S1_D07,9,3,67,output,GYRBGYYRBGYRG,YBYBYYBYRYGYB,0.3846153846153846
S1_D07,9,4,68,output,YBYBYYBYRYGYB,GYRBGYYRGYBRY,0.3846153846153846
S1_D07,9,5,69,output,GYRBGYYRGBYRG,YBYYBYBRYGBBY,0.3076923076923077
S1_D07,9,6,70,output,YBYYBYBRGBYGB,GYRBGYYRYBGRY,0.3846153846153846
S1_D07,9,7,71,output,GYRBGYYRGBYBG,YBYBYYBRBGRYB,0.3846153846153846
S1_D07,9,8,72,output,GYRBGYYRGRBYR,GYBGYYRBGYRYG,0.6153846153846154
S1_D07,10,0,,seed,BRBRYBRGBGRRR,YBGGGGYGGBBGY,0.15384615384615385
S1_D07,10,1,73,output,RYBRGBRGRYBRG,YBYGGGGYGGBRY,0.3846153846153846
S1_D07,10,2,74,output,YBGYGGGYGBYRY,RYBRGRRBYGYBR,0.3076923076923077
S1_D07,10,3,75,output,RYBRGGGBYRGBY,GYBGYGGGYBRYB,0.46153846153846156
S1_D07,10,4,76,output,GYBGYBRYBGRYB,RYBRGGGBRYBRG,0.46153846153846156
S1_D07,10,5,77,output,RYBRGGGBYRBGY,GBYGRBRBGGYBG,0.3846153846153846
S1_D07,10,6,78,output,GYBGRBGBGBYGB,RYBRYGGGBYRBY,0.5384615384615384
S1_D07,10,7,79,output,BGYBGGGGRYBRY,GYBGYRBYGBGBY,0.3846153846153846
S1_D07,10,8,80,output,GYBGYRBYBYRYG,BGYBGGGYRYBGR,0.46153846153846156
S1_D07,11,0,,seed,BBGGYBYBBGRBY,YBBRBBGBYYBBY,0.3846153846153846
S1_D07,11,1,81,output,BBGGYBBBRBGYB,YBRYBBBYRGYBY,0.5384615384615384
S1_D07,11,2,82,output,YBRYBBBYRGYBY,BGYBBBBYBRBGY,0.46153846153846156
S1_D07,11,3,83,output,YRGYBBBYRYGYB,YBRYBBBYBRGYB,0.6923076923076923
S1_D07,11,4,84,output,YBRYBBBYBRGYB,RGYBYBBBYRGYB,0.6923076923076923
S1_D07,11,5,85,output,YRGYBBBRYGYBY,YBRYBYYBRGYBY,0.6153846153846154
S1_D07,11,6,86,output,YBRYYBYYBRGYB,YRGYBRRRYBRGY,0.5384615384615384
S1_D07,11,7,87,output,YRGYBBBRGYBRB,YBRYBYYYBRGYB,0.46153846153846156
S1_D07,11,8,88,output,YBRGYYYBRGYBY,RGYBBBRGYBRYB,0.5384615384615384
S1_D07,12,0,,seed,GYGGYRRYBBRYG,GBGGRRRGGBYYB,0.5384615384615384
S1_D07,12,1,89,output,YGYGYYGRYBRGY,GBRGBGGGYBRYG,0.3846153846153846
S1_D07,12,2,90,output,GBRBGGGGRBYGR,GYGYGYYYGRBYR,0.46153846153846156
S1_D07,12,3,91,output,GYGYYYYBRGYRY,GBRGBGGGYBRGY,0.3846153846153846
S1_D07,12,4,92,output,GBRGBGGGYBRGY,GYGYGYYYBRGYB,0.5384615384615384
S1_D07,12,5,93,output,GYGYGYYYBRGYB,GBRGBGGGYBRGB,0.5384615384615384
S1_D07,12,6,94,output,GBRGBGGGYBRGY,GYGYYYBRGYBRY,0.3846153846153846
S1_D07,12,7,95,output,GYGYYYBRGBRGY,GBRGBGGGBRGYB,0.3846153846153846
S1_D07,12,8,96,output,GBRGGBYRGYBYG,GYGYGGGBRGYBG,0.5384615384615384
S1_D07,13,0,,seed,YYYBRYBGRYGRY,BBGRYYRGYYYYR,0.23076923076923073
S1_D07,13,1,97,output,YYYBRYBRGYBGY,GRBGGRYGBYRYR,0.15384615384615385
S1_D07,13,2,98,output,GBRGBYRBGYRBG,YYBRYBYRBGRYB,0.5384615384615384
S1_D07,13,3,99,output,YBGYRBGYBGBYG,GBRGBYRYGBRYR,0.3846153846153846
S1_D07,13,4,100,output,GYBGRYBRYGRYB,GYBGYRBRYBRYG,0.6923076923076923
S1_D07,13,5,101,output,GYBGYBRYBGYBR,GYBGYRGYRYRBG,0.5384615384615384
S1_D07,13,6,102,output,GYBGYRBGYBYGB,GYBGYBRGYBRYG,0.6923076923076923
S1_D07,13,7,103,output,GYBGYBRGBYRGB,GYBGYRBGRYRBG,0.6153846153846154
S1_D07,13,8,104,output,GYBGYRBYRGBYR,YBGYBRGYBGRYG,0.5384615384615384
S1_D07,14,0,,seed,RRGGRBRGBYYBB,RGGYYGGYYRBRB,0.46153846153846156
S1_D07,14,1,105,output,RRGGRBRGBBYYB,RGYBGGYYRGYBR,0.3076923076923077
S1_D07,14,2,106,output,RGYBGGYYBGRBY,RRGGRBBBYGBYR,0.3076923076923077
S1_D07,14,3,107,output,RRGGBBRBBBYRG,GYBRBGGRBRGYB,0.23076923076923073
S1_D07,14,4,108,output,RGYBRGGBBRBYR,RRGGRBBBRYBRR,0.46153846153846156
S1_D07,14,5,109,output,RRGGRRBBBYRBY,RRGGYBGYBYGYR,0.46153846153846156
S1_D07,14,6,110,output,RRGGBYRGBYGRY,RRGGBBBRBYBRG,0.6153846153846154
S1_D07,14,7,111,output,RRGGRBBBYRGBY,RGRBYRRRYBYRG,0.3846153846153846
S1_D07,14,8,112,output,RGBYRBRRBYRGB,RRGGRBBBYBGYB,0.46153846153846156
S1_D07,15,0,,seed,GGBRBBBGGRBRR,GRBRRBGYYBBGG,0.3846153846153846
S1_D07,15,1,113,output,GGBBRBRGBRGGB,GGRBGGGYBYRGB,0.46153846153846156
S1_D07,15,2,114,output,GGRBGGGYBYRGG,GGBBRBBBGYRYG,0.46153846153846156
S1_D07,15,3,115,output,GGBBRBBGYRYGB,GRGBGGGRYGYBY,0.3846153846153846
S1_D07,15,4,116,output,GRGBYBGRGYGYB,GBGRBBBRGYRBG,0.46153846153846156
S1_D07,15,5,117,output,GGBBRBBGYBRGY,GRGRYBGRYBGRB,0.3846153846153846
S1_D07,15,6,118,output,GGRRYBGRYBGGR,GGBBRBBBRGYRY,0.3846153846153846
S1_D07,15,7,119,output,GGRBRBBBGYBYB,GGRRYBGRYBRYG,0.5384615384615384
S1_D07,15,8,120,output,GGRRYBGRYYBBG,GGRRBRRBBBYRB,0.46153846153846156
S1_D08,1,0,,seed,GGYRRBRRGBRGY,YYYRYBRRRGYRR,0.46153846153846156
S1_D08,1,1,1,output,GGYRRBRBBRGYG,YYYRYBRBGRBRG,0.5384615384615384
S1_D08,1,2,2,output,YYYRBBRGGBBRG,GGYRRBRBBRGYR,0.46153846153846156
S1_D08,1,3,3,output,GGYBBRRBBGYRB,YYYRBBRGGBBRB,0.46153846153846156
S1_D08,1,4,4,output,YYYRBBGGBRRBG,GGYBBRRBBRGGY,0.3846153846153846
S1_D08,1,5,5,output,GGYBBRBRRGGYB,YYYRBBGGBBRRB,0.3076923076923077
S1_D08,1,6,6,output,YYYRBBGGBRBBB,GGYBBRBBGGRBB,0.5384615384615384
S1_D08,1,7,7,output,YYYRRBBRBBGGB,YYYRBBGRBBBRB,0.6923076923076923
S1_D08,1,8,8,output,YYYGYRRBBRBGB,YYYRBBRRBBGGB,0.6153846153846154
S1_D08,2,0,,seed,YYGBYBRBRBRRY,YYBYGBRGBYGYB,0.46153846153846156
S1_D08,2,1,9,output,YYYGYBBRBBGYY,YYBYBRGRGYRBY,0.46153846153846156
S1_D08,2,2,10,output,YYYBRBRGYGBBY,YYYGYBBRBGYBY,0.5384615384615384
S1_D08,2,3,11,output,YYYGYBBRBBGYG,YYYBRBRGBGYYB,0.5384615384615384
S1_D08,2,4,12,output,YYYGYBRBRGBGY,YYYGYBBRGYBBR,0.6923076923076923
S1_D08,2,5,13,output,YYYGYBBRBGRYB,YYYGYBRBRBGBY,0.7692307692307692
S1_D08,2,6,14,output,YYYGYBRBGBYYB,YYYGYBBRBGRYB,0.7692307692307692
S1_D08,2,7,15,output,GGGYGBRBGRYBB,YYYGYBRBGBYYY,0.46153846153846156
S1_D08,2,8,16,output,GGGYGBBRBGYYY,GGGYGYBRBRBYG,0.6923076923076923
S1_D08,3,0,,seed,BGBYYRBYBYGYB,GBYYYBYRBGYGR,0.5384615384615384
S1_D08,3,1,17,output,BGBRBGRYGBYBY,GBYYYBYRBGRBY,0.3846153846153846
S1_D08,3,2,18,output,BBBGBYBRBGYBY,BGBRBGYBYBGRB,0.5384615384615384
S1_D08,3,3,19,output,BGBRBGBYBYBYB,BBBGBYBRGYBRB,0.6153846153846154
S1_D08,3,4,20,output,BBBGBRBGBYBRB,BGBRBGBRBYBYB,0.6153846153846154
S1_D08,3,5,21,output,BGBRBGBYBYBYB,BBBGBRBGBYBRB,0.6153846153846154
S1_D08,3,6,22,output,BBBGBRBGBYBYB,BGBRBGBYBYBYB,0.6923076923076923
S1_D08,3,7,23,output,BGBRBGBYBYBYB,BBBGBRBGBYBYB,0.6923076923076923
S1_D08,3,8,24,output,BBBGBRBGBYBYB,BGBRBYBYBYBYB,0.6923076923076923
S1_D08,4,0,,seed,RBBBBBBYRGRBB,GGRRRYBRBBRYG,0.15384615384615385
S1_D08,4,1,25,output,BBBBBRBYBGBRR,GGRRRYBRBYGRR,0.3846153846153846
S1_D08,4,2,26,output,GGBBBRBGYRBRR,BBBBBRBYBGGRR,0.5384615384615384
S1_D08,4,3,27,output,BBBBBRBYBGGRR,GGBBBRBGYRBRR,0.5384615384615384
S1_D08,4,4,28,output,GGBBBRBGYRBRR,BBBBBRBYBGGRR,0.5384615384615384
S1_D08,4,5,29,output,BBBBBRBYBGGRR,GGBBBRBGYRRBB,0.46153846153846156
S1_D08,4,6,30,output,GGBBBRBGYRRBB,BBBBBRBYBGGRR,0.46153846153846156
S1_D08,4,7,31,output,BBBBBRBYBGGRR,GGBBBRBGYRRBB,0.46153846153846156
S1_D08,4,8,32,output,GGBBBRBGYRRBB,BBBBBRBYBGGRR,0.46153846153846156
S1_D08,5,0,,seed,YRGRRRYRRYYRG,GRBRYYBRYGBRG,0.46153846153846156
S1_D08,5,1,33,output,YRYRRGRYGRYRR,GRBRYYBRGRRBY,0.3076923076923077
S1_D08,5,2,34,output,GGRGBYRRYYBYR,YRYRRGYRYRGYR,0.3846153846153846
S1_D08,5,3,35,output,GYRRYRGRYGRRR,GGRYBGRYYBRYB,0.46153846153846156
S1_D08,5,4,36,output,YGYRBGRYGBYRR,GYRYRGYRGRGRR,0.46153846153846156
S1_D08,5,5,37,output,GYGRYGYRYRRRR,GYRGBRYGYRRRB,0.6153846153846154
S1_D08,5,6,38,output,GYGRRBRGYRBRR,GYRGYGYRGRRRY,0.46153846153846156
S1_D08,5,7,39,output,GYGRYGYRGRRYY,GYRRBRGYGYRRB,0.46153846153846156
S1_D08,5,8,40,output,GYRRBBGYRRBRB,GYGYRGYGYRRGY,0.46153846153846156
S1_D08,6,0,,seed,BBRYRGYGBYYRR,YGGYYBYGGRGRB,0.3076923076923077
S1_D08,6,1,41,output,RBRRGYGBYRRYR,GYYGGYGYBRGRG,0.3846153846153846
S1_D08,6,2,42,output,GGYGBGRGYGYGG,RBRRBGYGGYRBG,0.3846153846153846
S1_D08,6,3,43,output,RBRRBGYGGRBGG,BGRYGYGGYGRGY,0.46153846153846156
S1_D08,6,4,44,output,BGRYGGYGGRGYG,RBRBBRGYGGYRB,0.3076923076923077
S1_D08,6,5,45,output,RBRRBGGYGRBRB,BGRYGGYGGYRGG,0.46153846153846156
S1_D08,6,6,46,output,BGRYGGYGYRBGY,RBRRBGYGGYRBR,0.46153846153846156
S1_D08,6,7,47,output,RBRRBGGYGRRBR,BGRYGGYGYRBGY,0.5384615384615384
S1_D08,6,8,48,output,BGRYGGYGYRBGY,RBRRBGYGGYRBR,0.46153846153846156
S1_D08,7,0,,seed,YGBGGBBBYRGBY,GGYGRGYRYRBRG,0.3076923076923077
S1_D08,7,1,49,output,GGBGYBYRBGYBY,YGGYGRGYRYRYR,0.3846153846153846
S1_D08,7,2,50,output,GYGGRGYRYRYGY,GGYBYBRYBYRBG,0.3846153846153846
S1_D08,7,3,51,output,GYGGRBYBYRYBY,GYGGYRYRYRGBY,0.6923076923076923
S1_D08,7,4,52,output,GYGGRYRYRBYBY,GGYGBYRYBYBYR,0.6153846153846154
S1_D08,7,5,53,output,GGYGBYRYBYBYR,GYGGYRYBYRYBY,0.6153846153846154
S1_D08,7,6,54,output,GGYGRYBYBYRYB,GGYGYRYBYBYRY,0.8461538461538461
S1_D08,7,7,55,output,GGYGYRYBYRYBY,GGYGYRYBYBYBY,0.9230769230769231
S1_D08,7,8,56,output,GGYGYRYBYBYBY,GGYGYRYBYRYBY,0.9230769230769231
S1_D08,8,0,,seed,GYGYBGYGYRGGB,YRRBBGGYYYYYG,0.3076923076923077
S1_D08,8,1,57,output,GYGYBGRGYGBBG,YRRBBGGYYYYRB,0.23076923076923073
S1_D08,8,2,58,output,YRRBBGGYYYRBG,GYGYBGRGRRGYB,0.23076923076923073
S1_D08,8,3,59,output,YGYGYBYRRGYBR,YRRBBGGYYYRBR,0.3076923076923077
S1_D08,8,4,60,output,YYRRBBGGYYRBR,YGYGYBYRRGYBR,0.3846153846153846
S1_D08,8,5,61,output,GYGYGBYRRYGYB,YYRRBBGGYYRBR,0.23076923076923073
S1_D08,8,6,62,output,YYRRBBGGYYRBB,GYGYGYBRRYBRG,0.23076923076923073
S1_D08,8,7,63,output,GYGYGYRYBYRGR,YYRRBBGGYYRRB,0.23076923076923073
S1_D08,8,8,64,output,YYRRBBGGYYRRB,GYGYGYRBYRBRG,0.23076923076923073
S1_D08,9,0,,seed,YYRRRBRYBGBGR,BBBBGGYBBBRYR,0.23076923076923073
S1_D08,9,1,65,output,YYRRYBRBYBGRG,BBBBGGYBBBRBB,0.15384615384615385
S1_D08,9,2,66,output,BBBBGGYBBRBYB,YYRBYRBYBYRGY,0.3076923076923077
S1_D08,9,3,67,output,YYRBYBYRGBYBY,BBBBGGYBBRBBR,0.3076923076923077
S1_D08,9,4,68,output,BBBBGGYBBRBRB,YYRBYBYBRGYBY,0.3076923076923077
S1_D08,9,5,69,output,RRYRYBYBYRGBY,BBBBGGYBBRBRB,0.23076923076923073
S1_D08,9,6,70,output,BBBBGGYBRBRBR,RRYBYBYRRGYBR,0.3846153846153846
S1_D08,9,7,71,output,RRYBRYBYBYRGB,BBBBGGYBRBRBR,0.3076923076923077
S1_D08,9,8,72,output,BBBBGGYBRBRBR,RRYBRYBYBYBRR,0.3846153846153846
S1_D08,10,0,,seed,GGGRRRRBGBBGG,BGGYRBGYYYBBG,0.3846153846153846
S1_D08,10,1,73,output,GGGBBBBRBGBBR,BGGYRBGGYYRBR,0.3846153846153846
S1_D08,10,2,74,output,GGBGRBGYBRBGB,GGGBBBBRBGBBR,0.5384615384615384
S1_D08,10,3,75,output,GGGBBBBRBGBBR,GGBGRGYBRGGBG,0.46153846153846156
S1_D08,10,4,76,output,GGBGRBGYRBGBG,GGGBBBBBGBBRG,0.46153846153846156
S1_D08,10,5,77,output,GGGBBBBBRBGBB,GGBGRBGYRBGGB,0.5384615384615384
S1_D08,10,6,78,output,GGBGRBGBYRBGB,GGGBBBBBRGBBR,0.46153846153846156
S1_D08,10,7,79,output,GGGBBBBBRGBBR,GGBGBRGRYGBGB,0.46153846153846156
S1_D08,10,8,80,output,GGBRBGRYBGBRG,GGGGBBBBBRGGB,0.3846153846153846
S1_D08,11,0,,seed,GYBYRBYRGGBRR,YBBGYBBRBRGBR,0.46153846153846156
S1_D08,11,1,81,output,RBYBYBRGBYRBG,YGBBGYBBGRBBR,0.3076923076923077
S1_D08,11,2,82,output,GBBYRBBGBBYBB,RBYBGBRBYBGBR,0.46153846153846156
S1_D08,11,3,83,output,RBGBYBYRBYBRB,GBBYRYBBGRBBR,0.3846153846153846
S1_D08,11,4,84,output,RBBYBRYBBRBGB,RBGBYBYBRBRBY,0.6153846153846154
S1_D08,11,5,85,output,RBGBYBYBRBRYB,GBBRBYBYBRBGB,0.6153846153846154
S1_D08,11,6,86,output,GBBRBYBRYGBGB,GBRBYBRBGBRBY,0.6923076923076923
S1_D08,11,7,87,output,GBRBYBRBGBRYB,GBBRBYBGBGBRB,0.7692307692307692
S1_D08,11,8,88,output,GBBRBYBGBGBRB,GBRBYBRBGYBRB,0.7692307692307692
S1_D08,12,0,,seed,YRGBYYYBGYYGG,GRBBBBRBGYRGB,0.46153846153846156
S1_D08,12,1,89,output,GRBYYYRBGYBGB,GRBBBBYGRBRBB,0.46153846153846156
S1_D08,12,2,90,output,GRBBBBYYRGBRG,GRBYYYRBGGRBY,0.46153846153846156
S1_D08,12,3,91,output,GBRYYYRBGBBRY,GRBBBYRGBGBYB,0.3846153846153846
S1_D08,12,4,92,output,GBYYYRBGBYBRB,GBRYYBGBRYYBR,0.6153846153846154
S1_D08,12,5,93,output,GBRBYYBRBGYBR,GRBYYYBRBGBYB,0.6923076923076923
S1_D08,12,6,94,output,GBRYYYRBGBYBY,BGRYBGBRBYBRB,0.3846153846153846
S1_D08,12,7,95,output,GBGRBYBGBRBGB,BRYYYBGRBYRBB,0.46153846153846156
S1_D08,12,8,96,output,BGYYYRBGBYBRY,GBRGYGBGRBYGB,0.3076923076923077
S1_D08,13,0,,seed,YRRRRRYBGYYBG,YRRGYYBGRGYGG,0.5384615384615384
S1_D08,13,1,97,output,YRRRRBYGYYBGB,YRRGYYBRGRGRR,0.3076923076923077
S1_D08,13,2,98,output,YRRGYYBRGRGRR,YRRRRBGYYBGYY,0.3846153846153846
S1_D08,13,3,99,output,YRRRRBGYYBRBR,YGRRGBRGYYRRB,0.6153846153846154
S1_D08,13,4,100,output,GBYRBGYBRBYBG,YRRRRBGYYBRBR,0.3846153846153846
S1_D08,13,5,101,output,YRRRRBGYYRBRB,GBYRGYBRYBYBR,0.3076923076923077
S1_D08,13,6,102,output,GBRBYBRBYBYBR,YRRRRBGYYBRBR,0.46153846153846156
S1_D08,13,7,103,output,YRRRRBGYYBRBR,GRBRYBRYBYBRB,0.5384615384615384
S1_D08,13,8,104,output,GBYBYRBGYBYBR,YRRRRBGYYRBRB,0.3846153846153846
S1_D08,14,0,,seed,BGGRBGBRRYYRY,GBGGGBRYYRBYY,0.5384615384615384
S1_D08,14,1,105,output,GGBRBGBYRRBGB,GBGGGBRYYRBGG,0.5384615384615384
S1_D08,14,2,106,output,GBGGGRYYRBGBG,GGBRGYYRBGBRY,0.5384615384615384
S1_D08,14,3,107,output,GBGGGYYRBGYRB,GBGGGRYYRBGGB,0.7692307692307692
S1_D08,14,4,108,output,GBGGGRYRBGGBR,GBGGGYRBGGBGB,0.7692307692307692
S1_D08,14,5,109,output,GBGGGYRBGGBGB,GBGGGBRYRBGGB,0.6923076923076923
S1_D08,14,6,110,output,GBGGGRBYBGGBY,GBGGYBRBGBGBG,0.6153846153846154
S1_D08,14,7,111,output,GBGGBYRBGBYBR,GBGGBRYBRGGBG,0.5384615384615384
S1_D08,14,8,112,output,GBGGBRBYBGGBR,GBGGBYRBGGBRY,0.6923076923076923
S1_D08,15,0,,seed,YBYBBBGYBBYYR,YGYYYBBBBGBGB,0.3076923076923077
S1_D08,15,1,113,output,YBYBBBGYBBYRY,YGYYYBBBBGBGB,0.3076923076923077
S1_D08,15,2,114,output,YGYYYBBBBGBYB,YBYBBBGYBBYBR,0.46153846153846156
S1_D08,15,3,115,output,GBGBBBYBGBBRB,YGYYYBBBBGYBY,0.3846153846153846
S1_D08,15,4,116,output,YGYYBBBGYBYBB,GBGBBBYBBGBBR,0.46153846153846156
S1_D08,15,5,117,output,GBGBBYGBBRGBB,YGYYBBBGYYBBG,0.3076923076923077
S1_D08,15,6,118,output,YGYBBGGYBYGBY,GBGBBYBGRBGBB,0.3846153846153846
S1_D08,15,7,119,output,GBGBBYBRGBBGB,GBYYBGYBBGYBY,0.46153846153846156
S1_D08,15,8,120,output,GBYYBGRBYBBYB,GBGBBYBYBRGBB,0.46153846153846156
S1_D09,1,0,,seed,YYGBRYGRGBBGG,BBRGRBYYRYRGY,0.23076923076923073
S1_D09,1,1,1,output,YYGBRGYRGBGGR,BBRGRYRRBGRBY,0.3846153846153846
S1_D09,1,2,2,output,BBGRYRGBRGYBY,YYGBRGYRRRRGB,0.3846153846153846
S1_D09,1,3,3,output,YYGBRGYGRYYGB,BBGRYRGRBGRYY,0.3846153846153846
S1_D09,1,4,4,output,BBGYRRGYBBRGY,YYGBRGYGGYYYY,0.3076923076923077
S1_D09,1,5,5,output,YYGBRGYBRGGRY,BBGYRRGYBGRRB,0.46153846153846156
S1_D09,1,6,6,output,BBGYRGRYGRGRB,YYGBRGRBGGGGG,0.46153846153846156
S1_D09,1,7,7,output,YYGBRYBRBGGGG,BBGYRGRYGRYRB,0.23076923076923073
S1_D09,1,8,8,output,BBGYRGYGRYRYB,YYGBRYBRBYGGG,0.3076923076923077
S1_D09,2,0,,seed,RYYRYGGBRYBYY,RGRBRBRBGRYYB,0.3076923076923077
S1_D09,2,1,9,output,RYYRYGRGBRGYY,RGRGBRBRGRYYY,0.46153846153846156
S1_D09,2,2,10,output,RGRGBRBRGRYYY,RYYRGBRGBYYYY,0.5384615384615384
S1_D09,2,3,11,output,RYYRGBRGYBRYY,RGRGBRBRYYYYY,0.5384615384615384
S1_D09,2,4,12,output,RGRGBRBRYYYYY,RYYRGBRGBRYYY,0.6153846153846154
S1_D09,2,5,13,output,RYYRGBGRBYYYY,RGRGBRBRYYYYY,0.6153846153846154
S1_D09,2,6,14,output,RGRGBRBRYYYYY,RYYRGBGRBYYYY,0.6153846153846154
S1_D09,2,7,15,output,RYYRGBGRYYYYY,RGRGBRBRYYYYY,0.6923076923076923
S1_D09,2,8,16,output,RGRGBRBRYYYYY,RYYRGBGRYYYYY,0.6923076923076923
S1_D09,3,0,,seed,GGRBGYRRRYBRY,GYBYRYGGYGBRB,0.3846153846153846
S1_D09,3,1,17,output,GGRBGYRGGRYYY,GYBYRYGGYRRRR,0.3846153846153846
S1_D09,3,2,18,output,GYGYBRGYRRRRR,GYRBGGRGYYYYY,0.3076923076923077
S1_D09,3,3,19,output,GYRBGYRGRYYYY,GYGYBRGYRRRRR,0.3846153846153846
S1_D09,3,4,20,output,GYGYBRGYRRRRR,GYRBGYRGYYYYY,0.3846153846153846
S1_D09,3,5,21,output,GYRBGYRYYYYYY,GYGYBRGYGRRRR,0.3076923076923077
S1_D09,3,6,22,output,GYGYBRGYGRRRR,GYRBGYRYYYYYY,0.3076923076923077
S1_D09,3,7,23,output,GYRBGYRGYYYYY,GYGYBRGYGRRRR,0.3846153846153846
S1_D09,3,8,24,output,GYGYBRGYGRRRR,GYRBGYRGYYYYY,0.3846153846153846
S1_D09,4,0,,seed,YBGRRGRBBGYRR,BYGYBGGGBBYGB,0.3076923076923077
S1_D09,4,1,25,output,YBGRRGYBGYRRR,BGYYBGGGBBGYY,0.3076923076923077
S1_D09,4,2,26,output,BGBYBGBGYBBYY,YBGRRGYBYGRRR,0.23076923076923073
S1_D09,4,3,27,output,YBGRRGYBYGGRR,BGBYBGBGYGYYY,0.3076923076923077
S1_D09,4,4,28,output,BGBYBGBGYBYYY,YBGRRGYBYGGRR,0.3076923076923077
S1_D09,4,5,29,output,YBGRRGYBGBYGR,BGBYBGBGYYYYY,0.3076923076923077
S1_D09,4,6,30,output,BGBYBGRYYYYYY,YBGRRYYBGBRRR,0.23076923076923073
S1_D09,4,7,31,output,YBYRGYYBGYRRR,BGBYBGRYYYYYY,0.3076923076923077
S1_D09,4,8,32,output,BGBYBGRYYYYYY,YBYRGGYBRRRRR,0.23076923076923073
S1_D09,5,0,,seed,YGGBBBBGRRYBY,RYRBYYYGGYRGR,0.15384615384615385
S1_D09,5,1,33,output,YGBBBGRYBGRBR,RYRBYYYYYYYYY,0.15384615384615385
S1_D09,5,2,34,output,RYRBYYYYYYYYY,YGBBBGRYBRRRR,0.15384615384615385
S1_D09,5,3,35,output,YGBBBGRYGBRRR,RYRBYYYYYYYYY,0.15384615384615385
S1_D09,5,4,36,output,RYRBYYYYYYYYY,YGBBBGRYRRRRR,0.15384615384615385
S1_D09,5,5,37,output,YGBBBGRYRRRRR,RYRBYYYYYYYYY,0.15384615384615385
S1_D09,5,6,38,output,RYRBYYYYYYYYY,YGBBBGRYRRRRR,0.15384615384615385
S1_D09,5,7,39,output,YGBBBGRYRRRRR,RYRBYYYYYYYYY,0.15384615384615385
S1_D09,5,8,40,output,RYRBYYYYYYYYY,YGBBBGRYRRRRR,0.15384615384615385
S1_D09,6,0,,seed,RBGBRBGBRBRRG,GGGBGGGBBRGBB,0.3846153846153846
S1_D09,6,1,41,output,RBGBRBGYRGBBB,GGBBGGGGGGGGG,0.23076923076923073
S1_D09,6,2,42,output,GGBBGGGGGGGGG,RBGBRBGYGRBBB,0.23076923076923073
S1_D09,6,3,43,output,RBGBRBGYYGRBB,GGBBGGGGGGGGG,0.23076923076923073
S1_D09,6,4,44,output,GGBBGGGGGGGGG,RBGBRYYYGRBBB,0.15384615384615385
S1_D09,6,5,45,output,RBGBRYYYGBRBB,GGBBGGGGGGGGG,0.15384615384615385
S1_D09,6,6,46,output,GGBBGGGGGGGGG,RBGBRYGRGBBBB,0.23076923076923073
S1_D09,6,7,47,output,RBGBRYGGRBBBB,GGBBGGGGGGGGG,0.23076923076923073
S1_D09,6,8,48,output,GGBBGGGGGGGGG,RBGBRYGRGBBBB,0.23076923076923073
S1_D09,7,0,,seed,RGGRGGGBBYRGY,RBYGRRGGYRBBG,0.3846153846153846
S1_D09,7,1,49,output,RBGRGGBBRYGBR,RBYGRRGGYYYYY,0.3846153846153846
S1_D09,7,2,50,output,RBYGRRGGYYYYY,RBGRGGBBRGYGG,0.3846153846153846
S1_D09,7,3,51,output,RBGRGGBBRGYGR,RBYGRRGYYYYYY,0.3846153846153846
S1_D09,7,4,52,output,RBGRGBYYYYYYY,RBGRGGBBBBYGR,0.46153846153846156
S1_D09,7,5,53,output,RBGRGGBBYGRRR,RBGRGBYYYYYYY,0.46153846153846156
S1_D09,7,6,54,output,RBGRGBYYYYYYY,RBGRGGBBYGRRR,0.46153846153846156
S1_D09,7,7,55,output,RBGRGGBBGYRRR,RBGRGBYYYYYYY,0.46153846153846156
S1_D09,7,8,56,output,RBGRGBYYYYYYY,RBGRGGBBGYGRR,0.46153846153846156
S1_D09,8,0,,seed,BYRBYGYGBBBBG,RGBYYGGGRBGGG,0.3846153846153846
S1_D09,8,1,57,output,BYRBYBRGBBBBB,RGBYYGGGGGGGG,0.15384615384615385
S1_D09,8,2,58,output,RGBYGGGGGGGGG,BYRBYBBBBBBBB,0.07692307692307687
S1_D09,8,3,59,output,BYRBYBBBBBBBB,RGBYGGGGGGGGG,0.07692307692307687
S1_D09,8,4,60,output,RGBYGGGGGGGGG,BYRBYBBBBBBBB,0.07692307692307687
S1_D09,8,5,61,output,BYRBYBBBBBBBB,RGBYGGGGGGGGG,0.07692307692307687
S1_D09,8,6,62,output,RGBYGGGGGGGGG,BYRBYBBBBBBBB,0.07692307692307687
S1_D09,8,7,63,output,BYRBYBBBBBBBB,RGBYGGGGGGGGG,0.07692307692307687
S1_D09,8,8,64,output,RGBYGGGGGGGGG,BYRBYBBBBBBBB,0.07692307692307687
S1_D09,9,0,,seed,RYBYRYGRBYBBR,RGRRGYRRBBYBY,0.3846153846153846
S1_D09,9,1,65,output,RYBYRGYBYYRRR,RGRRGYRRYYYYY,0.3846153846153846
S1_D09,9,2,66,output,RGRRGYRGYRGBB,RYBYBGYBYYRRR,0.3076923076923077
S1_D09,9,3,67,output,RYBYBGYGYBRGB,RGRRGYRGYBBBB,0.46153846153846156
S1_D09,9,4,68,output,RGRRGYRGYRBBB,RYBYBGYGBBBBB,0.46153846153846156
S1_D09,9,5,69,output,RYBYBGYBGBBBB,RGRRGYRGBBBBB,0.5384615384615384
S1_D09,9,6,70,output,RYRGGYRGBBBBB,RYBYBGYBBBBBB,0.6153846153846154
S1_D09,9,7,71,output,RYBYBGYBBBBBB,RYRGYRBBBBBBB,0.6153846153846154
S1_D09,9,8,72,output,RYRGYRBBBBBBB,RYBYBGYBBBBBB,0.6153846153846154
S1_D09,10,0,,seed,GRGBGYGRRGYYR,BBYBBRYGBGRGB,0.23076923076923073
S1_D09,10,1,73,output,GRGBGYGRGBYYY,BBYBBRYRRRRRR,0.15384615384615385
S1_D09,10,2,74,output,BBYBBYRRRRRRR,GRGBGYGRYYYYY,0.23076923076923073
S1_D09,10,3,75,output,GRGBGYGRYYYYY,BBYBBYRRRRRRR,0.23076923076923073
S1_D09,10,4,76,output,BBYBBYRRRRRRR,GRGBGYGRYYYYY,0.23076923076923073
S1_D09,10,5,77,output,GRGBGYGRYYYYY,BBYBBYRRRRRRR,0.23076923076923073
S1_D09,10,6,78,output,BBYBBYRRRRRRR,GRGBGYYYYYYYY,0.15384615384615385
S1_D09,10,7,79,output,GRGBGYYYYYYYY,BBYBBYRRRRRRR,0.15384615384615385
S1_D09,10,8,80,output,BBYBBYRRRRRRR,GRGBGYYYYYYYY,0.15384615384615385
S1_D09,11,0,,seed,RBRRGYBBGRRRB,YYGYRBYBBYGYG,0.23076923076923073
S1_D09,11,1,81,output,RBRRYGRGRRRBR,YYGRBYYYYYYYY,0.07692307692307687
S1_D09,11,2,82,output,YYGRBYYYYYYYY,RBRRYGRGRRRRR,0.07692307692307687
S1_D09,11,3,83,output,RBRRYGRGYRBBR,YYGRBYYYYYYYY,0.15384615384615385
S1_D09,11,4,84,output,YYGRBYYYYYYYY,RBRRYGRGBBBBB,0.07692307692307687
S1_D09,11,5,85,output,RBRRYGRBBBBBB,YYGRBYYYYYYYY,0.07692307692307687
S1_D09,11,6,86,output,YYGRBYYYYYYYY,RBRRYGRBBBBBB,0.07692307692307687
S1_D09,11,7,87,output,RBRRYGRBBBBBB,YYGRBYYYYYYYY,0.07692307692307687
S1_D09,11,8,88,output,YYGRBYYYYYYYY,RBRRYGBBBBBBB,0.07692307692307687
S1_D09,12,0,,seed,GYBRGYYBGGGYR,YRBYGBYRRRYRB,0.3076923076923077
S1_D09,12,1,89,output,GYBRGYYBRYGBY,YRBYGBYRRRRRR,0.3076923076923077
S1_D09,12,2,90,output,YRBYGBYRRRRRR,GYBRGYYBRYYYY,0.3076923076923077
S1_D09,12,3,91,output,GYBRGYYBRYYYY,YRBYGBYRRRRRR,0.3076923076923077
S1_D09,12,4,92,output,YRBYGBYRRRRRR,GRBYGYYYYYYYY,0.3846153846153846
S1_D09,12,5,93,output,GRBYGYYYYYYYY,YRBYGBYRRRRRR,0.3846153846153846
S1_D09,12,6,94,output,YRBYGBYRRRRRR,GRBYGYYYYYYYY,0.3846153846153846
S1_D09,12,7,95,output,GRBYGYYYYYYYY,YRBYGBYRRRRRR,0.3846153846153846
S1_D09,12,8,96,output,YRBYGBYRRRRRR,GRBYGYYYYYYYY,0.3846153846153846
S1_D09,13,0,,seed,BGBBGRBYRRYBY,YBBGYRRGYGBRG,0.3846153846153846
S1_D09,13,1,97,output,BGBBGRBGRYYYY,YBBGYRRGGGGGG,0.3076923076923077
S1_D09,13,2,98,output,YGBBGRYRGGGGG,BGBBGRBGRYYYY,0.3846153846153846
S1_D09,13,3,99,output,BGBBGRBGRYYYY,YGBBGRYRGGGGG,0.3846153846153846
S1_D09,13,4,100,output,YGBBGRYGRRRRR,BGBBGRBGRYYYY,0.5384615384615384
S1_D09,13,5,101,output,BGBBGRBGRYYYY,YGBBGRYGRRRRR,0.5384615384615384
S1_D09,13,6,102,output,YGBBGRYGRRRRR,BGBBGRGRYYYYY,0.46153846153846156
S1_D09,13,7,103,output,BGBBGRGRYYYYY,YGBBGRYGRRRRR,0.46153846153846156
S1_D09,13,8,104,output,YGBBGRYGRRRRR,BGBYGRGRYYYYY,0.3846153846153846
S1_D09,14,0,,seed,YYYYBGBRYYBYY,YRRRBGBRBYYRY,0.5384615384615384
S1_D09,14,1,105,output,YYYYBGBRGRYYY,YRRRBBGRYYYYY,0.46153846153846156
S1_D09,14,2,106,output,YRRRBGRBYYYYY,YYYYBGBRGYYYY,0.5384615384615384
S1_D09,14,3,107,output,YYYBGBRGYYYYY,YRRRBGRBYYYYY,0.6153846153846154
S1_D09,14,4,108,output,YRRRBGRBYYYYY,YYYBGBRGYYYYY,0.6153846153846154
S1_D09,14,5,109,output,YYYBGBRGYYYYY,YRRRBGRBYYYYY,0.6153846153846154
S1_D09,14,6,110,output,RRRBGRBYYYYYY,YYYBGBRGYYYYY,0.5384615384615384
S1_D09,14,7,111,output,YYYBGBRGYYYYY,GRBGRBYYYYYYY,0.5384615384615384
S1_D09,14,8,112,output,GRBGRBYYYYYYY,YYYBGBRGYYYYY,0.5384615384615384
S1_D09,15,0,,seed,BRYYBYGBYRYRB,BBGYGGBGBYBBB,0.3846153846153846
S1_D09,15,1,113,output,BRYYBYGBRYBGR,BBGYBBYBBBBBB,0.3846153846153846
S1_D09,15,2,114,output,BBGBYBYBBBBBB,BRYYBRYRRRRRR,0.23076923076923073
S1_D09,15,3,115,output,BRYYBRYRRRRRR,BBGBBYBBBBBBB,0.15384615384615385
S1_D09,15,4,116,output,BBGGBYBBBBBBB,BRYYBRYBBRRRR,0.3076923076923077
S1_D09,15,5,117,output,YYBRYYRRBBBBB,BBGYBBBBBBBBB,0.46153846153846156
S1_D09,15,6,118,output,BBGBYBBBBBBBB,YYBRYYRRBBBBB,0.46153846153846156
S1_D09,15,7,119,output,YYBRYYRRBBBBB,BBGBBBBBBBBBB,0.3846153846153846
S1_D09,15,8,120,output,BBGBBBBBBBBBB,YYBRYYBBBBBBB,0.5384615384615384
S1_D10,1,0,,seed,GRBBGYYYYGYYG,RGRRYGYYYGBYB,0.5384615384615384
S1_D10,1,1,1,output,GRBYGYGYYYYGY,RRGYGRRBBRGRR,0.23076923076923073
S1_D10,1,2,2,output,RGYGRBBBBRGYG,GRBYGYRYYYYYY,0.23076923076923073
S1_D10,1,3,3,output,GRBBYRYYYYYYY,RGYBYGRBBBBBB,0.15384615384615385
S1_D10,1,4,4,output,RGYBBGRBBBBBB,GRBBYYYYYYYYY,0.15384615384615385
S1_D10,1,5,5,output,GRBBYYYYYYYYY,RGYBGYRRBBBBB,0.15384615384615385
S1_D10,1,6,6,output,RGYBGYGRBBBBB,GRBBYYYYYYYYY,0.15384615384615385
S1_D10,1,7,7,output,GRBYYYYYYYYYY,RGYBGGBBBBBBB,0.07692307692307687
S1_D10,1,8,8,output,RGYBGBBBBBBBB,GRBYYYYYYYYYY,0.07692307692307687
S1_D10,2,0,,seed,GRGBYBYGRGRGY,BGGBRYRBRRBGY,0.3846153846153846
S1_D10,2,1,9,output,GRGBYBYBGRGRY,BGGBRBYRBBBBB,0.3076923076923077
S1_D10,2,2,10,output,BGBRYBRBRGBGB,GRGRBYBYBYGRG,0.3846153846153846
S1_D10,2,3,11,output,GRGRBYBYBYBYG,BGBRBBBGBBBGB,0.3846153846153846
S1_D10,2,4,12,output,BRGBGBGBGBRBB,GRGRBYBYBYBYB,0.46153846153846156
S1_D10,2,5,13,output,GRGRBYBYBYBYB,BRGBGBRBBBBBB,0.46153846153846156
S1_D10,2,6,14,output,BRGRBBBBBBBBB,GRGRBYBYBYBYB,0.6153846153846154
S1_D10,2,7,15,output,GRGRBYBYBYBYB,BRGRBBBBBBBBB,0.6153846153846154
S1_D10,2,8,16,output,BRGBRBBBBBBBB,GRGRBYBYBYBYB,0.5384615384615384
S1_D10,3,0,,seed,BGBBGGRRBYRYB,YBBYYBRRRGBGG,0.23076923076923073
S1_D10,3,1,17,output,BGRBBGGRYBYRY,YBBYBRGBRRRRR,0.3076923076923077
S1_D10,3,2,18,output,YBGYBYRRRRRRR,BGRBBGYRBBBBB,0.23076923076923073
S1_D10,3,3,19,output,BGRBYRBBBBBBB,YBGYBYRRRRRRR,0.3076923076923077
S1_D10,3,4,20,output,YBGYBYRRRRRRR,BGRYRBBBBBBBB,0.15384615384615385
S1_D10,3,5,21,output,BGRYRBBBBBBBB,YBGYBRRRRRRRR,0.15384615384615385
S1_D10,3,6,22,output,YBGYBRRRRRRRR,BGYRBBBBBBBBB,0.23076923076923073
S1_D10,3,7,23,output,BGYRBBBBBBBBB,YBGYBRRRRRRRR,0.23076923076923073
S1_D10,3,8,24,output,YBGYBRRRRRRRR,BGYRBBBBBBBBB,0.23076923076923073
S1_D10,4,0,,seed,BRYBRYGGRYBGB,BGYBRYYYGGRBG,0.6153846153846154
S1_D10,4,1,25,output,BRYBBGRBRBBBB,BGYRBYGGRRRRR,0.3076923076923077
S1_D10,4,2,26,output,BYGBYGGRRRRRR,BRYBGRYBBBBBB,0.15384615384615385
S1_D10,4,3,27,output,BBRGBRYGRBBBB,BYGBYGGRRRRRR,0.3076923076923077
S1_D10,4,4,28,output,BYGBGGRRRRRRR,BBRGBBBBBBBBB,0.15384615384615385
S1_D10,4,5,29,output,BBRRGBBBBBBBB,BYGBGRRRRRRRR,0.15384615384615385
S1_D10,4,6,30,output,BYGBGRRRRRRRR,BBRBGBBBBBBBB,0.23076923076923073
S1_D10,4,7,31,output,BBRRGBBBBBBBB,BYGBGRRRRRRRR,0.15384615384615385
S1_D10,4,8,32,output,BYGBGRRRRRRRR,BBRBGBBBBBBBB,0.23076923076923073
S1_D10,5,0,,seed,BGYGYBRYYBYRR,YYRBBBRBGRBBG,0.15384615384615385
S1_D10,5,1,33,output,BYGBYRBYBRBYR,YYRBGBBBRRBBB,0.3846153846153846
S1_D10,5,2,34,output,YYBBRGRBBBBBB,BYGBRBYBYBYRB,0.46153846153846156
S1_D10,5,3,35,output,BYGBYRBBBBBBB,YYBRBBBBBBBBB,0.6153846153846154
S1_D10,5,4,36,output,YYBBRBBBBBBBB,BYGBYRBBBBBBB,0.6923076923076923
S1_D10,5,5,37,output,BYGBRBBBBBBBB,YYBBRBBBBBBBB,0.8461538461538461
S1_D10,5,6,38,output,YYBBRBBBBBBBB,BYGBRBBBBBBBB,0.8461538461538461
S1_D10,5,7,39,output,BYGBRBBBBBBBB,YYBBRBBBBBBBB,0.8461538461538461
S1_D10,5,8,40,output,YYBBRBBBBBBBB,BYGBRBBBBBBBB,0.8461538461538461
S1_D10,6,0,,seed,GBRRYBYBYGRGR,GBBRRYYBRYGRR,0.6923076923076923
S1_D10,6,1,41,output,GGRRBYGRGRGRB,GBRRYRRRRRRRR,0.46153846153846156
S1_D10,6,2,42,output,GRBYRRRRRRRRR,GGRRBYGRGRGRG,0.3846153846153846
S1_D10,6,3,43,output,GGRRBYGRGRGRG,GRBYRRRRRRRRR,0.3846153846153846
S1_D10,6,4,44,output,GRBYRRRRRRRRR,GGRRBYGGGGGGG,0.15384615384615385
S1_D10,6,5,45,output,GGRRBYGGGGGGG,GRBYRRRRRRRRR,0.15384615384615385
S1_D10,6,6,46,output,GRBYRRRRRRRRR,GGRBYGGGGGGGG,0.23076923076923073
S1_D10,6,7,47,output,GGRRBYGGGGGGG,GRBYRRRRRRRRR,0.15384615384615385
S1_D10,6,8,48,output,GRBYRRRRRRRRR,GGRRBYGGGGGGG,0.15384615384615385
S1_D10,7,0,,seed,YBBBYGRRRRRBR,YGBRRYYGBYBGY,0.15384615384615385
S1_D10,7,1,49,output,YBBBYGRRRRBRB,YGBRYYYYYYYYY,0.23076923076923073
S1_D10,7,2,50,output,YGBRYYYYYYYYY,YBBYRRRRRRRRR,0.15384615384615385
S1_D10,7,3,51,output,YBBBYRRRRRRRR,YGBRYYYYYYYYY,0.23076923076923073
S1_D10,7,4,52,output,YGBRYYYYYYYYY,YBBBYRRRRRRRR,0.23076923076923073
S1_D10,7,5,53,output,YBBBYRRRRRRRR,YGBRYYYYYYYYY,0.23076923076923073
S1_D10,7,6,54,output,YGBRYYYYYYYYY,YBBBYRRRRRRRR,0.23076923076923073
S1_D10,7,7,55,output,YBBBYRRRRRRRR,YGBRYYYYYYYYY,0.23076923076923073
S1_D10,7,8,56,output,YGBRYYYYYYYYY,YBBBYRRRRRRRR,0.23076923076923073
S1_D10,8,0,,seed,RGRGRGGBBRYYR,BGGRBRGBGGBBG,0.3076923076923077
S1_D10,8,1,57,output,RGRGRGBRYYYYY,BGGBRBGGGGGBB,0.15384615384615385
S1_D10,8,2,58,output,BBBRRGRBBGGGG,RGRGBRYYYYYYY,0.07692307692307687
S1_D10,8,3,59,output,RGRGBRYYYYYYY,BBBRBGGBBBBBB,0.07692307692307687
S1_D10,8,4,60,output,BBBRGRBBBBBBB,RGRGBRYYYYYYY,0.15384615384615385
S1_D10,8,5,61,output,RGRGRGBRYYYYY,BBBRGBBBBBBBB,0.15384615384615385
S1_D10,8,6,62,output,BBBRGBBBBBBBB,RGRGBRYYYYYYY,0.15384615384615385
S1_D10,8,7,63,output,RGRGBRYYYYYYY,BBBRGBBBBBBBB,0.15384615384615385
S1_D10,8,8,64,output,BBBRGBBBBBBBB,RGRGBRYYYYYYY,0.15384615384615385
S1_D10,9,0,,seed,BBBGBGGRGGBRG,RGYRGYGYRYRRB,0.23076923076923073
S1_D10,9,1,65,output,BBBGRGRBRBRBG,RGYRGYRRRRRRR,0.3076923076923077
S1_D10,9,2,66,output,RGYRYRRRRRRRR,BBBGRBBBBBBBB,0.0
S1_D10,9,3,67,output,BBBGRBBBBBBBB,RGYRYRRRRRRRR,0.0
S1_D10,9,4,68,output,RGYRYRRRRRRRR,BBBGRBBBBBBBB,0.0
S1_D10,9,5,69,output,BBBGRBBBBBBBB,RGYRYRRRRRRRR,0.0
S1_D10,9,6,70,output,GYRYRRRRRRRRR,BBBGRBBBBBBBB,0.07692307692307687
S1_D10,9,7,71,output,BBBGRBBBBBBBB,GYRYRRRRRRRRR,0.07692307692307687
S1_D10,9,8,72,output,GYRYRRRRRRRRR,BBBGRBBBBBBBB,0.07692307692307687
S1_D10,10,0,,seed,YGGGYGBGGBBRR,YRRBYBYGRGRRR,0.3846153846153846
S1_D10,10,1,73,output,YGBGGGGGRBRBB,YRRBYRBGRRRRR,0.3076923076923077
S1_D10,10,2,74,output,YRRBYGRRRRRRR,YGBYGGGGGGBBB,0.23076923076923073
S1_D10,10,3,75,output,YGBYGBBBBBBBB,YRRBGRRRRRRRR,0.15384615384615385
S1_D10,10,4,76,output,YRRBGRRRRRRRR,YGBYGBBBBBBBB,0.15384615384615385
S1_D10,10,5,77,output,YGBYGBBBBBBBB,YRRBGRRRRRRRR,0.15384615384615385
S1_D10,10,6,78,output,YRRBGRRRRRRRR,YGBYGBBBBBBBB,0.15384615384615385
S1_D10,10,7,79,output,YGBYGBBBBBBBB,YRRBGRRRRRRRR,0.15384615384615385
S1_D10,10,8,80,output,YRRBGRRRRRRRR,YGBYGBBBBBBBB,0.15384615384615385
S1_D10,11,0,,seed,YYGBRBYGRYRYB,GGGBYYRBGBRBG,0.3076923076923077
S1_D10,11,1,81,output,YYGBRYGRRRRRB,GGGYBYRRRRBBG,0.46153846153846156
S1_D10,11,2,82,output,GGGYBRYGBBBBB,YYGBYYGRRRRBB,0.3846153846153846
S1_D10,11,3,83,output,YYGBYGRBBBBBB,GGGYBRGBBBBBB,0.6153846153846154
S1_D10,11,4,84,output,GGGYBRGBBBBBB,YYGBRYBBBBBBB,0.6153846153846154
S1_D10,11,5,85,output,YYGBRYBBBBBBB,GGGYRGBBBBBBB,0.6923076923076923
S1_D10,11,6,86,output,GGGYRGBBBBBBB,YYGBRYBBBBBBB,0.6923076923076923
S1_D10,11,7,87,output,YYGBRYBBBBBBB,GGGYRBBBBBBBB,0.6923076923076923
S1_D10,11,8,88,output,GGGYRBBBBBBBB,YYGYBRBBBBBBB,0.6923076923076923
S1_D10,12,0,,seed,BYYGGGYBYGGBG,YYRGGRYBGYYRY,0.3846153846153846
S1_D10,12,1,89,output,BYYGBYGGGGYBY,YYRGRBYYYYYYY,0.3846153846153846
S1_D10,12,2,90,output,YYRGRBYYYYYYY,BYYGBYGBBBBBB,0.23076923076923073
S1_D10,12,3,91,output,BYYGBGBBBBBBB,YYRGBYYYYYYYY,0.23076923076923073
S1_D10,12,4,92,output,YYRRGRBYYYYYY,BYYGBBBBBBBBB,0.15384615384615385
S1_D10,12,5,93,output,BYYGBYYYYYYYY,YYRBYGYYYYYYY,0.7692307692307692
S1_D10,12,6,94,output,YYRRBYGYYYYYY,BYYGBYYYYYYYY,0.6923076923076923
S1_D10,12,7,95,output,YYBBYGBYYYYYY,YYRBGYYYYYYYY,0.6923076923076923
S1_D10,12,8,96,output,YYRRBGYYYYYYY,YYBYGYYYYYYYY,0.6923076923076923
S1_D10,13,0,,seed,YGGRYGGRBYBRG,RGBGGGGRBYBYR,0.5384615384615384
S1_D10,13,1,97,output,YGGRBYGRBRBBB,RGBGGGGGGGGYB,0.23076923076923073
S1_D10,13,2,98,output,RGBGGGGGYBBBB,YGGRBYRRRRBBB,0.3076923076923077
S1_D10,13,3,99,output,GGRBYRRRRBBBB,RGBGGGGGGBBBB,0.3846153846153846
S1_D10,13,4,100,output,GRRBGGGRBBBBB,GGRBRRRRRRBBB,0.5384615384615384
S1_D10,13,5,101,output,GGGRBRBBBBBBB,GGRBGGGGBBBBB,0.6153846153846154
S1_D10,13,6,102,output,GGRRBGGGBBBBB,GGGRBRBBBBBBB,0.6923076923076923
S1_D10,13,7,103,output,GGGRBRBBBBBBB,GGRBRGGGGGGBB,0.46153846153846156
S1_D10,13,8,104,output,GGGRBRGRBBBBB,GGGRBRBBBBBBB,0.8461538461538461
S1_D10,14,0,,seed,BGBRGRYBGBGGB,RRYYYRYYGGGRG,0.3076923076923077
S1_D10,14,1,105,output,BBBGRBYRBBBBB,RRRYYRRRRRRGG,0.07692307692307687
S1_D10,14,2,106,output,RRRYYRRRRRGGG,BBBGRBBBBBBBB,0.0
S1_D10,14,3,107,output,BBBBGRBBBBBBB,RRRYYRRRRGGGG,0.07692307692307687
S1_D10,14,4,108,output,RRRRYYRRRGGGG,BBBBGRBBBBBBB,0.0
S1_D10,14,5,109,output,BBBBGRBBBBBBB,RRRRYYRRGGGGG,0.0
S1_D10,14,6,110,output,RRRRYYRRGGGGG,BBBBGRBBBBBBB,0.0
S1_D10,14,7,111,output,BBBBGRBBBBBBB,RRRRYRRGGRRRR,0.07692307692307687
S1_D10,14,8,112,output,RRRRYRGGRRRRR,BBBBGRBBBBBBB,0.07692307692307687
S1_D10,15,0,,seed,GRGRYRGBGYGRG,YYYRGBYGRGYRR,0.3846153846153846
S1_D10,15,1,113,output,GRGYGBRGRRRBR,YYYRBBGYYRRRR,0.3846153846153846
S1_D10,15,2,114,output,YYYRBGYRRRRRR,GGGRGGYRRRRBB,0.5384615384615384
S1_D10,15,3,115,output,GGGRYGRBBBBBB,YYYRBGYRRRRRR,0.15384615384615385
S1_D10,15,4,116,output,YYYYRBYGRRRRR,GGGRYGBBBBBBB,0.07692307692307687
S1_D10,15,5,117,output,GGGRYGBBBBBBB,YYYYRBYGRRRRR,0.07692307692307687
S1_D10,15,6,118,output,YYYRBGRRRRRRR,GGGRYGBBBBBBB,0.15384615384615385
S1_D10,15,7,119,output,GGGGRYGBBBBBB,YYYRBGRRRRRRR,0.07692307692307687
S1_D10,15,8,120,output,YYYRBGRRRRRRR,GGGGRYBBBBBBB,0.0
S1_D11,1,0,,seed,BRYGYYYRRRBGY,YYBGRBBGYGBGG,0.23076923076923073
S1_D11,1,1,1,output,BRYGYYRRRBGYB,RGYGRBRBYGRRR,0.3846153846153846
S1_D11,1,2,2,output,RGYGRBRBRRYGB,BRYGYYRRRBGYY,0.3846153846153846
S1_D11,1,3,3,output,BRYGYYRRRBGYY,RGYGRRRBGGBYY,0.6153846153846154
S1_D11,1,4,4,output,RYGBRRBGGYGGB,BRYGYYRRRBGYY,0.3846153846153846
S1_D11,1,5,5,output,BRYGYYRRBGYYY,BRYGGRRBYYRBB,0.5384615384615384
S1_D11,1,6,6,output,BRYGGGYRRRBYY,RBRYGYYRRRBGB,0.6153846153846154
S1_D11,1,7,7,output,BRYGGYYYRRBYG,BRYGGGYYBRYYY,0.6923076923076923
S1_D11,1,8,8,output,BRYGGYYBRYGGG,BRYGYYYRRBGYY,0.6153846153846154
S1_D11,2,0,,seed,GBRGYBGBBBGRR,BBGYYRBBBGRRR,0.6153846153846154
S1_D11,2,1,9,output,BGYGGBBRRYYGB,BBGGGBRRRBGGG,0.5384615384615384
S1_D11,2,2,10,output,BBGGBRBGBRGYG,BRYGBBRYBRBBG,0.46153846153846156
S1_D11,2,3,11,output,BRYGBRRYBGGYG,BBGGYRBGBBRBG,0.3846153846153846
S1_D11,2,4,12,output,BRYGBBRYGRGYR,BRYGBBRYGGBGB,0.6923076923076923
S1_D11,2,5,13,output,BRYGBBRYGGBGB,BRYGBBRGYRGBY,0.6923076923076923
S1_D11,2,6,14,output,BRYGBBRYGRGYG,BRYGBBRYGGGBY,0.7692307692307692
S1_D11,2,7,15,output,BRYGBBRYGBGYB,BRYGBBRGYGRRR,0.6153846153846154
S1_D11,2,8,16,output,BRYGBRYGGYRBR,BRYGBBYGRYBBB,0.6923076923076923
S1_D11,3,0,,seed,YBGBYGRBGGBGR,GBGBYGGGGYRBB,0.46153846153846156
S1_D11,3,1,17,output,YGBRYBGRBGYBB,BGBGBGGGYBGBY,0.46153846153846156
S1_D11,3,2,18,output,BGBGBGGBYGBGB,YBGRYBGRYGRBB,0.46153846153846156
S1_D11,3,3,19,output,YBGRYBGRYGRBB,BGBGBGBGGYBBB,0.46153846153846156
S1_D11,3,4,20,output,BGBGBGBGGYBBY,YBGRYBGRYBRBB,0.46153846153846156
S1_D11,3,5,21,output,YBRYBGRBRGBBR,BGBGBGBGYBYBB,0.3076923076923077
S1_D11,3,6,22,output,BGBGBGBGYBYBB,YBRYBGBRYBRBY,0.46153846153846156
S1_D11,3,7,23,output,YBRYBGRBYRBGB,BGBGBGBGBYBYB,0.3846153846153846
S1_D11,3,8,24,output,BGBGBGBGYBYBY,YBRYBRGYBGBYG,0.3846153846153846
S1_D11,4,0,,seed,RGGBYYRGBGGGR,YGYBGGBRGGRYR,0.3846153846153846
S1_D11,4,1,25,output,RGGBYYRGBYGBG,YGYGYBGBRYBYG,0.3846153846153846
S1_D11,4,2,26,output,YGYGYBGBYBGBR,RGGRBRYGYBRBY,0.3846153846153846
S1_D11,4,3,27,output,RGBGYRBRGYBYG,YGYGBGBYBRBBY,0.3846153846153846
S1_D11,4,4,28,output,YGYGBBYBGBYYB,RGBRGBYGBRGBY,0.3846153846153846
S1_D11,4,5,29,output,RGBRGBYGBYGRR,YGYGYBGBYBRBG,0.3846153846153846
S1_D11,4,6,30,output,YGYGBGBYRGBRB,RGRGRBRGYRGBR,0.5384615384615384
S1_D11,4,7,31,output,RGRGBGYBRBGRB,YGYGBGBYRRGRB,0.6153846153846154
S1_D11,4,8,32,output,YGYGBGYRRBGBY,RGRGRBYGRGYRB,0.3076923076923077
S1_D11,5,0,,seed,GBGYBYGYYBGRR,GGYYYGRYBBBYB,0.46153846153846156
S1_D11,5,1,33,output,YBGYBBGYYRRRB,GGYYYGBRBBBRB,0.3076923076923077
S1_D11,5,2,34,output,GYGYYGBRBRGBR,YGRYGRBGRGYYB,0.46153846153846156
S1_D11,5,3,35,output,YGRYGRRYBGRBY,YGYGYBRBGRBYG,0.6153846153846154
S1_D11,5,4,36,output,YGYGBRGBYGRBG,YGRYGRRYGBRGB,0.5384615384615384
S1_D11,5,5,37,output,YBGBRYGGBYRBY,YGYGBRYGBRBGY,0.6153846153846154
S1_D11,5,6,38,output,YGYGBRYGBRRGB,YBGYBGRBGYBGB,0.46153846153846156
S1_D11,5,7,39,output,YRBYGBGBYGBGB,YGYGBRBRYGBBB,0.6153846153846154
S1_D11,5,8,40,output,YGYGBRBRYGBBB,YRBGYBYBGBGBG,0.3846153846153846
S1_D11,6,0,,seed,GRGBYYYBYBYRR,RGGRGYBGBGBYR,0.46153846153846156
S1_D11,6,1,41,output,RGBYYBBYRGRRR,RYRGRBYGRBYGR,0.3846153846153846
S1_D11,6,2,42,output,RYRGBGYRGBRGB,BYBYRGRGRYRRR,0.3076923076923077
S1_D11,6,3,43,output,BYBYRGRGRYYRR,RYRYBGBGRYGRR,0.6153846153846154
S1_D11,6,4,44,output,RYRYBGBGRYRRR,BYBYRGRGRYRYR,0.6153846153846154
S1_D11,6,5,45,output,BYBYRGRGRYRYR,RYRYBGBGRYRRR,0.6153846153846154
S1_D11,6,6,46,output,RYRYBGBGRYRRR,BYBYRGRGRYRYR,0.6153846153846154
S1_D11,6,7,47,output,BYBYRGRGRYRYR,RYRYBGBGRYRYR,0.6923076923076923
S1_D11,6,8,48,output,BYBYRGRGRYRYR,BYBYRGRGRYRRR,0.9230769230769231
S1_D11,7,0,,seed,GGGBYBRRYGBYG,GBYYRBRRYYYGG,0.46153846153846156
S1_D11,7,1,49,output,GGBYBRBYGGBRB,YRYYBGBRRYGGG,0.3076923076923077
S1_D11,7,2,50,output,GBGBYRBYRBGGY,GGYBRGYYRBGRB,0.46153846153846156
S1_D11,7,3,51,output,GGYBRYGBRBGBR,YRRGBRYBGRYBY,0.3846153846153846
S1_D11,7,4,52,output,YBRYGBGYGBRBB,GGYBRBYYGGYBR,0.3846153846153846
S1_D11,7,5,53,output,GGYBRBYYGGYBR,YBRYBRGBRYGYB,0.46153846153846156
S1_D11,7,6,54,output,YBRBGGBGYRBYG,GGYYBYGGBBGYY,0.3076923076923077
S1_D11,7,7,55,output,GGYYBGYBRGYBY,YBRYBRGGBYGBY,0.46153846153846156
S1_D11,7,8,56,output,YBRYBRGYBRGBY,GGYBGYBRBGYBG,0.46153846153846156
S1_D11,8,0,,seed,GGRGRYYRGRRRG,RBGGRGGRYRRRY,0.46153846153846156
S1_D11,8,1,57,output,GGRGRYGYRGRGY,RBGRBYGBRRRGR,0.46153846153846156
S1_D11,8,2,58,output,RBGRBRGRBGRBG,RGRGYRGRBRGRR,0.5384615384615384
S1_D11,8,3,59,output,RBGGRRBYRBGRB,RBGRBRBGRBRGR,0.6153846153846154
S1_D11,8,4,60,output,RBGRBGRGBRGGB,RBGBRGYBRGBRB,0.6153846153846154
S1_D11,8,5,61,output,RBGRYGYBRRGBB,RBRGRBRGBRBRG,0.46153846153846156
S1_D11,8,6,62,output,RBRRGRBGRBGRB,RBYBRRGBGRYRR,0.5384615384615384
S1_D11,8,7,63,output,RBGYBRRGRBRRG,RBRBRGGBRBGRB,0.5384615384615384
S1_D11,8,8,64,output,RBRBGGRGBBRBG,RBGRBGBBRGBRG,0.6153846153846154
S1_D11,9,0,,seed,YRRRBGYRGGGGR,YBRRYGYGGBGRY,0.6153846153846154
S1_D11,9,1,65,output,YRBGRRBGRGRBR,YBRYGYGRGYBYG,0.3846153846153846
S1_D11,9,2,66,output,YBRYGYGYBRGYB,YRYRBGBGRGYGR,0.46153846153846156
S1_D11,9,3,67,output,YBYBRGBRGYGRB,YBRYBRGYGYRBG,0.6153846153846154
S1_D11,9,4,68,output,YBRYBRGYGRGRB,YBYBRGRGYGBRY,0.6153846153846154
S1_D11,9,5,69,output,YBYBRGRGGYBRG,YBRYBRGYGBRYG,0.6153846153846154
S1_D11,9,6,70,output,YBRYBRGYGBRGB,YBYBGRGRGYBRG,0.6153846153846154
S1_D11,9,7,71,output,YBYBGRGRGYBRG,YBRYBRGBGYBGB,0.6153846153846154
S1_D11,9,8,72,output,YBRYBGYBRRBYG,YBYBGRGRYBRGY,0.5384615384615384
S1_D11,10,0,,seed,BYBYGYRGYYYYG,RBGBBBBBBGGBR,0.07692307692307687
S1_D11,10,1,73,output,BYBYRGRGGYYYY,BRGBBBBGGGRRG,0.23076923076923073
S1_D11,10,2,74,output,BRGBRRGGRRRBR,BYBYRGRGGYYYY,0.3076923076923077
S1_D11,10,3,75,output,BYBYRGRGRYGYY,BRGBRGBRBBBRG,0.23076923076923073
S1_D11,10,4,76,output,BRGBRRGBYRBGB,BYBYRGRGRBYRG,0.46153846153846156
S1_D11,10,5,77,output,BYBYRYRYGRBYG,BRGBRGBRGBRBR,0.3076923076923077
S1_D11,10,6,78,output,BRGBRGBRRBRBB,YRYRYBRGYBRGY,0.3846153846153846
S1_D11,10,7,79,output,YBYBYBRGYBRYR,BRGBRGBRBBBBB,0.23076923076923073
S1_D11,10,8,80,output,BRGBRGBRBBBBB,YBYBYBRGRGYBY,0.3076923076923077
S1_D11,11,0,,seed,BGRYYYYGBBYRG,YYYRRGGBBRBGY,0.3076923076923077
S1_D11,11,1,81,output,BRGBGYYYYRBYG,YYYRRBBGGBRGY,0.15384615384615385
S1_D11,11,2,82,output,YYYRRBBGGYBRG,BRGBRGYYYGGBB,0.23076923076923073
S1_D11,11,3,83,output,BRGYBYYGGYYBB,YYYRRBRGYGBBB,0.3076923076923077
S1_D11,11,4,84,output,YYBRGYBGGBBYY,BRGBYGGRRGYBB,0.3076923076923077
S1_D11,11,5,85,output,BRGBYGBBRRYYG,YYBRGYYGRBGRB,0.3846153846153846
S1_D11,11,6,86,output,YBRGYYGGRRBBR,BRGBYGBBRRYYG,0.46153846153846156
S1_D11,11,7,87,output,BBRRGGYYBRYGB,BRGYGGYYRBBGB,0.5384615384615384
S1_D11,11,8,88,output,BRGYGGBBRYBRG,BBRRYYGGBRYGB,0.46153846153846156
S1_D11,12,0,,seed,GBBYRGBYYBYBY,GGGRYGYGBGYBY,0.46153846153846156
S1_D11,12,1,89,output,BRYGBRRRYGBRB,GGGRYBGBRYBYG,0.3076923076923077
S1_D11,12,2,90,output,GGGBRYBYYBRGY,BRYGBRRRYGBGR,0.3846153846153846
S1_D11,12,3,91,output,BRYGBRRYGGBYG,GGGBRYGBBRYGY,0.46153846153846156
S1_D11,12,4,92,output,GGGBRYBRGBYGR,BRGBYBRBRGBRB,0.46153846153846156
S1_D11,12,5,93,output,RYGBGGBRBRBRY,GGGBRYBRGYRBG,0.3846153846153846
S1_D11,12,6,94,output,GGGBRYBRYGBRY,RBGRBRBGRBRBR,0.3846153846153846
S1_D11,12,7,95,output,RBYGBRBBYRBYG,BRGBRYGYGBRGY,0.46153846153846156
S1_D11,12,8,96,output,BRYGBRBRGRBBG,BRYGBGYBBGBGB,0.5384615384615384
S1_D11,13,0,,seed,GGRBYBYRGBRYR,BBBBGRGYYRRRR,0.3076923076923077
S1_D11,13,1,97,output,GGBRYBRYGBRBY,BBBBBGGYRRRRR,0.23076923076923073
S1_D11,13,2,98,output,BBBRGGYBRRRRR,GGYBRGYBRBBYG,0.3846153846153846
S1_D11,13,3,99,output,GGYBRYGYBRYGB,BBBGBYRRRRRRR,0.15384615384615385
S1_D11,13,4,100,output,BBGBRYGRRRRRR,GGYGRYRYRGBGB,0.23076923076923073
S1_D11,13,5,101,output,GGYRBBGYRBYGB,BGBGYGRRRRRRR,0.15384615384615385
S1_D11,13,6,102,output,BGGYRRRRRRRRR,GGYBRYGYBYGBY,0.23076923076923073
S1_D11,13,7,103,output,YYBRGYBYBYRBG,BGGYRRRRRRRRR,0.15384615384615385
S1_D11,13,8,104,output,RGYBYGRBBRGYB,YBRGYYBBRGBGR,0.3846153846153846
S1_D11,14,0,,seed,YRRBRBRRGRYRB,GBBGRRYBGRYGR,0.3076923076923077
S1_D11,14,1,105,output,YRBRRBGBGBYRY,GBGGRYRRBYRGY,0.3076923076923077
S1_D11,14,2,106,output,YRYRRGGBRBYGR,YRYRBGRYGYBRB,0.46153846153846156
S1_D11,14,3,107,output,YRYRRBGBGRYGB,YRYRGBGBRRGYB,0.6923076923076923
S1_D11,14,4,108,output,YRRBRRGGBYRGB,RYRYBGBGRBBGB,0.46153846153846156
S1_D11,14,5,109,output,YRYRBGBGRBYGB,RYRYGGBBRRGBR,0.46153846153846156
S1_D11,14,6,110,output,RBGRBRGRBRBYR,YRYRBGBGRBYGB,0.3846153846153846
S1_D11,14,7,111,output,YRRBGBGRBYBGB,RBGRBGRBRBYBR,0.5384615384615384
S1_D11,14,8,112,output,RBRBRGGRYRGBR,BRGBRYRGBGYRB,0.46153846153846156
S1_D11,15,0,,seed,GBRGRYGBGGBGG,BBGBGYBBGGRYB,0.3846153846153846
S1_D11,15,1,113,output,RBYGRYGRBYBYG,BBGGBGYBGYRBG,0.3846153846153846
S1_D11,15,2,114,output,BRGBRYYGBRBYG,RBYGRYBYGYBRY,0.46153846153846156
S1_D11,15,3,115,output,RBYRGYBYRGBYG,BRGBRGBGYRGBY,0.5384615384615384
S1_D11,15,4,116,output,BRGBRGGYBGYRB,RBYRBGYBGYBRG,0.5384615384615384
S1_D11,15,5,117,output,YBRYBGYBRGYBR,RBGRBGGRBYGRR,0.3846153846153846
S1_D11,15,6,118,output,RBGRBYGYRBYGB,YBRYBRYBRGGYB,0.3076923076923077
S1_D11,15,7,119,output,YBRGYBGYBRYBR,RBGRBYBGRBYGY,0.46153846153846156
S1_D11,15,8,120,output,BRGYGRBYGBRGY,YBRGYBGRYBGBY,0.5384615384615384
S1_D12,1,0,,seed,BBYGYGGBYYYRR,GGGBGYRGBYRBY,0.3076923076923077
S1_D12,1,1,1,output,BBYGYYRBBGGYR,GGGBGGBRYRYRB,0.23076923076923073
S1_D12,1,2,2,output,GGBBYRYRBGBBB,BBGYGYRYRYRYY,0.3076923076923077
S1_D12,1,3,3,output,BBGYRYYRYBBBG,GGBBRYRYGBBBB,0.46153846153846156
S1_D12,1,4,4,output,GGBBYRYRYGBBB,BBGBYRRRYYRGB,0.46153846153846156
S1_D12,1,5,5,output,BBGYRYRYYBGBG,YYRGBGBBBBBBB,0.15384615384615385
S1_D12,1,6,6,output,YYYGBGBBBBBBB,BBGYRYRYRBGBG,0.15384615384615385
S1_D12,1,7,7,output,YRYGBBBBBYRBB,YYBGGBBBBBBBB,0.6153846153846154
S1_D12,1,8,8,output,YYRGBBBBBBBBB,YRGBBBYRYRGBB,0.5384615384615384
S1_D12,2,0,,seed,GGBYYGGBBBGRY,BGYBBBYBRGBYR,0.3076923076923077
S1_D12,2,1,9,output,GGBBYRGBBBRYR,BGYBBBRYGBRYB,0.46153846153846156
S1_D12,2,2,10,output,GYBGBBBYGBYRB,GGBBYRBGRGYBB,0.3846153846153846
S1_D12,2,3,11,output,GBBYRBGBYRBGB,GYBBGBBBBBYRB,0.46153846153846156
S1_D12,2,4,12,output,GYBYGBBBBBYBR,GBBYRGBBYRBYR,0.6153846153846154
S1_D12,2,5,13,output,BYBBGYRBBGYBB,GYBBGBBBBBBYR,0.46153846153846156
S1_D12,2,6,14,output,GYBBBBBBBBBBB,BBYBRGYRYBYBB,0.3076923076923077
S1_D12,2,7,15,output,BRGYBYRBBYBRB,GYBBBBBBBBBBB,0.3846153846153846
S1_D12,2,8,16,output,GYBBBBBBBBBBB,BRGYBYRBBRYBB,0.3846153846153846
S1_D12,3,0,,seed,GYGBBGGGBGRGB,RGGRYBRYYBGYB,0.3076923076923077
S1_D12,3,1,17,output,GYBBGBBYBYRBB,RYGRYRGYYBRYB,0.3076923076923077
S1_D12,3,2,18,output,YGRRYBGRGBGBR,GBYGGYBBBYRBB,0.23076923076923073
S1_D12,3,3,19,output,BBYYGBBBBBBBY,GYBRYBGRGGBBR,0.3076923076923077
S1_D12,3,4,20,output,GYRBGYRBGYBRR,BBYYGBBBBBBBY,0.23076923076923073
S1_D12,3,5,21,output,BBYYGGBBBBBBB,GYRBGYRBGYBRR,0.23076923076923073
S1_D12,3,6,22,output,GYBYBYBBBBBRB,BBYYGGBBBBBBB,0.5384615384615384
S1_D12,3,7,23,output,BBYYGGBBBBBBB,GYBGBYBBBBBBR,0.5384615384615384
S1_D12,3,8,24,output,YBBBBBBBBYRRG,BBYYGGBBBBBBB,0.3076923076923077
S1_D12,4,0,,seed,BYBYGRGRBRRBG,GRYGRBYGYBRYR,0.3076923076923077
S1_D12,4,1,25,output,BYYBGRBGBBGYG,GRYGRBYYBRRRR,0.3076923076923077
S1_D12,4,2,26,output,GYBGYBBBBBRBB,BBYYGRBGBYGBY,0.3076923076923077
S1_D12,4,3,27,output,BBYYGGBYBGBBY,YBGBBBBBBBRBB,0.3076923076923077
S1_D12,4,4,28,output,GYBGBYBBBBBBR,BBYYGBGGBYBYB,0.3846153846153846
S1_D12,4,5,29,output,BBYYGBGBGBYBY,GYBGBYBBBBBRB,0.3846153846153846
S1_D12,4,6,30,output,GYBGYBBBBBBBB,BBYYGBGBGBYBY,0.3846153846153846
S1_D12,4,7,31,output,BBGYYBYBYBYBY,GYBGYBBBBBBBB,0.46153846153846156
S1_D12,4,8,32,output,YBGYBBBBBBBBB,BGYYBYBYBYBYB,0.5384615384615384
S1_D12,5,0,,seed,YGBBBBRGGRGBB,YRYYRGYBBGYYB,0.23076923076923073
S1_D12,5,1,33,output,GYBBGGBGBBBBB,YRGYRBYGBYGBB,0.3846153846153846
S1_D12,5,2,34,output,YGYGBYGBYBBYG,GYBGGYBGBBBBB,0.46153846153846156
S1_D12,5,3,35,output,GYBBYBBBBBBBB,YGBYBYGBYBYBB,0.5384615384615384
S1_D12,5,4,36,output,YBYBGBYBRYBRR,GYBYBBBBBBBBB,0.46153846153846156
S1_D12,5,5,37,output,GYBYBBBBBBBBB,GYBGBGBRYBRRR,0.46153846153846156
S1_D12,5,6,38,output,GYBGBRGBRRRRR,GYBYBBBBBBBBB,0.3846153846153846
S1_D12,5,7,39,output,YBYBBBBBBBBBB,GYBGBRGBRRRRR,0.23076923076923073
S1_D12,5,8,40,output,GYRRRRRRGBGBY,YBYBBBBBBBBBB,0.15384615384615385
S1_D12,6,0,,seed,GGGYRRYYRBYBY,YBRGYYGBGBRYG,0.3076923076923077
S1_D12,6,1,41,output,GYYBBRGGYRGYB,GYBRGGBYGYBRG,0.5384615384615384
S1_D12,6,2,42,output,GYRGYYBBRGBYG,GYYBRRGYYBGRR,0.3846153846153846
S1_D12,6,3,43,output,GGYBGBBRRBRGR,GYRGYYBBRYBGG,0.46153846153846156
S1_D12,6,4,44,output,GGGYYYBRGBRGB,GBBRYBBGYBRYB,0.46153846153846156
S1_D12,6,5,45,output,GRYBBYBBBYBBR,GGGYYYBRGBRGB,0.3076923076923077
S1_D12,6,6,46,output,GGYBBGGBGBRGB,RGYBBYBBYBBBR,0.46153846153846156
S1_D12,6,7,47,output,GYBGYBBBBBYBR,GGYBBGGBGGRBG,0.3846153846153846
S1_D12,6,8,48,output,GGYBBGBGRBGRB,GYBGYBBBBBYBB,0.46153846153846156
S1_D12,7,0,,seed,RRGBYRBBRYYBR,GRRYBRYBBYBGB,0.3846153846153846
S1_D12,7,1,49,output,GGRRBBYYBBRYG,GYYBRRYBGBGBG,0.3846153846153846
S1_D12,7,2,50,output,GGBYBBRGRBGRB,GGRRBBYYBBRYG,0.3846153846153846
S1_D12,7,3,51,output,GGRRBBYGGRRBB,GYBBYRGBRGBYR,0.3846153846153846
S1_D12,7,4,52,output,GYGBRGBRBBBGG,GGRRBBYGGRRBB,0.3076923076923077
S1_D12,7,5,53,output,GGRBBYBRBGBYB,GYBGRBGRYGBYG,0.46153846153846156
S1_D12,7,6,54,output,GYBGYBRBYRBYR,BYBYBYBYBYBYB,0.5384615384615384
S1_D12,7,7,55,output,BYBYBYBYBYBBY,GYBGRYBRYBRYR,0.46153846153846156
S1_D12,7,8,56,output,GBGBRGBYGYRBG,BYBYBYBYBYBBY,0.3846153846153846
S1_D12,8,0,,seed,YRBGBYBBBBYYB,RYYGRGGGRGRRG,0.07692307692307687
S1_D12,8,1,57,output,YRGBYRBBBGYBY,RYRRGGGGRGRRG,0.15384615384615385
S1_D12,8,2,58,output,GBGRBGRBGRBGR,YRGBYBRGBBGYB,0.3076923076923077
S1_D12,8,3,59,output,GGYBRGRYBBBRG,GYBGRBBGRBGRR,0.46153846153846156
S1_D12,8,4,60,output,GBGRYBRRBGRYB,GYYBRGRBYYGRB,0.46153846153846156
S1_D12,8,5,61,output,GBYYGBYGRBYYG,GYBBGYRBGYRBB,0.3076923076923077
S1_D12,8,6,62,output,GYBRGYBGYRBBB,GYBYGYYBRGBRR,0.46153846153846156
S1_D12,8,7,63,output,GYBYBYYGBYRRR,GYBRGYBGRYBBB,0.46153846153846156
S1_D12,8,8,64,output,YBYGRBYGRBBBB,GYBYBYYGBYRRR,0.3076923076923077
S1_D12,9,0,,seed,BGBGBGRRBRGRR,GYGYBYBRYGBYR,0.3076923076923077
S1_D12,9,1,65,output,BGBBGRBGBBRRR,GYGYBYBYRGYBY,0.23076923076923073
S1_D12,9,2,66,output,GYGYBYBYRGYRB,BGYBGBRGBBRRR,0.3846153846153846
S1_D12,9,3,67,output,GYBYGBGBBRGRR,GYGYBYBYRGYRB,0.5384615384615384
S1_D12,9,4,68,output,GYYBYBYBRGBBB,GYBGYBBGYBGRR,0.3846153846153846
S1_D12,9,5,69,output,GYGYBYBYBGRGR,GYBYYBBYRGBBB,0.46153846153846156
S1_D12,9,6,70,output,YGYGBGBGBRGYB,GYGYBYBYBGRGR,0.46153846153846156
S1_D12,9,7,71,output,GYYBYBYGRGRBR,GYGYBGBGBRGYB,0.5384615384615384
S1_D12,9,8,72,output,GYGYBBGRGYRRG,GYYBYYBYGRBGR,0.3846153846153846
S1_D12,10,0,,seed,YRBBRBBBBBRBB,BRGYGYGRRGGRB,0.15384615384615385
S1_D12,10,1,73,output,YBYYBRBBBBBBR,GYBRGYGGBRRGG,0.23076923076923073
S1_D12,10,2,74,output,GYBRGYGGGGBBR,YBBRBBBBBBRRR,0.23076923076923073
S1_D12,10,3,75,output,YBBBBBBBRRRRB,GYBRGYGGGGGBR,0.15384615384615385
S1_D12,10,4,76,output,GYBRGGGGGGBBR,YBBBBBBBRRRRB,0.15384615384615385
S1_D12,10,5,77,output,YBBBBBBBBBRRB,GYBRGGGGGGBBR,0.23076923076923073
S1_D12,10,6,78,output,GYBRGGGGBBBBR,YBBBBBBBBRRBB,0.3076923076923077
S1_D12,10,7,79,output,YBBBBBBBBRRRB,GYBRGGGGBBRRR,0.46153846153846156
S1_D12,10,8,80,output,GYBRGGGGBBBRR,BBBBBBBBRRRBB,0.23076923076923073
S1_D12,11,0,,seed,RGBGYYRYBRRGG,BGGGYGRRGGGBG,0.3846153846153846
S1_D12,11,1,81,output,GYBGBBBRGGYRR,BGGGYRGGYRYBG,0.3846153846153846
S1_D12,11,2,82,output,BGYYBBBRGGYYB,GYBGGYYGGRYRR,0.3076923076923077
S1_D12,11,3,83,output,GYBGYRRRGGBRR,BGYYBRRGYYBRR,0.5384615384615384
S1_D12,11,4,84,output,GYBBBYBBYBRGR,GYBBGRRGYBRYG,0.5384615384615384
S1_D12,11,5,85,output,GGBRRYRYRGBYG,GYBBYBYBBRGBR,0.3846153846153846
S1_D12,11,6,86,output,GYYBYBYGRRRBB,BRGYBGRGRGBGY,0.3076923076923077
S1_D12,11,7,87,output,BGYBYGYGRBGYB,BYBRYRRRRRRRR,0.3076923076923077
S1_D12,11,8,88,output,BYBYBBYBRRRRR,BGYBYGYGRYBGR,0.46153846153846156
S1_D12,12,0,,seed,GYGBRBBYBGGRB,RYRRYYYRRYRBG,0.3076923076923077
S1_D12,12,1,89,output,GBYBYGYBGBBRR,RYYRRRRYYBGGG,0.15384615384615385
S1_D12,12,2,90,output,YYBBGBBBRRBBG,GYBBYGBGBYGYR,0.3846153846153846
S1_D12,12,3,91,output,GBBBBGYRRRBRB,YYBBGBGBBRYRR,0.3846153846153846
S1_D12,12,4,92,output,BBYYGYBYYBBRR,GBBBBGYRYRRRR,0.46153846153846156
S1_D12,12,5,93,output,BBBBGYRYRBBBB,BBYYGBYYBYGYR,0.3076923076923077
S1_D12,12,6,94,output,RYGBGRBBBBRRG,RBGYRGBYRBBBB,0.46153846153846156
S1_D12,12,7,95,output,RRBGRRBBBBBBB,RYBGGBRYRBYGR,0.3076923076923077
S1_D12,12,8,96,output,BYBBYYYBRBBBB,RBBGBBBBBBBBB,0.46153846153846156
S1_D12,13,0,,seed,BRYBYBGBBBBYY,BGRGBBBBBBGGB,0.46153846153846156
S1_D12,13,1,97,output,BBYRGBGBYBBYB,BGRBBBBBBBGGB,0.46153846153846156
S1_D12,13,2,98,output,GRBBBBBBRYRBB,BGRBBGBGRYBBY,0.5384615384615384
S1_D12,13,3,99,output,BYBRRRGBBRGBR,GRBBBBBBRYRBB,0.3076923076923077
S1_D12,13,4,100,output,RBBBBBBRYRBBB,BRYBRRBBRGBRB,0.46153846153846156
S1_D12,13,5,101,output,GRGBBBBBYGGRR,GBBBBBBRYRYRB,0.5384615384615384
S1_D12,13,6,102,output,GBBBBBBBYRYRB,GRYBBGRYRGRGR,0.3846153846153846
S1_D12,13,7,103,output,GBBBYGRRRRRRR,GBBBBBBBYRYRB,0.46153846153846156
S1_D12,13,8,104,output,GBBBBBBBYRYBB,GBBBYGRRRRRRR,0.3846153846153846
S1_D12,14,0,,seed,BRGBBBBBYRBBY,BGYBRYRYBBYBR,0.3846153846153846
S1_D12,14,1,105,output,BGBBBBBBYBYBR,BBYBBBBBBBBBB,0.6153846153846154
S1_D12,14,2,106,output,BBYBBBBBBBBBB,BGBBBBBYBYBBR,0.6153846153846154
S1_D12,14,3,107,output,BBGBYYBBBBBBR,BBYBBBBBBBBBB,0.6923076923076923
S1_D12,14,4,108,output,BBYBBBBBBBBBB,BBGBYYBBBBBRR,0.6153846153846154
S1_D12,14,5,109,output,BBGBBBYBBBBRR,BBYBBBBBBBBBB,0.6923076923076923
S1_D12,14,6,110,output,BBYBBBBBBBBBB,BBGBBYBBBBBRB,0.7692307692307692
S1_D12,14,7,111,output,BBGBBBYBBBBBR,BBYBBBBBBBBBB,0.7692307692307692
S1_D12,14,8,112,output,BBYBBBBBBBBBB,BBGBBBYBBBBRB,0.7692307692307692
S1_D12,15,0,,seed,RYGBYBRBGGBBG,YYYGYBGYGYGBB,0.46153846153846156
S1_D12,15,1,113,output,GYBGYRBYBYRGG,YYYGYBGYBGYBB,0.3846153846153846
S1_D12,15,2,114,output,YYGYYYBYBYBBY,GYBGYRBYBYBRG,0.5384615384615384
S1_D12,15,3,115,output,GYBGRGYRBYBRG,YYGYYBYYBYBBY,0.3846153846153846
S1_D12,15,4,116,output,YYGYYYBYYYYBY,GYBGRYBRGYBRG,0.3076923076923077
S1_D12,15,5,117,output,GYBGRYRGBGBBB,YYGYYYBYBYYBY,0.3076923076923077
S1_D12,15,6,118,output,YYYYYBYBYYYYY,GYBBGRYRGYBBB,0.23076923076923073
S1_D12,15,7,119,output,YBBGYBRGYRRRB,YYYYYBYBYYYYY,0.3076923076923077
S1_D12,15,8,120,output,YYBYBYYYYYYYY,GYBGYYGYBRBBB,0.3076923076923077
S1_D13,1,0,,seed,GRBRGBRBYGRYG,YYGRBGGBRBGBG,0.5384615384615384
S1_D13,1,1,1,output,GRBBRGRBRGBRY,YYRYBGRRGYBRR,0.46153846153846156
S1_D13,1,2,2,output,YRYYRGBRYGRBR,GGRBYGRRBRGYB,0.3846153846153846
S1_D13,1,3,3,output,GRBYYGRRBYGRB,YYRYBGRYGBBBB,0.3076923076923077
S1_D13,1,4,4,output,YYGRGYGRBBBBB,GRBYYGRGBYRBB,0.46153846153846156
S1_D13,1,5,5,output,YGRBYYGRBGRYB,YGRGYYRBBBBBB,0.5384615384615384
S1_D13,1,6,6,output,YGRYGRBBBBBBB,YGRBYGRBYGBBB,0.6923076923076923
S1_D13,1,7,7,output,YGRBYGRBGBBBB,YGRRYGRBBBBBB,0.8461538461538461
S1_D13,1,8,8,output,YGRRYGRBBBBBB,YGRBYGRBGBBBB,0.8461538461538461
S1_D13,2,0,,seed,GYRYRRRYRBBGB,BBRGBGYGRGYRB,0.23076923076923073
S1_D13,2,1,9,output,YGRYGBGBBRBBB,BGRBGRBYRYGBB,0.46153846153846156
S1_D13,2,2,10,output,BGRBGRBYRBYGB,YGRYGRGBBGBBB,0.46153846153846156
S1_D13,2,3,11,output,YGRYGRGBBGBGB,BBGRBGRYRYRBY,0.3076923076923077
S1_D13,2,4,12,output,BGBBGRBYGRBYG,YGRYGRRBBBBGB,0.3076923076923077
S1_D13,2,5,13,output,YGRBBBBBBGBBG,BGRBYRYRYRBBB,0.3846153846153846
S1_D13,2,6,14,output,BGRBGRYRYRBBB,YGRBBBGBBBGBB,0.3846153846153846
S1_D13,2,7,15,output,YGRBGBBBGRBGB,BGRBGRYYRYRYY,0.3076923076923077
S1_D13,2,8,16,output,BGRBGRBYRYRBY,YGRGYRYGBGBBB,0.3076923076923077
S1_D13,3,0,,seed,BBYYGBYYBRBRY,YBRYGRYRRGGGR,0.3076923076923077
S1_D13,3,1,17,output,YYRBBRGYYRYYY,YRBGBGGGRGRYY,0.46153846153846156
S1_D13,3,2,18,output,YBYRGRGRYRYYR,YRRBGRBYYRYYY,0.5384615384615384
S1_D13,3,3,19,output,YRGYYRYBRYBYY,YYRYGRBRYRYYY,0.5384615384615384
S1_D13,3,4,20,output,YYRYGBYYRYGRB,YRGYRGYYBGRBB,0.46153846153846156
S1_D13,3,5,21,output,YRGYGYRBRBYBY,YYRYYGYYBBGRY,0.5384615384615384
S1_D13,3,6,22,output,YGRYGBYRYGYGY,YYRGYRYBBGRYY,0.46153846153846156
S1_D13,3,7,23,output,YYRBYYRGYRRBB,YGRYGYGRGYGBB,0.5384615384615384
S1_D13,3,8,24,output,YGRYBGBGBYGBY,YYRGRYGBGRBBB,0.46153846153846156
S1_D13,4,0,,seed,GGGGBBRRYRRRB,YYRGRYYRRGRGR,0.3076923076923077
S1_D13,4,1,25,output,GGGGGBBRYRYGB,YYRGRYYGRBGBB,0.23076923076923073
S1_D13,4,2,26,output,YYRGYBGBYRBBB,GGGGGBBGRYRYR,0.3076923076923077
S1_D13,4,3,27,output,GGGGGBRYRYRYR,YRRGYRGYRYBBB,0.3076923076923077
S1_D13,4,4,28,output,YRGYRYYBBBBBB,GGGGGBBGGYRYR,0.07692307692307687
S1_D13,4,5,29,output,GGGGGBBGYRYRY,YRGYRGYRYBBBB,0.23076923076923073
S1_D13,4,6,30,output,YRGYRGYRBBYBB,GGGGGBBGYRYRR,0.23076923076923073
S1_D13,4,7,31,output,GGGGGBBGYRYRB,YRGYRGYRGBGRB,0.3076923076923077
S1_D13,4,8,32,output,YRGYRGYBRBYBY,GGGGGBBGBYRYR,0.3846153846153846
S1_D13,5,0,,seed,BYBRGGBYRBBBR,RRYGRBGGYGRRY,0.23076923076923073
S1_D13,5,1,33,output,YRBRYRBYRYRBR,RRYGRRBYRBBBB,0.46153846153846156
S1_D13,5,2,34,output,RYRRBYRBRBYRB,YRBYRBGRBYBBB,0.6153846153846154
S1_D13,5,3,35,output,YRBYRBYRGBGBR,RYGRYRGRBBBGB,0.3846153846153846
S1_D13,5,4,36,output,YRGYRGBGBRGBR,YGRYGRYBYRYGR,0.3846153846153846
S1_D13,5,5,37,output,YRGYRGBYRYGBG,YGRRGRYGRBBBR,0.46153846153846156
S1_D13,5,6,38,output,YGRYGRBRBRBRB,YRGYRGYRGBBRB,0.46153846153846156
S1_D13,5,7,39,output,YRGYRGBBBRBBR,YGRYGRBRBBRBB,0.5384615384615384
S1_D13,5,8,40,output,YGRYGRBRBBRBR,YRGYRGRBGBBBB,0.5384615384615384
S1_D13,6,0,,seed,RRGRRYYBYBBGY,RGGRYBYRGBYRG,0.3846153846153846
S1_D13,6,1,41,output,RRGRGRBYGRBYB,RGYRGRBGRBRBR,0.6153846153846154
S1_D13,6,2,42,output,RGYRGBRBRBRBR,RRGRGRYRRRGBB,0.46153846153846156
S1_D13,6,3,43,output,YRRGRRYRBRBRB,RYGRBBGBRGBBB,0.46153846153846156
S1_D13,6,4,44,output,YRGRYRBRBYBBB,YGRYRGRBRBBBB,0.6923076923076923
S1_D13,6,5,45,output,YGRYGRYBRBBBB,YRGYRGRRBGBBB,0.5384615384615384
S1_D13,6,6,46,output,YRGYRGRBRGBBB,YGRRYGRBBBBBB,0.6153846153846154
S1_D13,6,7,47,output,YRYGRBBBBBBBB,YRGYRGBGBBBBB,0.6923076923076923
S1_D13,6,8,48,output,YRGYRGBGBBGBB,YRGYRBBBBBBBB,0.7692307692307692
S1_D13,7,0,,seed,YRGRGBRRGBBGG,BGGGGBYYGGGRG,0.3846153846153846
S1_D13,7,1,49,output,YRGBRBRBGBGBB,BGBGGGGYGGGRG,0.23076923076923073
S1_D13,7,2,50,output,GBBBBGRYGGGGG,YRGRYRGBBGBBB,0.15384615384615385
S1_D13,7,3,51,output,YRGRYRGBGBBGB,GYBGGGGGBYGGG,0.3076923076923077
S1_D13,7,4,52,output,GYBGYGBGGGGBG,YRGBBGRBGBBBB,0.3076923076923077
S1_D13,7,5,53,output,YGBBRGBRGBBGB,GYBGGGGGGGBGG,0.3846153846153846
S1_D13,7,6,54,output,GYGBGGGGBGBGB,YBBBBGBRBBBBB,0.3846153846153846
S1_D13,7,7,55,output,YRBBBBYRGRBBB,GYBGBGBGBGBBB,0.46153846153846156
S1_D13,7,8,56,output,GYGBGBGBGBGBG,YRBBBBBBYBBGB,0.3846153846153846
S1_D13,8,0,,seed,GYRYYGBBGGGBB,RBBRYRYBRBGGR,0.3076923076923077
S1_D13,8,1,57,output,GYBGGBBGYBGBY,RBBGBRYRBRBYR,0.3846153846153846
S1_D13,8,2,58,output,YRBRBRBRYRBRB,GYBBGGGYBGBRB,0.3846153846153846
S1_D13,8,3,59,output,GYBGBBGBYRBGB,YRBYRBRGRBRBB,0.3846153846153846
S1_D13,8,4,60,output,YRBRBYRGRGBRB,YBGBGRBRBBBBR,0.46153846153846156
S1_D13,8,5,61,output,YRBGBRYRBRBRG,YYRRBRBGRBRBB,0.46153846153846156
S1_D13,8,6,62,output,YYRRGRBRBGRBR,YRBGBGRBGRBBB,0.5384615384615384
S1_D13,8,7,63,output,YRGBRYRBGBGBG,YRYGRYYYGBRBB,0.5384615384615384
S1_D13,8,8,64,output,YGRYRYBGRBRGB,YRGYRGBBGBBBB,0.46153846153846156
S1_D13,9,0,,seed,BBBRGRYGRYYBG,GBGGGBGGYGRYY,0.3846153846153846
S1_D13,9,1,65,output,BBBGRYGRBRYRB,GGBGGGGYRYRYY,0.3846153846153846
S1_D13,9,2,66,output,GGRGYRGBYGRGR,BGRBGBYBBBBBY,0.23076923076923073
S1_D13,9,3,67,output,BGRBYBYBBBBBB,GRGGYRGGBBGBB,0.46153846153846156
S1_D13,9,4,68,output,YRGRYBGBGBBBB,BGRBBBBBGBBBB,0.6153846153846154
S1_D13,9,5,69,output,BGRBGBBBBBBBB,YRGRBBGBRBBBB,0.6153846153846154
S1_D13,9,6,70,output,YRBRGBGBBGBRG,BGRBGBBBBBBBB,0.46153846153846156
S1_D13,9,7,71,output,BRBGBBBGBBBBB,YRGBRBBGBBBBR,0.6923076923076923
S1_D13,9,8,72,output,GRBRGRBRBBBBB,GBRBBGBBBBBBB,0.6923076923076923
S1_D13,10,0,,seed,GYYYRGYYGRRRB,BYYGYBRYYYGRB,0.5384615384615384
S1_D13,10,1,73,output,GYYRYGYYBGBYB,BYGRYBBYBBRBB,0.46153846153846156
S1_D13,10,2,74,output,YBRYRBBRBYBRB,GYYRYRBBBGBBY,0.5384615384615384
S1_D13,10,3,75,output,YRGBRBBBRYBBB,YRGBBRBGBRBBB,0.7692307692307692
S1_D13,10,4,76,output,YRGRBGBBRBRBB,YRGBRBBBGBBBB,0.6923076923076923
S1_D13,10,5,77,output,YRGRBGBGBRGRY,YRGRBBGBBRBBB,0.6153846153846154
S1_D13,10,6,78,output,YRGRBGBBGBRBB,YRGBRBGBRBBBB,0.6923076923076923
S1_D13,10,7,79,output,YRGRBRBBRBBBB,YRGBRBGBBBBBB,0.7692307692307692
S1_D13,10,8,80,output,YRGBRGBGBBBBB,YRGBRBGBRBBBR,0.7692307692307692
S1_D13,11,0,,seed,GBBGRGYRRYRBY,YBRYGBBBRRBRG,0.3076923076923077
S1_D13,11,1,81,output,GBGRBGBBRBRGY,YBRYBRBGBRBBB,0.3846153846153846
S1_D13,11,2,82,output,YRBYBRYBRGBBB,GBGRYGRBBRGBB,0.46153846153846156
S1_D13,11,3,83,output,GBRGBGBRYRBGB,YRBGRBBGBBRBB,0.46153846153846156
S1_D13,11,4,84,output,YRBRBBGRBGBBR,GBGBRBYRBBGBB,0.46153846153846156
S1_D13,11,5,85,output,GBGBGRBYRGYBR,YRBGRBBBRGBRB,0.46153846153846156
S1_D13,11,6,86,output,YGRBRBGRBRBGR,GGBGRYRYYBYYY,0.23076923076923073
S1_D13,11,7,87,output,GBGYRYYRYRYBY,YRBRBGRBRYYBY,0.3846153846153846
S1_D13,11,8,88,output,YRBYRGRYRBYRB,GBGRYRYYGYYGY,0.3076923076923077
S1_D13,12,0,,seed,BBRBGYBYYGGRG,GBYGYYYYBRYYY,0.3076923076923077
S1_D13,12,1,89,output,BGRYRBGBBRBRB,GBGYYYYBYYYYY,0.23076923076923073
S1_D13,12,2,90,output,GYBGBYBYYYYYY,BRBYRYGBBBGBB,0.15384615384615385
S1_D13,12,3,91,output,YRBGBRYRBBGBR,GYBGYRYYYYYYY,0.3076923076923077
S1_D13,12,4,92,output,GYRYGRBGBYRBG,YRBGBRBBGBBRB,0.5384615384615384
S1_D13,12,5,93,output,YRBRYRGRBRGBR,GYRYGBBRGBBBR,0.46153846153846156
S1_D13,12,6,94,output,GYRBGRBGBGBRB,YRBGRBBGBRBYB,0.6923076923076923
S1_D13,12,7,95,output,YRGRBYRGYBYBY,GYRGYRGBBRBBG,0.46153846153846156
S1_D13,12,8,96,output,GYRGYRBRYRBYB,YRGRYGRGBBBRB,0.3846153846153846
S1_D13,13,0,,seed,YYRGYGGGBGRBB,GRGBYRRYYRGGR,0.23076923076923073
S1_D13,13,1,97,output,YRGGRGBGYRGRB,YGRGYRBGBBRBB,0.46153846153846156
S1_D13,13,2,98,output,YGRYRGYRBGBGB,YGRRGYBGRBGBB,0.6923076923076923
S1_D13,13,3,99,output,YGRYRGBRBRBBG,YGRGYBGBRGBBB,0.6153846153846154
S1_D13,13,4,100,output,YRGRYRGBBGBBB,YGRYGRBGBBRBG,0.6153846153846154
S1_D13,13,5,101,output,YGRYGRYGBGRGB,YRGYRGBBGBBBB,0.3846153846153846
S1_D13,13,6,102,output,YRGYRGBBGBBBB,YGRYGRYGRGBBG,0.3846153846153846
S1_D13,13,7,103,output,YGRYRYGRGBBBG,RGYRGRBBRBBBR,0.46153846153846156
S1_D13,13,8,104,output,RGYRGYBGBRBRB,YGRGYGBBGBBBR,0.5384615384615384
S1_D13,14,0,,seed,YRGGYBYYRGGYY,RBGGGBYBYYBBB,0.3076923076923077
S1_D13,14,1,105,output,YRGGYBRBBRGGB,RBGRRYRBYBBRB,0.3846153846153846
S1_D13,14,2,106,output,GRYBRGRBBRBBR,YGRGGBGBRBBBB,0.46153846153846156
S1_D13,14,3,107,output,YGRBGRBGBBBBB,GYRYGBBRBBRBB,0.5384615384615384
S1_D13,14,4,108,output,GYRGYRBRBBBBB,YGRBYGBBRBBBB,0.5384615384615384
S1_D13,14,5,109,output,YGRBYGRBYGBGR,GRGYGBBGBBBBB,0.3846153846153846
S1_D13,14,6,110,output,GRGYGBYBBYBBB,YGRBYGRBYBRBR,0.46153846153846156
S1_D13,14,7,111,output,YGRBYGRBYBRBY,GYBBGRBBGBBYB,0.46153846153846156
S1_D13,14,8,112,output,GYBBGRBBGBYBY,YGRBYGRBYBRGR,0.3846153846153846
S1_D13,15,0,,seed,BYBGBBBGGGRYR,RBBRRRGRRGRBB,0.23076923076923073
S1_D13,15,1,113,output,BYGBYBBYRYBBB,RBBRBBRBGRGRB,0.3076923076923077
S1_D13,15,2,114,output,RBBRBBRBGRBGR,BBBYRBBRBBGBB,0.5384615384615384
S1_D13,15,3,115,output,BBBYBBRBBGBBR,RBBRGBRRBRBBY,0.5384615384615384
S1_D13,15,4,116,output,RRBRYRBYBBRBY,BBYBRBBGBBBBB,0.3846153846153846
S1_D13,15,5,117,output,BBYBBRBBGBBBB,RBBRGBRRBRRYY,0.3076923076923077
S1_D13,15,6,118,output,RBBYRBBYBGBBB,BBYRBBRBBBBBB,0.6923076923076923
S1_D13,15,7,119,output,BBRYBBRBBBBBB,BBYRBBRBBBBBB,0.8461538461538461
S1_D13,15,8,120,output,BBYRBBRBBBBBB,BBRYBRBBBBBBB,0.7692307692307692
S1_D14,1,0,,seed,GYBRRYRGGYYBB,RRYBRBRBRGGRB,0.46153846153846156
S1_D14,1,1,1,output,GYBRRYRGGYYBR,RYBBRYBRBBGRG,0.3076923076923077
S1_D14,1,2,2,output,RYBRYBBRBGRGG,GYYRGBYRBGYGR,0.5384615384615384
S1_D14,1,3,3,output,GYRGYRGGBGRYY,RYBRYBBRBYBGG,0.23076923076923073
S1_D14,1,4,4,output,RYBRYBRRBGGRG,GYRGYRGGBYRGG,0.3076923076923077
S1_D14,1,5,5,output,GYRGYRBYRBGGG,RYBRYBRRBRBGG,0.46153846153846156
S1_D14,1,6,6,output,RYBRYBRRBRBGG,GYRGYRBBGBGGG,0.46153846153846156
S1_D14,1,7,7,output,RGYRGYBBGBGGG,RYBRYBRRBRBGG,0.46153846153846156
S1_D14,1,8,8,output,RYBRYBRRBRBGG,RYGRYGBBGBGGG,0.5384615384615384
S1_D14,2,0,,seed,YGRYYBGBBRBRY,BYYYYRYRBGBGY,0.3846153846153846
S1_D14,2,1,9,output,RGYYBBRBGBRGB,BYYYYRBYRBGBG,0.46153846153846156
S1_D14,2,2,10,output,BYYYYRBYRBGBG,RGYYRRBGRBGBG,0.6923076923076923
S1_D14,2,3,11,output,RGYYRRBGBGRBG,RYYYYRBYRBGBG,0.6153846153846154
S1_D14,2,4,12,output,RYYYYBRYBGBGG,RYYGBRYBGRBGG,0.7692307692307692
S1_D14,2,5,13,output,RYYBGBGRBGGBG,RYYYBYRYBGBGB,0.5384615384615384
S1_D14,2,6,14,output,RYYBYRYBGBGBG,RYYBGGRGBGBBG,0.6923076923076923
S1_D14,2,7,15,output,RYYBGGRBGBGBG,RYYBRYBGBGBGB,0.6923076923076923
S1_D14,2,8,16,output,RYYBRYBGGBGBG,RYYBGRYRBGBGB,0.6923076923076923
S1_D14,3,0,,seed,BGRYRBRYRRRYG,RYRBYGBBYRBRG,0.46153846153846156
S1_D14,3,1,17,output,BGRYRBGBGRYGB,RYYBGBRYBGBGR,0.46153846153846156
S1_D14,3,2,18,output,RYYBGBYRBGGBG,BGRYRBGBRBGYR,0.46153846153846156
S1_D14,3,3,19,output,BGRYBGRGRYRYB,RYYBGRYBGBGGG,0.3076923076923077
S1_D14,3,4,20,output,RYYBRBGBRBGGG,BGRYBGGRBYGBG,0.3846153846153846
S1_D14,3,5,21,output,BGRYBGGRBYGRG,RYYBRYBGBGGGG,0.3846153846153846
S1_D14,3,6,22,output,RYBRYBGBGGGGG,BGRYBGGRBYGRG,0.3846153846153846
S1_D14,3,7,23,output,BGRYBGGRBYGRG,RYBRYGBGGBGGG,0.46153846153846156
S1_D14,3,8,24,output,RYBRYGGBGGGGG,BGRYBGGRBYGRG,0.3846153846153846
S1_D14,4,0,,seed,GGRBGGGBRGYRY,YRYYGYYBGRGYG,0.3076923076923077
S1_D14,4,1,25,output,GGRBGGBRGYRYR,RYYBGYRYYBGYY,0.3076923076923077
S1_D14,4,2,26,output,RYYBGBBRYYYYY,GGBRGBRYGYGRG,0.3076923076923077
S1_D14,4,3,27,output,GGBRGBRGYYGGR,RYYBGBRYYYYYY,0.3846153846153846
S1_D14,4,4,28,output,RBGRBRYYYYYYY,GGBRGGYBRYGRY,0.3076923076923077
S1_D14,4,5,29,output,GGBRGBGYBRYRY,RBGRBYRGYYYYY,0.3076923076923077
S1_D14,4,6,30,output,RBGRBYRGYYYYY,GGBRGBGRRYRYY,0.3846153846153846
S1_D14,4,7,31,output,GGBRGRBGYYRGR,RBGRBYGRYYYYY,0.3846153846153846
S1_D14,4,8,32,output,RBGRBYRGYYYYY,GGBRGYBRGYYYB,0.46153846153846156
S1_D14,5,0,,seed,YGYGYBBYRGBYY,RRRBGRGYYBYBG,0.23076923076923073
S1_D14,5,1,33,output,GYGYBRYRGRGYG,RRBGBYBYYGBBG,0.3076923076923077
S1_D14,5,2,34,output,RRBGBYYRBRGBR,GYGYBRYBGYGYG,0.23076923076923073
S1_D14,5,3,35,output,GYGYBRYBGYGYG,RRBGRBYBYYGBR,0.3846153846153846
S1_D14,5,4,36,output,RRBGRBYBYGYYG,GYGYBRBYRYGYG,0.46153846153846156
S1_D14,5,5,37,output,GGYBRBYYRYYBG,RRBGRBYGYGYGY,0.3076923076923077
S1_D14,5,6,38,output,RRBGRBYGYRYGY,GGBRGBYRBYYGB,0.3846153846153846
S1_D14,5,7,39,output,GGBRGBYRGYBGB,RRBGRBYGYRYGY,0.3846153846153846
S1_D14,5,8,40,output,RRBGRBYRGYGGB,GGBRGBYRYRBGB,0.46153846153846156
S1_D14,6,0,,seed,RBYYGRYGGYRRB,YBGRBRYRYYBBR,0.3076923076923077
S1_D14,6,1,41,output,RBYYGRYGYGBGB,YBGRYBYYRBGRY,0.3846153846153846
S1_D14,6,2,42,output,BYGRYYRBGYBRY,RBYYGRYRBGBGB,0.5384615384615384
S1_D14,6,3,43,output,RBYYGRBGBGBGB,BYGRBYRGBYGRY,0.46153846153846156
S1_D14,6,4,44,output,BYGRBYRGBYGRY,RBYYRBGBGBGBG,0.46153846153846156
S1_D14,6,5,45,output,RBYYRBGBGBGBG,BYGRBGRGYRBGY,0.5384615384615384
S1_D14,6,6,46,output,BYGRYRGBGRYGB,RBYYRBGBRBGBG,0.46153846153846156
S1_D14,6,7,47,output,RBYRRBGBRBGBG,BYGRYGBRYGBBY,0.5384615384615384
S1_D14,6,8,48,output,BYGRYGBRYGRBY,RBYYRBGRBGBGB,0.3846153846153846
S1_D14,7,0,,seed,BRRGRGBRYYGBB,RGGRBGBBRRYYB,0.46153846153846156
S1_D14,7,1,49,output,BRRGBGRYYGYBB,RGBRRGBGBRYYY,0.5384615384615384
S1_D14,7,2,50,output,RGBRGRBRYYYYY,BGRBGYRBGRYYY,0.46153846153846156
S1_D14,7,3,51,output,BGRBGYRBGBGRY,RBGRYBRGYYYYY,0.3076923076923077
S1_D14,7,4,52,output,RYBGRBGRYYYYY,BGRBYYRYBGRBG,0.3076923076923077
S1_D14,7,5,53,output,BGRBYYRYBGRYG,RBGYRBGBRYYYY,0.3846153846153846
S1_D14,7,6,54,output,RBGRBBGRYRGBY,BGRBRYYRBGBGY,0.5384615384615384
S1_D14,7,7,55,output,BGRBRBRYYRYGY,RBGBBRYBGRYBG,0.46153846153846156
S1_D14,7,8,56,output,BBGRBYRYGRBYB,RRGBRYYRYRYGR,0.3846153846153846
S1_D14,8,0,,seed,YGGBGBBYYGGRB,RBRBYRRGRGBGY,0.23076923076923073
S1_D14,8,1,57,output,YGGBGBBGBGYYG,RBRBYRRGBGRYG,0.46153846153846156
S1_D14,8,2,58,output,RBRBYGBGBGRGY,YGGBGYYGBYYGY,0.3846153846153846
S1_D14,8,3,59,output,YGGBGYGYBGYYG,RBRBYGGRYGYRG,0.3846153846153846
S1_D14,8,4,60,output,RRBYGRYGGRGYG,YGBRYGBGYGYGY,0.46153846153846156
S1_D14,8,5,61,output,YGBRYGBGYGYGY,RRBGRBYRBGYGR,0.3846153846153846
S1_D14,8,6,62,output,RRBGRBYGRYGYG,YGBRYGRYBGYGY,0.5384615384615384
S1_D14,8,7,63,output,GBRYGRYYGBRYY,RRBGRBGYRYGYG,0.3846153846153846
S1_D14,8,8,64,output,RRBGRBGYGYGYG,GBRYGRBGYRGYY,0.5384615384615384
S1_D14,9,0,,seed,BBGGRYRRGRGRY,GBYBBYGYGBRGR,0.3846153846153846
S1_D14,9,1,65,output,BBGGRYRRGRGYG,GBYYGBGYBRYGR,0.23076923076923073
S1_D14,9,2,66,output,GBYYGBGBRGYBR,BBGGRYRBGRYGY,0.3076923076923077
S1_D14,9,3,67,output,BBGGRYRBGRYBY,GBYYGBRYBGYRY,0.46153846153846156
S1_D14,9,4,68,output,GBYYGBRYRBGYB,BBGGRYRBGRYRY,0.46153846153846156
S1_D14,9,5,69,output,BBGGRYRBGRYGB,GBYYGRYBGRYRB,0.6153846153846154
S1_D14,9,6,70,output,GBYYGYRBGYRBY,BBGGRYRBGYRGY,0.6153846153846154
S1_D14,9,7,71,output,BBGGRYRBGYRGY,GBYYGBYRBYRYG,0.46153846153846156
S1_D14,9,8,72,output,GBYYGRYBGYBRY,BBGGRYRBYGYRG,0.46153846153846156
S1_D14,10,0,,seed,YGGGRGYYGGBGB,YGBGRBRYYRBBG,0.5384615384615384
S1_D14,10,1,73,output,YGGGRGYYGRGGB,BYGBYRYRBGBYG,0.3076923076923077
S1_D14,10,2,74,output,BYGBYRBYRYGRB,YGGGRGYGRYGBB,0.5384615384615384
S1_D14,10,3,75,output,YGGGRGYGGYRGB,BYGBYRBGYRBYG,0.3846153846153846
S1_D14,10,4,76,output,BGYBGRRYYBGYB,YGGGRGYGYYGRG,0.3846153846153846
S1_D14,10,5,77,output,YGGGRGYYYGRYG,BGYBGRYGBGYGG,0.3846153846153846
S1_D14,10,6,78,output,BGYBGRBYYGBRY,YGGGRGYYYGRYG,0.46153846153846156
S1_D14,10,7,79,output,YGGGRGYYYGRYR,BGRBYRGBYGYGB,0.3076923076923077
S1_D14,10,8,80,output,BGRBYRYBGRYRY,YGGGRGYYYGRYR,0.46153846153846156
S1_D14,11,0,,seed,YYYYRRRYGYGBY,YBGBRBGBYBGYB,0.3076923076923077
S1_D14,11,1,81,output,YYYYRRRYGYBGB,YRBYBGBRBYGRB,0.3076923076923077
S1_D14,11,2,82,output,YBRYGBYRGBGBR,YYYRRYGBYGYBY,0.46153846153846156
S1_D14,11,3,83,output,YYYRRYGBYGYGY,YBRYBGRYBGRYG,0.3846153846153846
S1_D14,11,4,84,output,YBRYBGYRYBGYG,YYYRRYBYGYGYG,0.5384615384615384
S1_D14,11,5,85,output,YYYRRYBYGYGYG,YRBGBYGYBYGYG,0.5384615384615384
S1_D14,11,6,86,output,YRBGYRGBYBGYG,YYYRRYBYGYGYG,0.46153846153846156
S1_D14,11,7,87,output,YYYRRYBYGYGYG,YRBGYRGBYGYGY,0.5384615384615384
S1_D14,11,8,88,output,YRBGBRYGBGRGY,YYYRRYBYGYBYG,0.3076923076923077
S1_D14,12,0,,seed,BYRYBBRBYYYRG,BRRGRGBBYRRBR,0.3076923076923077
S1_D14,12,1,89,output,YRBYRYYBRYBGG,BBGRBGYRYBGRG,0.46153846153846156
S1_D14,12,2,90,output,BBGRBGRGYRGYB,YRBRYYGBYGYGY,0.3076923076923077
S1_D14,12,3,91,output,YRBRYYGYGYBYG,BBGRBGRGRYGRY,0.23076923076923073
S1_D14,12,4,92,output,BBGRBGRGRYGRY,YYRBRYYGYBYGY,0.3076923076923077
S1_D14,12,5,93,output,YYRBYGBGYRGYG,BBGRBGRYGYYRG,0.3076923076923077
S1_D14,12,6,94,output,BBGRBGRGYRYGB,YYRBYRGBGGYBY,0.3076923076923077
S1_D14,12,7,95,output,YYRBYRGBYRGYR,BBGRBGRYGRYRG,0.3846153846153846
S1_D14,12,8,96,output,BBGRBGYRGRYBG,YYRBYRGYRGYYB,0.46153846153846156
S1_D14,13,0,,seed,YGBRBRGBYGRBB,GBBBBYYBGRGRR,0.3076923076923077
S1_D14,13,1,97,output,YGBRBGRBYRYGY,GBBBYRBGRRYRR,0.46153846153846156
S1_D14,13,2,98,output,GBBBYRBGYRYRY,YGBRBGRYGBYGY,0.46153846153846156
S1_D14,13,3,99,output,GBRBGYRYBYBGB,GBBBRYBGBRYRY,0.3846153846153846
S1_D14,13,4,100,output,GBBBYRBGYRGYR,GBRBYBGBYGBRB,0.5384615384615384
S1_D14,13,5,101,output,GBRYBRBGYGRGY,GBBBRYGRYGRYG,0.5384615384615384
S1_D14,13,6,102,output,GBBBRYGRYGRYG,GBRYRBGRYYGRB,0.5384615384615384
S1_D14,13,7,103,output,GBRYBGRGRGYBY,GBBBRYGRYGRYG,0.46153846153846156
S1_D14,13,8,104,output,GBBBRYGRYGRYG,GBRYRGRGRBYBY,0.46153846153846156
S1_D14,14,0,,seed,RBRGGYBYRYBGR,RGBRYYYRBGRBB,0.46153846153846156
S1_D14,14,1,105,output,GBBRYGRBRYGYR,RBGRYYYRBGRYR,0.46153846153846156
S1_D14,14,2,106,output,RBGRYYYBRYRGR,GBRYYGRBGRGBG,0.3846153846153846
S1_D14,14,3,107,output,GBRYYGRBGRYBY,RBGRYYYYBGRYG,0.5384615384615384
S1_D14,14,4,108,output,BGRYYBRYGRGYG,GBRYGRGBGYGRG,0.3846153846153846
S1_D14,14,5,109,output,GBRYGBYYRBGGY,GBYRGYGRGYBBY,0.46153846153846156
S1_D14,14,6,110,output,GBRYGYGRBBRGY,GBRYGBYRGBGRY,0.6153846153846154
S1_D14,14,7,111,output,YRBYBGBGRRGYY,GBRYGYRBGRGBG,0.3076923076923077
S1_D14,14,8,112,output,GBRYGRBYGRRGR,YRBYRGBGRRGYY,0.3846153846153846
S1_D14,15,0,,seed,BGGRBRGRBYRYR,GRYBBRBYRGBRR,0.3846153846153846
S1_D14,15,1,113,output,BGGRBRGBGRYRY,GRYBRBRGYRBGR,0.3076923076923077
S1_D14,15,2,114,output,GRYBRBRGRBBRB,BGRBGRGBGRYRY,0.3846153846153846
S1_D14,15,3,115,output,BGRBGRYRGRYRY,GRYBRBRGRRBRG,0.46153846153846156
S1_D14,15,4,116,output,GRYBRBRGRRBRG,BGRBGRYRGYRGR,0.46153846153846156
S1_D14,15,5,117,output,BGRBGRYGRYGRG,GRYBRBRGRRBRG,0.46153846153846156
S1_D14,15,6,118,output,GRYBRBRGRRBRG,BGRBGRYGRYRGY,0.3846153846153846
S1_D14,15,7,119,output,BGRBGRYGRYGRG,GRYBRBRGRRBRG,0.46153846153846156
S1_D14,15,8,120,output,GRYBRBRGRRBRG,BGRBGRYGRYGRG,0.46153846153846156
S1_D15,1,0,,seed,RBBGGYBRBGBGY,YYGGBBGBGBRYB,0.46153846153846156
S1_D15,1,1,1,output,RBGYBBRGBRYRB,YYGBBGBGBRBRG,0.46153846153846156
S1_D15,1,2,2,output,YYGBGBRGYRRRB,RBGYBBRGBRYRB,0.5384615384615384
S1_D15,1,3,3,output,RRBGYRBGYYRBR,YYGBGBRGYRBRR,0.46153846153846156
S1_D15,1,4,4,output,YGBYRRYBYBRBG,RRBGYRBGYRRBG,0.46153846153846156
S1_D15,1,5,5,output,RRBGYRRBGYGBR,YGGBYGBRYBRBR,0.3076923076923077
S1_D15,1,6,6,output,YGBRRRBGYYRBR,RRBGYRRBGYGBR,0.5384615384615384
S1_D15,1,7,7,output,RRBGYRRBGRBRY,RBGYYRBGRRBGY,0.6923076923076923
S1_D15,1,8,8,output,RYGBRYRBRRGYR,RRBGYRRBGRBRB,0.3846153846153846
S1_D15,2,0,,seed,BYBRRRYBRRGGG,GGRGBBRYBYRGR,0.3076923076923077
S1_D15,2,1,9,output,BYRBYRRBYRBYR,GGRGRBYRBGRBG,0.3846153846153846
S1_D15,2,2,10,output,GGRRYBGYRBGRB,YRBYRRBYRBYRB,0.46153846153846156
S1_D15,2,3,11,output,YBYBYBYBYBRYR,GGRYBGRYBGYRB,0.3846153846153846
S1_D15,2,4,12,output,GGRYBGRYBYRYB,YBYBYBYBRYRYB,0.5384615384615384
S1_D15,2,5,13,output,YBYBYBYBYBRYB,GGRYBGRYBRYBR,0.46153846153846156
S1_D15,2,6,14,output,GGRYBGRYBYRBY,YBYBYBYBYBRYB,0.3846153846153846
S1_D15,2,7,15,output,YBYBYBYBYBYBR,GGRBGRYBYBRYR,0.46153846153846156
S1_D15,2,8,16,output,GGRYBYGRYBGRR,YBYBYBYBYBYBR,0.3846153846153846
S1_D15,3,0,,seed,GYBYYYRGBRBGG,RYRYGGBRGGGGY,0.3846153846153846
S1_D15,3,1,17,output,GGYBYRYBGBGBY,RYRYGGRBGRBGG,0.3076923076923077
S1_D15,3,2,18,output,GGRYBGRYRYBGR,GGRYBRYBGGGYR,0.6153846153846154
S1_D15,3,3,19,output,GGYBGRYBBGRGR,GGRBRYRRGRBYB,0.46153846153846156
S1_D15,3,4,20,output,GGRYBRYRBRBRB,GGRYBBYRGGRYG,0.5384615384615384
S1_D15,3,5,21,output,GGRBYRGYRRYBR,GGRYBRYRBRBGR,0.5384615384615384
S1_D15,3,6,22,output,GGBGRYBRYBRGR,GGRBYGRRBYGRR,0.5384615384615384
S1_D15,3,7,23,output,GGRYBYRGYRBYY,GGRBRYBRYBGRY,0.46153846153846156
S1_D15,3,8,24,output,GRYBRYBRYBYRG,GGRBGGRYRGYRB,0.3846153846153846
S1_D15,4,0,,seed,RBYRGBRBRGGYR,GRYBYBRRBRYRY,0.3846153846153846
S1_D15,4,1,25,output,RRBGYBBBBRRYR,GRYBRRYBRYRBR,0.3846153846153846
S1_D15,4,2,26,output,RRYBYRGYRBYYB,RBGYBBBRRYRBB,0.46153846153846156
S1_D15,4,3,27,output,RRYGBYRRYBYBR,RRYBYRGYBRYBY,0.6923076923076923
S1_D15,4,4,28,output,RGYRGYRBYBRYR,RRGBRYRYRBYBR,0.5384615384615384
S1_D15,4,5,29,output,RRGYBYGRYRGYR,RGYRGYRYBYBRY,0.3846153846153846
S1_D15,4,6,30,output,RRGYBYRYBYRYB,RRGYBRGYRRGYR,0.5384615384615384
S1_D15,4,7,31,output,RRYRYYRRYRRRY,RRGBRRRYBRBYB,0.46153846153846156
S1_D15,4,8,32,output,RRGBRYRBRYBYY,RRYRYYRRYRYYR,0.5384615384615384
S1_D15,5,0,,seed,YRBYRYBGYGRGG,RRRBBGGGRRRRG,0.3846153846153846
S1_D15,5,1,33,output,YGRYGRGYRGBYR,RRRBBGGGRRRRG,0.23076923076923073
S1_D15,5,2,34,output,RRRGYBRRRBRRR,YGRYGRGYRBRBG,0.3846153846153846
S1_D15,5,3,35,output,GYRYYRBYRYBGY,RRRGYBRRBRRBR,0.3076923076923077
S1_D15,5,4,36,output,RRRGYRGYRRBRR,GYRYYRBYBYGGY,0.3076923076923077
S1_D15,5,5,37,output,GGRYRYBRYBRYB,RRRGRGYRRBRRR,0.3846153846153846
S1_D15,5,6,38,output,GGGRGRYBYRGGR,GGRRYBRYBRYBR,0.5384615384615384
S1_D15,5,7,39,output,GYBRYBRYBRGRY,GGGRYBGRYBRYB,0.5384615384615384
S1_D15,5,8,40,output,GGGGRYBGRYYBR,GYBRBRGRGRGYB,0.3846153846153846
S1_D15,6,0,,seed,RYBRYRRBRGRGG,BBBGYGRRYRBBG,0.3846153846153846
S1_D15,6,1,41,output,RRRRYBRYBRYRG,BBBGYBRGYBGYB,0.3846153846153846
S1_D15,6,2,42,output,BBBBRGYBRYRBG,RRRYBRYBRBGRG,0.3846153846153846
S1_D15,6,3,43,output,RRRRYBRYBRGRY,RRRRGYBRGBGBR,0.6153846153846154
S1_D15,6,4,44,output,RRRRGYBRGYRGR,RRRRYBRYBRGRG,0.6923076923076923
S1_D15,6,5,45,output,RRRRYBRYBRGGR,RRRRGYBRGYRGR,0.6923076923076923
S1_D15,6,6,46,output,RRRRYBRYBRGRR,RRRRYBRYBRGGR,0.9230769230769231
S1_D15,6,7,47,output,RYBYBRGRGRRRY,RRRRBRBRGRRGG,0.5384615384615384
S1_D15,6,8,48,output,RRRRBRRRGRRRR,RYBYBRGRGRRYB,0.5384615384615384
S1_D15,7,0,,seed,GBRGRBGRYRGBY,BBBYGRYYGGGRB,0.3076923076923077
S1_D15,7,1,49,output,GRGRYRBYRGBRR,YBRGRYGGRBGGR,0.3846153846153846
S1_D15,7,2,50,output,YRYBRYBRBYRYY,GRGRYBRGRYBRR,0.3846153846153846
S1_D15,7,3,51,output,GRYBRYRRYRBYR,YRYBYRYBRYRYY,0.6153846153846154
S1_D15,7,4,52,output,YRYBYRYBYRYYR,GRBRYYRBYRYYR,0.6153846153846154
S1_D15,7,5,53,output,GRGBGRYBRYBRR,YRYBYBYRYBRYB,0.46153846153846156
S1_D15,7,6,54,output,YRYBYRYBRYBYR,GRGBRYBRYRBGR,0.6153846153846154
S1_D15,7,7,55,output,GRBGRYBRYBGBY,YRYRYBRYRBYRY,0.5384615384615384
S1_D15,7,8,56,output,YYBRYBYBYYYBY,GRYBYRGRYBRYB,0.3846153846153846
S1_D15,8,0,,seed,GGGRBBBBBGBBG,GYRYBGRBRBBRY,0.3846153846153846
S1_D15,8,1,57,output,GGGGRBRBRRBBR,GRBGYRBRBRYBG,0.5384615384615384
S1_D15,8,2,58,output,GRYBRYRYBRYBG,GGGGRBRBRRBBR,0.3846153846153846
S1_D15,8,3,59,output,GGGGRBGRBGRYB,GRYBYRYBYRYRY,0.3076923076923077
S1_D15,8,4,60,output,GRBRYRYBGRYBR,GGGGRBGRBGRYB,0.46153846153846156
S1_D15,8,5,61,output,GGGGRBYRBGRYB,GRYBRYBGRYBRY,0.46153846153846156
S1_D15,8,6,62,output,GRYBRYBRGYRBG,GGGGRBYRBGRBG,0.46153846153846156
S1_D15,8,7,63,output,GGGGRYBYBYBRG,GRBGRYRBRBYGR,0.5384615384615384
S1_D15,8,8,64,output,GRYBRYBRGRYRB,GGGGRYBRYBYBR,0.46153846153846156
S1_D15,9,0,,seed,GRRGBRRGGRGGG,GGRYBYBBYGGYY,0.3076923076923077
S1_D15,9,1,65,output,GRYRGRYRGRGRG,GGRBYBRGGYBRY,0.3076923076923077
S1_D15,9,2,66,output,GGGRYBYRYBGRY,GRYRGRGRYBGRY,0.6153846153846154
S1_D15,9,3,67,output,GGGRYBRYBRYBR,GGGRYBRYRYBYR,0.8461538461538461
S1_D15,9,4,68,output,GGGGRYBRYBRYR,GGGRYBRYBRYBR,0.8461538461538461
S1_D15,9,5,69,output,GGGGRYBRYBRYB,GGGGRYBRYBRRY,0.8461538461538461
S1_D15,9,6,70,output,GGGGYBRBRYBRG,GGGGRYBRYBRYB,0.6923076923076923
S1_D15,9,7,71,output,GGGGRBRRYBRYR,GGGYRBRBYRGYB,0.6153846153846154
S1_D15,9,8,72,output,GGGGYRYBRYRBR,GGGRBRRBRBYRB,0.6153846153846154
S1_D15,10,0,,seed,GGGRRGRRGYGBR,YBYGBGGGRRBRY,0.23076923076923073
S1_D15,10,1,73,output,RYBYRYBRGYRYR,YBYBGGGRBYRBB,0.3846153846153846
S1_D15,10,2,74,output,YBYBGYBRYBYBY,RYBRYBGGYBYRR,0.46153846153846156
S1_D15,10,3,75,output,RYBRBRGYBRRGY,YBYBGYBRGYBRG,0.5384615384615384
S1_D15,10,4,76,output,YBYBYBGYRYBRY,RYBRBGYBRYBRY,0.6923076923076923
S1_D15,10,5,77,output,RYBRYRBYRYBGY,YBYBYBGYRGYBG,0.46153846153846156
S1_D15,10,6,78,output,YBYYBYGYRBYRB,RYBRGYBRBRYBY,0.3846153846153846
S1_D15,10,7,79,output,RYBRGYRYRBGYB,YBYYBGYRBYBGY,0.46153846153846156
S1_D15,10,8,80,output,YRGYBRYBGYRYB,RYBRGRYBRGYBR,0.3846153846153846
S1_D15,11,0,,seed,YYGBGGYRGBBGB,GGGYYRYGRYRGR,0.3076923076923077
S1_D15,11,1,81,output,YYGYYBYBYBRYB,GGGYYRYRGYRBR,0.3846153846153846
S1_D15,11,2,82,output,GGGRYBRYBRYRB,GGGYYBYBYBRYB,0.6923076923076923
S1_D15,11,3,83,output,GYYBYYBYBYBBY,GGGRBRYBRYRYR,0.3076923076923077
S1_D15,11,4,84,output,GGGRYBYRBRYRY,GYYBYYBYBBYBR,0.3846153846153846
S1_D15,11,5,85,output,GYYBYBYBYYBYB,GGGRYBRYRBRYR,0.3846153846153846
S1_D15,11,6,86,output,GGGYRYBYBRYBR,GGYYBYBYBYBYB,0.6153846153846154
S1_D15,11,7,87,output,GGGYRYBYBYBYB,GGGYBYRYBRYBY,0.6923076923076923
S1_D15,11,8,88,output,GGGRYBRYBRGRY,GGGRBYRYBYBYB,0.5384615384615384
S1_D15,12,0,,seed,RRYGBGRRRYYBB,GRYBRGRYBGYRY,0.3846153846153846
S1_D15,12,1,89,output,RRRYGBYRBRBYR,GRYBYBYGBYRGY,0.3846153846153846
S1_D15,12,2,90,output,GRYBYBYBRYBGR,RRRYGBYRBGYRB,0.3846153846153846
S1_D15,12,3,91,output,GGGRYBYRRYRBY,GRYBYBYBRYBGR,0.46153846153846156
S1_D15,12,4,92,output,GRYBRYBRRYBRY,GGGRYBRYBRGGR,0.5384615384615384
S1_D15,12,5,93,output,GGGRYBYRYBGRY,GRBRYBRRYBGRB,0.6923076923076923
S1_D15,12,6,94,output,GRYBYRGRRRBRG,GGGRYBRYRYBRY,0.46153846153846156
S1_D15,12,7,95,output,GRYBRYRYBRYBR,RYBYRGRRRBGRB,0.46153846153846156
S1_D15,12,8,96,output,GGGRYBGRYBRGR,GRYBRYRYBRBRB,0.5384615384615384
S1_D15,13,0,,seed,BRGYBGYYBYRBY,BGRGGGYGYBYRY,0.6153846153846154
S1_D15,13,1,97,output,GRYBRYBRGRYBR,BGGRYGGRBGYBR,0.46153846153846156
S1_D15,13,2,98,output,GRYBYBRRYRBRR,GRYBRYBRGRYGR,0.6153846153846154
S1_D15,13,3,99,output,BYBRYBYRRBRBR,GRYBYBRYRRBRB,0.6153846153846154
S1_D15,13,4,100,output,RYBRRRYBRRYRR,BYBRYBRBRRBYB,0.46153846153846156
S1_D15,13,5,101,output,RYRYBBBYBBRYR,RYBRRRYBRYRRY,0.3846153846153846
S1_D15,13,6,102,output,RRRBRYBYBYBRR,RYRYBBYBRYRBB,0.46153846153846156
S1_D15,13,7,103,output,RYBRYRBRRBRBR,RRRBRYBYBYBRR,0.46153846153846156
S1_D15,13,8,104,output,RRRRYBYBYBRYB,RYBRRRBRYRRBR,0.3846153846153846
S1_D15,14,0,,seed,BGYBGYBRRYGRY,BBBGYBYRGBRBR,0.46153846153846156
S1_D15,14,1,105,output,RYBRYBRRYBRGR,BBBGYBRYRBRBR,0.5384615384615384
S1_D15,14,2,106,output,BBBGYBRYBRYRB,RYBRYBRRYGRRB,0.5384615384615384
S1_D15,14,3,107,output,RYBRRYBRYBYBR,BBBGYBRYBRYRR,0.5384615384615384
S1_D15,14,4,108,output,BBBYBYBYBYBBR,RYBRRYBRYBYBR,0.5384615384615384
S1_D15,14,5,109,output,BBYBYBBYBBBBY,BBBYBYBYBBRBR,0.6923076923076923
S1_D15,14,6,110,output,BBBYBYBBBYBYB,BBYBYBBYBYBBB,0.7692307692307692
S1_D15,14,7,111,output,BBBBYBYBBYBYB,BBBYBYBBYBYBY,0.8461538461538461
S1_D15,14,8,112,output,BBBBYBYBBYBBY,BBBBYBYBBYBYB,0.8461538461538461
S1_D15,15,0,,seed,RYGRGBGGYBBGG,YBYYGGGRRBYRY,0.23076923076923073
S1_D15,15,1,113,output,RGRYRGBGRYBYY,YBYYGGGRRBYBY,0.46153846153846156
S1_D15,15,2,114,output,YBYBYGGGRYBYR,RGRYBRGRYBRYB,0.3846153846153846
S1_D15,15,3,115,output,RGYRGRYBRYRBY,YBYBYGGGRBRYB,0.3076923076923077
S1_D15,15,4,116,output,YBYBYYYRYBRGY,RGYRGRYRYRYBR,0.3846153846153846
S1_D15,15,5,117,output,RGYYRBYRYBRRY,YBYBYYRGYYBRG,0.3846153846153846
S1_D15,15,6,118,output,YBYBYYBYGYRYB,RGYYBRGYBRBRY,0.3076923076923077
S1_D15,15,7,119,output,RGYRBRGYBRGYB,YBYBYYBYGYRYR,0.3076923076923077
S1_D15,15,8,120,output,YBYBYBYGRYBYR,RGRBGYRGBYGBR,0.3076923076923077
S1_D16,1,0,,seed,YGRRRYRRBRRGY,GBYGGGYYGYYGR,0.15384615384615385
S1_D16,1,1,1,output,YGRRRYRBGBRRY,GBYGGGYYYBBBR,0.3076923076923077
S1_D16,1,2,2,output,YGBGGGGBRYBRG,YGRRRBYRGRBYG,0.3076923076923077
S1_D16,1,3,3,output,YGRRRRYGRBYGG,YGBGGGGBYRBYR,0.3076923076923077
S1_D16,1,4,4,output,YBGGGGGBRYGBY,YGRRRYGRBRBGR,0.3076923076923077
S1_D16,1,5,5,output,GRRRBRYRBRRBY,YGBGGGRBYGBGG,0.15384615384615385
S1_D16,1,6,6,output,YGBBGGGBRYGGY,GRBRRBBYRBBRG,0.23076923076923073
S1_D16,1,7,7,output,GBBRBRRBYRGBY,YGGBBRBGGYBGY,0.46153846153846156
S1_D16,1,8,8,output,YGBGGBRGRYBRG,YGBRRBBRBRGGB,0.46153846153846156
S1_D16,2,0,,seed,BRYYGYBBBRRBR,YYBYYGBRRGGGY,0.3076923076923077
S1_D16,2,1,9,output,YGBYBYGBRGBBY,YYBYYBRBRGYYY,0.5384615384615384
S1_D16,2,2,10,output,YYBYYBRYBGBBB,YGBYGBRBYRYBY,0.46153846153846156
S1_D16,2,3,11,output,YGBYGBRBRYGBY,YBYBRGRBBBBBY,0.46153846153846156
S1_D16,2,4,12,output,YRBYBYBRGBBBB,YGBYGBRBRYGBB,0.5384615384615384
S1_D16,2,5,13,output,YGBRYBRRGBRYB,YRBRBRGBBBBBB,0.46153846153846156
S1_D16,2,6,14,output,YRBRBRGRBBBBB,YGBRYBRRGYBRG,0.46153846153846156
S1_D16,2,7,15,output,YBRYGRYBRGGYY,YRBRBGRBBBBBB,0.3846153846153846
S1_D16,2,8,16,output,YBRGYRBBBBBBB,YBRYGRBBBGGGG,0.5384615384615384
S1_D16,3,0,,seed,RRYRGBRYBRGRB,YRGYYBGGYRBBB,0.3846153846153846
S1_D16,3,1,17,output,RGBYRBYRBBRBR,YGRYBRGGBBBBB,0.3846153846153846
S1_D16,3,2,18,output,YGRRGRGBBBBBB,YRGGRBRGRRBBR,0.46153846153846156
S1_D16,3,3,19,output,YBGBYRGRRRRRB,YGRGRBBBBBBBB,0.23076923076923073
S1_D16,3,4,20,output,YBGRYBGBBBBBB,YBGRBYRRRRBBB,0.5384615384615384
S1_D16,3,5,21,output,YGBRYBRRRRBBB,YBGRYBGBBBBBB,0.5384615384615384
S1_D16,3,6,22,output,YGBRYBGBBBBBB,YBGYBRRRRBBBB,0.5384615384615384
S1_D16,3,7,23,output,YGBYBRRRRBBBB,YGBYRBGBBBBBB,0.6153846153846154
S1_D16,3,8,24,output,YGBYBRGBBBBBB,YGBYBRRRRBBBB,0.7692307692307692
S1_D16,4,0,,seed,BBYBBRYYGYRYB,RRYBYGYRYYYBY,0.3846153846153846
S1_D16,4,1,25,output,YBYBBBRYGBRBB,YBRYGRBBBYYYY,0.3076923076923077
S1_D16,4,2,26,output,YGBYBRYGBBYYY,YBYBBBRGYBBBB,0.3846153846153846
S1_D16,4,3,27,output,YBYBRGBRBBBBB,YBGYRBGGRRBYY,0.3846153846153846
S1_D16,4,4,28,output,YGYBRYRBGRRYY,YGYBRBBBBBBBB,0.46153846153846156
S1_D16,4,5,29,output,YGYBRYRBBBBBB,YGYBRBRRYYYYY,0.46153846153846156
S1_D16,4,6,30,output,YGYBYBRYYYYYY,YGYBRYBBBBBBB,0.3846153846153846
S1_D16,4,7,31,output,GYBRYBRBYBBBB,YGYBRYYYYYYYY,0.3846153846153846
S1_D16,4,8,32,output,YGYBRYYYYYYYY,GYBRYBRBYBBBB,0.3846153846153846
S1_D16,5,0,,seed,RRGRYRGGRRGYR,BBRGYYGYRYYBR,0.3846153846153846
S1_D16,5,1,33,output,RGBGRRRRRRYBG,BBRYGRBBRYGRY,0.23076923076923073
S1_D16,5,2,34,output,BBGRBGBRYRYBR,RGBGRRRRYBGRY,0.46153846153846156
S1_D16,5,3,35,output,RGBRBRRRYBGRY,BBGRBYRRBGRBB,0.46153846153846156
S1_D16,5,4,36,output,BGRYBGRBBYRBY,RGBRRRRBYBGRR,0.3076923076923077
S1_D16,5,5,37,output,RGBYBRBGRRRRR,BGRBYBGRBYBGR,0.3846153846153846
S1_D16,5,6,38,output,BGRYBRGYRRBBB,RGBYRBRGRRRRR,0.46153846153846156
S1_D16,5,7,39,output,BYRBYBRGBYRBB,BGRBYRGRBBBBY,0.5384615384615384
S1_D16,5,8,40,output,RGBRYBRYBGRRR,BYRBGRYGRYBYB,0.3076923076923077
S1_D16,6,0,,seed,RYYBGRRYBRYGG,RBRBGRBYRGYGR,0.5384615384615384
S1_D16,6,1,41,output,RYBGYBRRRYBGR,RBRRGRYGBYGYY,0.3076923076923077
S1_D16,6,2,42,output,BRYBBYGYBYRRY,RYBGYBRGYRRRY,0.5384615384615384
S1_D16,6,3,43,output,BYRGYBBRBBYYG,BYRBBYYGRGYRR,0.3846153846153846
S1_D16,6,4,44,output,BYRGBRYYBGBYR,BYRBYGBRBBBYY,0.5384615384615384
S1_D16,6,5,45,output,BYRGBRBBYRGBY,BYRBGYBRRGBBY,0.6153846153846154
S1_D16,6,6,46,output,BRYBRBRGBRBYR,BYRBGYBBRRGGY,0.3076923076923077
S1_D16,6,7,47,output,RBRBBYRGBYBRB,BYRBRBRGBYGRY,0.5384615384615384
S1_D16,6,8,48,output,BYRGBRRRYBRGR,RBRBYGRBYBGBB,0.3076923076923077
S1_D16,7,0,,seed,YYYRRYYYBRGYR,BGYBYRGGRYRYR,0.3846153846153846
S1_D16,7,1,49,output,BRYBBRYBRGBRY,BGYBRYBGBRYRY,0.6153846153846154
S1_D16,7,2,50,output,BRYBRGRYBBRYB,BYRBYRRBBGBYR,0.3846153846153846
S1_D16,7,3,51,output,BRYBGRYYBRYBR,BRYBGYBRRBBYB,0.5384615384615384
S1_D16,7,4,52,output,RBGRYBRRBYRBG,BGYBRYGRBYGBR,0.5384615384615384
S1_D16,7,5,53,output,BYRBGRRBYRBGY,RBYBRGYGRRBBY,0.46153846153846156
S1_D16,7,6,54,output,YRGRYBGRBRYBR,RBYBYRBGYRGYB,0.3846153846153846
S1_D16,7,7,55,output,YRBYRBGRYBRGY,YRGBYRGYBGRBY,0.6153846153846154
S1_D16,7,8,56,output,YRGRYBRGYRBYG,YRBYRBYRGBRBY,0.5384615384615384
S1_D16,8,0,,seed,RRYBBYRYBBRRG,RBBGYYBYBYGGY,0.3846153846153846
S1_D16,8,1,57,output,RYBRYRGBRYBGR,RBBGYYBYBYBGY,0.46153846153846156
S1_D16,8,2,58,output,RYRGBRYRBGGRB,RYBRGYBGRYRGB,0.5384615384615384
S1_D16,8,3,59,output,RBYRGBYRBGRYB,RYBGYRGGBBGBG,0.3846153846153846
S1_D16,8,4,60,output,RBYBBRBGRYRBB,RBYRGYBGRBGBY,0.5384615384615384
S1_D16,8,5,61,output,RBYRGYRBBRYGY,RBYBRBBBGRYGR,0.5384615384615384
S1_D16,8,6,62,output,RGBRBBRBGRYRY,RBYRGYRBBYGRB,0.3846153846153846
S1_D16,8,7,63,output,RBYRGYRBBGRBY,RBGRGRBYGRYGR,0.5384615384615384
S1_D16,8,8,64,output,RGBRGGRBYGRYY,YRBYGRGBYGRBY,0.5384615384615384
S1_D16,9,0,,seed,BRYGBYBBGYBGG,YYRYYYBBRGGYG,0.3846153846153846
S1_D16,9,1,65,output,BRYGRYBRGBYRB,YRYYBYYYBRGYY,0.3846153846153846
S1_D16,9,2,66,output,YBYYRYYYBRGYY,BRGBYGRYRGBGR,0.3076923076923077
S1_D16,9,3,67,output,BRYBYGRYBRYBY,YBRYBYYYYGBGY,0.46153846153846156
S1_D16,9,4,68,output,YRBYBYRYYYGGY,BGYBRYBGBYBYB,0.23076923076923073
S1_D16,9,5,69,output,YBRBYRBYGBYRY,YBRGBYBRGYYYG,0.5384615384615384
S1_D16,9,6,70,output,YRBYGRYBRGYGY,YBYRBYRYGYRYY,0.46153846153846156
S1_D16,9,7,71,output,YRBYRGYRYYGYB,YRBGYBGBYYGYY,0.6153846153846154
S1_D16,9,8,72,output,YBYYYRYYYGYYY,YRBYYGRGYBYGY,0.5384615384615384
S1_D16,10,0,,seed,YYGBBRBGRYYGG,RGBYBRYBRGRGR,0.3846153846153846
S1_D16,10,1,73,output,YYGYBRYBYGRGY,RYBRGBYRGRGRG,0.46153846153846156
S1_D16,10,2,74,output,YRBYRGBRYYGYB,YYGYBRBGRYGYG,0.46153846153846156
S1_D16,10,3,75,output,YYGYBRGBRYGYB,YRBYGBYRBRGYG,0.46153846153846156
S1_D16,10,4,76,output,YGRYRBYRYBGYR,YYGYBRGBRGBGY,0.46153846153846156
S1_D16,10,5,77,output,YGRBRGRBRRGYY,YGRYBRYRGYRBY,0.5384615384615384
S1_D16,10,6,78,output,YRGYRBYBRGYRY,YGRYBRRRGGBYY,0.3846153846153846
S1_D16,10,7,79,output,BYRYBRYYYYYYY,YRGYBRYRGYBYY,0.6153846153846154
S1_D16,10,8,80,output,BYRBRGBYRGYBY,BYRRYBYYYYYYY,0.5384615384615384
S1_D16,11,0,,seed,GBYGBGYYBGBGB,YBYRGGGRGBGYR,0.3846153846153846
S1_D16,11,1,81,output,BYRGBRYRRYBYY,YBYYYBRGRGBYG,0.46153846153846156
S1_D16,11,2,82,output,YRBRBGRBYRYGY,BYGBYRGBRYYYY,0.3846153846153846
S1_D16,11,3,83,output,BRGBYRGRRRRYB,YRYGBGRBGYYYB,0.3846153846153846
S1_D16,11,4,84,output,BRYBGRYBRBBBR,BGYBRYGBGRRRY,0.3846153846153846
S1_D16,11,5,85,output,RYGRBBRYBGRYB,BYGBYRGBBBRBR,0.3846153846153846
S1_D16,11,6,86,output,GBYBRYBGRYBGY,RYGBYBRGYRGBY,0.46153846153846156
S1_D16,11,7,87,output,RGYBYBGBRYBRG,YBGRGBYRGBYYY,0.3076923076923077
S1_D16,11,8,88,output,YRYGBYRYBYGYY,RGYBYBGYBBYGR,0.3846153846153846
S1_D16,12,0,,seed,GGGYYYGBGBYBY,RRGGGRGYGGRRB,0.3846153846153846
S1_D16,12,1,89,output,GGGYYYGGGBYYB,RRGGGYGGBGBGB,0.46153846153846156
S1_D16,12,2,90,output,RYBRGGRGBRRRR,GGGYYYGGGYBYY,0.15384615384615385
S1_D16,12,3,91,output,YBGYRBYYBGYBY,RGYBRYBRRRRRR,0.23076923076923073
S1_D16,12,4,92,output,GYBRRYBRRRRRR,YBGYBRYYBGBYY,0.3076923076923077
S1_D16,12,5,93,output,BYRBGRBRYBYYY,GYBYBGRYRRRRR,0.3076923076923077
S1_D16,12,6,94,output,BYRGBYRRGBRYB,BYRBGYBRYBYYY,0.5384615384615384
S1_D16,12,7,95,output,RBGBBBRYBRYBY,BYRGBYRGRBYGY,0.3076923076923077
S1_D16,12,8,96,output,YRBYRGBRRBRYB,BRGBYBRBYBBBB,0.3846153846153846
S1_D16,13,0,,seed,RGYGGBYRBRRYY,BRBRRYGRRRBGB,0.15384615384615385
S1_D16,13,1,97,output,BRGRRRRRBYRBY,BRBRRRYGRBGBB,0.5384615384615384
S1_D16,13,2,98,output,RBGRYBGRRYBRG,BRGBYGRRRYYYB,0.3846153846153846
S1_D16,13,3,99,output,RYBRGBRYYRGBB,RBYGRYBGRYBBB,0.46153846153846156
S1_D16,13,4,100,output,RYGBBRYBRBYRG,RYBRGYBGRBYRG,0.6923076923076923
S1_D16,13,5,101,output,RYBRGRBYRBBGR,RYGBGRBGRYBGY,0.6153846153846154
S1_D16,13,6,102,output,RYBGRRYBRBYRG,RGYBRGYBGRYRG,0.6153846153846154
S1_D16,13,7,103,output,BYRBGRYYBRBRY,RYBRGYRRBYGRY,0.46153846153846156
S1_D16,13,8,104,output,BYRBGRYBRYBGR,BRGBBYGRYBBBB,0.3846153846153846
S1_D16,14,0,,seed,RRBGGGRBYRGGG,RRYRBRRRYYBBR,0.3076923076923077
S1_D16,14,1,105,output,RYBRGGRYRYBGR,RYBRRBBYRBYRR,0.5384615384615384
S1_D16,14,2,106,output,RYBGRRRYBRBYR,RYBRGYRRBYRGR,0.5384615384615384
S1_D16,14,3,107,output,YRBGRRYBRBYBR,RYBGRYGRBYGBY,0.5384615384615384
S1_D16,14,4,108,output,RBYGRGRBYGBYY,YBRYBRYGRYBRY,0.46153846153846156
S1_D16,14,5,109,output,YBRYBRYGRYBRY,RBYGRBYBYBYBY,0.3846153846153846
S1_D16,14,6,110,output,RBYGRBYBYBYBY,YBRYBRYGRYBRY,0.3846153846153846
S1_D16,14,7,111,output,YBRYBRYGRYBRY,RBYGRBYBYBYBY,0.3846153846153846
S1_D16,14,8,112,output,RBYGRBYBYBYBY,YBRYBRYBRYBRY,0.46153846153846156
S1_D16,15,0,,seed,RGGYRBRBBYRGY,YGYBYRYRYRRYY,0.3846153846153846
S1_D16,15,1,113,output,RGGYRBRBBRYBR,YGYYBYYRYRRYY,0.3076923076923077
S1_D16,15,2,114,output,YGYYBYYRYRYYY,RGYRGRBYBRBBG,0.23076923076923073
S1_D16,15,3,115,output,RGYRBRRBYRRBR,YGYYYBYYRYBGY,0.3076923076923077
S1_D16,15,4,116,output,YGYYYYYRYBRGY,RGYBRBYGYBRRY,0.5384615384615384
S1_D16,15,5,117,output,YGRBBRGYYBRYB,YGYYYYYRBGRYY,0.3846153846153846
S1_D16,15,6,118,output,YGYYYYBRGRBYR,YGRBYBRGRYYYY,0.5384615384615384
S1_D16,15,7,119,output,BRYBRRBYRBGRY,YGYYYYYBRGRBY,0.3076923076923077
S1_D16,15,8,120,output,RBYBBRBGRBRYB,YRBYRBRRBYRBG,0.46153846153846156
S1_D17,1,0,,seed,RRBRYGRBBYRYG,RYGGRYYGGBYGR,0.3076923076923077
S1_D17,1,1,1,output,RRBYGYBRBYGRB,RYGGRYYGGRYRG,0.3076923076923077
S1_D17,1,2,2,output,RYYGRYYGYRYGG,RRBYGRBYGYBRB,0.46153846153846156
S1_D17,1,3,3,output,RRBYGYBRRBYYB,RYYGRYBRYGRYR,0.46153846153846156
S1_D17,1,4,4,output,RYYGYBRYGYRBG,RRBYGYBRRBYGY,0.46153846153846156
S1_D17,1,5,5,output,RRBYGYBRRRBYG,RYYGYRBRYYGRG,0.46153846153846156
S1_D17,1,6,6,output,RRYGYRRRYGYRY,RRBYGYBRRRBYG,0.5384615384615384
S1_D17,1,7,7,output,RRBYGYBRRBYGY,RRYGYRRRYGYRY,0.6153846153846154
S1_D17,1,8,8,output,RRYGYRRRYGYRY,RRBYGYBRRBYGY,0.6153846153846154
S1_D17,2,0,,seed,BBBYYGBBYGGGG,BBRYRRRRRYBGY,0.3076923076923077
S1_D17,2,1,9,output,BBBYGBYGGGGGG,BYBRRRRRRBYGG,0.3076923076923077
S1_D17,2,2,10,output,BBBYGYBBBBYGG,BBYGYBYGGGGGG,0.5384615384615384
S1_D17,2,3,11,output,BBYYBGGGGGGGG,BBYGYBBBBYGGG,0.5384615384615384
S1_D17,2,4,12,output,BBYGBBBBYGGGG,BBYBBYGGGGGGG,0.6153846153846154
S1_D17,2,5,13,output,BBYBYGGGGGGGG,BBYBGYBYGGGGG,0.6923076923076923
S1_D17,2,6,14,output,BBBYGBBYGGGGG,BBYBYGYGGGGGG,0.6923076923076923
S1_D17,2,7,15,output,BBBYBBYGGGGGG,BBBYGBYGGGGGG,0.9230769230769231
S1_D17,2,8,16,output,BBBYGYBYGGGGG,BBBYBBYGGGGGG,0.7692307692307692
S1_D17,3,0,,seed,YYBYRYBGRGRGR,GBYGBBBYRRGGB,0.3076923076923077
S1_D17,3,1,17,output,YYBRGRGRGRGRG,GGBGYBBYYRRBB,0.15384615384615385
S1_D17,3,2,18,output,GGYBBYGGBRGYB,YYBYBRGRGRGRG,0.3846153846153846
S1_D17,3,3,19,output,YYBRBYBRGRGRG,GGYBBYGBYRRGY,0.3846153846153846
S1_D17,3,4,20,output,GGYBRBYGYBRGR,YYBRBYBRGRGRG,0.5384615384615384
S1_D17,3,5,21,output,YYBRGRGRGRGRG,GGYBRBYGRGRGR,0.6153846153846154
S1_D17,3,6,22,output,GGYBRGRGRGRGR,YYBRGRGRGRGRG,0.7692307692307692
S1_D17,3,7,23,output,YYBRGRGRGRGRG,GGYBRGRGRGRGR,0.7692307692307692
S1_D17,3,8,24,output,YYBRGRGRGRGRG,YYBRGRGRGRGRG,1.0
S1_D17,4,0,,seed,GRRYYRBYBGYRR,RYYBRBRYBBBYY,0.3846153846153846
S1_D17,4,1,25,output,GGYRYGBGYRGRR,RYYBRYBBBYBYB,0.3076923076923077
S1_D17,4,2,26,output,RRYRYBYBYBBRY,GYRGBYRYRGRGR,0.3846153846153846
S1_D17,4,3,27,output,GYRYGYBGRYRGR,RRBYBYBRBYBYB,0.3076923076923077
S1_D17,4,4,28,output,RRBYBRYBRYYBY,YRYBGYRGYGRGB,0.3076923076923077
S1_D17,4,5,29,output,YYRGRBRYGYBRY,RRYBRBYYBRYRB,0.3846153846153846
S1_D17,4,6,30,output,YYBRYRYBGBYRY,YYRGYBBYYRGYB,0.46153846153846156
S1_D17,4,7,31,output,YYBYRGYBGRYBR,YBYYBRYGYBRYR,0.5384615384615384
S1_D17,4,8,32,output,YYRYBRYBYRYBY,YYRGYBRGRYGRY,0.5384615384615384
S1_D17,5,0,,seed,BRRYRYRBBRBYR,GBBGYGYRRBGYR,0.46153846153846156
S1_D17,5,1,33,output,BBRYBRBBYRBYB,GGYBGYRGYGYGY,0.15384615384615385
S1_D17,5,2,34,output,GGYGYRGBYRGYG,BRYYBRBBYRBYB,0.46153846153846156
S1_D17,5,3,35,output,GGYRBYRRGYRBY,GYGGRGYRGBRGG,0.46153846153846156
S1_D17,5,4,36,output,GGYRYGGYRBGYR,GYRBYBRGYBRYG,0.46153846153846156
S1_D17,5,5,37,output,GYRRYGBYRGYRG,GGYRBRYGGYRBG,0.5384615384615384
S1_D17,5,6,38,output,GGYRYGYRYGYBG,GYRRRRGYRBYRG,0.46153846153846156
S1_D17,5,7,39,output,GYGRRRGYBBGYB,GYRYGBYRGYGYG,0.46153846153846156
S1_D17,5,8,40,output,GGYGYRGYBYGYG,GYRRGGBBYBYGG,0.46153846153846156
S1_D17,6,0,,seed,GYRGBBRGYRRRB,GBBRGRRRBRBBB,0.46153846153846156
S1_D17,6,1,41,output,GYRYYGBGYGYRG,GBRRGRGRBGBBB,0.3076923076923077
S1_D17,6,2,42,output,GRGBGRGRBGBBB,GYRGYGBYGBYRG,0.3076923076923077
S1_D17,6,3,43,output,GYBGRGBGYRGBY,GRGBGRGBBBGBB,0.5384615384615384
S1_D17,6,4,44,output,GRGBGRGBGBBGB,GRGYBGBRGBYYY,0.46153846153846156
S1_D17,6,5,45,output,GGBYGYBGYBGBY,GRGBGRGBYBGYR,0.46153846153846156
S1_D17,6,6,46,output,GBGRGGBGRYBYB,GGYRGBYGBYGGG,0.3846153846153846
S1_D17,6,7,47,output,GGYBYGGGYBGGY,BGRGGBGYBYBYB,0.3846153846153846
S1_D17,6,8,48,output,BBYBYGYBYBYYG,GGYBGYGGBYBGG,0.5384615384615384
S1_D17,7,0,,seed,GYGGRYRRGBGRY,YYYYYGBYRYBRY,0.3846153846153846
S1_D17,7,1,49,output,GGRYGBYRYGYGG,YYYYYGBYRBRYY,0.3846153846153846
S1_D17,7,2,50,output,YYYYYYGYBYRYG,GGYRRYRGGYGGG,0.3076923076923077
S1_D17,7,3,51,output,GGYRYGYRBYGGG,YYYYYYGYBYRYG,0.46153846153846156
S1_D17,7,4,52,output,YYYYGYRYGYGYR,GGYRBGYRBRYBG,0.3076923076923077
S1_D17,7,5,53,output,GGGGYRGYRBYGY,YYYYGYRYGYRYG,0.46153846153846156
S1_D17,7,6,54,output,YYYYRYGYGYRYY,GGGGYRGYBRYGY,0.3846153846153846
S1_D17,7,7,55,output,GGGYGYRYGYRRG,YYYYRYGYRYGYY,0.46153846153846156
S1_D17,7,8,56,output,YYYYRYGYGGYRY,GGGYRYGYRYRGG,0.46153846153846156
S1_D17,8,0,,seed,BGRGBGYRRYGRY,YGRGRYRGGRBBR,0.3846153846153846
S1_D17,8,1,57,output,YYYRYGYRYGYYR,GYRGRYRGRBBBB,0.23076923076923073
S1_D17,8,2,58,output,GYRYGYRGYBBBB,YYYRYGYGYRYYY,0.46153846153846156
S1_D17,8,3,59,output,GGGYGRRGYGYGB,GYRYGYGYRYGBB,0.5384615384615384
S1_D17,8,4,60,output,GYRYGYRGGYBBB,GGGYRYGYGBBBB,0.6153846153846154
S1_D17,8,5,61,output,GGYRYGYYBBBBB,GYRGGYGYGGBBB,0.6153846153846154
S1_D17,8,6,62,output,GGYRYGBYGGYGY,GGYRYGGYBBBBB,0.5384615384615384
S1_D17,8,7,63,output,GGYRYGYBBBBBB,GGYRYGBYGYYGG,0.46153846153846156
S1_D17,8,8,64,output,GGYRYGYYGYRRY,GYRYGGYBBBBBB,0.3846153846153846
S1_D17,9,0,,seed,RRRRYRYBGGYRY,RGRYYBBRBGGGB,0.3846153846153846
S1_D17,9,1,65,output,RRRYRRBGGBGGG,RGRYRBYRGGGGG,0.6153846153846154
S1_D17,9,2,66,output,RYRYYGGGGYGYG,RRRYRYRBGGGGG,0.5384615384615384
S1_D17,9,3,67,output,GGYRYGYYRYGYG,RRYRYBGYGYGYG,0.6153846153846154
S1_D17,9,4,68,output,RRYGYBYGYRYBY,GGYRYGGYRYGGG,0.3846153846153846
S1_D17,9,5,69,output,GYRYYGYGYRYGG,RRYBYGRBYBYBY,0.3846153846153846
S1_D17,9,6,70,output,RRBYGYRBYYBYB,GRYGRYBYGGGGG,0.3076923076923077
S1_D17,9,7,71,output,GGYRYGBYGBYGY,RRBYGYBRYBYBY,0.3846153846153846
S1_D17,9,8,72,output,RRBYBRBYBRBYB,GGYBRYGYBYYGY,0.3076923076923077
S1_D17,10,0,,seed,RRBYRYBYGGRBB,GRBGRRRYRRYRR,0.3076923076923077
S1_D17,10,1,73,output,RRBYBRBBYBBGG,GRBRGRRYRBYRR,0.3076923076923077
S1_D17,10,2,74,output,GGRYRRYBBBRRG,RBYBRBBYBYGGG,0.3076923076923077
S1_D17,10,3,75,output,RRBYBRBBYGYBR,RRYGYBRYBBBRR,0.46153846153846156
S1_D17,10,4,76,output,GGYRYGYYBRYGY,RRBYBRBBYGYBG,0.23076923076923073
S1_D17,10,5,77,output,RRBYYRBYGYYRB,RRYGYRBBRYGYY,0.5384615384615384
S1_D17,10,6,78,output,RRYGYRGYYRYGY,RRBYRBYYGYYBB,0.46153846153846156
S1_D17,10,7,79,output,RRBYBBYGYBRRB,RRYGRYRYGYGGY,0.3076923076923077
S1_D17,10,8,80,output,RRYGYYYRYYRYR,RRBYBBRBYGYRB,0.46153846153846156
S1_D17,11,0,,seed,GGBBGRGRRGGGG,RRBBBRYRYRRRY,0.3076923076923077
S1_D17,11,1,81,output,GGBBGRGRRGRGB,RRBBRYRYBYRRR,0.3076923076923077
S1_D17,11,2,82,output,RRBYYBRRBYBRB,GRGRGBRGRGBBG,0.3076923076923077
S1_D17,11,3,83,output,GGRGBGRGBGBBG,RRBYBYBRRYBBR,0.23076923076923073
S1_D17,11,4,84,output,RRBYRRYBRBBBB,GGRGBGRGBGRGB,0.23076923076923073
S1_D17,11,5,85,output,GGRGBGRRRBGGB,RRBYRRYBRBBBB,0.3846153846153846
S1_D17,11,6,86,output,RRBYYBRBYBBBB,GGGBRRRGBGBBG,0.23076923076923073
S1_D17,11,7,87,output,GGRGBBGBRGBRG,RRBYYBRBYBBBB,0.23076923076923073
S1_D17,11,8,88,output,RRBYBBRYBRYBG,RRGRGGBGRGBGB,0.3076923076923077
S1_D17,12,0,,seed,GYYRYYGYRBYRG,RBRRYRYRBGRGG,0.46153846153846156
S1_D17,12,1,89,output,GGRGBYGYBRYYG,RRBRYYRYRBRGG,0.3076923076923077
S1_D17,12,2,90,output,GGRYGGBYGBYGR,RRGRGYRBBRYGG,0.3076923076923077
S1_D17,12,3,91,output,RRBYGYBRYBYGG,GGRYGGYBGGYGB,0.3846153846153846
S1_D17,12,4,92,output,GRGYYGGRBYYBB,RRBRGYBRGYGGG,0.23076923076923073
S1_D17,12,5,93,output,RRBYBRRBBBGYR,GGYRGGRBYBRBB,0.23076923076923073
S1_D17,12,6,94,output,GGYBYYGYRBYGG,RRBRRYBBRRGGG,0.3076923076923077
S1_D17,12,7,95,output,RRYGRRGBYGRRR,GYGYYBRYGYBRG,0.3076923076923077
S1_D17,12,8,96,output,GGBRBYGGYBRGR,RRYGRRYBRYGRR,0.3846153846153846
S1_D17,13,0,,seed,BRRYBGBGRRBYR,BYYBBRRGBYGBB,0.3846153846153846
S1_D17,13,1,97,output,GGBBYGBRBYGBR,BBYBBRGGBRYBG,0.3846153846153846
S1_D17,13,2,98,output,BBYRYBBBBBBYB,RYBRYGBRYGBRG,0.3076923076923077
S1_D17,13,3,99,output,RRYBYGYBBGYBG,BBYRBYBBBBBBY,0.3846153846153846
S1_D17,13,4,100,output,RRBYBBBBBBBBY,BBRYBYGBBGYYY,0.3846153846153846
S1_D17,13,5,101,output,RRYGYBYGYYBYG,RYBBBBBBBBBYY,0.3076923076923077
S1_D17,13,6,102,output,BBYGYBYGYBRBY,BBRYGYRBYYRYG,0.5384615384615384
S1_D17,13,7,103,output,GGYBYRBBYGYBY,BBYBYGYBYGYRY,0.6153846153846154
S1_D17,13,8,104,output,BBYGYBYGYYBRR,BBYBYYRBRYBYY,0.46153846153846156
S1_D17,14,0,,seed,YBGRGYBYRBGRY,GYRBRGBYGGBBG,0.3076923076923077
S1_D17,14,1,105,output,YYRGRGYBYBRYB,GYRBBRGGGBBGG,0.3076923076923077
S1_D17,14,2,106,output,YYBYGGBYGBBYR,GYRGBRGYYRGYB,0.23076923076923073
S1_D17,14,3,107,output,GGYRYGYYRYGYB,YYRGYYBYYYRGB,0.46153846153846156
S1_D17,14,4,108,output,BBYRYBYGYYBYG,YYGYYGYGYYBBB,0.46153846153846156
S1_D17,14,5,109,output,YGYYYGYYBBBBB,YYBYYBRYYYGYB,0.3846153846153846
S1_D17,14,6,110,output,YYGYBYGYRRYGB,YYGYYYGYBBBBB,0.6153846153846154
S1_D17,14,7,111,output,BYYBYYGYBYBGY,YYGYBYGYYBRGB,0.5384615384615384
S1_D17,14,8,112,output,YYYRYBYGGYRBY,YYGYYYBYBGYGY,0.6153846153846154
S1_D17,15,0,,seed,GYBBYGYYBGGRR,BYBRBGBRYBGGB,0.46153846153846156
S1_D17,15,1,113,output,GYBYGYRYYGGYB,BBYRYGYRBGGGG,0.46153846153846156
S1_D17,15,2,114,output,YRYYBYYRYGGGG,BYGBYRGYGYGBY,0.3846153846153846
S1_D17,15,3,115,output,GBGGYBGYRGYBG,YRGYBYYYRYGGG,0.3846153846153846
S1_D17,15,4,116,output,YGYYRYYYBYGYY,GYGGYBRYBYGRG,0.46153846153846156
S1_D17,15,5,117,output,GGYRYGGBYGGYR,YGYYYBRYYRGYY,0.46153846153846156
S1_D17,15,6,118,output,GGYRYGGYRYYGB,GGYGGRGBYGRYG,0.46153846153846156
S1_D17,15,7,119,output,GGYRYGGYBYYGY,GYGGYRGYYGYYB,0.46153846153846156
S1_D17,15,8,120,output,GGYGGYBYGGYRG,GGGYYRYYBRGYY,0.3846153846153846
S1_D18,1,0,,seed,GYYRGYBYBBYGR,BYGBBBBBBYBGG,0.3846153846153846
S1_D18,1,1,1,output,GYYRRGYRBBGYY,BYGBBBBBBYBGG,0.23076923076923073
S1_D18,1,2,2,output,YGBBBBBYGBRYB,GYYRRRBGBYYBY,0.3076923076923077
S1_D18,1,3,3,output,GYYRBGYYBRBYB,YGBBBYBRBYGYB,0.46153846153846156
S1_D18,1,4,4,output,YGBBBRYGBGBYY,GYRBBBYGYRBGY,0.5384615384615384
S1_D18,1,5,5,output,GYRBBBYGBRGYB,YGBBBRBGGBRBG,0.3846153846153846
S1_D18,1,6,6,output,YGBRBBYGRBGGY,GYRBBBGYRBGYY,0.6153846153846154
S1_D18,1,7,7,output,GYBRGBRGYYBRG,YGBRBBGYGBRRG,0.5384615384615384
S1_D18,1,8,8,output,YGBRGYRRBGBRR,GYBRGBRGBRGYR,0.46153846153846156
S1_D18,2,0,,seed,YBRBRYGYYRGBB,BGRRYYYYYBBRG,0.3846153846153846
S1_D18,2,1,9,output,YRBGYRRBYGRBB,BGRBYYYYYBRGB,0.3846153846153846
S1_D18,2,2,10,output,BGRBBBGRYBGRB,YRBYRRYGBGBBB,0.3846153846153846
S1_D18,2,3,11,output,YRBYRGBYGRRBY,BGRBBBGYRYBBG,0.3076923076923077
S1_D18,2,4,12,output,YRGYGRBBGYRBG,YRGYRBGRYBBGR,0.6153846153846154
S1_D18,2,5,13,output,YRGYBRGYBRRGY,YRGYGRBBGRYGB,0.5384615384615384
S1_D18,2,6,14,output,YRGYRBBYRBGYR,YRGYGYYBRGBGG,0.46153846153846156
S1_D18,2,7,15,output,YRGYRGYYBGRBG,YRBYRGYRBBGRY,0.6153846153846154
S1_D18,2,8,16,output,YRBYYRGYBGGBR,YRGRGYYBGRYGB,0.46153846153846156
S1_D18,3,0,,seed,BYBYGBYBYRBBB,GBRYBBBBRGGBB,0.3846153846153846
S1_D18,3,1,17,output,BYRBBGYBRRYBG,GBYRGBYRBBBGR,0.46153846153846156
S1_D18,3,2,18,output,YRGYBRGYBGGRB,BRYBRYBBYRGRY,0.46153846153846156
S1_D18,3,3,19,output,BYGRBYRGYYRGY,YRGYBRGYBGGRY,0.46153846153846156
S1_D18,3,4,20,output,RYBGRYBRBGGRY,BYGRBYRGYYRGR,0.3076923076923077
S1_D18,3,5,21,output,BYGRBYRBYYGRG,RYBGRYBRYBGRY,0.46153846153846156
S1_D18,3,6,22,output,RYBGRBYGYBGRY,BYGRBYGRYYRYG,0.5384615384615384
S1_D18,3,7,23,output,RBYGRBYGYYGRY,RYBGYBRGYBGRY,0.6153846153846154
S1_D18,3,8,24,output,RYBGYBRGRYBRG,RBYGRBGYRYYYB,0.3846153846153846
S1_D18,4,0,,seed,BBRYYBBBYGGBR,BRBRRGRBGRGYY,0.3076923076923077
S1_D18,4,1,25,output,BBRYYRBBBYGRB,BRBRGRBRGRRYY,0.3076923076923077
S1_D18,4,2,26,output,BRBRGBGRBGRYY,BBRBBYBBRYGRY,0.5384615384615384
S1_D18,4,3,27,output,BBRBRYBRGYBRG,BGBGRBGRYGRYY,0.3846153846153846
S1_D18,4,4,28,output,GBRGBRGBYGRYY,BRBRYBBRYBBRG,0.3076923076923077
S1_D18,4,5,29,output,YRBBYRYRBBYGR,GBGBRGBYYRGYY,0.23076923076923073
S1_D18,4,6,30,output,BGRBGRBYYRGYY,YYRBBYRRYYBBG,0.3076923076923077
S1_D18,4,7,31,output,YRBGRRYBGYRRB,BGRBGRBYYRGYY,0.3846153846153846
S1_D18,4,8,32,output,BGRBGRBGYRBYY,YRBRYRBGRYYBB,0.3846153846153846
S1_D18,5,0,,seed,BRYRGBBBGBBYG,RRBBRGBRGYBRG,0.46153846153846156
S1_D18,5,1,33,output,BGRBYBBRGYRBY,BRYRBBRYYRBRG,0.5384615384615384
S1_D18,5,2,34,output,BRYRBBRYBRYBG,YRBRYRBGRYYBY,0.5384615384615384
S1_D18,5,3,35,output,YRBRYRBRYRBYR,BRYRBRYBBRYBG,0.5384615384615384
S1_D18,5,4,36,output,BRYRBBYRBRYRB,YRBRYRBRYRBYR,0.6153846153846154
S1_D18,5,5,37,output,YRBRYRBYRBGYR,BRYRBBYRBRYYR,0.6153846153846154
S1_D18,5,6,38,output,BRYRBYYRBRYRB,YRBRYRBYGBRYY,0.5384615384615384
S1_D18,5,7,39,output,YRBRYRYBRGYYY,BRYRBRYYRRYYB,0.5384615384615384
S1_D18,5,8,40,output,BRYRBYYRBYRBB,YRBRYRYBRYGYY,0.3846153846153846
S1_D18,6,0,,seed,GRBYBGYGGYRYY,BGGBGYBBGGBRB,0.3846153846153846
S1_D18,6,1,41,output,GYRGYBRGYRYYG,BGGYGGBBRYBBB,0.3076923076923077
S1_D18,6,2,42,output,GYGGYGBRGYRBG,YRYRGYGYYBGGG,0.3076923076923077
S1_D18,6,3,43,output,YRGYRYGYRGYRG,YRGYRGYRYRYBG,0.6923076923076923
S1_D18,6,4,44,output,YRGYRGYRYYBRG,YRGYGRGYRGYGY,0.6153846153846154
S1_D18,6,5,45,output,YRGYGRYGRYGRY,YRGYRGYYBRGGG,0.5384615384615384
S1_D18,6,6,46,output,YRGYRGYBGRGYB,YRGRYGRYRYGRY,0.46153846153846156
S1_D18,6,7,47,output,YRGYRGYBGRYGR,YRGYBGRYGRRYY,0.5384615384615384
S1_D18,6,8,48,output,YGRYBGRYBGRYG,YRGYBGRYRGYBB,0.5384615384615384
S1_D18,7,0,,seed,BRYBGGYYYRYGG,YYYYBYBRRRBRG,0.23076923076923073
S1_D18,7,1,49,output,BRGYBRYYYRGYR,YYYYBYBRRRBGG,0.23076923076923073
S1_D18,7,2,50,output,YYYYBYRBYRYGG,RGBRGBYYYGYYR,0.23076923076923073
S1_D18,7,3,51,output,RGRBYYRGBYBBR,YYYYBYBRGYRGG,0.3076923076923077
S1_D18,7,4,52,output,YYYYBYRBGRYGG,RGRBYYRGBYYBY,0.23076923076923073
S1_D18,7,5,53,output,BGYRBBGYRBGYY,YYYYBYBGYGGGG,0.3846153846153846
S1_D18,7,6,54,output,YYYYBYBGRBGGG,YYYBYRYBGRYYY,0.5384615384615384
S1_D18,7,7,55,output,YYYBYRBYYBRYY,YYYYBYBRYBGGG,0.5384615384615384
S1_D18,7,8,56,output,YYYYBYRBYRGGG,YYYYBYBRRBYYY,0.5384615384615384
S1_D18,8,0,,seed,GYBGRRRGGYBRB,BBYBBGYGYBBGB,0.3076923076923077
S1_D18,8,1,57,output,GYRGYBBRGYRBG,BBBYBBGBBYBBB,0.3076923076923077
S1_D18,8,2,58,output,BBBBYBYGBYRGB,YYYYYRGGRYBBR,0.23076923076923073
S1_D18,8,3,59,output,YYYYYRGRYGRBB,YYYYBRGBYRGBB,0.6923076923076923
S1_D18,8,4,60,output,YYYYYRGBRBBBB,YYYYRGYRGBBBB,0.7692307692307692
S1_D18,8,5,61,output,YYYYRGYRGYBBB,YYYYRGRYRYBBB,0.8461538461538461
S1_D18,8,6,62,output,YYYYYRGYRBBBB,YYYYRGYRGBBBB,0.8461538461538461
S1_D18,8,7,63,output,YYYYRGRYGBBBB,YYYYRGYRRBBBB,0.7692307692307692
S1_D18,8,8,64,output,YYYYRGYRGBBBB,YYYYRGRYGBBBB,0.8461538461538461
S1_D18,9,0,,seed,RBYRBYGBGRBYG,GGGRGBRGYGRBG,0.46153846153846156
S1_D18,9,1,65,output,RBYRBYRBGRBGB,GGGRGBRGYGRBG,0.3846153846153846
S1_D18,9,2,66,output,GGGRGBYRBYGRB,RBYRBYGRYBRGB,0.3846153846153846
S1_D18,9,3,67,output,RBYRBYRBGYRBY,GGGRGBYRGBRYY,0.46153846153846156
S1_D18,9,4,68,output,GYRGYRGYBRGYR,RBYRBRBGYRBYY,0.3846153846153846
S1_D18,9,5,69,output,RBYRBRBYGRBYR,GYRGYRGYBRGYR,0.46153846153846156
S1_D18,9,6,70,output,GYRGYRGYBRGYR,RBYRBRBYRBGYR,0.46153846153846156
S1_D18,9,7,71,output,RBYRBRGBRGYRB,GYRGYRGYBRGYR,0.5384615384615384
S1_D18,9,8,72,output,GYRGYBRGYRGYB,RBYRBYRBGYRGB,0.5384615384615384
S1_D18,10,0,,seed,GBBRYYRBRRYRR,GRYGGBRBRGRRY,0.46153846153846156
S1_D18,10,1,73,output,GYRBGYRBGYRRB,GRYGBRGBGRRYR,0.46153846153846156
S1_D18,10,2,74,output,GYRGYRRBYBRGR,GYRBGYRBGYRRB,0.5384615384615384
S1_D18,10,3,75,output,GYRGYBRGYRBGB,GYRGYBRGYRGGR,0.8461538461538461
S1_D18,10,4,76,output,GYRGYBRGBYGRB,GYRGBRGYRRGBB,0.6153846153846154
S1_D18,10,5,77,output,YRGYRBYRYGGBB,GYRGYRGBYRGRR,0.5384615384615384
S1_D18,10,6,78,output,YRBGRYGRRBYBR,YRGYRBGGYRGBB,0.3846153846153846
S1_D18,10,7,79,output,YRGYRGBRGRBGR,YRGYBRRYYRGBB,0.46153846153846156
S1_D18,10,8,80,output,YRGYBRGYRGBBB,YRGYRGYBGRYGR,0.5384615384615384
S1_D18,11,0,,seed,BBYGRGBRBBYRR,YBRYYGYBRRRBR,0.3076923076923077
S1_D18,11,1,81,output,BYGRGBYGRBYRR,YBRYBRYYRRRBR,0.3846153846153846
S1_D18,11,2,82,output,YRBYRRBGRBYGR,BYGRBYGGRBYRR,0.5384615384615384
S1_D18,11,3,83,output,BYGRBYGGRBYRB,YRBYRBYGRBYRR,0.6153846153846154
S1_D18,11,4,84,output,YRBGRBRRGYRBB,BYGRBYGGRBYRB,0.3846153846153846
S1_D18,11,5,85,output,BYGRBYGGRBYGR,RGBGRGRRGYRBB,0.23076923076923073
S1_D18,11,6,86,output,RGRBGGRBYRGBR,BYGRBYGGRBGRR,0.5384615384615384
S1_D18,11,7,87,output,YGRBYRGBBRGYR,RGRYBYGGBYGRG,0.46153846153846156
S1_D18,11,8,88,output,YBRGGYRBGRBYY,YGRYRGBBGRRBY,0.46153846153846156
S1_D18,12,0,,seed,RBYRGGRGBBGGB,GGYBYBYGRBYRY,0.23076923076923073
S1_D18,12,1,89,output,RBYRGGBYRGBRY,RGRYRBYGRBYRY,0.46153846153846156
S1_D18,12,2,90,output,RBYRGBRGYRBYB,RBYRYRBYGRGBY,0.5384615384615384
S1_D18,12,3,91,output,RBYRYBRYGRBGR,RYBYRGRGRBYBB,0.46153846153846156
S1_D18,12,4,92,output,RBYRBGRYBRGYR,RBYRYBRBGRYGB,0.46153846153846156
S1_D18,12,5,93,output,RBYRYBRGRBYGB,BRYBRGYGRYRGG,0.46153846153846156
S1_D18,12,6,94,output,BRYBRYGBRGYRG,RBYRYRGYBYGBB,0.3076923076923077
S1_D18,12,7,95,output,RBYRYRGRBGRBY,BRYBRYGBRGYRG,0.3076923076923077
S1_D18,12,8,96,output,BRYBRYRBGRBYG,RBYRYRGBRGRBY,0.5384615384615384
S1_D18,13,0,,seed,BBGYYBYGRGYYG,GBGRBRBGBBGBB,0.23076923076923073
S1_D18,13,1,97,output,BRGYRBBGRYBGR,GBGRBRGBGBGBB,0.3846153846153846
S1_D18,13,2,98,output,GBRGBRYRGBGBB,BRGRYBGRYRRBB,0.46153846153846156
S1_D18,13,3,99,output,BGRGBYRGBRGRY,GBRGBRGYGRGBB,0.46153846153846156
S1_D18,13,4,100,output,GBRGBRGYRBGYB,BGRGBYRGBGRGY,0.46153846153846156
S1_D18,13,5,101,output,YBRGBRGYRBGRB,GBRGBRGYGRGYB,0.6923076923076923
S1_D18,13,6,102,output,YRBGRYYBGRBYR,YBRGBRGBRYGRB,0.3846153846153846
S1_D18,13,7,103,output,YBRGBYRBGRYBR,RYRGYRGYGRGBG,0.46153846153846156
S1_D18,13,8,104,output,YRGBYGYBRGRYB,YBRGBYRBGRYBG,0.6153846153846154
S1_D18,14,0,,seed,RGRYGBBBGBGGY,RYBRYRGBBYBRR,0.3846153846153846
S1_D18,14,1,105,output,RYGRYGRYBRGYR,RYBGYBGBRYGRY,0.46153846153846156
S1_D18,14,2,106,output,RYBGYRBGRBGRY,RYGRYGRYBYRGR,0.46153846153846156
S1_D18,14,3,107,output,RYGRYGRBYGRYG,RYBGYBGRYBGRY,0.5384615384615384
S1_D18,14,4,108,output,RYBGYRBGRYBRY,RYGRYGRBRYGRG,0.5384615384615384
S1_D18,14,5,109,output,RYGRYGRBGRYBG,RYBGYRBGRGRYY,0.5384615384615384
S1_D18,14,6,110,output,RYGRYBRGYRBYG,RYGRYGRBYGRYG,0.6923076923076923
S1_D18,14,7,111,output,RYGRYGRBYGRYG,RYGRYBRGYRBRG,0.6153846153846154
S1_D18,14,8,112,output,RYGRYBRGYRGRY,RYGRYGRBYGRYG,0.6923076923076923
S1_D18,15,0,,seed,RYRGGRBYRRRYG,RYYGBRRBYBRRG,0.6153846153846154
S1_D18,15,1,113,output,YRGYRBGRYRGYR,RYGRRBBBYRGGG,0.46153846153846156
S1_D18,15,2,114,output,RYBRGBBBYRGGG,YRGYBGRYRGGRR,0.46153846153846156
S1_D18,15,3,115,output,YRGBYRRBGRYBR,RYBRYBRBYRGGG,0.3846153846153846
S1_D18,15,4,116,output,RYBRYBRYBGGGG,YRGBYRGBYRGRR,0.3076923076923077
S1_D18,15,5,117,output,YRBGYRBGYBRRR,YBRYBRYBGGGGG,0.3076923076923077
S1_D18,15,6,118,output,YRBYRBYRGGGGG,YRBGYRBGYBRRR,0.3846153846153846
S1_D18,15,7,119,output,YRBGYRBBGRYRB,YRBYRBYRGGGGG,0.46153846153846156
S1_D18,15,8,120,output,YRBYRBYRGGGGG,YRBGRBYRGRYRB,0.6153846153846154
S1_D19,1,0,,seed,BBGGBGGYRYRRY,RYYGRBBYGGYRG,0.23076923076923073
S1_D19,1,1,1,output,BBGGBBBBYYRRY,RYYGRBYGRBGGG,0.15384615384615385
S1_D19,1,2,2,output,RYYRYGRBGGGGG,BBGGBBBBYYRRB,0.07692307692307687
S1_D19,1,3,3,output,BBGGBBBBRYRBB,RYYRYRBGRBGGG,0.15384615384615385
S1_D19,1,4,4,output,RYYRRBYBGGGGG,BBGGBBBBRBYRB,0.15384615384615385
S1_D19,1,5,5,output,BBGGBBBBYRBBB,RYYRBYBGGGGGG,0.15384615384615385
S1_D19,1,6,6,output,RRYYBYYBGGGGG,BBGGBBBBYRBBB,0.15384615384615385
S1_D19,1,7,7,output,BBGGBBBBYRBBB,RRYYBYBYBGGGG,0.15384615384615385
S1_D19,1,8,8,output,RRYYBYBYBGGGG,BBGGBBBBYRBBB,0.15384615384615385
S1_D19,2,0,,seed,GGBRRGRRBRRBR,RBGYYGYBRGGYY,0.15384615384615385
S1_D19,2,1,9,output,GBRBRBRBRRRRR,RBGYYGYRBGGYG,0.15384615384615385
S1_D19,2,2,10,output,RBGYYGBRYYGGG,GBRBRBRBRRRRR,0.15384615384615385
S1_D19,2,3,11,output,GBRBRBRRRRRRR,RBGYYGBRYYGGG,0.15384615384615385
S1_D19,2,4,12,output,RBGYYGBRYYGGG,GBRBRBRRRRRRR,0.15384615384615385
S1_D19,2,5,13,output,GBRBRBRRRRRRR,RBGYYGBRYYGGG,0.15384615384615385
S1_D19,2,6,14,output,RBGYYGBRYYGGG,BRBRBRRRRRRRR,0.15384615384615385
S1_D19,2,7,15,output,BRBRBRRRRRRRR,RBGYYGBRYYGGG,0.15384615384615385
S1_D19,2,8,16,output,RBGYYGBRYYGGG,BRBRBRRRRRRRR,0.15384615384615385
S1_D19,3,0,,seed,RRYYYRYYRBGBY,BRGYRYBRRBYRY,0.46153846153846156
S1_D19,3,1,17,output,RRYYRRYYYBYRB,BRGYBYRRBYRYR,0.46153846153846156
S1_D19,3,2,18,output,BGYBRYRYRYRYY,RRYYRRYYYBRYB,0.46153846153846156
S1_D19,3,3,19,output,RRYYRRYYYBRYB,BGYBRYRRYYRYR,0.46153846153846156
S1_D19,3,4,20,output,BGYBRYRYRYRRY,RRYYRRYYYBRYB,0.46153846153846156
S1_D19,3,5,21,output,RRYYRRYYYBRYB,BGYBRYRYRYRRY,0.46153846153846156
S1_D19,3,6,22,output,BGYBRYRYRRYRR,RRYYRRYYYBRYB,0.3846153846153846
S1_D19,3,7,23,output,RRYYRRYYBRYBB,BGYBRYRYRRYRR,0.3846153846153846
S1_D19,3,8,24,output,BGYBRYRRYRYRR,RRYYRRYYYBRYR,0.46153846153846156
S1_D19,4,0,,seed,BYRGGRRYRYYGY,RYYGBGBBYRRRG,0.3846153846153846
S1_D19,4,1,25,output,BYRGGBYRGRGRG,RYYGBGBBRYYGB,0.3846153846153846
S1_D19,4,2,26,output,YYYGBRYGRYGRG,BYRGGBYRGRGRG,0.5384615384615384
S1_D19,4,3,27,output,BYRGGBYRGRGRG,YYYGBRYGRBYYG,0.3846153846153846
S1_D19,4,4,28,output,YYYBRGBRYYYYY,BYRGGBRGRGRGR,0.23076923076923073
S1_D19,4,5,29,output,GBYGGBYRRGRGR,YYYBRGBRGYYYY,0.23076923076923073
S1_D19,4,6,30,output,YYYBRGBRGYYYY,GBYGGBRBYGRGR,0.3076923076923077
S1_D19,4,7,31,output,GGGBYGBRBRGRG,YYYBRGBRGYYYY,0.3076923076923077
S1_D19,4,8,32,output,YYYBRGBRGYYYY,GGGBYGBRBRGRG,0.3076923076923077
S1_D19,5,0,,seed,RBYYGBYYGYBRB,BBGBRYYRGGGGB,0.3846153846153846
S1_D19,5,1,33,output,RBYGBGYYYYYRR,BBGBRYYRGGGBB,0.3076923076923077
S1_D19,5,2,34,output,BBGBRYYRGGBBB,RBYGRBYYYYRBR,0.3076923076923077
S1_D19,5,3,35,output,RBYGRBYYYYRBR,BBGBRYYRGBGGB,0.3076923076923077
S1_D19,5,4,36,output,BBGBRYYRGBGBB,RBYGRBYYYRBYR,0.3846153846153846
S1_D19,5,5,37,output,RBYGRBYYYRBGB,BBGBRYYRYBGBG,0.5384615384615384
S1_D19,5,6,38,output,BBGBRYYRGBGBB,RBYGRBYYYRBGR,0.46153846153846156
S1_D19,5,7,39,output,RBYGRBYYYRBGB,BBGBRYYRGBGBB,0.5384615384615384
S1_D19,5,8,40,output,BBGBRYYRBGBGB,RBYGRBYYYRBGB,0.5384615384615384
S1_D19,6,0,,seed,GRGGGGRBGYYGG,GBBBGYGBGBRGY,0.3846153846153846
S1_D19,6,1,41,output,GRGGGGGGBGYGG,GBBBGYGBGBRGY,0.3846153846153846
S1_D19,6,2,42,output,GBBBGYBGGRGYG,GRGGGGGGBYGGB,0.3076923076923077
S1_D19,6,3,43,output,GBGGGGGGBYGGG,GBBBGYBGGRBGG,0.46153846153846156
S1_D19,6,4,44,output,GBBGYBGRBGGGG,GBGGGGGGBYGGG,0.6153846153846154
S1_D19,6,5,45,output,GBGGGGGGBYGGG,GBBGBYRGGGGBB,0.3846153846153846
S1_D19,6,6,46,output,GBBGBYRGGGGGG,GBGGGGGGBYGGG,0.5384615384615384
S1_D19,6,7,47,output,BGGGGGGBYGGGG,GBBGBRGBGGGGG,0.5384615384615384
S1_D19,6,8,48,output,GBBGBRGBGGGGG,GBGGGGGGBYGGG,0.5384615384615384
S1_D19,7,0,,seed,YBBBGGYBBBYBG,BBBRYYRGRBGYR,0.3076923076923077
S1_D19,7,1,49,output,YBBBGYYGYBGYB,BBBRYYBGRGBBY,0.46153846153846156
S1_D19,7,2,50,output,BBBYBRYBRGBBB,YBBBGYGYYBGYB,0.46153846153846156
S1_D19,7,3,51,output,YBBBGYBGBGBBB,YBBBGYBRBGGYB,0.7692307692307692
S1_D19,7,4,52,output,YBBBRYBGGYGYB,YBBBGYBGBBGGB,0.6923076923076923
S1_D19,7,5,53,output,YBBBGYBGGBBGB,YBBBRYBGGYBRY,0.6923076923076923
S1_D19,7,6,54,output,YBBBRYBGGYRBB,YBBBGYBGGBGBB,0.7692307692307692
S1_D19,7,7,55,output,YBBBGBBBBGGBG,YBBBGBRYBRRGY,0.5384615384615384
S1_D19,7,8,56,output,YBBBBGBRGYYYY,YBBBGBGBBBGGB,0.46153846153846156
S1_D19,8,0,,seed,BBBGGBBBBBGYR,YRRBBBGYYBRYG,0.23076923076923073
S1_D19,8,1,57,output,BBBGBBBBBBGYR,YRRBBBGYYBRRY,0.23076923076923073
S1_D19,8,2,58,output,BBRBBBGYBRRBB,BBBGBBBBBBGRY,0.46153846153846156
S1_D19,8,3,59,output,BBBGBBBBBBRGY,BBRBBBGYBRRBB,0.46153846153846156
S1_D19,8,4,60,output,BBBRBBBBGYRBR,GBBBGBBBBBBRG,0.5384615384615384
S1_D19,8,5,61,output,GBBBGBBBBBBGG,RBBBRBBBBGYRB,0.5384615384615384
S1_D19,8,6,62,output,RBBRBBBBRGBRR,GBBBBGBBBBBGG,0.46153846153846156
S1_D19,8,7,63,output,GBBBGBBBBBGGB,RBBRBBBRGBRRR,0.3846153846153846
S1_D19,8,8,64,output,RBBRBBBRRRRGR,GBBBGBBBBBGGB,0.3846153846153846
S1_D19,9,0,,seed,GGRBBBYYBRBRR,RBYBGGGRYYGYR,0.23076923076923073
S1_D19,9,1,65,output,GGRRBBGRBYGRR,RBYBRGGYRBYRR,0.3846153846153846
S1_D19,9,2,66,output,RBYBRGGYRGBRR,GGRRBBGRBYGRR,0.3076923076923077
S1_D19,9,3,67,output,GGBBBBRGRRRRR,RBYBRGGYRYBRB,0.3076923076923077
S1_D19,9,4,68,output,RBYBRGGYRGYBB,GGBBBBRGGRRRR,0.3076923076923077
S1_D19,9,5,69,output,GGBBBBGBGRRRR,RYBRGGRYBBRBB,0.15384615384615385
S1_D19,9,6,70,output,RYBRRBGRGYBBB,GGBBBBGBGBRRR,0.3076923076923077
S1_D19,9,7,71,output,GGBBBBGBRBGBR,RYBYRGRGRYBYB,0.23076923076923073
S1_D19,9,8,72,output,RYBYRGRGRGYBB,GGBBBBGBRBGRG,0.23076923076923073
S1_D19,10,0,,seed,GYGRRGBBBGBRR,BGGYYGGBBGGBY,0.3846153846153846
S1_D19,10,1,73,output,GYGYBGBBBGRYR,BGGYYBBGGYBRB,0.3846153846153846
S1_D19,10,2,74,output,BGGYYBGGYYBBB,BGYGYBGBBBGRB,0.46153846153846156
S1_D19,10,3,75,output,BGYGYGBBBBBBB,BGGYYBGGYYBGB,0.46153846153846156
S1_D19,10,4,76,output,BGGYYBGYBGYBB,BGYGYGBBBBBBB,0.5384615384615384
S1_D19,10,5,77,output,BGYGYBBBGBBBB,BGGYYBGYBGYBB,0.5384615384615384
S1_D19,10,6,78,output,BGYYYBGYBGBBB,BGYGYBGBGBBBB,0.7692307692307692
S1_D19,10,7,79,output,BGYGBBGBBBBBB,BGYYBGYBGBBBB,0.6923076923076923
S1_D19,10,8,80,output,BGYYBBGYBGBBB,BGYYBGYGBBBBB,0.7692307692307692
S1_D19,11,0,,seed,BYBYGYYBGRGBB,BYGYRYRYYBGBG,0.46153846153846156
S1_D19,11,1,81,output,BGBYYBGBRRRRR,BGYGYRYRYYBGR,0.3076923076923077
S1_D19,11,2,82,output,BYGYGYRYRYRYB,BGYBYYBGYBRRR,0.3846153846153846
S1_D19,11,3,83,output,BGYBYBGYBRBBB,BGYGRYRYRYBYB,0.46153846153846156
S1_D19,11,4,84,output,BGYGRYRYRYBGY,BGYBGYRYRBBBB,0.6153846153846154
S1_D19,11,5,85,output,BGYBRGYRBBBBB,BGYRGBRYRYRYB,0.46153846153846156
S1_D19,11,6,86,output,BGYRBGYRRYBBB,BGYRGBRGYBRBB,0.6923076923076923
S1_D19,11,7,87,output,BGYRGRGYRGBBB,BGYRRBGYRRRBY,0.6153846153846154
S1_D19,11,8,88,output,BGYBBGYRGRRRR,BGYRGRRYGRBBB,0.46153846153846156
S1_D19,12,0,,seed,GBGYGRYBBGYBB,RYRRGGRRBGBRB,0.3076923076923077
S1_D19,12,1,89,output,GBGYGRYBBGYBB,RYRRGGRRBGRBR,0.3076923076923077
S1_D19,12,2,90,output,RYRRGBBGGRBGR,GBGYGRGYGRBGB,0.3846153846153846
S1_D19,12,3,91,output,GYGYGRYGGBRGB,RYRRGBBGBGGRY,0.3076923076923077
S1_D19,12,4,92,output,RYRRGBGBGGRYR,GYGYGRGGBGRGY,0.3846153846153846
S1_D19,12,5,93,output,GYGGGRGGBYRYR,RYRRGBGBGGRYG,0.3846153846153846
S1_D19,12,6,94,output,RYRRGBGBRYGGG,GYGGGRGRBYBRY,0.3076923076923077
S1_D19,12,7,95,output,GYGGGRGGRBYRB,RYRRGBGBRYRBG,0.46153846153846156
S1_D19,12,8,96,output,RYRRGBGGRYGRY,GYGGGRGGRBYRB,0.46153846153846156
S1_D19,13,0,,seed,GGGRYYYRYBBBG,BYRGGGGYBRGRB,0.23076923076923073
S1_D19,13,1,97,output,GGGYRRRYGBGBB,BYRGGGGYBRGRB,0.3076923076923077
S1_D19,13,2,98,output,BYRGGGGBYRGBB,GGGYRRBGGRRBB,0.3846153846153846
S1_D19,13,3,99,output,GGGYRRBBGGRBB,BRGGGGBRGBYRG,0.3076923076923077
S1_D19,13,4,100,output,BRGGGGBRYBRGG,GGGYRRBBRBGGR,0.46153846153846156
S1_D19,13,5,101,output,GGGYRRBBRBRBG,BRGGGBRYBRGGB,0.3846153846153846
S1_D19,13,6,102,output,BRRGBRYGYRGBB,GGGYRBRBRBGGY,0.23076923076923073
S1_D19,13,7,103,output,GGGYRRBRBRBGR,BRRGBRRYBRGYB,0.3076923076923077
S1_D19,13,8,104,output,BRRGBRRYBRGYB,GGGYRRBRBRRBR,0.3076923076923077
S1_D19,14,0,,seed,GYYBYGRBBRBYB,GGBRRYYBBRYRR,0.3076923076923077
S1_D19,14,1,105,output,GYYBYGRBRYGBB,GGBRRYRYRRBYR,0.3076923076923077
S1_D19,14,2,106,output,GGBYRYRYYGRBB,GYYBYBGRBRGYY,0.3076923076923077
S1_D19,14,3,107,output,GYYBYBGRBRGYY,GGBYRYRYYGBRB,0.3076923076923077
S1_D19,14,4,108,output,GGBYRYRYRYGRB,GYYBYBGRBRBGY,0.3846153846153846
S1_D19,14,5,109,output,GYYBYBGRBRGYB,GGBYRYRYRYGRB,0.46153846153846156
S1_D19,14,6,110,output,GGBYRYRYRYGRB,GGYYBYBGRBRGY,0.3846153846153846
S1_D19,14,7,111,output,GGYYBYBGRBGYY,GGBYRYRYRYGRB,0.46153846153846156
S1_D19,14,8,112,output,GGBYRYRYRYGRB,GYYBBYBRGYYBR,0.3076923076923077
S1_D19,15,0,,seed,GGBGRBGBYYRBY,RBGGGRYBGYYYR,0.46153846153846156
S1_D19,15,1,113,output,GGBGRBGYRGRBB,RBGGGRBYRBGGR,0.3846153846153846
S1_D19,15,2,114,output,RBGYRBGGGGRBB,GGBGRBGYGGRBG,0.6153846153846154
S1_D19,15,3,115,output,GGBGRBGYYBRRR,RBGYRBGGGRBGR,0.3846153846153846
S1_D19,15,4,116,output,RBGYRBGGBGYGR,GGBGRBGYYRBRB,0.3076923076923077
S1_D19,15,5,117,output,GGBGRBGYRBRBR,RBGYRBGGBGYRB,0.3846153846153846
S1_D19,15,6,118,output,RBGYRBGGRBYGR,RBGGYRBGYRRBR,0.6153846153846154
S1_D19,15,7,119,output,RBGYYRBGYRBBB,RBGYRBGGRBYRB,0.6923076923076923
S1_D19,15,8,120,output,RBGYRBGGRBYRB,RBGYYRBYRBBBB,0.6153846153846154
S1_D20,1,0,,seed,BGBBYGGBYGYRR,RYRRYGGRGRYRY,0.3846153846153846
S1_D20,1,1,1,output,BGBBGGYBGYRRR,RYRRGRYRGYRYR,0.46153846153846156
S1_D20,1,2,2,output,RRYRYRYGRYRYR,BGBGBGYBRRRRR,0.3076923076923077
S1_D20,1,3,3,output,BGBGBYBRRRRRR,RYRYRRYGRYRRY,0.23076923076923073
S1_D20,1,4,4,output,RYRYRRGRYRRRR,BGBGBGYGRRRRR,0.3846153846153846
S1_D20,1,5,5,output,BGBGBGYRRRRRR,RYRYRRYRRRRRR,0.5384615384615384
S1_D20,1,6,6,output,RYRYRRYRRRRRR,BGBGBGYRRRRRR,0.5384615384615384
S1_D20,1,7,7,output,BGBGBGYRRRRRR,RYRYRRYRRRRRR,0.5384615384615384
S1_D20,1,8,8,output,RYRYRRRRRRRRR,BGBGBGYRRRRRR,0.46153846153846156
S1_D20,2,0,,seed,YYYYBYGGBYYBY,RGRBBGRBBBGYR,0.23076923076923073
S1_D20,2,1,9,output,YYYBYYGYBYYYB,RGRGBBRGRGBYG,0.15384615384615385
S1_D20,2,2,10,output,RGRGBBRGRYYBY,YYYBYYGYYYBYB,0.3846153846153846
S1_D20,2,3,11,output,YYYYYBYYGYYBY,RGRGBRGRGYBRG,0.15384615384615385
S1_D20,2,4,12,output,RGRGRRGYBRGRG,YYYYYBYYGYYBY,0.07692307692307687
S1_D20,2,5,13,output,YYYYYBYYGYYBY,RGRGRRYBRGRGY,0.15384615384615385
S1_D20,2,6,14,output,RGRGRRYBRGRGR,YYYYYBYYGYYBY,0.07692307692307687
S1_D20,2,7,15,output,YYYYBYYGYYBYB,RGRGRRYBRGRGR,0.07692307692307687
S1_D20,2,8,16,output,RGRGRRYBRGRGR,YYYYBYYGYYBYB,0.07692307692307687
S1_D20,3,0,,seed,RYGBRBGRGRBRY,GBRGYYGYGBRBG,0.3076923076923077
S1_D20,3,1,17,output,RYGBRBGRGRBGR,GBRGYGBRGBYBB,0.3076923076923077
S1_D20,3,2,18,output,GBRGYGBGGBGRB,RYGBRBRGRBRGR,0.3076923076923077
S1_D20,3,3,19,output,RYGBRBRGRGBRG,GBRYGBGGBGRGB,0.46153846153846156
S1_D20,3,4,20,output,GBRYGBGBGBGBB,RYGBRGRBRGBRG,0.3846153846153846
S1_D20,3,5,21,output,RYGBRBGRBRGRB,GBRYGBGBGBGBB,0.5384615384615384
S1_D20,3,6,22,output,GBRYGBGBGBGBB,YGBRBRGRBRGRB,0.3846153846153846
S1_D20,3,7,23,output,YGBRBRBRGRBRG,GBRYGBGBGBBBG,0.46153846153846156
S1_D20,3,8,24,output,GBYRGBGBGBGBG,YGBRBRBRGRBRG,0.3846153846153846
S1_D20,4,0,,seed,RRBYGBYGBBBRB,YYRBYGGYGYBBR,0.6153846153846154
S1_D20,4,1,25,output,RRBYGBGBBRBRR,YRBRYGYRBYGYG,0.3076923076923077
S1_D20,4,2,26,output,YRBYBGYYBRYBG,RBYGRGRBRBRBB,0.3846153846153846
S1_D20,4,3,27,output,RBYGRGRBRBRBR,YRBYGYYRBYGYR,0.46153846153846156
S1_D20,4,4,28,output,YRBYGBYYRBYRY,RBYGRGRGRBBRB,0.46153846153846156
S1_D20,4,5,29,output,RBYGRGRGRBRBB,YRBYGYRBYGYRB,0.46153846153846156
S1_D20,4,6,30,output,YRBYGBYGYRBYB,RBYGRGRGRBRBB,0.46153846153846156
S1_D20,4,7,31,output,RBYGRGRBRBRBB,YRBYGYRYBYBBB,0.5384615384615384
S1_D20,4,8,32,output,YRBYGBYGYBBBB,RBYGRGBRBRBBB,0.5384615384615384
S1_D20,5,0,,seed,GYRGRGRBGGBBY,YYRYYYYGYGRRB,0.23076923076923073
S1_D20,5,1,33,output,GYRGGRGBGBBGB,YYRYYYYRYGYRB,0.23076923076923073
S1_D20,5,2,34,output,YYRYYYRYYRGBY,GYRGRGRBGRGRR,0.3846153846153846
S1_D20,5,3,35,output,GYRGRGBRGRGRR,YYRYYYRYYRGBY,0.3076923076923077
S1_D20,5,4,36,output,YYRYYYRYYRGBY,GBRYGBGGRYRYR,0.23076923076923073
S1_D20,5,5,37,output,GBRYGGBGRYRYR,YYRYYYRYYRGBY,0.23076923076923073
S1_D20,5,6,38,output,YYRYYYRYYRYGB,GRBYGBGYRBRBR,0.3076923076923077
S1_D20,5,7,39,output,GRBYGBYGRBRBR,GYBRRBYGGYBRR,0.5384615384615384
S1_D20,5,8,40,output,GYBRRBYGGYBRR,GRBYGBGRBBRBR,0.46153846153846156
S1_D20,6,0,,seed,RGGYBRBYRBYBG,BYRRRRYBGRGBR,0.23076923076923073
S1_D20,6,1,41,output,RBYGGYRBYBYGB,RYBRRRRRYGRBR,0.3076923076923077
S1_D20,6,2,42,output,RYBRRRRYGBRRR,RYBGYGYRBRBRB,0.46153846153846156
S1_D20,6,3,43,output,RYBRGYBRYBYBR,RYBRRRRYGBRRR,0.5384615384615384
S1_D20,6,4,44,output,RYBRRYBGYRRRR,RYBRGRYBRGRBB,0.5384615384615384
S1_D20,6,5,45,output,RYBRGBRRGBRRR,RYBRGRYBGRYRR,0.6153846153846154
S1_D20,6,6,46,output,RYBRGRRYBRRRR,RYBGRBYRRRRRR,0.6923076923076923
S1_D20,6,7,47,output,RYBGYRYBRRRRR,RYBRGRYBRRRYB,0.6923076923076923
S1_D20,6,8,48,output,RYBGYRRRBYRRR,RYBGYRYBRRRRR,0.6923076923076923
S1_D20,7,0,,seed,BBBGRBRRYGBBY,YRRGGRGYGRYGR,0.23076923076923073
S1_D20,7,1,49,output,BBBGBRGBRBBBB,YRGRRGYRGRGRR,0.23076923076923073
S1_D20,7,2,50,output,YRGYRRGRYRRRR,BBBGBRBGBBBBB,0.15384615384615385
S1_D20,7,3,51,output,BBGBBRBBBBBBB,YRGYRRGRRRRRR,0.15384615384615385
S1_D20,7,4,52,output,YRGYRRGRGRRRR,BBGBBRBBBBBBB,0.15384615384615385
S1_D20,7,5,53,output,BBGBBRBBBBBBB,YRGYRRGRGRGRR,0.15384615384615385
S1_D20,7,6,54,output,RGYRRGRGRRRRR,BGBBRBBBBBBBB,0.15384615384615385
S1_D20,7,7,55,output,BGBBRBBBBBBBB,RGYRRGRGRGRRR,0.15384615384615385
S1_D20,7,8,56,output,RGYRRGRGRRRRR,BBGBRBBBBBBBB,0.07692307692307687
S1_D20,8,0,,seed,GRYYGRRBBYBRY,YBBYGRRBYYBRY,0.6923076923076923
S1_D20,8,1,57,output,GYRRYRYBYBBBB,YBBGRYBBRBBBB,0.5384615384615384
S1_D20,8,2,58,output,YBBGRYBYBBBBB,GYGRBBRGYBBBR,0.3846153846153846
S1_D20,8,3,59,output,GYRYBRBRBBBRB,YBGRYBYBBBBBB,0.5384615384615384
S1_D20,8,4,60,output,YBGRYBYBBBBBB,GYRBRBBRBRBBB,0.46153846153846156
S1_D20,8,5,61,output,GYRBBRBRBBRBB,YBGRYBYBYBBBY,0.3846153846153846
S1_D20,8,6,62,output,YBGRYBYBYBBBY,GYRBRBBRBBBBR,0.46153846153846156
S1_D20,8,7,63,output,GYRBRBBRBBBBR,YBGRYBYBYBBBY,0.46153846153846156
S1_D20,8,8,64,output,YBGRYBYBYBBYB,GYRBRBBRBBBBR,0.3846153846153846
S1_D20,9,0,,seed,GBGRYBGRYYYBB,GRBGYRRYBBYBR,0.46153846153846156
S1_D20,9,1,65,output,GBGBRYBYBYBBY,GRBGYRRBYBYBR,0.6153846153846154
S1_D20,9,2,66,output,GRBGYBRBRBRBR,GBGRGBYBYBYBY,0.46153846153846156
S1_D20,9,3,67,output,GBGBGBRYBGBYB,GRBGYBGRBRBRB,0.5384615384615384
S1_D20,9,4,68,output,GRBGYGBRRBRBR,GBGBRYBYBGBBB,0.3076923076923077
S1_D20,9,5,69,output,GBRBRBGYBYBRB,GBRYGYBRBRBRR,0.5384615384615384
S1_D20,9,6,70,output,GBRYGYBYBRBRB,GBRBRBYBYBRBR,0.6923076923076923
S1_D20,9,7,71,output,GBRGBRYBYBYBR,GBRGYGYBYBRBR,0.7692307692307692
S1_D20,9,8,72,output,GBRYGYBYBRBRB,GBRYBYBRBRBRY,0.7692307692307692
S1_D20,10,0,,seed,RBRRRGGRRBYRR,YBBBRGRGBRGRB,0.3846153846153846
S1_D20,10,1,73,output,RBRRGGRRBYRBR,BRGRBGRGRBGBR,0.5384615384615384
S1_D20,10,2,74,output,BRGBRGGBRGBRB,RBRRGRGRYBRGR,0.46153846153846156
S1_D20,10,3,75,output,RBRRGRBRYRGRG,BRGBRGGBRGBRB,0.3846153846153846
S1_D20,10,4,76,output,BRGBRGGBRGBRB,RBRRGRBRYRBRG,0.46153846153846156
S1_D20,10,5,77,output,RBGRRBRBRYBRR,BRGBRGGBRGBRB,0.46153846153846156
S1_D20,10,6,78,output,BRGBRGGBRGBRB,RBGRBRBGRBRBR,0.46153846153846156
S1_D20,10,7,79,output,RBGRGBRBBRBRR,BRGBRGGBRGBRB,0.5384615384615384
S1_D20,10,8,80,output,BRGBRGBBRGBRB,RBGRBGRBBBBRR,0.3846153846153846
S1_D20,11,0,,seed,GYRBRGBGGGBRG,RBGBBBYRBGGRR,0.3076923076923077
S1_D20,11,1,81,output,GYRGBRGGGGGGG,RBGRBRBGBRYYB,0.23076923076923073
S1_D20,11,2,82,output,RBGBRBGRRBYYY,GYRGBRGGGGGGG,0.23076923076923073
S1_D20,11,3,83,output,GBRBGGGGGGGGG,GRYBRBGRGBRBR,0.3076923076923077
S1_D20,11,4,84,output,GRYBRBRBRBRBR,GRGRBRYBRGRRG,0.5384615384615384
S1_D20,11,5,85,output,GRGRGRYBGRRGR,GRYRBRBRBRBRB,0.46153846153846156
S1_D20,11,6,86,output,GRRBRBRRBRBRB,GRYGRBGRGRGRG,0.5384615384615384
S1_D20,11,7,87,output,GRYRBGRRGRGRG,GRBRRBRBRRBRB,0.46153846153846156
S1_D20,11,8,88,output,GRBRBRBRRBRBR,GRYRBRGRGGRRG,0.5384615384615384
S1_D20,12,0,,seed,GGRYRGGYGBRRB,RYYGGBBBRRGBR,0.46153846153846156
S1_D20,12,1,89,output,GGRGRYBGGGGGG,RYYGGBBRRGRBR,0.23076923076923073
S1_D20,12,2,90,output,RYYGGBBRRGRGR,GGRGRYBRGGGGG,0.3846153846153846
S1_D20,12,3,91,output,GGRYGRBGGGGGG,RYRGGRBRBRGRY,0.3846153846153846
S1_D20,12,4,92,output,GGRGBRGGRGRGR,GGRYRBGGGGGGG,0.5384615384615384
S1_D20,12,5,93,output,GGRYRBGGGGGGG,GBRBYBGRGRGRG,0.5384615384615384
S1_D20,12,6,94,output,GBGYGRGRGRGRG,GGRGYBRGGGGGG,0.5384615384615384
S1_D20,12,7,95,output,GGRYGBGGGGGGG,GBGYGRGRGRGRG,0.5384615384615384
S1_D20,12,8,96,output,GBYGGYGRGRRGR,GRGYGBGRRGGGG,0.46153846153846156
S1_D20,13,0,,seed,RRRGBRRYGYGGR,RYYGGYRBGGYRY,0.3846153846153846
S1_D20,13,1,97,output,RRRGBRRYGBYRR,RYRYGGBRYRYRY,0.46153846153846156
S1_D20,13,2,98,output,RRYRGRYRYRRRR,RRRGBRRYGBGYR,0.46153846153846156
S1_D20,13,3,99,output,RRRGBRRYGBYRR,RYGYRBRYRRRRR,0.46153846153846156
S1_D20,13,4,100,output,RYGBYRGRRRRRR,GBRYRYRYBGBRY,0.3076923076923077
S1_D20,13,5,101,output,GBRGRYBYRBGYR,GYBRBRBYRYRYR,0.6153846153846154
S1_D20,13,6,102,output,GYRBRBRYRYRYR,GBRYBYBYBGRBR,0.46153846153846156
S1_D20,13,7,103,output,GYRBYBYGRBRBR,GYRBRBRYRYRYR,0.6153846153846154
S1_D20,13,8,104,output,GBGYBGBRYRYRY,GYBRBBYBYBRBY,0.46153846153846156
S1_D20,14,0,,seed,YYBRYGBGBBYGG,RYGBRGGYBYYYB,0.3846153846153846
S1_D20,14,1,105,output,YYBRYYBBGGBGB,BYGYRGRGRYBYB,0.3076923076923077
S1_D20,14,2,106,output,BGYBGYRGRGRYB,YYBYBYRBYBYRG,0.23076923076923073
S1_D20,14,3,107,output,YBYBYRYBRYRGR,BGYBGYRGRGRBY,0.3846153846153846
S1_D20,14,4,108,output,BGYBGYBGRBYBR,YBYRBYBYRGGRR,0.3846153846153846
S1_D20,14,5,109,output,YBYRBGRYRBGRB,BGYBGYBGRBYBR,0.3846153846153846
S1_D20,14,6,110,output,BGYBGYGYRBRYB,YBYRGRRGRBRYR,0.46153846153846156
S1_D20,14,7,111,output,YBRYRYBRYRYBR,BGYBGYRBYBRYB,0.46153846153846156
S1_D20,14,8,112,output,BGYBGYBRYBGYB,YBRYRBYBYRBYB,0.46153846153846156
S1_D20,15,0,,seed,GGBYRBGBRRRYR,YGBGYYRGGBGRR,0.46153846153846156
S1_D20,15,1,113,output,GBGBGYRYRRRBY,YGBYGGYGGRGBG,0.3846153846153846
S1_D20,15,2,114,output,YBGYBGYGGYGRR,GBGBYRYRYBYRB,0.3076923076923077
S1_D20,15,3,115,output,GBGBGYRBGBRBR,YBGYBGGYGRRBR,0.5384615384615384
S1_D20,15,4,116,output,GYBGYBRRBRBRB,GYGBYRBRRRYBR,0.5384615384615384
S1_D20,15,5,117,output,GYBGYBRBRBRBR,YBGYBRBRBRBRB,0.8461538461538461
S1_D20,15,6,118,output,YBRYBRBRBRBRB,GYBGYBRBRBRBR,0.7692307692307692
S1_D20,15,7,119,output,GYBRYRBRBRBRR,YBRYBRBRBRBRB,0.7692307692307692
S1_D20,15,8,120,output,BRBRYBRYRRRBR,GYBRYRBRBRBRB,0.5384615384615384
S1_D22,1,0,,seed,GBGBBRGBBRYGR,BRBGRBRYGBRBB,0.3846153846153846
S1_D22,1,1,1,output,GBGBBRGBRGYBB,BRBGBRBYGBRBB,0.5384615384615384
S1_D22,1,2,2,output,BRBGBGBYYBRBG,GBGBBRGBRGYBB,0.3846153846153846
S1_D22,1,3,3,output,GBGBBRGBRGYBB,BRBRGYBBYBRGB,0.3846153846153846
S1_D22,1,4,4,output,BRBRGYBYBBYBR,GBGBBRGBRGYBB,0.3846153846153846
S1_D22,1,5,5,output,GBBBRGYBBBBRB,GBGBYYBYBBYBB,0.5384615384615384
S1_D22,1,6,6,output,GBGBYYBYBBYYB,GBBBRGYBBBBRB,0.5384615384615384
S1_D22,1,7,7,output,GBBBRGYBBBRBB,GBGBYYBYBBYYB,0.5384615384615384
S1_D22,1,8,8,output,GBGBYYBYBBYYB,GBBBRGYBBYBBB,0.5384615384615384
S1_D22,2,0,,seed,YBRBRBBRBGRRY,GRGYGBYYGGRBB,0.23076923076923073
S1_D22,2,1,9,output,YBRBBRBRRBGRB,GRGYGBYYGYRBB,0.23076923076923073
S1_D22,2,2,10,output,GRGYGRGYYBGRB,YBRBBRBBRGBBB,0.15384615384615385
S1_D22,2,3,11,output,YBRBBRBBRGBBB,GYGRGYBGRYBBR,0.3846153846153846
S1_D22,2,4,12,output,GYGGYBBRYBGBR,YBRBBRBBBGBBB,0.3846153846153846
S1_D22,2,5,13,output,YBRBBBRBGBBBB,GYGGYBBRYGBRR,0.3846153846153846
S1_D22,2,6,14,output,GYGGYBBRGYBRR,YRBBBBBRGBBBB,0.3846153846153846
S1_D22,2,7,15,output,YRBBBBBRBGBBB,GYGGYBYBRBRGB,0.3846153846153846
S1_D22,2,8,16,output,GYGGYBBYBRBRY,YRBBRBBBBGBBB,0.3076923076923077
S1_D22,3,0,,seed,YRGGYRYRYRGRB,RGRGYGRGYGBBR,0.3846153846153846
S1_D22,3,1,17,output,YRGGYRRYRYRBY,RGRGYGGYBGBBR,0.3846153846153846
S1_D22,3,2,18,output,RGRGYGGBYBBGR,GYRRGYRYRRYBR,0.3076923076923077
S1_D22,3,3,19,output,GYRRGYRGRRYRB,RGRGYGYRBRBBG,0.3846153846153846
S1_D22,3,4,20,output,RGRGYGYRBRBBB,GYRRGYRGRRYBR,0.3846153846153846
S1_D22,3,5,21,output,GYRRGYRGRRYBR,RGRGYGYRBRBBB,0.3846153846153846
S1_D22,3,6,22,output,RGRGYRBRBBBRB,GYRRGYRYRRYBR,0.46153846153846156
S1_D22,3,7,23,output,GYRRGYRGRRYBR,RGRGYRRBRBRBB,0.3846153846153846
S1_D22,3,8,24,output,GRGRGYRRBRRBR,GYRRGYRYRRYBR,0.6153846153846154
S1_D22,4,0,,seed,BBBBGYBBGBRBR,YGGGRYGYGYBGR,0.23076923076923073
S1_D22,4,1,25,output,BBBBGYBGBBRBB,GYYYRYGRYRYRB,0.23076923076923073
S1_D22,4,2,26,output,GYYYRYGYYRBRB,BBBYBGBBRBBBB,0.3076923076923077
S1_D22,4,3,27,output,GBBBYGBBRBRBB,GYYYRYYBRYRBR,0.3846153846153846
S1_D22,4,4,28,output,GYYYRYYRBRBRB,GBBBYGBRBRRBB,0.3846153846153846
S1_D22,4,5,29,output,GBBBGYRBRBBRR,GYYYRYYRBRBRB,0.46153846153846156
S1_D22,4,6,30,output,GYYYRYYRBRBRB,GBBBGYRBGYBRR,0.3846153846153846
S1_D22,4,7,31,output,GBBBGYRBGYBRR,GYYYRYYRBRBRB,0.3846153846153846
S1_D22,4,8,32,output,GYYYRYYRBRBBR,GBBGYRBRYBRRR,0.3846153846153846
S1_D22,5,0,,seed,GBYYBGGRYRRRR,GGGYRRBRBGGGR,0.3076923076923077
S1_D22,5,1,33,output,GBYYGBYGBGRRR,GGGYRRBRBGGGR,0.3846153846153846
S1_D22,5,2,34,output,GGGYRRBRRBGGG,GBYYGBYGBGRRR,0.3076923076923077
S1_D22,5,3,35,output,GBYYGBYGBGRRR,GGGYRRBRRBGGG,0.3076923076923077
S1_D22,5,4,36,output,GGGYRRBRRBGGG,GBYYGBYGBGRRR,0.3076923076923077
S1_D22,5,5,37,output,GBYYGBYGBGBRR,GGGYRRBRRBGGG,0.3076923076923077
S1_D22,5,6,38,output,GGGYRRBRRBGGG,GBYYGBYGBYGRR,0.3076923076923077
S1_D22,5,7,39,output,GBYYYGBYGBYRR,GGGYRRBRRBGGG,0.3076923076923077
S1_D22,5,8,40,output,GGGYRRBRBGGGG,GBYYYGBYGBYRR,0.23076923076923073
S1_D22,6,0,,seed,RBGYYYBGRGYBG,GGYYBRBYYGBYY,0.3076923076923077
S1_D22,6,1,41,output,RBGYYYBGRGRBY,BYGBYRBYYBYYY,0.3076923076923077
S1_D22,6,2,42,output,BYGBYYRBYRBYY,BGRYYYBGRGRBR,0.3846153846153846
S1_D22,6,3,43,output,BGRYYBGRBRGBY,BYGBYRBYRBBYY,0.46153846153846156
S1_D22,6,4,44,output,BYGBYRBRRBBRY,BYGYYBBGRGRBR,0.5384615384615384
S1_D22,6,5,45,output,BGYBYYRGRGRBR,BYGBYRBRRBBRY,0.46153846153846156
S1_D22,6,6,46,output,BGYBGYRRBRBBR,BGYBYYRGRBGRR,0.6153846153846154
S1_D22,6,7,47,output,BGYYRGRGRRBRB,BYBGYRRBRBBRR,0.46153846153846156
S1_D22,6,8,48,output,BGBYBGYRBRRBR,BGYGYRRRBRBRB,0.6153846153846154
S1_D22,7,0,,seed,GBRGBYYGBBBRR,YRGBRGBGRBBRR,0.6153846153846154
S1_D22,7,1,49,output,GBRYYGBBBRGBB,YRGRGBGBRRBRR,0.3846153846153846
S1_D22,7,2,50,output,YRGRGBRBRRRGB,GYRGYYBBBRBBB,0.46153846153846156
S1_D22,7,3,51,output,GYRGGYBBBRYBB,GYGRBRBRRBRRR,0.3846153846153846
S1_D22,7,4,52,output,GYGRBRRBRBRRR,GYRGYGGBBBRBR,0.46153846153846156
S1_D22,7,5,53,output,GYRGYGGRBRRBB,GYGRBRRBRBRRR,0.46153846153846156
S1_D22,7,6,54,output,GYGRBRRBRBRRR,GYRGYGGRBRRBB,0.46153846153846156
S1_D22,7,7,55,output,GYRGYRGGRBBRR,GYGRBRRBRRRRR,0.46153846153846156
S1_D22,7,8,56,output,GYGBRBRRRRRRR,GYRGYRGGRRBBR,0.46153846153846156
S1_D22,8,0,,seed,RBBBGRYYGGRYG,BBYRRGBRRRYGB,0.3846153846153846
S1_D22,8,1,57,output,RBBBYGRYGGRYG,YRBRGBRRRBGYB,0.3076923076923077
S1_D22,8,2,58,output,YRBRBGRRRBRBR,YRBYGGYGRRYBB,0.46153846153846156
S1_D22,8,3,59,output,YBYGGYGYRYRBY,YRBRBGRGRRBRR,0.3846153846153846
S1_D22,8,4,60,output,YRBRBGRGGRBRR,YBYYGGYYRYBGR,0.3846153846153846
S1_D22,8,5,61,output,YBYYGGYRBYGYB,YRBRRGRGGRRBR,0.23076923076923073
S1_D22,8,6,62,output,YBRRBGRRGRRBR,YRBYGGYYRBYGY,0.23076923076923073
S1_D22,8,7,63,output,YRBYGGYYRBYGY,YRBRBGRBRBGRB,0.46153846153846156
S1_D22,8,8,64,output,YRBRBGRBRGRBR,YRBBGRYGRBYGY,0.5384615384615384
S1_D22,9,0,,seed,YBGRBYGGGBYRY,GGBYYYGGBYBYB,0.46153846153846156
S1_D22,9,1,65,output,YBGRYBGGGBYRB,GGBYYYGBYBYBB,0.3846153846153846
S1_D22,9,2,66,output,GBGGGBYYBYGBY,GBYRYBGYYBRYB,0.46153846153846156
S1_D22,9,3,67,output,GBYRGYBYYGYRB,YBBYGBBYBBYYG,0.3846153846153846
S1_D22,9,4,68,output,YBBYGGBBYBYBB,BYGYGRBYYGYRB,0.46153846153846156
S1_D22,9,5,69,output,BYBYGRBRBYBGY,YBBYGBBBRBYRB,0.46153846153846156
S1_D22,9,6,70,output,YBBYGBBBRYBYB,YBYYGRGRBBYGB,0.5384615384615384
S1_D22,9,7,71,output,YBYYGRGRBYGYY,YBYBGBBRYBYBB,0.46153846153846156
S1_D22,9,8,72,output,YBYBGBBRYBYBB,GYBGRYBYGYBYG,0.3846153846153846
S1_D22,10,0,,seed,YBYYGYRGYYRGG,YBGBBYGGRYRBB,0.46153846153846156
S1_D22,10,1,73,output,YBYYGYRGGYYRG,GBGBBYGRYBGYB,0.23076923076923073
S1_D22,10,2,74,output,GBGBYYGRBYGBR,GBYYGYRRGYGYR,0.5384615384615384
S1_D22,10,3,75,output,GBYYGYRGYYBGY,GBYBYYYBBGBRR,0.3846153846153846
S1_D22,10,4,76,output,GBYYBYYYGBRBY,YBRYRYBGYGBYY,0.46153846153846156
S1_D22,10,5,77,output,YBRYBGYBRGYYB,YGBYBYYYGBYGR,0.3846153846153846
S1_D22,10,6,78,output,YGBYGBYYBGRBY,YRBYGBYRBGYYB,0.6153846153846154
S1_D22,10,7,79,output,YRBYRBGGYRBGY,YGBYBBYYBGRBY,0.46153846153846156
S1_D22,10,8,80,output,YGBBGBYYRBYBY,YRBYRBGGYRBGY,0.46153846153846156
S1_D22,11,0,,seed,BYRYRGBGYRBGB,BGBGBRRYRGYRR,0.23076923076923073
S1_D22,11,1,81,output,BYRYRBGYBGYRB,BGBGBRYRGYRRR,0.3846153846153846
S1_D22,11,2,82,output,BGBGBYRYRGBGY,BYRYRBYGBGGYB,0.3846153846153846
S1_D22,11,3,83,output,BGRYRGYBGYBGG,BGBGBRYRYRGBG,0.46153846153846156
S1_D22,11,4,84,output,BGBGBRYRYRGBG,BGRRYGRYGGRRY,0.3846153846153846
S1_D22,11,5,85,output,BGRYBGRYGGRRY,BGBGBRYRYRGBG,0.3846153846153846
S1_D22,11,6,86,output,BGBGRYRYRGBGR,BBRYBGRYGGRRY,0.3846153846153846
S1_D22,11,7,87,output,BBRYBGYGGRRYG,BGBGRYRYRBGRR,0.3846153846153846
S1_D22,11,8,88,output,BGBGRYRYRBGBG,BYRBYYYGRGYBY,0.3076923076923077
S1_D22,12,0,,seed,GBGGYGYYRBBRR,BBGBYRYBBRRBR,0.46153846153846156
S1_D22,12,1,89,output,GBGYGYYRRBGGB,BBYBYGYRGYBYR,0.3076923076923077
S1_D22,12,2,90,output,BBYBYBGGYRBYB,GBGYGYYGBBRRB,0.3846153846153846
S1_D22,12,3,91,output,GBGYYBBGYGBRB,BBYBYBYGBYRBR,0.46153846153846156
S1_D22,12,4,92,output,BBYBYBGYBYBRB,GYGBBYYGYGBRB,0.46153846153846156
S1_D22,12,5,93,output,YBBYGRBGYBBGY,BBYBYBGYBYBRY,0.6153846153846154
S1_D22,12,6,94,output,BYBYBGYBYBRYB,YBBYYRBYYGBYG,0.3846153846153846
S1_D22,12,7,95,output,YBBYYRYYBGYYB,YBBYGYBYGBRYB,0.6153846153846154
S1_D22,12,8,96,output,YBBYGYRBYBRYB,YYBYYRYYBGYYB,0.6153846153846154
S1_D22,13,0,,seed,RGGYBBYYGGYBG,YYBBYRBYYRGBG,0.46153846153846156
S1_D22,13,1,97,output,RGYBYYBRGYBGY,YYBRRBYGBYYYY,0.3846153846153846
S1_D22,13,2,98,output,YYBRRBRGBYYYY,RGYBYYBGYRGYB,0.3076923076923077
S1_D22,13,3,99,output,RGYBYYBGYRGYB,YYBRRBRGBYYYY,0.3076923076923077
S1_D22,13,4,100,output,YYBRRBRGBYYYY,RGYBYBGRGYYGY,0.46153846153846156
S1_D22,13,5,101,output,RGYBYBRGYGYYY,YYBRRBRGBYYYY,0.5384615384615384
S1_D22,13,6,102,output,YYBRRBRRBGRYB,YBRGRGYBGYYYY,0.3846153846153846
S1_D22,13,7,103,output,YBRGRGBYGYYYY,YBBRRBRRBGRYB,0.3846153846153846
S1_D22,13,8,104,output,YBBRRBRBBGRBB,YBRGRGBYGYYYY,0.3076923076923077
S1_D22,14,0,,seed,YRGRBGGBGRBYY,RYYYYYBRYRRBG,0.15384615384615385
S1_D22,14,1,105,output,YRGRBGRBGRGRY,RYYYYYBRYBRGG,0.23076923076923073
S1_D22,14,2,106,output,RYYYYYBRYBRYB,YRGRBBYGGRGYR,0.23076923076923073
S1_D22,14,3,107,output,YRGGRGRBYGYRG,RYYYYYBRYBRYB,0.15384615384615385
S1_D22,14,4,108,output,RYYYYYBRYBRYB,GYRRGRGYRRGGR,0.15384615384615385
S1_D22,14,5,109,output,GYRRGGYRRGYBR,RYYYYYBRYBRYB,0.3076923076923077
S1_D22,14,6,110,output,RYYYYYBRYBRYB,RYYYRGGYRGYBR,0.46153846153846156
S1_D22,14,7,111,output,RYYYRGYRGBRGY,RYYYYYBRYBRYB,0.5384615384615384
S1_D22,14,8,112,output,RYYYYYBRYBRYB,RYYRGYRGBYRGB,0.5384615384615384
S1_D22,15,0,,seed,RYBRRRYBRGGGR,YRYGYRGYYRRBR,0.3846153846153846
S1_D22,15,1,113,output,RYBRYBRRYGGRB,YGYYRYRGYRBRB,0.46153846153846156
S1_D22,15,2,114,output,YGYYRYRRGYRBR,RYGRYYBYGRYGR,0.46153846153846156
S1_D22,15,3,115,output,RYGYYBYBRYGRY,YGYYYRRGYRBRR,0.46153846153846156
S1_D22,15,4,116,output,YGYYYRGYBRBGY,RYGYYBYBRYGRB,0.46153846153846156
S1_D22,15,5,117,output,RGYYYGYBRGYYB,YYYRYRYGYRGYR,0.46153846153846156
S1_D22,15,6,118,output,YRYYYRYRYGGYR,RGYYYGBYGRYYB,0.3846153846153846
S1_D22,15,7,119,output,RGYYYRGBGYYRY,YRYYYRYRYGGYR,0.46153846153846156
S1_D22,15,8,120,output,YRYRYGGYGYRYR,RGYYYGRGYBGBR,0.3846153846153846
S1_D23,1,0,,seed,GRGYRYGGGYBRY,GRYRYRGRRGRRY,0.5384615384615384
S1_D23,1,1,1,output,GRGYRYGGGYRBR,GRYRGRYRGGYYR,0.5384615384615384
S1_D23,1,2,2,output,GRYRGYRGGYRGY,GGYGGRYYYBGRG,0.3846153846153846
S1_D23,1,3,3,output,GGYGGYRYYYBBG,GYGRRGGRGRYGG,0.3846153846153846
S1_D23,1,4,4,output,GYGGRGRGGYRGG,RYYYGYBGRRRRG,0.3076923076923077
S1_D23,1,5,5,output,RYYYGYBGRRRRG,GGYGGGYYYYYYG,0.23076923076923073
S1_D23,1,6,6,output,GGYGGGYYYYYYG,GYYRGGYRRRRBB,0.3846153846153846
S1_D23,1,7,7,output,GGYRGYRRRRGGB,GGGYGGGYYGYGY,0.3076923076923077
S1_D23,1,8,8,output,GGGYGGGYYGYGY,GGGYYRGGGBYBG,0.5384615384615384
S1_D23,2,0,,seed,RRGYBYBRYRBRB,GRRGGYBYYGGBB,0.46153846153846156
S1_D23,2,1,9,output,RRGYBYBYRBYRB,GGRGBBBBBBBYB,0.46153846153846156
S1_D23,2,2,10,output,GGRGBBBBBBBYB,GRYRRYGYYBRYR,0.23076923076923073
S1_D23,2,3,11,output,GRYRYGYBRYRYR,GRGRGRBBBBBBB,0.3076923076923077
S1_D23,2,4,12,output,GRGRGBBBBBBBB,GYBGGYRYRYRYR,0.15384615384615385
S1_D23,2,5,13,output,GYBGGYRRYRYRY,GRGRBBBBBBBBB,0.07692307692307687
S1_D23,2,6,14,output,GRGRGBBBBBBBB,GYGYBRYRYRYRY,0.15384615384615385
S1_D23,2,7,15,output,GYGYBRYRYRYRY,RGRGBBBBBBBBB,0.15384615384615385
S1_D23,2,8,16,output,RGRGBBBBBBBBB,GYGYGBRYRYYRY,0.15384615384615385
S1_D23,3,0,,seed,GYRRRGRRGBYYG,BGBRRRBGRRBYR,0.5384615384615384
S1_D23,3,1,17,output,GYRRRGRRBYGYY,GGBGBRYRYRYRY,0.3076923076923077
S1_D23,3,2,18,output,GGBGBRYRYRYYR,GRYGGRRRYYGYY,0.46153846153846156
S1_D23,3,3,19,output,GRYGRRRYGYYYG,GGBGBGRYYRYRY,0.3846153846153846
S1_D23,3,4,20,output,GBGGBGRYRYYRY,GRYRGRYYRGYYR,0.46153846153846156
S1_D23,3,5,21,output,GRYRGYGRGYGYR,GBGYRYRRRYRYY,0.46153846153846156
S1_D23,3,6,22,output,GBGYRRRRRYYRY,GRYGRRRYGRYGY,0.46153846153846156
S1_D23,3,7,23,output,GRYGRRRYRGYGY,GBGBRYRRRYRYR,0.46153846153846156
S1_D23,3,8,24,output,GBGBRYRRYRYRY,GRYGRRRYGRYRG,0.5384615384615384
S1_D23,4,0,,seed,BGBGYGYRGRGRB,RGBYYRBGGYBGY,0.3846153846153846
S1_D23,4,1,25,output,BGBGYGYGRGBGY,GRYBBGBRYYRYB,0.23076923076923073
S1_D23,4,2,26,output,YRGBGBYRBRYBY,GBGBGYRYRRBBY,0.5384615384615384
S1_D23,4,3,27,output,GBGBGYRRYRBYG,GRRYRYBGYBYBY,0.3076923076923077
S1_D23,4,4,28,output,GRRYRYGYBGYBY,GBGBGYRYRGBRG,0.3076923076923077
S1_D23,4,5,29,output,GBGBGYRYRGBRG,GRGRYBBBYBYYB,0.23076923076923073
S1_D23,4,6,30,output,GRGRYBYBBBYBY,RYRYRGYBGYBBG,0.3846153846153846
S1_D23,4,7,31,output,RYRYRRGYBGYBB,GRGRGRGYBYBYB,0.5384615384615384
S1_D23,4,8,32,output,GRGRGRGYBYBYB,RRYRRBGBGBYRY,0.3846153846153846
S1_D23,5,0,,seed,GBBBYGGGGGRYY,RYBGYYYGRYRBB,0.3076923076923077
S1_D23,5,1,33,output,GBBBYGGGGGRYG,GRYYBRGBBBBBB,0.15384615384615385
S1_D23,5,2,34,output,GRYYBRGRBBBBB,GBGYGGGGYBGYR,0.3076923076923077
S1_D23,5,3,35,output,GBGYGGGGYBYRB,RGRYRBBBBBBBB,0.23076923076923073
S1_D23,5,4,36,output,RGRYRGRBBBBBB,GBGBGYGGGYRBG,0.15384615384615385
S1_D23,5,5,37,output,GBGBGYGGGRBGY,GRGYRGBBBBBBB,0.23076923076923073
S1_D23,5,6,38,output,RGYRGBBBBBBBB,GBGBGYGGGRYBG,0.15384615384615385
S1_D23,5,7,39,output,GBGBGYGGGYGRY,GRGRBBBBBBBBB,0.15384615384615385
S1_D23,5,8,40,output,GRGBBBBBBBBBB,GBGBGYGGYGRGG,0.23076923076923073
S1_D23,6,0,,seed,GGYYBBBGYGYYB,RRYYBBYYBYBBR,0.46153846153846156
S1_D23,6,1,41,output,GGYYBBBGYYGGY,RRYYRBBRYBYBB,0.3846153846153846
S1_D23,6,2,42,output,RRYYRYBBRRYYB,GGYYBBBBGYGGY,0.3076923076923077
S1_D23,6,3,43,output,GGYYBBBBGGYGY,BRYBBRYRYYBYY,0.3076923076923077
S1_D23,6,4,44,output,BRYYBBRYYBBRY,GGYYBBBGGGGGG,0.3076923076923077
S1_D23,6,5,45,output,GGYYBBBBGGGGG,RYBRBRYRBRYRY,0.07692307692307687
S1_D23,6,6,46,output,RYBRYRBBRYYRY,GGYYBBBGGGGGG,0.15384615384615385
S1_D23,6,7,47,output,GGYYBBBGGGGGG,RYBRYRRYRYYYY,0.0
S1_D23,6,8,48,output,RYBRYBRYRRYYY,GGYYBBBGGGGGG,0.07692307692307687
S1_D23,7,0,,seed,RGYRYGYBRYRRR,BRGGYGYRRBRBG,0.46153846153846156
S1_D23,7,1,49,output,RGYGYBYBRYRRR,GRYRBBRBRBGGG,0.3076923076923077
S1_D23,7,2,50,output,GRYRBRRBBBRGR,GRYBYYBYYRRRR,0.46153846153846156
S1_D23,7,3,51,output,GRYBYYBYBYRRR,GRYRRYRYBRRRB,0.6153846153846154
S1_D23,7,4,52,output,GRYRRYRRYBRYR,GRYBYBYYBYRRR,0.5384615384615384
S1_D23,7,5,53,output,GRYBYBYYBYRRR,GRYRYRRYYRBYR,0.5384615384615384
S1_D23,7,6,54,output,GRYRRYRRYYYBR,GRYBYBYYBRRRR,0.3846153846153846
S1_D23,7,7,55,output,GRYBYBYYBYRRR,GRYRRYRYRYYBB,0.3846153846153846
S1_D23,7,8,56,output,GRYRRYRYYRYBR,GRYBYYBYBYBBR,0.5384615384615384
S1_D23,8,0,,seed,YYGRBBGGBGYRR,YGBRYBRGRBRRB,0.3846153846153846
S1_D23,8,1,57,output,YYGRBGBBGGYGR,GYBGBYYBGRBRR,0.3846153846153846
S1_D23,8,2,58,output,GYBGGYBRYRBRG,GYBGBGGYRYRRY,0.6153846153846154
S1_D23,8,3,59,output,GYBGGYBGYRRYR,GYRYRYGGRYRBG,0.3846153846153846
S1_D23,8,4,60,output,GYRYGYRBGYRYR,GYBGGBGYYRBRR,0.46153846153846156
S1_D23,8,5,61,output,GYBGGBGYRBRRR,GRYBBGYBGBRYR,0.5384615384615384
S1_D23,8,6,62,output,GRYBGYBGYRBYR,GYBGYGYBRRRRR,0.5384615384615384
S1_D23,8,7,63,output,GBGYBGYGYRRRR,GRYBGYGYBRYRR,0.6923076923076923
S1_D23,8,8,64,output,GRBGGYBRYRBRY,GBGYBYRRRRRRR,0.46153846153846156
S1_D23,9,0,,seed,YYYRBYGYRGGYR,RYBBYRBRBBYGR,0.3846153846153846
S1_D23,9,1,65,output,YYYGBRRGRBYYR,GRYBBBGYBYGRR,0.3846153846153846
S1_D23,9,2,66,output,RYBBBGYRYBRBY,GYYYYBGYBYRRR,0.3846153846153846
S1_D23,9,3,67,output,GYYYYBGYBYRRR,RYBBGGBRYRRYR,0.46153846153846156
S1_D23,9,4,68,output,RYBBGGYRBRRYY,GYBGYYRRRRRRR,0.46153846153846156
S1_D23,9,5,69,output,GYBGBYRRRRRRR,RBBBRGYBBRYRR,0.3076923076923077
S1_D23,9,6,70,output,RBBBRGYBBRRBB,GYBGYBYRRRRRR,0.3076923076923077
S1_D23,9,7,71,output,GYBGYBYRRRRRR,RYBBBGYRBBYBB,0.3076923076923077
S1_D23,9,8,72,output,RYBBBGYRGYBRB,GBGYYYRRRRRRR,0.23076923076923073
S1_D23,10,0,,seed,BRBYGYRBRYYBG,RYGYBGGGGGRRB,0.23076923076923073
S1_D23,10,1,73,output,BRBYGYRBYRBGY,RYRYRGGGYGRRR,0.23076923076923073
S1_D23,10,2,74,output,RYYRGGYGRRRRR,GRGRRYBBRRBRR,0.3846153846153846
S1_D23,10,3,75,output,GRGRRBRYBRRBR,GRYRBYGRRRRRR,0.46153846153846156
S1_D23,10,4,76,output,GRYRBYRGBRRRR,GRYRYRGYRGGRB,0.6153846153846154
S1_D23,10,5,77,output,GYRGYRRYGGYRB,GRYBRRGRYBRRR,0.3846153846153846
S1_D23,10,6,78,output,GRYBRRGGRYBRR,GYRGRYYGYGBRY,0.3846153846153846
S1_D23,10,7,79,output,GRYGRGYGGRRRY,GRYBGRYGRYYRY,0.6153846153846154
S1_D23,10,8,80,output,GRYBRYYRBRYBR,GRYBBYGYRYRRY,0.5384615384615384
S1_D23,11,0,,seed,YYYBBRRYGYYGB,BYRGBYGBGRGRR,0.23076923076923073
S1_D23,11,1,81,output,YYYBBRRYGYBRY,GRYBGRRGRGYRR,0.46153846153846156
S1_D23,11,2,82,output,GRYBGRRGRGRGB,GBYBYYBBYBYRR,0.23076923076923073
S1_D23,11,3,83,output,GBYBYYBYBBYRR,GRYRGGRYGGBYR,0.3846153846153846
S1_D23,11,4,84,output,GRYGRGYGYRGYR,GGBYBBYBYBBYR,0.3846153846153846
S1_D23,11,5,85,output,GGBYBBYBYBBYB,GYRGYRRRGYRRG,0.15384615384615385
S1_D23,11,6,86,output,GYRGYRRRGYRRG,BGYBYBYBBYBYB,0.23076923076923073
S1_D23,11,7,87,output,BGYBGYBBYBBBY,GYRGYRRGGYYRG,0.23076923076923073
S1_D23,11,8,88,output,GYRGRRGGYYRGY,GYGBBBBBYBBBB,0.23076923076923073
S1_D23,12,0,,seed,GGYYRYGRYRYRY,RGYYYRGYBGBBB,0.3076923076923077
S1_D23,12,1,89,output,GGYYRGYRYRYRR,GRYYGGYRYBBGG,0.5384615384615384
S1_D23,12,2,90,output,GRYYGGRBBBRGY,GYRGYGYGYRRRR,0.3076923076923077
S1_D23,12,3,91,output,GYRGYGYGGYRRR,GRYRRRBBGYYBY,0.3076923076923077
S1_D23,12,4,92,output,GRRRRBBGYBRRY,GYRGYGYGRRRRR,0.3846153846153846
S1_D23,12,5,93,output,GYRYYYRGRRRRR,BBRYRRBBBRBBB,0.23076923076923073
S1_D23,12,6,94,output,BBRYBRRBBBRRB,GRYRRYRYRRRGR,0.3076923076923077
S1_D23,12,7,95,output,GRYRRGRYRRGYR,RYYRRYBYRRYBR,0.5384615384615384
S1_D23,12,8,96,output,RYYRRYBRYYBRR,GGRYRRGYGRGRY,0.3076923076923077
S1_D23,13,0,,seed,BRGBYYBGBGGYG,RBBRBBRGBRRBG,0.3846153846153846
S1_D23,13,1,97,output,BRBRYYBRGBGBG,GYBYRYBRRBGBG,0.6153846153846154
S1_D23,13,2,98,output,GYBYBYRYRBGYG,GYRYBYRBYRRBY,0.6153846153846154
S1_D23,13,3,99,output,GYRBGYRRYRBGY,GRYRYBYBYRGYG,0.46153846153846156
S1_D23,13,4,100,output,GRYRYBRYBRGYR,GRYRYRYGGGGGR,0.6153846153846154
S1_D23,13,5,101,output,GRYRYRYRGGGRR,GRRBYRYRRGRGG,0.5384615384615384
S1_D23,13,6,102,output,GRRBYRRBYGGRR,GYRYRYRRGGGGG,0.46153846153846156
S1_D23,13,7,103,output,GYRYRRYRGGGGG,GYBBGRYBBGGGY,0.5384615384615384
S1_D23,13,8,104,output,GYBBGRYBRGGYG,GYRYRRRGGGGGG,0.46153846153846156
S1_D23,14,0,,seed,BYBGGYYYBYYGG,RGGRGRGYBYBGR,0.3846153846153846
S1_D23,14,1,105,output,BYBGGYYBYYYBG,GRYRGRGRYBRGG,0.3076923076923077
S1_D23,14,2,106,output,GRYRGRGRYBGYG,GRYBYBYBBGYBR,0.3846153846153846
S1_D23,14,3,107,output,GRYBYBYBBGYBR,GRYRRGRYBYGYG,0.46153846153846156
S1_D23,14,4,108,output,GRYRRRYBGYRRB,GRBRYBYBYBYGB,0.46153846153846156
S1_D23,14,5,109,output,GRBRBYBBYBGRB,GRYBRYRYBGGYG,0.46153846153846156
S1_D23,14,6,110,output,GRBGRBYGBGBYB,GRYBYYBYYGRBB,0.46153846153846156
S1_D23,14,7,111,output,GYBYYBYYGRBBY,GRBGRBYRBGYBY,0.46153846153846156
S1_D23,14,8,112,output,GRBGRBYGRYBYG,GYBYBYBGYBBYB,0.46153846153846156
S1_D23,15,0,,seed,BRBYBGRYGYYGB,BYRBRYGGGYYYY,0.46153846153846156
S1_D23,15,1,113,output,BRBYBYGRGYYYG,GRYBGGGYYYYYY,0.46153846153846156
S1_D23,15,2,114,output,GRYBGGGYYYYYY,GRYBBYRYBBYBY,0.5384615384615384
S1_D23,15,3,115,output,GRYBBYRYBBBYR,GRYBGGBGGYBYY,0.46153846153846156
S1_D23,15,4,116,output,GRYBGGBGGYBYY,GRYBGBGBYYRYR,0.6153846153846154
S1_D23,15,5,117,output,GRYBGBGBYRYRR,GRYBGGBGYBYBY,0.6153846153846154
S1_D23,15,6,118,output,GRYBGGBYBYBYB,GRYBBGBRYBYRR,0.6153846153846154
S1_D23,15,7,119,output,GRYBGBGBRYBRB,GRYBGGGBYBYBY,0.6923076923076923
S1_D23,15,8,120,output,GRYBGGGGBYBYB,GRYBGGBGBYRBY,0.7692307692307692
S1_D30,1,0,,seed,RRYGBBRYRGYGY,YRRRBRGGGRGGG,0.3076923076923077
S1_D30,1,1,1,output,RRYYGBRGBRRBY,YRRBGRBRBGRBY,0.5384615384615384
S1_D30,1,2,2,output,YRBBGYRRBGYGB,RRYYGBRGBRGRB,0.3846153846153846
S1_D30,1,3,3,output,RYYBGGGRYYGBR,YRBBGYBGGYBGY,0.3076923076923077
S1_D30,1,4,4,output,RYGBYGYBRRYGY,RYYBGGGRYYBGB,0.46153846153846156
S1_D30,1,5,5,output,RYYGBYGYBRGRB,RYBGRYYGBRYBR,0.46153846153846156
S1_D30,1,6,6,output,RYRBGYRBRGYRB,RYYGBRBGRYBRB,0.5384615384615384
S1_D30,1,7,7,output,RYGBYGBRGBRYG,RYRBYGRBGBBYR,0.6153846153846154
S1_D30,1,8,8,output,RYRBGRBRGYGYB,RYBGYGBRGRBGR,0.46153846153846156
S1_D30,2,0,,seed,YRRRYBRBRRRRG,RGGGGYBRBRGRG,0.46153846153846156
S1_D30,2,1,9,output,YRRRBYRBGRRRR,RYGGGGYRBGRBG,0.3846153846153846
S1_D30,2,2,10,output,YRYGGBYRYGYBG,YRBGYRBGRRRBB,0.3846153846153846
S1_D30,2,3,11,output,YRYBYGYBGYRBR,YRBYGGRBGGYGB,0.5384615384615384
S1_D30,2,4,12,output,YRYBGGGGYBGBR,RYBYBGYBYBRBR,0.5384615384615384
S1_D30,2,5,13,output,YRBGYGYRYBYBY,YRBGGGYRBYRBY,0.7692307692307692
S1_D30,2,6,14,output,YRYBBYGYRBGYR,YRBGYRBYBYBYB,0.46153846153846156
S1_D30,2,7,15,output,YRGYBYBYBYBYB,YRBYYBGRBGRBY,0.46153846153846156
S1_D30,2,8,16,output,YRYGBGBYBYBYG,YRGYBYBYBYBYB,0.6923076923076923
S1_D30,3,0,,seed,RYGRBGGRRRGBY,RGGGBYGRRBRRY,0.5384615384615384
S1_D30,3,1,17,output,YRGRRGYBYRGBY,RBGGGRGYBRBRB,0.3846153846153846
S1_D30,3,2,18,output,RBRGGGRYRGRBG,RGRRGYBYRGYBR,0.5384615384615384
S1_D30,3,3,19,output,RGRBRYRGBGBRY,RBRGGGRYRGRBR,0.46153846153846156
S1_D30,3,4,20,output,RGRRYRGBYGRBG,RGBRYRGBRGRGR,0.6923076923076923
S1_D30,3,5,21,output,RGBRYGGRBGRGR,RGRRYBRGRBRBR,0.6153846153846154
S1_D30,3,6,22,output,RGBRYRGRYBRBR,RGBYRYBRGRGRG,0.5384615384615384
S1_D30,3,7,23,output,RGBYRRGRBRYBY,RGBRYRGRBRGBY,0.7692307692307692
S1_D30,3,8,24,output,RGBYRGRRYRGYB,RGBYRRGRBRYBY,0.6153846153846154
S1_D30,4,0,,seed,GYBRGRRGRGYRG,BRRGYBYBBBYYB,0.15384615384615385
S1_D30,4,1,25,output,GYGBRRYGBYGRG,BRRGYBBYYBYYB,0.23076923076923073
S1_D30,4,2,26,output,BRGYBBYYBYYBB,GYGGBRYGYRBYG,0.3076923076923077
S1_D30,4,3,27,output,GYGRGYGBYGRGY,BRGYBBYYBYYBB,0.3076923076923077
S1_D30,4,4,28,output,BRGYBBYYBYBBY,GYGGRGYBGYGBG,0.3076923076923077
S1_D30,4,5,29,output,GYBRGYYGRGYBG,BRGYBBYYBYBBY,0.3076923076923077
S1_D30,4,6,30,output,BRGYBBYBYYBBY,BGYYYGRGYBRBG,0.3846153846153846
S1_D30,4,7,31,output,BYGYBGYYGBYGR,YBGRYBBYBBRGY,0.3846153846153846
S1_D30,4,8,32,output,YBGRYBBYBGBGR,BYGYBYGRBYBYG,0.3076923076923077
S1_D30,5,0,,seed,RBGRYGRRYBBGY,BBGRRYYBRGBGG,0.46153846153846156
S1_D30,5,1,33,output,RYGRBBRYGRYBG,BRGGBGGRYBRGB,0.3846153846153846
S1_D30,5,2,34,output,RRGRYRGRBGRRB,RGYBBRYBYGRGY,0.3846153846153846
S1_D30,5,3,35,output,RGYBRYYRGYBGR,RRGYRYRGRBGYR,0.6153846153846154
S1_D30,5,4,36,output,RGYBRGRYGYBRG,RGYBRYRGYBGYB,0.6153846153846154
S1_D30,5,5,37,output,RGYBRYRGGBGRY,RGYBRGGRYBRBR,0.46153846153846156
S1_D30,5,6,38,output,RGYBRGRGRYBRG,RGYBRYRGGBRBR,0.6153846153846154
S1_D30,5,7,39,output,RGYBRYYRBYGRG,RGYBRGRGRGRBY,0.5384615384615384
S1_D30,5,8,40,output,RYBRYYRGRBYGR,RGYBRYRBRGRBR,0.6153846153846154
S1_D30,6,0,,seed,RYBYRRYGRYGYR,GRRYRBRRGBRGY,0.3846153846153846
S1_D30,6,1,41,output,RBYRYRYGYYRBY,RGYBRYYRBRGRB,0.3846153846153846
S1_D30,6,2,42,output,RBYRYYBRBGRYB,RBYYRBYGRBYBR,0.5384615384615384
S1_D30,6,3,43,output,RBYRYRBYGRBRY,RBYYRBGRBYRGB,0.6153846153846154
S1_D30,6,4,44,output,RYRYRGRBRYGRB,RBYRGRBGRBYBR,0.5384615384615384
S1_D30,6,5,45,output,RBRYRGRBRYRBG,RYRYRGRBRGYRB,0.7692307692307692
S1_D30,6,6,46,output,RYYRGRYRBRGRY,RBRYRGRBRYRGR,0.6153846153846154
S1_D30,6,7,47,output,RBRYRGRBRYGRB,RYYRGRYRBRGBG,0.46153846153846156
S1_D30,6,8,48,output,RYRGRYYRBGYGB,RBRYRGRBRYRGR,0.46153846153846156
S1_D30,7,0,,seed,RRGGBYGGYBRRY,YGGRRRRRGBGRG,0.23076923076923073
S1_D30,7,1,49,output,RRGGBBYGRBYGY,YGGRRBYRGBYBR,0.3846153846153846
S1_D30,7,2,50,output,GGRRBGRYGRGRY,GGRRBBYGRBRGY,0.6923076923076923
S1_D30,7,3,51,output,GGRRBBYGYGRBY,GRBGYBGRGRGRG,0.3846153846153846
S1_D30,7,4,52,output,GRBGRGBGRGRGR,GGRRBBYGYBRYB,0.3076923076923077
S1_D30,7,5,53,output,GGRRBBYGGRYBY,GRBGRGRBGRGRG,0.3076923076923077
S1_D30,7,6,54,output,GBGYGRGBGRYGR,GGRRBBYGGRYBY,0.3846153846153846
S1_D30,7,7,55,output,GGRRBBYGRYRGY,GBYGYBGRGBGYG,0.3846153846153846
S1_D30,7,8,56,output,GBYGYGRGBYGYY,RGYBRYRGBRBYB,0.3846153846153846
S1_D30,8,0,,seed,YRGRYYGYGYYRG,RYGBRBRYGRGYR,0.3846153846153846
S1_D30,8,1,57,output,YGRYRGGYBYGRY,RYGBRBRRYRGRB,0.3846153846153846
S1_D30,8,2,58,output,GYRRBGRYBYGRG,YGRYRRGYGRBYB,0.3846153846153846
S1_D30,8,3,59,output,GRRYGYRYRBBYG,GGYRBGRBYGRBY,0.3846153846153846
S1_D30,8,4,60,output,GGYRBGRYGYBYG,GRRYGYRYRRBYB,0.46153846153846156
S1_D30,8,5,61,output,RRYBGRYBGRYGY,GGYRBGYGGYRBR,0.3076923076923077
S1_D30,8,6,62,output,GGYRBRGYGRYBR,RRYBGRYBGRGYG,0.3076923076923077
S1_D30,8,7,63,output,RRYBRBRGBRYRB,GGYRBRGYBGYBR,0.46153846153846156
S1_D30,8,8,64,output,GGYRBRYRBGRBG,RRYGRYRBGRBRB,0.5384615384615384
S1_D30,9,0,,seed,BBBRGRGRRRBBG,RYGRBGBYGBRBB,0.3076923076923077
S1_D30,9,1,65,output,RRGRBRBBRGGBR,RYGBRYGRYGRBR,0.5384615384615384
S1_D30,9,2,66,output,RYGBRYYGRBGBY,RRBGRBGYGRBRB,0.46153846153846156
S1_D30,9,3,67,output,RBRBRGYBRGBRG,RYGBRYYGRBGYB,0.3846153846153846
S1_D30,9,4,68,output,RYYRGRBGBGYRG,RBRBRGYBRGBRB,0.3846153846153846
S1_D30,9,5,69,output,RBRBYGRRBRYRB,RGYRGYRBGRBYB,0.3846153846153846
S1_D30,9,6,70,output,RGYRYRGYBRGRY,RBRBYYGRBGYRB,0.3846153846153846
S1_D30,9,7,71,output,RRGGRBRGYGRBB,RGYRGYBRGYRGB,0.5384615384615384
S1_D30,9,8,72,output,RGYRYGYRBYGRG,RGRGGRBYGRBRB,0.5384615384615384
S1_D30,10,0,,seed,RRBGYYRRRGYGR,GYYRRRRBYYBRY,0.3846153846153846
S1_D30,10,1,73,output,RRBGYRGRBRYRG,GYYRBRGRBYRBR,0.3846153846153846
S1_D30,10,2,74,output,GYRBGRYBGRYGY,RRYGYRBGRGBRY,0.46153846153846156
S1_D30,10,3,75,output,RYGRYRGRYRBRG,YGBRGRBYRYGYG,0.46153846153846156
S1_D30,10,4,76,output,YBGRGRBYGBGYR,RYRGYRBRBGRBY,0.3846153846153846
S1_D30,10,5,77,output,RGRYGYBYRGYGB,BYRGGRBYYGRBB,0.46153846153846156
S1_D30,10,6,78,output,BYRGRBRYRGYBG,RGYYGRYGRBYRB,0.3076923076923077
S1_D30,10,7,79,output,RGYRGYGRBGGRY,BYRGGRBRYBGRB,0.46153846153846156
S1_D30,10,8,80,output,BYRGGRYBRBRYR,RGYRGGRBGRBRY,0.6153846153846154
S1_D30,11,0,,seed,BRRYBGYYYYGGG,GBBRRRBYGBGGB,0.3846153846153846
S1_D30,11,1,81,output,BRYRBRYYGYGBG,GBBRRBYGGBBRB,0.3076923076923077
S1_D30,11,2,82,output,RGRYRBRRBRGRY,BRYYRBYRBGGRB,0.5384615384615384
S1_D30,11,3,83,output,RBYYRBGRYBYRG,RGRYRBGRYBRBR,0.6153846153846154
S1_D30,11,4,84,output,RGRYGYGRRBBYB,RBYYRBGRBYRBG,0.3846153846153846
S1_D30,11,5,85,output,RBRRBGRGRYRBR,RGGYBRGRBYGRB,0.46153846153846156
S1_D30,11,6,86,output,RGYBRGRYRBYGR,RBRRBGRRYRBRB,0.3846153846153846
S1_D30,11,7,87,output,RYGRBRGRYBYGR,RBGYRBYGRBYRB,0.5384615384615384
S1_D30,11,8,88,output,RGBYRBYGYGRBR,RBGYRGRYBYYBG,0.3846153846153846
S1_D30,12,0,,seed,YGYBBGRRBGYBB,YYBGGBRRYGRYG,0.46153846153846156
S1_D30,12,1,89,output,YGGYBGRGYRBGR,YYBGGBRRBYGRY,0.46153846153846156
S1_D30,12,2,90,output,GRBGRYBGRYGRB,YYGYBGRBRBRGR,0.3846153846153846
S1_D30,12,3,91,output,YGYBYRGYBGRYB,GRBGRBYRBYRBG,0.3846153846153846
S1_D30,12,4,92,output,RGRBYGRGYGRBY,YGBYGYGRYBYBR,0.46153846153846156
S1_D30,12,5,93,output,YGYBYRYGYBGBG,RGBYYBRGYGRBB,0.3846153846153846
S1_D30,12,6,94,output,RBRBGYRYGYBYG,YGBYGBRGYBRBG,0.3846153846153846
S1_D30,12,7,95,output,GYBGRBGYGBRGY,RBRBGRGYRBGRB,0.3846153846153846
S1_D30,12,8,96,output,RBRBRGRBGRGBR,GYBGRBGYGYBGY,0.3846153846153846
S1_D30,13,0,,seed,GBGYRGGYRGYGR,GYBRRGYBRBRGY,0.3846153846153846
S1_D30,13,1,97,output,GRGBRGRGYBYGR,GYBRRGYBRGYBG,0.46153846153846156
S1_D30,13,2,98,output,GYBRGBYGRGBYG,GYGBRGRBYGRBY,0.6923076923076923
S1_D30,13,3,99,output,GYGRBGRGYRYGB,GRBYGBYGRBGRB,0.3846153846153846
S1_D30,13,4,100,output,GYBRGBYGYBRGB,GYGRBGRBRGYGY,0.46153846153846156
S1_D30,13,5,101,output,GYBGYGYBYRGBG,GYBRGRBYRYBGR,0.6153846153846154
S1_D30,13,6,102,output,GYBRGBGYBYGRY,GYBGYGYBRYBGR,0.6153846153846154
S1_D30,13,7,103,output,GYBGYGRGYBRGR,GRBYGBGYGBYRB,0.46153846153846156
S1_D30,13,8,104,output,GRBGRGYGBGRYG,GYBGYBRGYRBYG,0.5384615384615384
S1_D30,14,0,,seed,YRGYGRYYRRGYY,YRGGYBYYGGYYB,0.5384615384615384
S1_D30,14,1,105,output,YRGYGRGYRGBGR,YRGGBYGGYYBYG,0.46153846153846156
S1_D30,14,2,106,output,YGGBRGYBYGRBY,YRGYGRYGRGYRG,0.3846153846153846
S1_D30,14,3,107,output,GYRGYBYRGRGRG,YGGRBRGBRYBRY,0.3846153846153846
S1_D30,14,4,108,output,YBGRGYRGBYGRG,GYRGYRGBRYBRG,0.6153846153846154
S1_D30,14,5,109,output,GYBGRGYGRYGRB,YRGRYGRBGRGRG,0.46153846153846156
S1_D30,14,6,110,output,YGRGRYGRBGRYG,RRGYRBGRBYGRB,0.46153846153846156
S1_D30,14,7,111,output,RGBYGYGRBRGBY,YGRYRGYGRBYGR,0.5384615384615384
S1_D30,14,8,112,output,YGRYGRGYRBYRG,RGBYGYGRBRGYB,0.46153846153846156
S1_D30,15,0,,seed,BGRYRYRRGRYBB,RYGBBYBGGGGYG,0.15384615384615385
S1_D30,15,1,113,output,GRBGRGRBYRGRB,RYGBBYGRBGGGY,0.3076923076923077
S1_D30,15,2,114,output,RGYRGRYBGRYGB,GRBGRYYRGBGRB,0.3846153846153846
S1_D30,15,3,115,output,GRBGRGYGBRGBG,RGYRGBYBGRRGY,0.3846153846153846
S1_D30,15,4,116,output,GYRGYBYBRRGRG,GRBGRYGRBYGRB,0.3846153846153846
S1_D30,15,5,117,output,GRBGRYRGYGRBY,GYRGYBBYBYGYR,0.3076923076923077
S1_D30,15,6,118,output,GYBGYGBRGRRGR,GRBGRYRRYGRBG,0.46153846153846156
S1_D30,15,7,119,output,GRBGRYYGRBGBR,GRBYGRRBRBYRG,0.46153846153846156
S1_D30,15,8,120,output,GRBYRBBRGRGYR,GRBGRYYGRBBGR,0.46153846153846156
