participant_id,dyad_id,member,block,trial_in_block,global_trial,sequence_type,sequence,reproduction_accuracy,hierarchical_depth,compression_ratio
S1_D01_P1,S1_D01,1,1,0,,seed,BRRBBYYYGRBYY,,1,0.6153846153846154
S1_D01_P1,S1_D01,1,1,1,1,output,RRBBYYYGRBBBR,0.6923076923076923,1,0.6153846153846154
S1_D01_P1,S1_D01,1,1,2,2,output,GYYYGRRBRRGGG,0.6923076923076923,1,0.7692307692307693
S1_D01_P1,S1_D01,1,1,3,3,output,RRRBBBGYYYRGG,0.6923076923076923,0,0.7692307692307693
S1_D01_P1,S1_D01,1,1,4,4,output,GGRBGGYYRYGRR,0.5384615384615384,1,0.7692307692307693
S1_D01_P1,S1_D01,1,1,5,5,output,RRBBGYYGBRGYR,0.46153846153846156,1,0.7692307692307693
S1_D01_P1,S1_D01,1,1,6,6,output,RRBYYRBBYRRRR,0.46153846153846156,1,0.6153846153846154
S1_D01_P1,S1_D01,1,1,7,7,output,RRGYGGGRRGGGG,0.6153846153846154,1,0.6153846153846154
S1_D01_P1,S1_D01,1,1,8,8,output,RRBYYRRRRRRRR,0.9230769230769231,2,0.3076923076923077
S1_D01_P1,S1_D01,1,2,0,,seed,YBYYRYRYRBBYB,,1,0.5384615384615384
S1_D01_P1,S1_D01,1,2,1,9,output,YYBRYYBYBYRRR,0.3846153846153846,1,0.6153846153846154
S1_D01_P1,S1_D01,1,2,2,10,output,YYBRRRYBGGGGG,0.3846153846153846,1,0.5384615384615384
S1_D01_P1,S1_D01,1,2,3,11,output,RRYYBYBYRRRRR,0.8461538461538461,1,0.46153846153846156
S1_D01_P1,S1_D01,1,2,4,12,output,RRYYBBGGGGGGG,1.0,1,0.38461538461538464
S1_D01_P1,S1_D01,1,2,5,13,output,RRYBYBYRRRRRR,1.0,1,0.38461538461538464
S1_D01_P1,S1_D01,1,2,6,14,output,RRYYBBGGGGGGG,1.0,1,0.38461538461538464
S1_D01_P1,S1_D01,1,2,7,15,output,YBYRRRRRRRRRR,0.8461538461538461,2,0.15384615384615385
S1_D01_P1,S1_D01,1,2,8,16,output,RRYYBBGGGGGGG,1.0,1,0.38461538461538464
S1_D01_P1,S1_D01,1,3,0,,seed,GRGYRGGGGYYBG,,1,0.6153846153846154
S1_D01_P1,S1_D01,1,3,1,17,output,GGRYGRBGGGGGG,0.46153846153846156,1,0.46153846153846156
S1_D01_P1,S1_D01,1,3,2,18,output,YRYRBYGYGYRYR,0.6153846153846154,2,0.5384615384615384
S1_D01_P1,S1_D01,1,3,3,19,output,YRRBYGGGGGGGG,0.8461538461538461,2,0.3076923076923077
S1_D01_P1,S1_D01,1,3,4,20,output,RBYRBGBRBRBRB,0.8461538461538461,1,0.46153846153846156
S1_D01_P1,S1_D01,1,3,5,21,output,YYRBYRGYGGGGG,0.7692307692307692,1,0.5384615384615384
S1_D01_P1,S1_D01,1,3,6,22,output,GYBBYRYRYRYRY,0.9230769230769231,2,0.3076923076923077
S1_D01_P1,S1_D01,1,3,7,23,output,YYRBYRYGGGGGG,0.6923076923076923,1,0.46153846153846156
S1_D01_P1,S1_D01,1,3,8,24,output,YBBRYRYRYRYRY,1.0,2,0.23076923076923078
S1_D01_P1,S1_D01,1,4,0,,seed,RYGGRBYBYGGYR,,1,0.6153846153846154
S1_D01_P1,S1_D01,1,4,1,25,output,RYGGBYRYGRYGB,0.6153846153846154,1,0.6153846153846154
S1_D01_P1,S1_D01,1,4,2,26,output,YYRBYGBGYRGBG,0.6923076923076923,1,0.6153846153846154
S1_D01_P1,S1_D01,1,4,3,27,output,YYRBYGBGYRGGB,0.6153846153846154,1,0.7692307692307693
S1_D01_P1,S1_D01,1,4,4,28,output,YYRBGYRBGYYGB,0.6153846153846154,1,0.46153846153846156
S1_D01_P1,S1_D01,1,4,5,29,output,YYRBYGBGBYYGB,0.6923076923076923,1,0.6153846153846154
S1_D01_P1,S1_D01,1,4,6,30,output,YYRBYGBYGYYGB,0.7692307692307692,1,0.5384615384615384
S1_D01_P1,S1_D01,1,4,7,31,output,YYYBGYBBGYRGB,0.6923076923076923,1,0.6153846153846154
S1_D01_P1,S1_D01,1,4,8,32,output,YYYRYGBGBRRBB,0.6153846153846154,1,0.7692307692307693
S1_D01_P1,S1_D01,1,5,0,,seed,RRGRRRGGBBRGB,,1,0.7692307692307693
S1_D01_P1,S1_D01,1,5,1,33,output,RRRGRGGBRGBRR,0.6153846153846154,1,0.6153846153846154
S1_D01_P1,S1_D01,1,5,2,34,output,YYYBBBGYBRRRR,0.8461538461538461,1,0.6153846153846154
S1_D01_P1,S1_D01,1,5,3,35,output,RRRBBBGRBRBRR,0.6153846153846154,1,0.6153846153846154
S1_D01_P1,S1_D01,1,5,4,36,output,YYYBBBGYBRRRR,1.0,1,0.6153846153846154
S1_D01_P1,S1_D01,1,5,5,37,output,RRRGBBRRRRRRR,0.7692307692307692,1,0.38461538461538464
S1_D01_P1,S1_D01,1,5,6,38,output,YYYBGYRBRRRRR,0.8461538461538461,1,0.5384615384615384
S1_D01_P1,S1_D01,1,5,7,39,output,RRRBGRRRRRRRR,0.9230769230769231,2,0.3076923076923077
S1_D01_P1,S1_D01,1,5,8,40,output,YGYBGYRRRRRRR,0.7692307692307692,1,0.38461538461538464
S1_D01_P1,S1_D01,1,6,0,,seed,BGGRBRBBGRGBR,,1,0.7692307692307693
S1_D01_P1,S1_D01,1,6,1,41,output,BBGRBRBRRGRGR,0.6923076923076923,1,0.5384615384615384
S1_D01_P1,S1_D01,1,6,2,42,output,GGGBRBBYGRRRG,0.6153846153846154,0,0.7692307692307693
S1_D01_P1,S1_D01,1,6,3,43,output,GBGRRBRRRRRRR,0.46153846153846156,1,0.38461538461538464
S1_D01_P1,S1_D01,1,6,4,44,output,YGBYBGRBRRBRR,0.6153846153846154,1,0.5384615384615384
S1_D01_P1,S1_D01,1,6,5,45,output,RRBGBGRRRRRRR,0.8461538461538461,1,0.38461538461538464
S1_D01_P1,S1_D01,1,6,6,46,output,YGBRBYYRRRRRR,0.5384615384615384,1,0.46153846153846156
S1_D01_P1,S1_D01,1,6,7,47,output,RGBYBRYGBRRRR,0.6923076923076923,1,0.6153846153846154
S1_D01_P1,S1_D01,1,6,8,48,output,YGGRYRBGYRRRR,0.6923076923076923,1,0.6153846153846154
S1_D01_P1,S1_D01,1,7,0,,seed,RYYYYYBYGRRRY,,1,0.5384615384615384
S1_D01_P1,S1_D01,1,7,1,49,output,YRYYYBYGBYRYR,0.6153846153846154,1,0.7692307692307693
S1_D01_P1,S1_D01,1,7,2,50,output,YGBBRYBRRRRRR,0.6153846153846154,1,0.46153846153846156
S1_D01_P1,S1_D01,1,7,3,51,output,YYYYBGYRYRRRG,0.6153846153846154,1,0.7692307692307693
S1_D01_P1,S1_D01,1,7,4,52,output,YYGYGYRBYGRRR,0.6153846153846154,1,0.6153846153846154
S1_D01_P1,S1_D01,1,7,5,53,output,YYGBGRRGRGRGG,0.6153846153846154,1,0.5384615384615384
S1_D01_P1,S1_D01,1,7,6,54,output,YYGBYGRRBRRRR,0.7692307692307692,1,0.6153846153846154
S1_D01_P1,S1_D01,1,7,7,55,output,YRYRGRRRGGRGR,0.8461538461538461,1,0.6153846153846154
S1_D01_P1,S1_D01,1,7,8,56,output,GGYBGRRRYRRRR,0.8461538461538461,1,0.6153846153846154
S1_D01_P1,S1_D01,1,8,0,,seed,BBBBRYBYRBYGB,,1,0.7692307692307693
S1_D01_P1,S1_D01,1,8,1,57,output,BBBRBRBYRBGYR,0.6153846153846154,1,0.6153846153846154
S1_D01_P1,S1_D01,1,8,2,58,output,YYGBGYYBRYBRR,0.5384615384615384,1,0.6153846153846154
S1_D01_P1,S1_D01,1,8,3,59,output,YYGBRYYGBYRBB,0.3846153846153846,1,0.6153846153846154
S1_D01_P1,S1_D01,1,8,4,60,output,YYGBGGBYRRRRR,0.9230769230769231,1,0.5384615384615384
S1_D01_P1,S1_D01,1,8,5,61,output,YYGBYBBGYRYRR,0.6153846153846154,1,0.7692307692307693
S1_D01_P1,S1_D01,1,8,6,62,output,YYGGRYRRRRRRR,0.8461538461538461,1,0.38461538461538464
S1_D01_P1,S1_D01,1,8,7,63,output,YYYBGYRYRYRYR,0.6923076923076923,2,0.38461538461538464
S1_D01_P1,S1_D01,1,8,8,64,output,YGGYRYRRRRRRR,0.9230769230769231,1,0.38461538461538464
S1_D01_P1,S1_D01,1,9,0,,seed,YBGBYYBYYGBRR,,1,0.6153846153846154
S1_D01_P1,S1_D01,1,9,1,65,output,YYBYBGYBRRYBR,0.46153846153846156,2,0.6153846153846154
S1_D01_P1,S1_D01,1,9,2,66,output,YYGYGBRYRYRYR,0.5384615384615384,1,0.46153846153846156
S1_D01_P1,S1_D01,1,9,3,67,output,YGBYBRGYRYRYR,0.6153846153846154,1,0.5384615384615384
S1_D01_P1,S1_D01,1,9,4,68,output,YYGYBGBGYRYRY,0.6153846153846154,1,0.6153846153846154
S1_D01_P1,S1_D01,1,9,5,69,output,YGYBGYRYRYRYR,0.8461538461538461,1,0.38461538461538464
S1_D01_P1,S1_D01,1,9,6,70,output,YYGBGYRYRRYRY,0.8461538461538461,1,0.6153846153846154
S1_D01_P1,S1_D01,1,9,7,71,output,GBYYGYRYRYRYR,0.8461538461538461,2,0.38461538461538464
S1_D01_P1,S1_D01,1,9,8,72,output,YYGGBYRYRYRRR,0.7692307692307692,1,0.5384615384615384
S1_D01_P1,S1_D01,1,10,0,,seed,GBBRRBRRGYYYB,,1,0.6153846153846154
S1_D01_P1,S1_D01,1,10,1,73,output,BGBBRBRGBRYRR,0.46153846153846156,1,0.7692307692307693
S1_D01_P1,S1_D01,1,10,2,74,output,YYRBGYYRBRYRR,0.6153846153846154,1,0.6153846153846154
S1_D01_P1,S1_D01,1,10,3,75,output,GBGGBGYRYYYYR,0.5384615384615384,1,0.6153846153846154
S1_D01_P1,S1_D01,1,10,4,76,output,YYRBGYRYBRYRR,0.7692307692307692,1,0.7692307692307693
S1_D01_P1,S1_D01,1,10,5,77,output,BGGBGYRYRYRYY,0.8461538461538461,1,0.46153846153846156
S1_D01_P1,S1_D01,1,10,6,78,output,YYBBGYRYRYRYY,0.6923076923076923,1,0.46153846153846156
S1_D01_P1,S1_D01,1,10,7,79,output,BGGGYRRBGRBRR,0.6923076923076923,1,0.7692307692307693
S1_D01_P1,S1_D01,1,10,8,80,output,BGGYRYRYRYRRR,0.46153846153846156,2,0.38461538461538464
S1_D01_P1,S1_D01,1,11,0,,seed,BBBRBYGBGRYRB,,1,0.7692307692307693
S1_D01_P1,S1_D01,1,11,1,81,output,BBGRBYRGBRRRR,0.6153846153846154,1,0.6153846153846154
S1_D01_P1,S1_D01,1,11,2,82,output,RRYRYGRBRRRRR,0.6923076923076923,1,0.5384615384615384
S1_D01_P1,S1_D01,1,11,3,83,output,BGBYRRBGRRRRR,0.8461538461538461,1,0.5384615384615384
S1_D01_P1,S1_D01,1,11,4,84,output,RRYBGYRYRRRRR,1.0,1,0.5384615384615384
S1_D01_P1,S1_D01,1,11,5,85,output,RRYBGYRBRBRRR,0.6923076923076923,1,0.6153846153846154
S1_D01_P1,S1_D01,1,11,6,86,output,RRYGBYRRRRRRR,1.0,1,0.38461538461538464
S1_D01_P1,S1_D01,1,11,7,87,output,RRYGYRBYRRRRR,0.6923076923076923,1,0.5384615384615384
S1_D01_P1,S1_D01,1,11,8,88,output,RRYBGYRRRRRRR,1.0,1,0.38461538461538464
S1_D01_P1,S1_D01,1,12,0,,seed,BRGYGYBYRRYBY,,1,0.6153846153846154
S1_D01_P1,S1_D01,1,12,1,89,output,RGBBGYBYBYBYB,0.5384615384615384,2,0.38461538461538464
S1_D01_P1,S1_D01,1,12,2,90,output,YYRBGYRYYYYYY,0.7692307692307692,1,0.46153846153846156
S1_D01_P1,S1_D01,1,12,3,91,output,RRBRBGYBYBYBB,0.6923076923076923,1,0.5384615384615384
S1_D01_P1,S1_D01,1,12,4,92,output,YRYBGYYRYYYYY,0.8461538461538461,1,0.5384615384615384
S1_D01_P1,S1_D01,1,12,5,93,output,RGBYGBRBRBBBB,0.6923076923076923,1,0.5384615384615384
S1_D01_P1,S1_D01,1,12,6,94,output,YRYBRYYRYYYYY,0.6153846153846154,2,0.5384615384615384
S1_D01_P1,S1_D01,1,12,7,95,output,RRBBGBRBRBBBB,0.8461538461538461,2,0.5384615384615384
S1_D01_P1,S1_D01,1,12,8,96,output,YRYYBYYRYYYYY,0.6923076923076923,2,0.5384615384615384
S1_D01_P1,S1_D01,1,13,0,,seed,GRYBGBYRRBYRY,,1,0.6153846153846154
S1_D01_P1,S1_D01,1,13,1,97,output,YGRRBRBGBRBYY,0.5384615384615384,1,0.6153846153846154
S1_D01_P1,S1_D01,1,13,2,98,output,GBGRBYYRRBRRR,0.6153846153846154,1,0.7692307692307693
S1_D01_P1,S1_D01,1,13,3,99,output,YYRYBGRYRYYYY,0.6923076923076923,1,0.5384615384615384
S1_D01_P1,S1_D01,1,13,4,100,output,GBYYRBRBRRRRR,0.8461538461538461,1,0.46153846153846156
S1_D01_P1,S1_D01,1,13,5,101,output,YYRYBYGBGRRYY,0.8461538461538461,1,0.7692307692307693
S1_D01_P1,S1_D01,1,13,6,102,output,GBYRYBRYRRRRR,0.8461538461538461,1,0.5384615384615384
S1_D01_P1,S1_D01,1,13,7,103,output,YYRYBYBGYYYRY,1.0,1,0.6153846153846154
S1_D01_P1,S1_D01,1,13,8,104,output,GGBYBYRYBRRRR,0.7692307692307692,1,0.6153846153846154
S1_D01_P1,S1_D01,1,14,0,,seed,BGRRRGYYBGRBR,,1,0.7692307692307693
S1_D01_P1,S1_D01,1,14,1,105,output,GGBRBYYGRRGBR,0.46153846153846156,1,0.6153846153846154
S1_D01_P1,S1_D01,1,14,2,106,output,YYRGBRRYBYGBB,0.6153846153846154,1,0.7692307692307693
S1_D01_P1,S1_D01,1,14,3,107,output,GBYRYBRGYRBBB,0.9230769230769231,1,0.7692307692307693
S1_D01_P1,S1_D01,1,14,4,108,output,YYRBGRRYBRRYB,0.7692307692307692,1,0.5384615384615384
S1_D01_P1,S1_D01,1,14,5,109,output,YBYGYBGYBBBBB,0.8461538461538461,2,0.46153846153846156
S1_D01_P1,S1_D01,1,14,6,110,output,YYRGBYRBYRRYR,0.8461538461538461,2,0.6153846153846154
S1_D01_P1,S1_D01,1,14,7,111,output,YYBGYBGYBBBBB,1.0,2,0.3076923076923077
S1_D01_P1,S1_D01,1,14,8,112,output,YYRBGYRYRRYRR,0.6153846153846154,2,0.5384615384615384
S1_D01_P1,S1_D01,1,15,0,,seed,GRRGYRGGBYYYG,,1,0.7692307692307693
S1_D01_P1,S1_D01,1,15,1,113,output,GGRGBYRBYYYYG,0.6153846153846154,1,0.6153846153846154
S1_D01_P1,S1_D01,1,15,2,114,output,YYBYBYGBGGBGG,0.9230769230769231,1,0.46153846153846156
S1_D01_P1,S1_D01,1,15,3,115,output,GGBRBYRBYYYYG,0.8461538461538461,1,0.5384615384615384
S1_D01_P1,S1_D01,1,15,4,116,output,YBYGBGYYBYYYG,0.5384615384615384,1,0.7692307692307693
S1_D01_P1,S1_D01,1,15,5,117,output,GGBRYRRBYGGGG,0.8461538461538461,1,0.6153846153846154
S1_D01_P1,S1_D01,1,15,6,118,output,YYBGBGYBYYYGG,0.7692307692307692,1,0.7692307692307693
S1_D01_P1,S1_D01,1,15,7,119,output,GGGGGGGGGGGGG,1.0,2,0.0
S1_D01_P1,S1_D01,1,15,8,120,output,YYBGBGGBYGGGG,0.6923076923076923,1,0.6153846153846154
S1_D01_P2,S1_D01,2,1,0,,seed,YYYGRRRRBBBRG,,1,0.6153846153846154
S1_D01_P2,S1_D01,2,1,1,1,output,YYYGRRRBRRRGY,0.6923076923076923,1,0.6153846153846154
S1_D01_P2,S1_D01,2,1,2,2,output,RRRBBBGGYYBRR,0.46153846153846156,1,0.7692307692307693
S1_D01_P2,S1_D01,2,1,3,3,output,GGRBBRGGGYYYG,0.3846153846153846,1,0.7692307692307693
S1_D01_P2,S1_D01,2,1,4,4,output,RRBYYGRRBGGGY,0.3846153846153846,1,0.7692307692307693
S1_D01_P2,S1_D01,2,1,5,5,output,RRBGGRYYBRRBB,0.46153846153846156,1,0.7692307692307693
S1_D01_P2,S1_D01,2,1,6,6,output,RRBGGYRRBBGGG,0.5384615384615384,1,0.6153846153846154
S1_D01_P2,S1_D01,2,1,7,7,output,RRBYYRRBRRRRR,0.8461538461538461,2,0.5384615384615384
S1_D01_P2,S1_D01,2,1,8,8,output,RRGYRRGGGGGGG,0.6923076923076923,1,0.38461538461538464
S1_D01_P2,S1_D01,2,2,0,,seed,GYYRGYYYGGBBG,,1,0.7692307692307693
S1_D01_P2,S1_D01,2,2,1,9,output,RRYGGBBRYGGGG,0.3846153846153846,1,0.5384615384615384
S1_D01_P2,S1_D01,2,2,2,10,output,RRYYBBYBRRRRR,0.5384615384615384,1,0.5384615384615384
S1_D01_P2,S1_D01,2,2,3,11,output,RRYYBBGGGGGGG,0.46153846153846156,1,0.38461538461538464
S1_D01_P2,S1_D01,2,2,4,12,output,RRYBYBYRRRRRR,0.8461538461538461,1,0.38461538461538464
S1_D01_P2,S1_D01,2,2,5,13,output,RRYYBBGGGGGGG,1.0,1,0.38461538461538464
S1_D01_P2,S1_D01,2,2,6,14,output,BYBRRRRRRRRRR,0.5384615384615384,2,0.15384615384615385
S1_D01_P2,S1_D01,2,2,7,15,output,RRYYBBGGGGGGG,1.0,1,0.38461538461538464
S1_D01_P2,S1_D01,2,2,8,16,output,BYBYRRRRRRRRR,0.8461538461538461,2,0.23076923076923078
S1_D01_P2,S1_D01,2,3,0,,seed,GYBRBRGBRGYGR,,2,0.6153846153846154
S1_D01_P2,S1_D01,2,3,1,17,output,YBYRBRBGYGYRB,0.5384615384615384,1,0.6153846153846154
S1_D01_P2,S1_D01,2,3,2,18,output,YRRBYRBGGGGGG,0.6923076923076923,1,0.46153846153846156
S1_D01_P2,S1_D01,2,3,3,19,output,RBRYRBGRBRBRB,0.3846153846153846,2,0.5384615384615384
S1_D01_P2,S1_D01,2,3,4,20,output,YYRYBBRYGGGGG,0.5384615384615384,1,0.5384615384615384
S1_D01_P2,S1_D01,2,3,5,21,output,GYRBYRYRYRYRY,0.3846153846153846,2,0.3076923076923077
S1_D01_P2,S1_D01,2,3,6,22,output,YYRYBBYRGGGGG,0.6923076923076923,1,0.5384615384615384
S1_D01_P2,S1_D01,2,3,7,23,output,YBBRYRYRYRYRY,0.8461538461538461,2,0.23076923076923078
S1_D01_P2,S1_D01,2,3,8,24,output,YYRYBYGGGGGGG,0.7692307692307692,1,0.38461538461538464
S1_D01_P2,S1_D01,2,4,0,,seed,YYRYBGYYGYYBG,,2,0.6153846153846154
S1_D01_P2,S1_D01,2,4,1,25,output,YYRBYGRYGGBGG,0.5384615384615384,1,0.7692307692307693
S1_D01_P2,S1_D01,2,4,2,26,output,YYRYBGBYRYGBG,0.5384615384615384,1,0.6153846153846154
S1_D01_P2,S1_D01,2,4,3,27,output,YRRYBGYBBRYGB,0.46153846153846156,1,0.7692307692307693
S1_D01_P2,S1_D01,2,4,4,28,output,YYRYBGBYRYGBG,0.6153846153846154,1,0.6153846153846154
S1_D01_P2,S1_D01,2,4,5,29,output,YYRYBGBYRYYGB,0.6923076923076923,1,0.6153846153846154
S1_D01_P2,S1_D01,2,4,6,30,output,YYYBGYGGBBRGB,0.6153846153846154,1,0.7692307692307693
S1_D01_P2,S1_D01,2,4,7,31,output,YYRYBGYBYRBBB,0.46153846153846156,1,0.7692307692307693
S1_D01_P2,S1_D01,2,4,8,32,output,YYRBGBBYRGBGB,0.6153846153846154,1,0.6153846153846154
S1_D01_P2,S1_D01,2,5,0,,seed,YYBBBBYGGYYYR,,1,0.6153846153846154
S1_D01_P2,S1_D01,2,5,1,33,output,YYYBBBGYYRRBR,0.5384615384615384,1,0.7692307692307693
S1_D01_P2,S1_D01,2,5,2,34,output,RRBBRBGBRGBRB,0.6923076923076923,1,0.6153846153846154
S1_D01_P2,S1_D01,2,5,3,35,output,YYYBBBGYBRRRR,1.0,1,0.6153846153846154
S1_D01_P2,S1_D01,2,5,4,36,output,RRRBGBRBRRRRR,0.6923076923076923,1,0.5384615384615384
S1_D01_P2,S1_D01,2,5,5,37,output,YYYBGYBRRRRRR,0.6923076923076923,1,0.46153846153846156
S1_D01_P2,S1_D01,2,5,6,38,output,RRGBGRRRRRRRR,0.7692307692307692,2,0.3076923076923077
S1_D01_P2,S1_D01,2,5,7,39,output,YYBGYGBRRRRRR,0.7692307692307692,1,0.46153846153846156
S1_D01_P2,S1_D01,2,5,8,40,output,RRGRRRRRRRRRR,0.7692307692307692,2,0.15384615384615385
S1_D01_P2,S1_D01,2,6,0,,seed,GYBBBBRRBGGGY,,1,0.6153846153846154
S1_D01_P2,S1_D01,2,6,1,41,output,GGGBRRBYGGGGB,0.46153846153846156,1,0.6153846153846154
S1_D01_P2,S1_D01,2,6,2,42,output,RRBGBRGBRBRRR,0.46153846153846156,1,0.6153846153846154
S1_D01_P2,S1_D01,2,6,3,43,output,GGBYRBBRRBRRR,0.5384615384615384,1,0.6153846153846154
S1_D01_P2,S1_D01,2,6,4,44,output,RRBGGBRRRRRRR,0.6923076923076923,1,0.38461538461538464
S1_D01_P2,S1_D01,2,6,5,45,output,YYGBBRYBRBYRR,0.5384615384615384,1,0.7692307692307693
S1_D01_P2,S1_D01,2,6,6,46,output,RRBGBRYBRRRRR,0.7692307692307692,1,0.5384615384615384
S1_D01_P2,S1_D01,2,6,7,47,output,YYGBYRYGBRRRR,0.5384615384615384,1,0.5384615384615384
S1_D01_P2,S1_D01,2,6,8,48,output,RYBGBYRBGBRRR,0.6153846153846154,1,0.6153846153846154
S1_D01_P2,S1_D01,2,7,0,,seed,GBBYRYYYRGGRG,,1,0.7692307692307693
S1_D01_P2,S1_D01,2,7,1,49,output,GBYBGRBRYRRRR,0.46153846153846156,1,0.6153846153846154
S1_D01_P2,S1_D01,2,7,2,50,output,YYYYBGBRYBGBR,0.5384615384615384,1,0.46153846153846156
S1_D01_P2,S1_D01,2,7,3,51,output,YYGBRYGBRRRRR,0.6923076923076923,1,0.38461538461538464
S1_D01_P2,S1_D01,2,7,4,52,output,YYGGYRBRRRGRG,0.5384615384615384,1,0.7692307692307693
S1_D01_P2,S1_D01,2,7,5,53,output,YYGBGYRBRRRRR,0.7692307692307692,1,0.5384615384615384
S1_D01_P2,S1_D01,2,7,6,54,output,YRYRGRRGRGGRR,0.5384615384615384,2,0.5384615384615384
S1_D01_P2,S1_D01,2,7,7,55,output,GGYBGRYRRRRRR,0.5384615384615384,1,0.46153846153846156
S1_D01_P2,S1_D01,2,7,8,56,output,RYRYRRGRGRGGR,0.6153846153846154,1,0.5384615384615384
S1_D01_P2,S1_D01,2,8,0,,seed,YYGYRRGRBGYRB,,1,0.6153846153846154
S1_D01_P2,S1_D01,2,8,1,57,output,YYGYGRBYRYRBR,0.6153846153846154,1,0.7692307692307693
S1_D01_P2,S1_D01,2,8,2,58,output,RBYBRBGBYGBRY,0.5384615384615384,1,0.7692307692307693
S1_D01_P2,S1_D01,2,8,3,59,output,YYGBGYBYRRRRR,0.6923076923076923,1,0.5384615384615384
S1_D01_P2,S1_D01,2,8,4,60,output,YYGBBYRYGBRYR,0.6153846153846154,1,0.6153846153846154
S1_D01_P2,S1_D01,2,8,5,61,output,YYGGYRRRRRRRR,0.6153846153846154,2,0.3076923076923077
S1_D01_P2,S1_D01,2,8,6,62,output,YYBGYRBBYRYRY,0.6153846153846154,1,0.6153846153846154
S1_D01_P2,S1_D01,2,8,7,63,output,YGGYRYBRRRRRR,0.7692307692307692,1,0.46153846153846156
S1_D01_P2,S1_D01,2,8,8,64,output,YYGBYRYRYYRYR,0.7692307692307692,1,0.46153846153846156
S1_D01_P2,S1_D01,2,9,0,,seed,RBRGRYGRBRRBR,,2,0.6153846153846154
S1_D01_P2,S1_D01,2,9,1,65,output,YYRBGYRRBRYRY,0.3846153846153846,1,0.7692307692307693
S1_D01_P2,S1_D01,2,9,2,66,output,YYBGYBRRYGYRY,0.6153846153846154,1,0.7692307692307693
S1_D01_P2,S1_D01,2,9,3,67,output,YYGBYRYRYRYRY,0.6923076923076923,2,0.3076923076923077
S1_D01_P2,S1_D01,2,9,4,68,output,YGBYGYRYRYRYR,0.7692307692307692,2,0.38461538461538464
S1_D01_P2,S1_D01,2,9,5,69,output,YYGBGYRYRYRYR,0.6923076923076923,2,0.38461538461538464
S1_D01_P2,S1_D01,2,9,6,70,output,YGBYGYRYRYRYR,0.8461538461538461,2,0.38461538461538464
S1_D01_P2,S1_D01,2,9,7,71,output,YYGBYGYRYRYRR,0.7692307692307692,1,0.5384615384615384
S1_D01_P2,S1_D01,2,9,8,72,output,GGBYGYYRYYRYR,0.6923076923076923,1,0.5384615384615384
S1_D01_P2,S1_D01,2,10,0,,seed,BBYRGYGBYGBBR,,1,0.6153846153846154
S1_D01_P2,S1_D01,2,10,1,73,output,YYRYBGBRYRYRY,0.3076923076923077,1,0.5384615384615384
S1_D01_P2,S1_D01,2,10,2,74,output,GBGBGBYRYRRRY,0.46153846153846156,1,0.6153846153846154
S1_D01_P2,S1_D01,2,10,3,75,output,YYRBYGYRBBRYR,0.6923076923076923,2,0.6153846153846154
S1_D01_P2,S1_D01,2,10,4,76,output,BGGBGYRYGYRYR,0.7692307692307692,1,0.5384615384615384
S1_D01_P2,S1_D01,2,10,5,77,output,YYBGBYRYYRYRY,0.6923076923076923,1,0.6153846153846154
S1_D01_P2,S1_D01,2,10,6,78,output,BGGBYRYRGGRBR,0.6153846153846154,1,0.7692307692307693
S1_D01_P2,S1_D01,2,10,7,79,output,YYRBGBYRYRYRR,0.6923076923076923,1,0.5384615384615384
S1_D01_P2,S1_D01,2,10,8,80,output,YBGGGYRYBYRYR,0.6153846153846154,1,0.6153846153846154
S1_D01_P2,S1_D01,2,11,0,,seed,RGYRRRGRRYBGY,,1,0.7692307692307693
S1_D01_P2,S1_D01,2,11,1,81,output,RRYRYGYYRYRBR,0.3846153846153846,1,0.6153846153846154
S1_D01_P2,S1_D01,2,11,2,82,output,BGBYRBGGRRRRR,0.6153846153846154,1,0.5384615384615384
S1_D01_P2,S1_D01,2,11,3,83,output,RRYBGYRYRRRRR,0.6923076923076923,1,0.5384615384615384
S1_D01_P2,S1_D01,2,11,4,84,output,BBGBGYRBGBRRR,0.6153846153846154,1,0.6153846153846154
S1_D01_P2,S1_D01,2,11,5,85,output,RRYGBYRRRRRRR,0.7692307692307692,1,0.38461538461538464
S1_D01_P2,S1_D01,2,11,6,86,output,RRYBGBYBRRRRR,0.7692307692307692,1,0.5384615384615384
S1_D01_P2,S1_D01,2,11,7,87,output,RRYBGYRRRRRRR,0.8461538461538461,1,0.38461538461538464
S1_D01_P2,S1_D01,2,11,8,88,output,RRYBYRYRRRRRR,0.7692307692307692,1,0.46153846153846156
S1_D01_P2,S1_D01,2,12,0,,seed,BBYYBYBRBRGYY,,1,0.7692307692307693
S1_D01_P2,S1_D01,2,12,1,89,output,YYBGBYRYYRYYY,0.46153846153846156,2,0.5384615384615384
S1_D01_P2,S1_D01,2,12,2,90,output,RRBYGRBYBYBYB,0.7692307692307692,1,0.38461538461538464
S1_D01_P2,S1_D01,2,12,3,91,output,YYRYBGYRYYYYY,0.8461538461538461,1,0.46153846153846156
S1_D01_P2,S1_D01,2,12,4,92,output,RRBGBRYRBRBBB,0.6153846153846154,1,0.7692307692307693
S1_D01_P2,S1_D01,2,12,5,93,output,YYRBBYRYYYYYY,0.6153846153846154,1,0.46153846153846156
S1_D01_P2,S1_D01,2,12,6,94,output,RRGBGBRBBBBBB,0.7692307692307692,1,0.46153846153846156
S1_D01_P2,S1_D01,2,12,7,95,output,YYBRYYYRYYYYY,0.8461538461538461,2,0.5384615384615384
S1_D01_P2,S1_D01,2,12,8,96,output,RRBGBRBBBBBBB,0.7692307692307692,1,0.38461538461538464
S1_D01_P2,S1_D01,2,13,0,,seed,GBBRRYBYYYRRR,,1,0.7692307692307693
S1_D01_P2,S1_D01,2,13,1,97,output,GBBRRYRYBYRRR,0.8461538461538461,1,0.7692307692307693
S1_D01_P2,S1_D01,2,13,2,98,output,YYRYGBRYBRYYY,0.5384615384615384,2,0.6153846153846154
S1_D01_P2,S1_D01,2,13,3,99,output,GBYYRBYRRRRRR,0.6923076923076923,1,0.46153846153846156
S1_D01_P2,S1_D01,2,13,4,100,output,YYRYBYGYYRRYY,0.6923076923076923,2,0.7692307692307693
S1_D01_P2,S1_D01,2,13,5,101,output,GBYRYBYRRRRRR,0.6923076923076923,1,0.38461538461538464
S1_D01_P2,S1_D01,2,13,6,102,output,YYRYBYBGYYYRY,0.6923076923076923,1,0.6153846153846154
S1_D01_P2,S1_D01,2,13,7,103,output,GGBYRYBYRRRRR,0.8461538461538461,1,0.46153846153846156
S1_D01_P2,S1_D01,2,13,8,104,output,YYBGBYRYRRYRY,0.5384615384615384,1,0.6153846153846154
S1_D01_P2,S1_D01,2,14,0,,seed,RRRYRYBYGGYBY,,1,0.6153846153846154
S1_D01_P2,S1_D01,2,14,1,105,output,YYRYGYRYBGYBB,0.5384615384615384,1,0.6153846153846154
S1_D01_P2,S1_D01,2,14,2,106,output,GBYRYBRYYRBBB,0.3846153846153846,1,0.7692307692307693
S1_D01_P2,S1_D01,2,14,3,107,output,YYRBGBRBYRRYB,0.5384615384615384,1,0.7692307692307693
S1_D01_P2,S1_D01,2,14,4,108,output,YYBGYBGYBBBBB,0.46153846153846156,2,0.3076923076923077
S1_D01_P2,S1_D01,2,14,5,109,output,YYRBYGRBYRRYR,0.6923076923076923,1,0.6153846153846154
S1_D01_P2,S1_D01,2,14,6,110,output,YYBGYBGYBBBBB,0.8461538461538461,2,0.3076923076923077
S1_D01_P2,S1_D01,2,14,7,111,output,YBGBRYYRYRYRR,0.5384615384615384,1,0.5384615384615384
S1_D01_P2,S1_D01,2,14,8,112,output,YYBGYBBBBBBBB,0.8461538461538461,1,0.3076923076923077
S1_D01_P2,S1_D01,2,15,0,,seed,YBYBGBYBYGGBG,,1,0.6153846153846154
S1_D01_P2,S1_D01,2,15,1,113,output,YYBYBBGBGGBGG,0.6153846153846154,2,0.5384615384615384
S1_D01_P2,S1_D01,2,15,2,114,output,GGBRBYRYGYYYG,0.6923076923076923,1,0.7692307692307693
S1_D01_P2,S1_D01,2,15,3,115,output,YYBGBGBYBGGBG,0.6153846153846154,2,0.38461538461538464
S1_D01_P2,S1_D01,2,15,4,116,output,GGBRYRBGYGGGG,0.6153846153846154,1,0.6153846153846154
S1_D01_P2,S1_D01,2,15,5,117,output,YYBGBYYBYYGGY,0.6153846153846154,2,0.6153846153846154
S1_D01_P2,S1_D01,2,15,6,118,output,GGGGGGGGGGGGG,0.46153846153846156,2,0.0
S1_D01_P2,S1_D01,2,15,7,119,output,YYBGBGBGGBYGG,0.6923076923076923,1,0.5384615384615384
S1_D01_P2,S1_D01,2,15,8,120,output,GGGGGGGGGGGGG,1.0,2,0.0
S1_D02_P1,S1_D02,1,1,0,,seed,RYRGRGRGBBRYY,,1,0.5384615384615384
S1_D02_P1,S1_D02,1,1,1,1,output,RYRYRYRRGRBRY,0.6153846153846154,1,0.5384615384615384
S1_D02_P1,S1_D02,1,1,2,2,output,RYRYRGRBGBRGR,0.3076923076923077,1,0.6153846153846154
S1_D02_P1,S1_D02,1,1,3,3,output,RYRYRYRYRYRGR,0.6923076923076923,2,0.23076923076923078
S1_D02_P1,S1_D02,1,1,4,4,output,RYRYRBRGRBGBG,0.46153846153846156,1,0.7692307692307693
S1_D02_P1,S1_D02,1,1,5,5,output,RYRYRYRYRGRYR,1.0,2,0.3076923076923077
S1_D02_P1,S1_D02,1,1,6,6,output,RYRYRRYRGBRBR,0.46153846153846156,2,0.6153846153846154
S1_D02_P1,S1_D02,1,1,7,7,output,RYRYRYRRRYRRY,0.8461538461538461,2,0.38461538461538464
S1_D02_P1,S1_D02,1,1,8,8,output,RRRRRRBRBRYRY,0.7692307692307692,1,0.46153846153846156
S1_D02_P1,S1_D02,1,2,0,,seed,YYGBYRBRRRBRR,,1,0.5384615384615384
S1_D02_P1,S1_D02,1,2,1,9,output,YYYGBRBRGRRYR,0.6153846153846154,1,0.7692307692307693
S1_D02_P1,S1_D02,1,2,2,10,output,BBBBBRBYBRBRB,0.9230769230769231,1,0.5384615384615384
S1_D02_P1,S1_D02,1,2,3,11,output,YYYYYBYBGYBYG,0.5384615384615384,1,0.5384615384615384
S1_D02_P1,S1_D02,1,2,4,12,output,BBBBBBBBYRYBR,1.0,2,0.38461538461538464
S1_D02_P1,S1_D02,1,2,5,13,output,YYYYYYYBYBYBB,0.8461538461538461,1,0.3076923076923077
S1_D02_P1,S1_D02,1,2,6,14,output,BBBBBBBBYRYBR,0.8461538461538461,2,0.38461538461538464
S1_D02_P1,S1_D02,1,2,7,15,output,YYYYYYYBBBBBB,1.0,1,0.23076923076923078
S1_D02_P1,S1_D02,1,2,8,16,output,BBBBBBBBRRBRB,1.0,2,0.38461538461538464
S1_D02_P1,S1_D02,1,3,0,,seed,BBGGYGBBYYYGY,,1,0.7692307692307693
S1_D02_P1,S1_D02,1,3,1,17,output,BBGGYBYGBYGYG,0.6153846153846154,1,0.6153846153846154
S1_D02_P1,S1_D02,1,3,2,18,output,YRYRGYRBGYRGB,0.5384615384615384,2,0.6153846153846154
S1_D02_P1,S1_D02,1,3,3,19,output,BYBYBGYBYBYBB,0.7692307692307692,2,0.5384615384615384
S1_D02_P1,S1_D02,1,3,4,20,output,YRYRYRGBRGRYR,0.8461538461538461,1,0.5384615384615384
S1_D02_P1,S1_D02,1,3,5,21,output,BBYBYBYBGYBYB,1.0,2,0.3076923076923077
S1_D02_P1,S1_D02,1,3,6,22,output,YRYRYRRGYRGYR,0.6923076923076923,2,0.46153846153846156
S1_D02_P1,S1_D02,1,3,7,23,output,YBYBYBYBGBYBY,0.8461538461538461,2,0.3076923076923077
S1_D02_P1,S1_D02,1,3,8,24,output,YRYRYRYRYRGYR,1.0,2,0.3076923076923077
S1_D02_P1,S1_D02,1,4,0,,seed,GGRGYBBYGRGYY,,1,0.5384615384615384
S1_D02_P1,S1_D02,1,4,1,25,output,GGRYRGYRYBGYB,0.46153846153846156,1,0.7692307692307693
S1_D02_P1,S1_D02,1,4,2,26,output,YRYRYBRGBGRYB,0.5384615384615384,1,0.6153846153846154
S1_D02_P1,S1_D02,1,4,3,27,output,GGRYRYGYBGBYR,0.46153846153846156,1,0.7692307692307693
S1_D02_P1,S1_D02,1,4,4,28,output,YRRYRYRYGYBGY,0.6923076923076923,1,0.5384615384615384
S1_D02_P1,S1_D02,1,4,5,29,output,YGRYRRGBGYRBY,0.5384615384615384,1,0.7692307692307693
S1_D02_P1,S1_D02,1,4,6,30,output,GBGBGBGYBGYBG,0.7692307692307692,1,0.3076923076923077
S1_D02_P1,S1_D02,1,4,7,31,output,YRYRRGYBGRGYB,0.6923076923076923,1,0.5384615384615384
S1_D02_P1,S1_D02,1,4,8,32,output,GGBGBGYBYGBYG,0.6923076923076923,1,0.5384615384615384
S1_D02_P1,S1_D02,1,5,0,,seed,GRBGYGBYGRRRG,,1,0.7692307692307693
S1_D02_P1,S1_D02,1,5,1,33,output,GRBGRYBRRGRGR,0.5384615384615384,1,0.6153846153846154
S1_D02_P1,S1_D02,1,5,2,34,output,BBBGRYRYGBGRB,0.6153846153846154,1,0.6153846153846154
S1_D02_P1,S1_D02,1,5,3,35,output,GRBGRBGGRYRYG,0.5384615384615384,2,0.6153846153846154
S1_D02_P1,S1_D02,1,5,4,36,output,BBBRGRYGYRYRG,0.6153846153846154,1,0.7692307692307693
S1_D02_P1,S1_D02,1,5,5,37,output,GRRRBGRBRGRBG,0.7692307692307692,2,0.6153846153846154
S1_D02_P1,S1_D02,1,5,6,38,output,GGRBGRBGYRBBG,0.7692307692307692,1,0.5384615384615384
S1_D02_P1,S1_D02,1,5,7,39,output,GRBGRBGBGBRGR,0.8461538461538461,2,0.5384615384615384
S1_D02_P1,S1_D02,1,5,8,40,output,GRBGRBRRYRBRG,0.5384615384615384,1,0.6153846153846154
S1_D02_P1,S1_D02,1,6,0,,seed,BRYYYGBRGRYGG,,1,0.7692307692307693
S1_D02_P1,S1_D02,1,6,1,41,output,BRYYYGBRYRBYR,0.6923076923076923,1,0.7692307692307693
S1_D02_P1,S1_D02,1,6,2,42,output,GGRGRGBYGRYGR,0.5384615384615384,2,0.5384615384615384
S1_D02_P1,S1_D02,1,6,3,43,output,BRBBBYRYRGBBR,0.46153846153846156,1,0.7692307692307693
S1_D02_P1,S1_D02,1,6,4,44,output,GGRGRYBYBGRYB,0.6153846153846154,2,0.5384615384615384
S1_D02_P1,S1_D02,1,6,5,45,output,BRBRBBYGBRYBG,0.6923076923076923,1,0.7692307692307693
S1_D02_P1,S1_D02,1,6,6,46,output,GRGRGRYBRGBRY,0.6923076923076923,1,0.6153846153846154
S1_D02_P1,S1_D02,1,6,7,47,output,GBGBGBYRBYGBR,0.6923076923076923,1,0.6153846153846154
S1_D02_P1,S1_D02,1,6,8,48,output,GRGRGRBGYRYRG,0.6923076923076923,1,0.6153846153846154
S1_D02_P1,S1_D02,1,7,0,,seed,RGRGGYRRYGYGB,,1,0.7692307692307693
S1_D02_P1,S1_D02,1,7,1,49,output,GRGRGRYGGRGRY,0.3846153846153846,2,0.38461538461538464
S1_D02_P1,S1_D02,1,7,2,50,output,GRGRGRBYGRYRY,0.6153846153846154,1,0.6153846153846154
S1_D02_P1,S1_D02,1,7,3,51,output,GRGRGRYGGRGGR,0.7692307692307692,2,0.5384615384615384
S1_D02_P1,S1_D02,1,7,4,52,output,GRGRGRBGYGRGR,0.7692307692307692,2,0.46153846153846156
S1_D02_P1,S1_D02,1,7,5,53,output,GRGRGRGYBGBRG,0.9230769230769231,1,0.5384615384615384
S1_D02_P1,S1_D02,1,7,6,54,output,GRGRGRGRGBYGR,1.0,2,0.38461538461538464
S1_D02_P1,S1_D02,1,7,7,55,output,GRGRGRGYBGRGR,0.8461538461538461,2,0.38461538461538464
S1_D02_P1,S1_D02,1,7,8,56,output,GRGRGRRGBGRGR,0.7692307692307692,2,0.46153846153846156
S1_D02_P1,S1_D02,1,8,0,,seed,GGYBBRYYYBBRR,,1,0.5384615384615384
S1_D02_P1,S1_D02,1,8,1,57,output,GGYGGYBBBRYYY,0.3846153846153846,1,0.7692307692307693
S1_D02_P1,S1_D02,1,8,2,58,output,BYBYBBGGRRYRG,0.5384615384615384,1,0.7692307692307693
S1_D02_P1,S1_D02,1,8,3,59,output,GYGGGYGBYBRBG,0.6923076923076923,1,0.7692307692307693
S1_D02_P1,S1_D02,1,8,4,60,output,BYBYBRBYGRBYG,0.9230769230769231,2,0.5384615384615384
S1_D02_P1,S1_D02,1,8,5,61,output,GGYGBYGGRYBGY,0.6153846153846154,1,0.7692307692307693
S1_D02_P1,S1_D02,1,8,6,62,output,BYBYBYBRGYRYY,0.6923076923076923,1,0.5384615384615384
S1_D02_P1,S1_D02,1,8,7,63,output,GGYGYBYGBGRGG,0.6153846153846154,1,0.7692307692307693
S1_D02_P1,S1_D02,1,8,8,64,output,YBYBYRGBYRRBB,0.7692307692307692,1,0.6153846153846154
S1_D02_P1,S1_D02,1,9,0,,seed,RBRGBBRGBBYYY,,1,0.46153846153846156
S1_D02_P1,S1_D02,1,9,1,65,output,BRRGRBYRBYYYY,0.5384615384615384,1,0.5384615384615384
S1_D02_P1,S1_D02,1,9,2,66,output,YGGYGGYBYRYBR,0.6923076923076923,1,0.6153846153846154
S1_D02_P1,S1_D02,1,9,3,67,output,RBRBRBYBRYBRB,0.6923076923076923,1,0.5384615384615384
S1_D02_P1,S1_D02,1,9,4,68,output,YYGYGYBYBYGYB,0.5384615384615384,2,0.38461538461538464
S1_D02_P1,S1_D02,1,9,5,69,output,BRBRRBRBYRBRB,0.8461538461538461,2,0.46153846153846156
S1_D02_P1,S1_D02,1,9,6,70,output,GYYGYBYGYYBYG,0.6923076923076923,2,0.46153846153846156
S1_D02_P1,S1_D02,1,9,7,71,output,BRBRBRBRYBRYB,0.8461538461538461,2,0.3076923076923077
S1_D02_P1,S1_D02,1,9,8,72,output,GYGYGYGYBGYBY,0.7692307692307692,2,0.38461538461538464
S1_D02_P1,S1_D02,1,10,0,,seed,GYRGBRBGRGBGB,,1,0.6153846153846154
S1_D02_P1,S1_D02,1,10,1,73,output,GYRGYRGGBGBGB,0.7692307692307692,1,0.46153846153846156
S1_D02_P1,S1_D02,1,10,2,74,output,YRYYYYYBYRBYB,0.6153846153846154,1,0.5384615384615384
S1_D02_P1,S1_D02,1,10,3,75,output,GYRGRGGBGBGGB,0.8461538461538461,1,0.6153846153846154
S1_D02_P1,S1_D02,1,10,4,76,output,YRYYYYYYYBYBY,0.9230769230769231,1,0.3076923076923077
S1_D02_P1,S1_D02,1,10,5,77,output,YRYRGGGBYGRYR,0.6923076923076923,1,0.6153846153846154
S1_D02_P1,S1_D02,1,10,6,78,output,YRYYYYYYYYYBB,0.9230769230769231,2,0.23076923076923078
S1_D02_P1,S1_D02,1,10,7,79,output,GYGYGYYYRYGRG,0.6153846153846154,1,0.6153846153846154
S1_D02_P1,S1_D02,1,10,8,80,output,YRYYYYYYYYYYB,1.0,2,0.15384615384615385
S1_D02_P1,S1_D02,1,11,0,,seed,YRBYYRYYBYBYB,,1,0.5384615384615384
S1_D02_P1,S1_D02,1,11,1,81,output,YRYYBYYYRBYBY,0.6153846153846154,1,0.6153846153846154
S1_D02_P1,S1_D02,1,11,2,82,output,GRBGRBGRBYRGB,0.8461538461538461,1,0.46153846153846156
S1_D02_P1,S1_D02,1,11,3,83,output,YRYRYBGYBYGYG,0.7692307692307692,1,0.7692307692307693
S1_D02_P1,S1_D02,1,11,4,84,output,GRBGRBGRBYRGB,1.0,1,0.46153846153846156
S1_D02_P1,S1_D02,1,11,5,85,output,YGBGBYRYRGBGB,0.6153846153846154,2,0.5384615384615384
S1_D02_P1,S1_D02,1,11,6,86,output,GBRGBGYRYRGBR,0.5384615384615384,2,0.6153846153846154
S1_D02_P1,S1_D02,1,11,7,87,output,GYBGYBGRBYGBY,0.6153846153846154,1,0.6153846153846154
S1_D02_P1,S1_D02,1,11,8,88,output,GBGBYBYRYRGRG,0.6153846153846154,1,0.7692307692307693
S1_D02_P1,S1_D02,1,12,0,,seed,BRBGBRBYGBRRY,,2,0.6153846153846154
S1_D02_P1,S1_D02,1,12,1,89,output,BRBRGRYRYBRRR,0.5384615384615384,1,0.7692307692307693
S1_D02_P1,S1_D02,1,12,2,90,output,GBRGBRYBRGBRR,0.5384615384615384,1,0.46153846153846156
S1_D02_P1,S1_D02,1,12,3,91,output,RBRBRGRYRBRGR,0.8461538461538461,2,0.46153846153846156
S1_D02_P1,S1_D02,1,12,4,92,output,GYBGYBRGRGRBY,0.6923076923076923,1,0.6153846153846154
S1_D02_P1,S1_D02,1,12,5,93,output,BRBRGBRYBYRGB,0.6923076923076923,1,0.6153846153846154
S1_D02_P1,S1_D02,1,12,6,94,output,GYBGYBRYBRGRG,0.7692307692307692,1,0.6153846153846154
S1_D02_P1,S1_D02,1,12,7,95,output,RBRBRGBRYGRGR,0.6923076923076923,1,0.7692307692307693
S1_D02_P1,S1_D02,1,12,8,96,output,GYBGYBRGYRYRB,0.8461538461538461,2,0.7692307692307693
S1_D02_P1,S1_D02,1,13,0,,seed,BYBGYBGYRGYBR,,2,0.46153846153846156
S1_D02_P1,S1_D02,1,13,1,97,output,YBYBGYGYGYGYG,0.5384615384615384,2,0.3076923076923077
S1_D02_P1,S1_D02,1,13,2,98,output,YBYBYYBGYGYGY,0.5384615384615384,1,0.5384615384615384
S1_D02_P1,S1_D02,1,13,3,99,output,YBYBYGYGYGYGY,1.0,2,0.3076923076923077
S1_D02_P1,S1_D02,1,13,4,100,output,YBYBYBBYGYGYG,1.0,1,0.46153846153846156
S1_D02_P1,S1_D02,1,13,5,101,output,YBYBYBYGYGYGY,1.0,1,0.3076923076923077
S1_D02_P1,S1_D02,1,13,6,102,output,YBYBYBBYGYGYG,1.0,1,0.46153846153846156
S1_D02_P1,S1_D02,1,13,7,103,output,YBYBYGYGYGYGY,1.0,2,0.3076923076923077
S1_D02_P1,S1_D02,1,13,8,104,output,YBYBBYYGYGYGY,1.0,1,0.46153846153846156
S1_D02_P1,S1_D02,1,14,0,,seed,RRBRBYBRRYBRG,,1,0.6153846153846154
S1_D02_P1,S1_D02,1,14,1,105,output,RRBYYBRRGRGRG,0.6153846153846154,1,0.5384615384615384
S1_D02_P1,S1_D02,1,14,2,106,output,RBRBRYRYRGRYG,0.5384615384615384,1,0.6153846153846154
S1_D02_P1,S1_D02,1,14,3,107,output,RBGRBGRRRGRYR,0.46153846153846156,1,0.6153846153846154
S1_D02_P1,S1_D02,1,14,4,108,output,RBRRRYGRGBBYR,0.46153846153846156,0,0.7692307692307693
S1_D02_P1,S1_D02,1,14,5,109,output,RBRBRGRGRGRGB,0.5384615384615384,2,0.38461538461538464
S1_D02_P1,S1_D02,1,14,6,110,output,RRBRYGRBGRRRY,0.6153846153846154,1,0.7692307692307693
S1_D02_P1,S1_D02,1,14,7,111,output,RBRBRGRGRBRGR,1.0,2,0.46153846153846156
S1_D02_P1,S1_D02,1,14,8,112,output,RBRBRGRBGRBGR,0.6923076923076923,2,0.46153846153846156
S1_D02_P1,S1_D02,1,15,0,,seed,RGBYBBRBRRRGY,,1,0.7692307692307693
S1_D02_P1,S1_D02,1,15,1,113,output,RGRGRBGRBGRYR,0.3846153846153846,1,0.46153846153846156
S1_D02_P1,S1_D02,1,15,2,114,output,BYBGYYBRYBRBY,0.5384615384615384,2,0.6153846153846154
S1_D02_P1,S1_D02,1,15,3,115,output,RGRGRGRBYRBYG,0.8461538461538461,1,0.46153846153846156
S1_D02_P1,S1_D02,1,15,4,116,output,BYBYBYBRGBRBY,0.6923076923076923,1,0.5384615384615384
S1_D02_P1,S1_D02,1,15,5,117,output,RGRGRGRGRBYBY,0.6153846153846154,2,0.38461538461538464
S1_D02_P1,S1_D02,1,15,6,118,output,BYBYBYBRGBRYB,1.0,1,0.5384615384615384
S1_D02_P1,S1_D02,1,15,7,119,output,RGRGRGRBYRGRB,0.8461538461538461,2,0.38461538461538464
S1_D02_P1,S1_D02,1,15,8,120,output,BYBYBYBRYBRYR,0.9230769230769231,1,0.38461538461538464
S1_D02_P2,S1_D02,2,1,0,,seed,GBYRRBBYGBYYR,,2,0.7692307692307693
S1_D02_P2,S1_D02,2,1,1,1,output,GGBYRRRYBRBBY,0.46153846153846156,1,0.7692307692307693
S1_D02_P2,S1_D02,2,1,2,2,output,RYRYRYRRGRBRY,1.0,1,0.5384615384615384
S1_D02_P2,S1_D02,2,1,3,3,output,RYRRBGBRYBRRR,0.5384615384615384,1,0.7692307692307693
S1_D02_P2,S1_D02,2,1,4,4,output,RYRYRYRYRGRYR,0.8461538461538461,2,0.3076923076923077
S1_D02_P2,S1_D02,2,1,5,5,output,RRYYRBBRYRBGB,0.6153846153846154,1,0.6153846153846154
S1_D02_P2,S1_D02,2,1,6,6,output,RYRYRRYRRRYRR,0.7692307692307692,3,0.38461538461538464
S1_D02_P2,S1_D02,2,1,7,7,output,RRRRRBRBRYRBR,0.5384615384615384,2,0.38461538461538464
S1_D02_P2,S1_D02,2,1,8,8,output,RRYRYRRRRRRRR,0.6923076923076923,2,0.23076923076923078
S1_D02_P2,S1_D02,2,2,0,,seed,YBBYYGBBBRGRY,,1,0.7692307692307693
S1_D02_P2,S1_D02,2,2,1,9,output,BBBBBRBYBRBRR,0.46153846153846156,1,0.5384615384615384
S1_D02_P2,S1_D02,2,2,2,10,output,YBYBYBBGBYRBG,0.3846153846153846,1,0.6153846153846154
S1_D02_P2,S1_D02,2,2,3,11,output,BBBBBBBBYRYBR,0.6153846153846154,2,0.38461538461538464
S1_D02_P2,S1_D02,2,2,4,12,output,YYYYYYYBYYBYB,0.7692307692307692,1,0.3076923076923077
S1_D02_P2,S1_D02,2,2,5,13,output,BBBBBBBBYRBYB,0.8461538461538461,2,0.38461538461538464
S1_D02_P2,S1_D02,2,2,6,14,output,YYYYYYYBBBBBB,0.8461538461538461,1,0.23076923076923078
S1_D02_P2,S1_D02,2,2,7,15,output,BBBBBBBBRRBRB,0.7692307692307692,2,0.38461538461538464
S1_D02_P2,S1_D02,2,2,8,16,output,BBBBBBBBBBBBB,0.46153846153846156,2,0.0
S1_D02_P2,S1_D02,2,3,0,,seed,YGYRGYBBRRRBG,,1,0.7692307692307693
S1_D02_P2,S1_D02,2,3,1,17,output,YGRYRYGRBBRBB,0.5384615384615384,1,0.6153846153846154
S1_D02_P2,S1_D02,2,3,2,18,output,BYGBYBGBYBBBB,0.46153846153846156,2,0.46153846153846156
S1_D02_P2,S1_D02,2,3,3,19,output,YRYRYRGBRGYRY,0.6153846153846154,1,0.5384615384615384
S1_D02_P2,S1_D02,2,3,4,20,output,BBYBYBYBGYBYB,0.6923076923076923,2,0.3076923076923077
S1_D02_P2,S1_D02,2,3,5,21,output,YRRYRYRYRGYRY,0.6153846153846154,1,0.38461538461538464
S1_D02_P2,S1_D02,2,3,6,22,output,BYBYBYBYBGYBY,0.8461538461538461,2,0.3076923076923077
S1_D02_P2,S1_D02,2,3,7,23,output,YRYRYRYRYRGYR,0.8461538461538461,2,0.3076923076923077
S1_D02_P2,S1_D02,2,3,8,24,output,YBYBYBYBGBYBY,1.0,2,0.3076923076923077
S1_D02_P2,S1_D02,2,4,0,,seed,YRBRYRBBYBGBR,,1,0.7692307692307693
S1_D02_P2,S1_D02,2,4,1,25,output,YBRYRBYBBBRGB,0.6153846153846154,1,0.7692307692307693
S1_D02_P2,S1_D02,2,4,2,26,output,GRGYRGBYRGYRG,0.46153846153846156,2,0.46153846153846156
S1_D02_P2,S1_D02,2,4,3,27,output,YRRYRYRYRGBYR,0.5384615384615384,1,0.46153846153846156
S1_D02_P2,S1_D02,2,4,4,28,output,GRYGRYRGBYRGB,0.46153846153846156,1,0.5384615384615384
S1_D02_P2,S1_D02,2,4,5,29,output,GBGBYBGYBGRYB,0.3076923076923077,2,0.6153846153846154
S1_D02_P2,S1_D02,2,4,6,30,output,YRGYRRGRYBGRY,0.5384615384615384,1,0.6153846153846154
S1_D02_P2,S1_D02,2,4,7,31,output,GBGBGBGYBYBGY,0.8461538461538461,1,0.46153846153846156
S1_D02_P2,S1_D02,2,4,8,32,output,YRYRYRBRYRRBY,0.46153846153846156,1,0.5384615384615384
S1_D02_P2,S1_D02,2,5,0,,seed,BBBGGBBRBBYRG,,1,0.7692307692307693
S1_D02_P2,S1_D02,2,5,1,33,output,BBBGGBGRYBGRY,0.6923076923076923,2,0.5384615384615384
S1_D02_P2,S1_D02,2,5,2,34,output,GRBGRYYBRGRGR,0.8461538461538461,1,0.6153846153846154
S1_D02_P2,S1_D02,2,5,3,35,output,BBBRGBYRGBYRB,0.6923076923076923,1,0.46153846153846156
S1_D02_P2,S1_D02,2,5,4,36,output,GRRRBGRBGRBYR,0.5384615384615384,2,0.46153846153846156
S1_D02_P2,S1_D02,2,5,5,37,output,GGRBGRBRYRYRG,0.5384615384615384,1,0.5384615384615384
S1_D02_P2,S1_D02,2,5,6,38,output,GRBGRBGBGRBGR,0.6153846153846154,2,0.38461538461538464
S1_D02_P2,S1_D02,2,5,7,39,output,GRBGRRGRBGRYB,0.5384615384615384,2,0.5384615384615384
S1_D02_P2,S1_D02,2,5,8,40,output,GRBGRBGBGRBRG,0.8461538461538461,1,0.46153846153846156
S1_D02_P2,S1_D02,2,6,0,,seed,GGRRYGRBYRRRB,,1,0.7692307692307693
S1_D02_P2,S1_D02,2,6,1,41,output,GGRRBYRGBYRGG,0.5384615384615384,1,0.5384615384615384
S1_D02_P2,S1_D02,2,6,2,42,output,BRYYYGBRGBYRG,0.7692307692307692,1,0.7692307692307693
S1_D02_P2,S1_D02,2,6,3,43,output,GGRGRYBGRBYGR,0.7692307692307692,1,0.7692307692307693
S1_D02_P2,S1_D02,2,6,4,44,output,BRBRBBYRYBGBR,0.7692307692307692,1,0.7692307692307693
S1_D02_P2,S1_D02,2,6,5,45,output,GRGRGRYRBGRYB,0.7692307692307692,2,0.5384615384615384
S1_D02_P2,S1_D02,2,6,6,46,output,GBGBGBYRBGRYB,0.46153846153846156,1,0.6153846153846154
S1_D02_P2,S1_D02,2,6,7,47,output,GRGRGBYRGBYRG,0.6923076923076923,1,0.38461538461538464
S1_D02_P2,S1_D02,2,6,8,48,output,GBGBGBGRBYRGB,0.7692307692307692,1,0.5384615384615384
S1_D02_P2,S1_D02,2,7,0,,seed,RGGRYYGRBBGYG,,1,0.7692307692307693
S1_D02_P2,S1_D02,2,7,1,49,output,GRGRBGBYRGRBY,0.3846153846153846,2,0.5384615384615384
S1_D02_P2,S1_D02,2,7,2,50,output,GRGRGRGYGGRYG,0.6923076923076923,1,0.5384615384615384
S1_D02_P2,S1_D02,2,7,3,51,output,GRGRGRBGRYGBG,0.6923076923076923,1,0.6153846153846154
S1_D02_P2,S1_D02,2,7,4,52,output,GRGRGRGYBGYRG,0.6153846153846154,1,0.5384615384615384
S1_D02_P2,S1_D02,2,7,5,53,output,GRGRGRGRGBYGR,0.6923076923076923,2,0.38461538461538464
S1_D02_P2,S1_D02,2,7,6,54,output,GRGRGRGYBGYRG,0.9230769230769231,1,0.5384615384615384
S1_D02_P2,S1_D02,2,7,7,55,output,GRGRGRGRGBYGR,1.0,2,0.38461538461538464
S1_D02_P2,S1_D02,2,7,8,56,output,GRGRGRGYBGYGR,0.9230769230769231,1,0.5384615384615384
S1_D02_P2,S1_D02,2,8,0,,seed,BYBGRRYRYBGBR,,1,0.6153846153846154
S1_D02_P2,S1_D02,2,8,1,57,output,BYBYBGRYBRGRY,0.46153846153846156,1,0.6153846153846154
S1_D02_P2,S1_D02,2,8,2,58,output,GYGGGYBRBYRBY,0.5384615384615384,1,0.6153846153846154
S1_D02_P2,S1_D02,2,8,3,59,output,BYBYBRBYGRBYB,0.6153846153846154,2,0.6153846153846154
S1_D02_P2,S1_D02,2,8,4,60,output,GYGYGBGYRGYBG,0.5384615384615384,1,0.7692307692307693
S1_D02_P2,S1_D02,2,8,5,61,output,BYBYBYBRGBYBR,0.6153846153846154,2,0.38461538461538464
S1_D02_P2,S1_D02,2,8,6,62,output,GGYGGGYBGYRBG,0.5384615384615384,1,0.7692307692307693
S1_D02_P2,S1_D02,2,8,7,63,output,YBYBYRGBYRBYR,0.6153846153846154,2,0.5384615384615384
S1_D02_P2,S1_D02,2,8,8,64,output,GBGYGYGBYRBYG,0.5384615384615384,1,0.6153846153846154
S1_D02_P2,S1_D02,2,9,0,,seed,YGGBBGRYYBGYY,,1,0.7692307692307693
S1_D02_P2,S1_D02,2,9,1,65,output,YGYGGRBYRYGBY,0.46153846153846156,1,0.7692307692307693
S1_D02_P2,S1_D02,2,9,2,66,output,BRBRBRYBRYRBG,0.3846153846153846,2,0.5384615384615384
S1_D02_P2,S1_D02,2,9,3,67,output,YGYYGGYBRYBYG,0.6923076923076923,1,0.7692307692307693
S1_D02_P2,S1_D02,2,9,4,68,output,RBRBRBRBYRBRB,0.7692307692307692,2,0.3076923076923077
S1_D02_P2,S1_D02,2,9,5,69,output,YGYGYYBYGYBYG,0.6923076923076923,2,0.5384615384615384
S1_D02_P2,S1_D02,2,9,6,70,output,RBRBRBRYBRYRB,0.6153846153846154,1,0.46153846153846156
S1_D02_P2,S1_D02,2,9,7,71,output,GYGYGYBGYBYGY,0.6923076923076923,2,0.38461538461538464
S1_D02_P2,S1_D02,2,9,8,72,output,BRBRBRBRBYBRB,0.8461538461538461,2,0.3076923076923077
S1_D02_P2,S1_D02,2,10,0,,seed,YYRBYRRYRRRGR,,2,0.6153846153846154
S1_D02_P2,S1_D02,2,10,1,73,output,YRYYYRBYYRBGR,0.5384615384615384,1,0.5384615384615384
S1_D02_P2,S1_D02,2,10,2,74,output,GYRGYRGGBGBGB,1.0,1,0.46153846153846156
S1_D02_P2,S1_D02,2,10,3,75,output,YRYYYYYYYBYBR,0.7692307692307692,1,0.38461538461538464
S1_D02_P2,S1_D02,2,10,4,76,output,YRGGGBYGRYBGR,0.46153846153846156,1,0.7692307692307693
S1_D02_P2,S1_D02,2,10,5,77,output,YRYYYYYYYYYYB,0.7692307692307692,2,0.15384615384615385
S1_D02_P2,S1_D02,2,10,6,78,output,GYGYYYRGYYRGB,0.3076923076923077,2,0.5384615384615384
S1_D02_P2,S1_D02,2,10,7,79,output,YRYYYYYYYYYYB,0.9230769230769231,2,0.15384615384615385
S1_D02_P2,S1_D02,2,10,8,80,output,GYYYYYYYYRGRR,0.6153846153846154,2,0.3076923076923077
S1_D02_P2,S1_D02,2,11,0,,seed,RGBGGRGBYGRBB,,1,0.7692307692307693
S1_D02_P2,S1_D02,2,11,1,81,output,GRBGRBGRBYBGR,0.3846153846153846,2,0.38461538461538464
S1_D02_P2,S1_D02,2,11,2,82,output,YRYRYBBYBYGBY,0.6153846153846154,1,0.7692307692307693
S1_D02_P2,S1_D02,2,11,3,83,output,GRBGRBGRBYRGB,1.0,1,0.46153846153846156
S1_D02_P2,S1_D02,2,11,4,84,output,YGBYGBYRYBGYR,0.3846153846153846,1,0.6153846153846154
S1_D02_P2,S1_D02,2,11,5,85,output,GRBGRBGYRGYRB,0.7692307692307692,1,0.5384615384615384
S1_D02_P2,S1_D02,2,11,6,86,output,GYBGBGRRGBYRG,0.46153846153846156,1,0.7692307692307693
S1_D02_P2,S1_D02,2,11,7,87,output,GBGBYGBYRGBYR,0.6153846153846154,3,0.46153846153846156
S1_D02_P2,S1_D02,2,11,8,88,output,GYBGYBGRBGRYR,0.7692307692307692,1,0.5384615384615384
S1_D02_P2,S1_D02,2,12,0,,seed,RYRGGGRBYGGGB,,1,0.6153846153846154
S1_D02_P2,S1_D02,2,12,1,89,output,GRBGRBYRGBRYR,0.3076923076923077,1,0.7692307692307693
S1_D02_P2,S1_D02,2,12,2,90,output,RBRBRBGRYRBGR,0.6153846153846154,2,0.46153846153846156
S1_D02_P2,S1_D02,2,12,3,91,output,GYBGYBRGRBYRG,0.46153846153846156,1,0.7692307692307693
S1_D02_P2,S1_D02,2,12,4,92,output,RBRBRGBRBYRBG,0.6923076923076923,1,0.6153846153846154
S1_D02_P2,S1_D02,2,12,5,93,output,GYBGYBRGRGYRG,0.7692307692307692,1,0.7692307692307693
S1_D02_P2,S1_D02,2,12,6,94,output,RBRBRGBYRBGRB,0.6153846153846154,1,0.7692307692307693
S1_D02_P2,S1_D02,2,12,7,95,output,GYBGYBRGYRGRG,0.8461538461538461,2,0.7692307692307693
S1_D02_P2,S1_D02,2,12,8,96,output,RBRBRBRGRGYRB,0.6923076923076923,1,0.5384615384615384
S1_D02_P2,S1_D02,2,13,0,,seed,YYBYYGBYGRBYY,,1,0.6153846153846154
S1_D02_P2,S1_D02,2,13,1,97,output,YYBYBYGGYBGYR,0.5384615384615384,1,0.6153846153846154
S1_D02_P2,S1_D02,2,13,2,98,output,YBYBYGYGYGYGY,0.8461538461538461,2,0.3076923076923077
S1_D02_P2,S1_D02,2,13,3,99,output,YBYBYBBYGYGYG,0.7692307692307692,1,0.46153846153846156
S1_D02_P2,S1_D02,2,13,4,100,output,YBYBYBYGYGYGY,0.9230769230769231,1,0.3076923076923077
S1_D02_P2,S1_D02,2,13,5,101,output,YBYBYBBYGYGYG,1.0,1,0.46153846153846156
S1_D02_P2,S1_D02,2,13,6,102,output,YBYBYGYGYGYGY,0.9230769230769231,2,0.3076923076923077
S1_D02_P2,S1_D02,2,13,7,103,output,YBYBBYYGYGYGY,0.7692307692307692,1,0.46153846153846156
S1_D02_P2,S1_D02,2,13,8,104,output,YBYBYBYGYGYGY,0.9230769230769231,1,0.3076923076923077
S1_D02_P2,S1_D02,2,14,0,,seed,BBRBGYGGGGBRB,,1,0.5384615384615384
S1_D02_P2,S1_D02,2,14,1,105,output,BRBRGYRGGGRGR,0.5384615384615384,1,0.7692307692307693
S1_D02_P2,S1_D02,2,14,2,106,output,BRGBRGRGRBYRR,0.3846153846153846,1,0.6153846153846154
S1_D02_P2,S1_D02,2,14,3,107,output,RBRBRYRYRRBRG,0.7692307692307692,1,0.5384615384615384
S1_D02_P2,S1_D02,2,14,4,108,output,RBGRBGRRYYRGR,0.7692307692307692,1,0.6153846153846154
S1_D02_P2,S1_D02,2,14,5,109,output,RBRBRYGRBRYGR,0.6923076923076923,2,0.38461538461538464
S1_D02_P2,S1_D02,2,14,6,110,output,RBRBRGRGRBRGR,0.8461538461538461,2,0.46153846153846156
S1_D02_P2,S1_D02,2,14,7,111,output,RBRBGRBRRGBRR,0.5384615384615384,1,0.6153846153846154
S1_D02_P2,S1_D02,2,14,8,112,output,RBRBRBGRBRGBR,0.7692307692307692,1,0.5384615384615384
S1_D02_P2,S1_D02,2,15,0,,seed,BGYYBYRRGYGBG,,1,0.7692307692307693
S1_D02_P2,S1_D02,2,15,1,113,output,BGYYBGYBRYRGB,0.6153846153846154,1,0.7692307692307693
S1_D02_P2,S1_D02,2,15,2,114,output,RGRGRGRBYRGBY,0.6153846153846154,1,0.5384615384615384
S1_D02_P2,S1_D02,2,15,3,115,output,BYBYBRBYBRGBY,0.6923076923076923,2,0.5384615384615384
S1_D02_P2,S1_D02,2,15,4,116,output,RGRGRGRBRYRGR,0.6923076923076923,2,0.46153846153846156
S1_D02_P2,S1_D02,2,15,5,117,output,BYBYBYBRGBRYB,0.8461538461538461,1,0.5384615384615384
S1_D02_P2,S1_D02,2,15,6,118,output,RGRGRGRBYRBGR,0.6153846153846154,1,0.5384615384615384
S1_D02_P2,S1_D02,2,15,7,119,output,BYBYBYBRGBRYR,0.9230769230769231,1,0.5384615384615384
S1_D02_P2,S1_D02,2,15,8,120,output,RGRGRGRYBRGBR,0.6923076923076923,1,0.5384615384615384
S1_D03_P1,S1_D03,1,1,0,,seed,GYBBYRRGBRYYG,,0,0.7692307692307693
S1_D03_P1,S1_D03,1,1,1,1,output,GYBRYGBRGBBBY,0.5384615384615384,1,0.7692307692307693
S1_D03_P1,S1_D03,1,1,2,2,output,GBYRRGBBBYRGB,0.3846153846153846,1,0.6153846153846154
S1_D03_P1,S1_D03,1,1,3,3,output,GBYRGYBRYGBRY,0.5384615384615384,1,0.6153846153846154
S1_D03_P1,S1_D03,1,1,4,4,output,GBYRGYBRRGYYB,0.5384615384615384,1,0.6153846153846154
S1_D03_P1,S1_D03,1,1,5,5,output,GBRYRGBBYGRBY,0.5384615384615384,1,0.7692307692307693
S1_D03_P1,S1_D03,1,1,6,6,output,GRYBGRBYGYGGY,0.6153846153846154,1,0.7692307692307693
S1_D03_P1,S1_D03,1,1,7,7,output,GRGRBYGRBYGYG,0.46153846153846156,2,0.46153846153846156
S1_D03_P1,S1_D03,1,1,8,8,output,GRYBGYRBGYYRG,0.5384615384615384,1,0.6153846153846154
S1_D03_P1,S1_D03,1,2,0,,seed,BRYGGRRGRBYBB,,1,0.7692307692307693
S1_D03_P1,S1_D03,1,2,1,9,output,GRYBYGRBGGYYR,0.3846153846153846,1,0.7692307692307693
S1_D03_P1,S1_D03,1,2,2,10,output,RBYGGYBRRRBGY,0.3846153846153846,1,0.7692307692307693
S1_D03_P1,S1_D03,1,2,3,11,output,GYBRGGYYBRYGG,0.46153846153846156,1,0.6153846153846154
S1_D03_P1,S1_D03,1,2,4,12,output,RGBYYRRGBYGRB,0.6153846153846154,1,0.6153846153846154
S1_D03_P1,S1_D03,1,2,5,13,output,GGYBRGGYBGYGY,0.6923076923076923,1,0.6153846153846154
S1_D03_P1,S1_D03,1,2,6,14,output,YGRBYYGRBYGBY,0.5384615384615384,1,0.5384615384615384
S1_D03_P1,S1_D03,1,2,7,15,output,GRYBYYGGGYGYG,0.46153846153846156,1,0.6153846153846154
S1_D03_P1,S1_D03,1,2,8,16,output,GYGRBYGRBBGBG,0.6923076923076923,1,0.5384615384615384
S1_D03_P1,S1_D03,1,3,0,,seed,RRRYBYYGBBBGG,,0,0.7692307692307693
S1_D03_P1,S1_D03,1,3,1,17,output,RRYYGBGYRGBYG,0.46153846153846156,1,0.7692307692307693
S1_D03_P1,S1_D03,1,3,2,18,output,GGYYRBYGGGYGR,0.3076923076923077,1,0.7692307692307693
S1_D03_P1,S1_D03,1,3,3,19,output,RYGBYYGBGYGYG,0.5384615384615384,2,0.5384615384615384
S1_D03_P1,S1_D03,1,3,4,20,output,GYRYGBYGGYGRG,0.6153846153846154,1,0.7692307692307693
S1_D03_P1,S1_D03,1,3,5,21,output,GRBYRBYGYGYGG,0.6153846153846154,1,0.46153846153846156
S1_D03_P1,S1_D03,1,3,6,22,output,GRYBRBGRGRYGR,0.46153846153846156,2,0.7692307692307693
S1_D03_P1,S1_D03,1,3,7,23,output,GRBYRBGRGGGGB,0.5384615384615384,1,0.6153846153846154
S1_D03_P1,S1_D03,1,3,8,24,output,GRYBGYRGRYRGY,0.6153846153846154,1,0.6153846153846154
S1_D03_P1,S1_D03,1,4,0,,seed,BGGBYGYYBGGRB,,1,0.7692307692307693
S1_D03_P1,S1_D03,1,4,1,25,output,BGYRBGYRYGRBY,0.46153846153846156,1,0.6153846153846154
S1_D03_P1,S1_D03,1,4,2,26,output,YGRBYYGGYRGYB,0.46153846153846156,1,0.7692307692307693
S1_D03_P1,S1_D03,1,4,3,27,output,YGRBYGRBYGRBB,0.5384615384615384,1,0.3076923076923077
S1_D03_P1,S1_D03,1,4,4,28,output,GYGRBGRBYRBYG,0.46153846153846156,1,0.5384615384615384
S1_D03_P1,S1_D03,1,4,5,29,output,YGRBYGRBYGRBY,0.9230769230769231,1,0.23076923076923078
S1_D03_P1,S1_D03,1,4,6,30,output,GYRBGYRBYGGYG,0.6153846153846154,2,0.6153846153846154
S1_D03_P1,S1_D03,1,4,7,31,output,YGRBYGRBYGYRB,0.8461538461538461,2,0.46153846153846156
S1_D03_P1,S1_D03,1,4,8,32,output,GYRBGYRBGYGYB,0.7692307692307692,2,0.46153846153846156
S1_D03_P1,S1_D03,1,5,0,,seed,BBBYBGGRBYYRY,,1,0.7692307692307693
S1_D03_P1,S1_D03,1,5,1,33,output,BGRBYGRYGRYGR,0.3846153846153846,2,0.38461538461538464
S1_D03_P1,S1_D03,1,5,2,34,output,RBYGRBRBYGRBR,0.6153846153846154,2,0.38461538461538464
S1_D03_P1,S1_D03,1,5,3,35,output,GYGRBRYGRBYGY,0.6153846153846154,2,0.5384615384615384
S1_D03_P1,S1_D03,1,5,4,36,output,RBGRBGRBGYRBG,0.6153846153846154,1,0.38461538461538464
S1_D03_P1,S1_D03,1,5,5,37,output,GYRBGYGYGYGYR,0.5384615384615384,2,0.38461538461538464
S1_D03_P1,S1_D03,1,5,6,38,output,RBGRBGRBGRBGY,0.8461538461538461,2,0.23076923076923078
S1_D03_P1,S1_D03,1,5,7,39,output,GYRBGYGYGYRGY,0.8461538461538461,2,0.5384615384615384
S1_D03_P1,S1_D03,1,5,8,40,output,RBRBGRBGRBYRB,0.6923076923076923,2,0.46153846153846156
S1_D03_P1,S1_D03,1,6,0,,seed,BBGRRBGYBBRRG,,1,0.7692307692307693
S1_D03_P1,S1_D03,1,6,1,41,output,RBGRBYBGYBRGY,0.5384615384615384,1,0.7692307692307693
S1_D03_P1,S1_D03,1,6,2,42,output,GYRGYBGYRBGYB,0.3076923076923077,2,0.6153846153846154
S1_D03_P1,S1_D03,1,6,3,43,output,GRBGRBGYGBYBG,0.5384615384615384,1,0.6153846153846154
S1_D03_P1,S1_D03,1,6,4,44,output,YRBGYBGYRGYGB,0.6923076923076923,1,0.6153846153846154
S1_D03_P1,S1_D03,1,6,5,45,output,BRGYBGRBGYGYG,0.6153846153846154,1,0.6153846153846154
S1_D03_P1,S1_D03,1,6,6,46,output,GYBRGYBGYGYRB,0.5384615384615384,2,0.7692307692307693
S1_D03_P1,S1_D03,1,6,7,47,output,BRGYBRGYBYGRB,0.5384615384615384,1,0.5384615384615384
S1_D03_P1,S1_D03,1,6,8,48,output,GBYGYRGRGYRBG,0.46153846153846156,1,0.6153846153846154
S1_D03_P1,S1_D03,1,7,0,,seed,RRBBYGGBBGYGG,,1,0.6153846153846154
S1_D03_P1,S1_D03,1,7,1,49,output,RBGYGYGYGYGYB,0.46153846153846156,2,0.23076923076923078
S1_D03_P1,S1_D03,1,7,2,50,output,GYBGYBGYGYBGY,0.5384615384615384,3,0.3076923076923077
S1_D03_P1,S1_D03,1,7,3,51,output,RBGYGYGYGYGYG,0.9230769230769231,2,0.15384615384615385
S1_D03_P1,S1_D03,1,7,4,52,output,GBGBGYGYGYBGY,0.6153846153846154,1,0.46153846153846156
S1_D03_P1,S1_D03,1,7,5,53,output,GYRBYGYGYGYGY,0.6923076923076923,2,0.3076923076923077
S1_D03_P1,S1_D03,1,7,6,54,output,BGBGBGYYGBGYG,0.8461538461538461,2,0.46153846153846156
S1_D03_P1,S1_D03,1,7,7,55,output,GYRBGYGYGGYGY,0.7692307692307692,2,0.46153846153846156
S1_D03_P1,S1_D03,1,7,8,56,output,GGBGYGYGYGBGY,0.6153846153846154,2,0.38461538461538464
S1_D03_P1,S1_D03,1,8,0,,seed,RBBBYYRGYBBRG,,1,0.7692307692307693
S1_D03_P1,S1_D03,1,8,1,57,output,RGRBYGYGYGYGY,0.3846153846153846,2,0.3076923076923077
S1_D03_P1,S1_D03,1,8,2,58,output,RBGYRBGYGYGYR,0.46153846153846156,1,0.46153846153846156
S1_D03_P1,S1_D03,1,8,3,59,output,RBGYGYGYGYYGY,0.6923076923076923,2,0.3076923076923077
S1_D03_P1,S1_D03,1,8,4,60,output,RBGYGYRGYRGYR,0.6923076923076923,2,0.38461538461538464
S1_D03_P1,S1_D03,1,8,5,61,output,GYRBGYGYGYGYG,0.6923076923076923,2,0.3076923076923077
S1_D03_P1,S1_D03,1,8,6,62,output,RGYGYGYRYGYRG,0.6923076923076923,2,0.38461538461538464
S1_D03_P1,S1_D03,1,8,7,63,output,GYRBGYGYGYGYG,1.0,2,0.3076923076923077
S1_D03_P1,S1_D03,1,8,8,64,output,GYRBGYRGYGYGR,0.5384615384615384,2,0.6153846153846154
S1_D03_P1,S1_D03,1,9,0,,seed,BRBYGRGRBYRBR,,1,0.6153846153846154
S1_D03_P1,S1_D03,1,9,1,65,output,YRBYRRRBYRGYR,0.6153846153846154,2,0.5384615384615384
S1_D03_P1,S1_D03,1,9,2,66,output,GRBGRBYGBYGBG,0.5384615384615384,1,0.5384615384615384
S1_D03_P1,S1_D03,1,9,3,67,output,RBYRBGYGYGYGR,0.46153846153846156,1,0.46153846153846156
S1_D03_P1,S1_D03,1,9,4,68,output,GYBGBYGYGRBYG,0.6153846153846154,1,0.6153846153846154
S1_D03_P1,S1_D03,1,9,5,69,output,RBGYGYRBYRBGY,0.3846153846153846,2,0.6153846153846154
S1_D03_P1,S1_D03,1,9,6,70,output,YGRBGYGYGYGRG,0.5384615384615384,2,0.46153846153846156
S1_D03_P1,S1_D03,1,9,7,71,output,RBYGYGYBRGYGY,0.6153846153846154,2,0.46153846153846156
S1_D03_P1,S1_D03,1,9,8,72,output,YBGYBRGYGYGYG,0.6153846153846154,1,0.46153846153846156
S1_D03_P1,S1_D03,1,10,0,,seed,YBBRRRGGGGYBB,,1,0.6153846153846154
S1_D03_P1,S1_D03,1,10,1,73,output,YGRBGRYBYGGRG,0.3076923076923077,1,0.7692307692307693
S1_D03_P1,S1_D03,1,10,2,74,output,BBYGBYGYBRGGY,0.46153846153846156,1,0.6153846153846154
S1_D03_P1,S1_D03,1,10,3,75,output,GRBYGRBYGGRBG,0.7692307692307692,2,0.46153846153846156
S1_D03_P1,S1_D03,1,10,4,76,output,GBGYRYRGYRYRG,0.46153846153846156,2,0.38461538461538464
S1_D03_P1,S1_D03,1,10,5,77,output,BRGYGYGGYGYGY,0.3846153846153846,2,0.38461538461538464
S1_D03_P1,S1_D03,1,10,6,78,output,GYBRYGYRYRGYG,0.6923076923076923,1,0.7692307692307693
S1_D03_P1,S1_D03,1,10,7,79,output,RBYGGYGYGYGYG,0.6153846153846154,2,0.3076923076923077
S1_D03_P1,S1_D03,1,10,8,80,output,YRBYRYGYGYRYG,0.46153846153846156,2,0.5384615384615384
S1_D03_P1,S1_D03,1,11,0,,seed,RRGYYYGRRRYBB,,1,0.7692307692307693
S1_D03_P1,S1_D03,1,11,1,81,output,RBGYBGYGYRYGY,0.46153846153846156,1,0.5384615384615384
S1_D03_P1,S1_D03,1,11,2,82,output,GBRGYRYGYGYGY,0.3846153846153846,1,0.46153846153846156
S1_D03_P1,S1_D03,1,11,3,83,output,YRBGYRYGRGYGY,0.5384615384615384,1,0.7692307692307693
S1_D03_P1,S1_D03,1,11,4,84,output,GYBGYGGRBGGYG,0.5384615384615384,1,0.6153846153846154
S1_D03_P1,S1_D03,1,11,5,85,output,YGRBYGYRYGYGY,0.6923076923076923,2,0.6153846153846154
S1_D03_P1,S1_D03,1,11,6,86,output,GYBGYGYRYGYYG,0.7692307692307692,1,0.6153846153846154
S1_D03_P1,S1_D03,1,11,7,87,output,GBGGGYRGYGYGY,0.6153846153846154,1,0.5384615384615384
S1_D03_P1,S1_D03,1,11,8,88,output,GYGYGYGYGYGYG,0.6923076923076923,2,0.07692307692307693
S1_D03_P1,S1_D03,1,12,0,,seed,BGRYRBRYBBGRB,,1,0.7692307692307693
S1_D03_P1,S1_D03,1,12,1,89,output,BRYRYBGGYGGYG,0.3846153846153846,1,0.5384615384615384
S1_D03_P1,S1_D03,1,12,2,90,output,RYGYBGYGYGGYG,0.5384615384615384,2,0.5384615384615384
S1_D03_P1,S1_D03,1,12,3,91,output,GYBRGYGYBGYGY,0.46153846153846156,2,0.5384615384615384
S1_D03_P1,S1_D03,1,12,4,92,output,RBGYGYGYGYGYG,0.8461538461538461,2,0.15384615384615385
S1_D03_P1,S1_D03,1,12,5,93,output,GYRGYGYGYGYGY,0.7692307692307692,2,0.23076923076923078
S1_D03_P1,S1_D03,1,12,6,94,output,GYBRGYGYGYGYG,0.6923076923076923,2,0.3076923076923077
S1_D03_P1,S1_D03,1,12,7,95,output,YRGYGYGGYGYGY,0.7692307692307692,2,0.38461538461538464
S1_D03_P1,S1_D03,1,12,8,96,output,GYRBGYGYGYYGY,0.6153846153846154,1,0.46153846153846156
S1_D03_P1,S1_D03,1,13,0,,seed,YRRBYYRBBYBGR,,1,0.7692307692307693
S1_D03_P1,S1_D03,1,13,1,97,output,GRBYGBGYGYRGY,0.3076923076923077,1,0.7692307692307693
S1_D03_P1,S1_D03,1,13,2,98,output,BRGYGYRYGYGYG,0.3076923076923077,2,0.5384615384615384
S1_D03_P1,S1_D03,1,13,3,99,output,GYBRGYGYRGYRY,0.7692307692307692,2,0.6153846153846154
S1_D03_P1,S1_D03,1,13,4,100,output,GYBGYRGYGYGYG,0.8461538461538461,1,0.46153846153846156
S1_D03_P1,S1_D03,1,13,5,101,output,BGYYGYRGYRGYR,0.6153846153846154,2,0.38461538461538464
S1_D03_P1,S1_D03,1,13,6,102,output,GBRBGYYGRYGYG,0.6153846153846154,1,0.7692307692307693
S1_D03_P1,S1_D03,1,13,7,103,output,BRGYGYGYGYRGY,0.6923076923076923,2,0.3076923076923077
S1_D03_P1,S1_D03,1,13,8,104,output,RBGYGYRGYGYGY,0.6153846153846154,2,0.5384615384615384
S1_D03_P1,S1_D03,1,14,0,,seed,YBRGBGRBRRRYR,,1,0.7692307692307693
S1_D03_P1,S1_D03,1,14,1,105,output,GBRBRBGYRBGYG,0.3846153846153846,1,0.46153846153846156
S1_D03_P1,S1_D03,1,14,2,106,output,GBRYRYGYRBGYG,0.46153846153846156,1,0.7692307692307693
S1_D03_P1,S1_D03,1,14,3,107,output,GYBRBYBGYGYRG,0.7692307692307692,1,0.7692307692307693
S1_D03_P1,S1_D03,1,14,4,108,output,BYYBRGYGYGYGY,0.46153846153846156,2,0.38461538461538464
S1_D03_P1,S1_D03,1,14,5,109,output,GYRBGYYGYGYYB,0.5384615384615384,2,0.6153846153846154
S1_D03_P1,S1_D03,1,14,6,110,output,RBGYBRBGYGYGY,0.46153846153846156,1,0.46153846153846156
S1_D03_P1,S1_D03,1,14,7,111,output,GYBGYGYYGYGYG,0.7692307692307692,2,0.5384615384615384
S1_D03_P1,S1_D03,1,14,8,112,output,BRGYBGYGYGYGG,0.6153846153846154,1,0.46153846153846156
S1_D03_P1,S1_D03,1,15,0,,seed,BGGBGYYYBRRGR,,1,0.7692307692307693
S1_D03_P1,S1_D03,1,15,1,113,output,GYRBGYGYGRBGG,0.46153846153846156,1,0.5384615384615384
S1_D03_P1,S1_D03,1,15,2,114,output,RBGYBGYBGYYGY,0.46153846153846156,1,0.38461538461538464
S1_D03_P1,S1_D03,1,15,3,115,output,GYRBGYGYGYGYG,0.7692307692307692,2,0.3076923076923077
S1_D03_P1,S1_D03,1,15,4,116,output,RBGYBYGYGYGGY,0.6923076923076923,1,0.5384615384615384
S1_D03_P1,S1_D03,1,15,5,117,output,GYBYYGYGYYGYG,0.7692307692307692,2,0.46153846153846156
S1_D03_P1,S1_D03,1,15,6,118,output,RBGYGYGYGYBGY,0.8461538461538461,2,0.3076923076923077
S1_D03_P1,S1_D03,1,15,7,119,output,GYBGYGYBGYGYG,0.7692307692307692,2,0.38461538461538464
S1_D03_P1,S1_D03,1,15,8,120,output,BGYGYGYGYBGGY,0.8461538461538461,2,0.38461538461538464
S1_D03_P2,S1_D03,2,1,0,,seed,BYGRYRGYGBBRR,,1,0.7692307692307693
S1_D03_P2,S1_D03,2,1,1,1,output,BYGRYRGYGBBRY,0.9230769230769231,1,0.7692307692307693
S1_D03_P2,S1_D03,2,1,2,2,output,GYBRYGYBBRYGB,0.5384615384615384,1,0.5384615384615384
S1_D03_P2,S1_D03,2,1,3,3,output,GBRYYGBBRRYGY,0.46153846153846156,1,0.7692307692307693
S1_D03_P2,S1_D03,2,1,4,4,output,GBRYGBRYBGYGB,0.46153846153846156,2,0.5384615384615384
S1_D03_P2,S1_D03,2,1,5,5,output,GBYRGYRBRGYGY,0.6923076923076923,1,0.6153846153846154
S1_D03_P2,S1_D03,2,1,6,6,output,GBRYRGYBGGYGR,0.6153846153846154,1,0.7692307692307693
S1_D03_P2,S1_D03,2,1,7,7,output,GRYBGRYYGBGGY,0.8461538461538461,1,0.7692307692307693
S1_D03_P2,S1_D03,2,1,8,8,output,GRGRBYGBYGGYG,0.8461538461538461,1,0.6153846153846154
S1_D03_P2,S1_D03,2,2,0,,seed,RRGGYYYBRGBYB,,1,0.7692307692307693
S1_D03_P2,S1_D03,2,2,1,9,output,RRGGYYYBGRGYB,0.8461538461538461,1,0.7692307692307693
S1_D03_P2,S1_D03,2,2,2,10,output,GRYBYGGBGGRGY,0.6923076923076923,1,0.7692307692307693
S1_D03_P2,S1_D03,2,2,3,11,output,RRBYRGYBYGRYB,0.46153846153846156,1,0.7692307692307693
S1_D03_P2,S1_D03,2,2,4,12,output,GYBRGGYYGBRGY,0.7692307692307692,1,0.6153846153846154
S1_D03_P2,S1_D03,2,2,5,13,output,RGYBYRRYBRGBY,0.5384615384615384,1,0.7692307692307693
S1_D03_P2,S1_D03,2,2,6,14,output,GGYYBRGGBYGGY,0.6923076923076923,2,0.7692307692307693
S1_D03_P2,S1_D03,2,2,7,15,output,YGRBYYGRBGBBG,0.7692307692307692,1,0.6153846153846154
S1_D03_P2,S1_D03,2,2,8,16,output,GRYBYYGGGYGYG,1.0,1,0.6153846153846154
S1_D03_P2,S1_D03,2,3,0,,seed,YGGYRRBRRYRGY,,1,0.7692307692307693
S1_D03_P2,S1_D03,2,3,1,17,output,GYYGRRBRRYRGY,0.7692307692307692,1,0.7692307692307693
S1_D03_P2,S1_D03,2,3,2,18,output,RRYYGBGBYRGBG,0.8461538461538461,1,0.6153846153846154
S1_D03_P2,S1_D03,2,3,3,19,output,GYYYRBRYGBYGR,0.6923076923076923,1,0.7692307692307693
S1_D03_P2,S1_D03,2,3,4,20,output,GRYBYYGBGYGYG,0.8461538461538461,1,0.6153846153846154
S1_D03_P2,S1_D03,2,3,5,21,output,GYRGRYGBGYGRG,0.7692307692307692,1,0.7692307692307693
S1_D03_P2,S1_D03,2,3,6,22,output,GRBYBRYGGYGRG,0.6923076923076923,1,0.7692307692307693
S1_D03_P2,S1_D03,2,3,7,23,output,GRYBRBGRGRYGR,1.0,2,0.7692307692307693
S1_D03_P2,S1_D03,2,3,8,24,output,GRBYGRBGGGGRY,0.6923076923076923,1,0.6153846153846154
S1_D03_P2,S1_D03,2,4,0,,seed,BBYGYGRGGGRRB,,1,0.7692307692307693
S1_D03_P2,S1_D03,2,4,1,25,output,BBYRGGYGGGRGB,0.6923076923076923,1,0.7692307692307693
S1_D03_P2,S1_D03,2,4,2,26,output,BGYRYGBRYGRBY,0.8461538461538461,1,0.6153846153846154
S1_D03_P2,S1_D03,2,4,3,27,output,YGRBYYGGYRGYB,1.0,1,0.7692307692307693
S1_D03_P2,S1_D03,2,4,4,28,output,YGRBYGRBYGRBG,0.9230769230769231,1,0.3076923076923077
S1_D03_P2,S1_D03,2,4,5,29,output,GYGRBGRBYRGBY,0.8461538461538461,1,0.6153846153846154
S1_D03_P2,S1_D03,2,4,6,30,output,YGRBYGRBYGRBY,1.0,1,0.23076923076923078
S1_D03_P2,S1_D03,2,4,7,31,output,GYRBGYRBGYYGG,0.7692307692307692,2,0.46153846153846156
S1_D03_P2,S1_D03,2,4,8,32,output,YGRBYGRBYGYRB,1.0,2,0.46153846153846156
S1_D03_P2,S1_D03,2,5,0,,seed,RBBBGYBBRGGRB,,1,0.7692307692307693
S1_D03_P2,S1_D03,2,5,1,33,output,RBRBBBRGYGRBB,0.6153846153846154,2,0.6153846153846154
S1_D03_P2,S1_D03,2,5,2,34,output,BGRBGRYGRYGRY,0.8461538461538461,1,0.38461538461538464
S1_D03_P2,S1_D03,2,5,3,35,output,RBYGRBYGRBRYG,0.6923076923076923,2,0.46153846153846156
S1_D03_P2,S1_D03,2,5,4,36,output,GYGRBRYGRBGYG,0.8461538461538461,2,0.5384615384615384
S1_D03_P2,S1_D03,2,5,5,37,output,RBGRBGRBGYRBG,1.0,1,0.38461538461538464
S1_D03_P2,S1_D03,2,5,6,38,output,GYRBGYGYGYGYR,1.0,2,0.38461538461538464
S1_D03_P2,S1_D03,2,5,7,39,output,RBGRBGRBGRBGY,1.0,2,0.23076923076923078
S1_D03_P2,S1_D03,2,5,8,40,output,GYRBGYGYGYGRG,0.8461538461538461,1,0.46153846153846156
S1_D03_P2,S1_D03,2,6,0,,seed,GBRBBRGRYRBGY,,1,0.7692307692307693
S1_D03_P2,S1_D03,2,6,1,41,output,GBGRBBGRGRYGR,0.6153846153846154,1,0.6153846153846154
S1_D03_P2,S1_D03,2,6,2,42,output,RBGRBYBYGRBGY,0.7692307692307692,2,0.6153846153846154
S1_D03_P2,S1_D03,2,6,3,43,output,GYRGYBGYRBGYB,1.0,2,0.6153846153846154
S1_D03_P2,S1_D03,2,6,4,44,output,GRBGRBGYGBYBG,1.0,1,0.6153846153846154
S1_D03_P2,S1_D03,2,6,5,45,output,GYBYRBGYRGYBG,0.5384615384615384,2,0.7692307692307693
S1_D03_P2,S1_D03,2,6,6,46,output,BRGBYRGBGYGYG,0.7692307692307692,1,0.5384615384615384
S1_D03_P2,S1_D03,2,6,7,47,output,GYBYGRBGYGYGR,0.6923076923076923,1,0.6153846153846154
S1_D03_P2,S1_D03,2,6,8,48,output,BRGYBRGYBYGRB,1.0,1,0.5384615384615384
S1_D03_P2,S1_D03,2,7,0,,seed,GYBBGRBRGYYBB,,1,0.6153846153846154
S1_D03_P2,S1_D03,2,7,1,49,output,GYBGRBBRGYYBB,0.8461538461538461,1,0.7692307692307693
S1_D03_P2,S1_D03,2,7,2,50,output,RBGYGYGYGYGYB,1.0,2,0.23076923076923078
S1_D03_P2,S1_D03,2,7,3,51,output,GYBGYBGYGBGYY,0.8461538461538461,2,0.46153846153846156
S1_D03_P2,S1_D03,2,7,4,52,output,RBGYGYGYGYGYG,1.0,2,0.15384615384615385
S1_D03_P2,S1_D03,2,7,5,53,output,GBGBGYGYGBGYG,0.8461538461538461,2,0.46153846153846156
S1_D03_P2,S1_D03,2,7,6,54,output,GYRBYGYGYGYYY,0.9230769230769231,1,0.46153846153846156
S1_D03_P2,S1_D03,2,7,7,55,output,GBGBGBYYGBGYG,0.8461538461538461,1,0.5384615384615384
S1_D03_P2,S1_D03,2,7,8,56,output,GYRBGYGYGGYGY,1.0,2,0.46153846153846156
S1_D03_P2,S1_D03,2,8,0,,seed,GRYBBRRYRGYGR,,1,0.7692307692307693
S1_D03_P2,S1_D03,2,8,1,57,output,GYRBBRRYGRGRR,0.6153846153846154,1,0.7692307692307693
S1_D03_P2,S1_D03,2,8,2,58,output,RGRBGYGYGYGYG,0.8461538461538461,2,0.3076923076923077
S1_D03_P2,S1_D03,2,8,3,59,output,RBGYRBGYGYGYR,1.0,1,0.46153846153846156
S1_D03_P2,S1_D03,2,8,4,60,output,RBGYGYGYYGYGY,0.8461538461538461,2,0.3076923076923077
S1_D03_P2,S1_D03,2,8,5,61,output,RBGYGYRGYRGYR,1.0,2,0.38461538461538464
S1_D03_P2,S1_D03,2,8,6,62,output,GYRBGYGYGYGYG,1.0,2,0.3076923076923077
S1_D03_P2,S1_D03,2,8,7,63,output,RGYGYGYRGYRGY,0.8461538461538461,2,0.3076923076923077
S1_D03_P2,S1_D03,2,8,8,64,output,GYRBGYGYGYGYG,1.0,2,0.3076923076923077
S1_D03_P2,S1_D03,2,9,0,,seed,YGBRYYYGBYRRY,,1,0.7692307692307693
S1_D03_P2,S1_D03,2,9,1,65,output,YGBRYYYGBYRBG,0.8461538461538461,1,0.7692307692307693
S1_D03_P2,S1_D03,2,9,2,66,output,YRBYRRRBYRGYG,0.9230769230769231,2,0.5384615384615384
S1_D03_P2,S1_D03,2,9,3,67,output,GRBGRBYGBYGBG,1.0,1,0.5384615384615384
S1_D03_P2,S1_D03,2,9,4,68,output,RBYRBGYGYGYGR,1.0,1,0.46153846153846156
S1_D03_P2,S1_D03,2,9,5,69,output,YBGBYGYGRBYGG,0.8461538461538461,2,0.6153846153846154
S1_D03_P2,S1_D03,2,9,6,70,output,RBGYGYRBYRBGY,1.0,2,0.6153846153846154
S1_D03_P2,S1_D03,2,9,7,71,output,GYRBGYGYGYGRG,0.8461538461538461,1,0.46153846153846156
S1_D03_P2,S1_D03,2,9,8,72,output,RBYGYGYBRGYGY,1.0,2,0.46153846153846156
S1_D03_P2,S1_D03,2,10,0,,seed,BBYYYYBGRYYRY,,1,0.6153846153846154
S1_D03_P2,S1_D03,2,10,1,73,output,BBYYYYBGRYBYB,0.7692307692307692,1,0.6153846153846154
S1_D03_P2,S1_D03,2,10,2,74,output,GRBGRYBYGGRGG,0.8461538461538461,1,0.7692307692307693
S1_D03_P2,S1_D03,2,10,3,75,output,BBYGBYRBBGYRG,0.5384615384615384,1,0.7692307692307693
S1_D03_P2,S1_D03,2,10,4,76,output,GRBYGRBYGGRBG,1.0,2,0.46153846153846156
S1_D03_P2,S1_D03,2,10,5,77,output,GBGYRYGYRYRYG,0.8461538461538461,1,0.46153846153846156
S1_D03_P2,S1_D03,2,10,6,78,output,BRGYGYGGYGYGY,1.0,2,0.38461538461538464
S1_D03_P2,S1_D03,2,10,7,79,output,GYBRGYRYRGYGY,0.8461538461538461,2,0.6153846153846154
S1_D03_P2,S1_D03,2,10,8,80,output,GYBRGYGYGYGYG,0.6923076923076923,2,0.3076923076923077
S1_D03_P2,S1_D03,2,11,0,,seed,RYGRBGRRBRBYG,,1,0.7692307692307693
S1_D03_P2,S1_D03,2,11,1,81,output,RYGRBGYRGBBYG,0.7692307692307692,1,0.7692307692307693
S1_D03_P2,S1_D03,2,11,2,82,output,RBGYGYBGYGYRG,0.6923076923076923,2,0.46153846153846156
S1_D03_P2,S1_D03,2,11,3,83,output,GBRGYRGYGYGYG,0.8461538461538461,1,0.38461538461538464
S1_D03_P2,S1_D03,2,11,4,84,output,YRBGYRYRGYGYR,0.8461538461538461,1,0.6153846153846154
S1_D03_P2,S1_D03,2,11,5,85,output,GYBGYGGRBGGYG,1.0,1,0.6153846153846154
S1_D03_P2,S1_D03,2,11,6,86,output,YGRBYGYRYGYGY,1.0,2,0.6153846153846154
S1_D03_P2,S1_D03,2,11,7,87,output,GYBGYGYRGYYGY,0.8461538461538461,1,0.6153846153846154
S1_D03_P2,S1_D03,2,11,8,88,output,GBGGYRGYGYGGG,0.7692307692307692,1,0.6153846153846154
S1_D03_P2,S1_D03,2,12,0,,seed,BYYGYBRGBRYYG,,1,0.6153846153846154
S1_D03_P2,S1_D03,2,12,1,89,output,BYYGYBRGBYGYG,0.8461538461538461,1,0.6153846153846154
S1_D03_P2,S1_D03,2,12,2,90,output,BRYRYBGGYGGYG,1.0,1,0.5384615384615384
S1_D03_P2,S1_D03,2,12,3,91,output,RYGBGYGYGYGYG,0.8461538461538461,2,0.3076923076923077
S1_D03_P2,S1_D03,2,12,4,92,output,GYBRGYGYBGYGY,1.0,2,0.5384615384615384
S1_D03_P2,S1_D03,2,12,5,93,output,RBGYGYGYGYGYG,1.0,2,0.15384615384615385
S1_D03_P2,S1_D03,2,12,6,94,output,GYRGYGYYGYGYG,0.8461538461538461,2,0.5384615384615384
S1_D03_P2,S1_D03,2,12,7,95,output,GYBRGYGYYGYGG,0.8461538461538461,1,0.6153846153846154
S1_D03_P2,S1_D03,2,12,8,96,output,YRGYGYGGYGYGY,1.0,2,0.38461538461538464
S1_D03_P2,S1_D03,2,13,0,,seed,BRGBBYYBRRBBY,,1,0.6153846153846154
S1_D03_P2,S1_D03,2,13,1,97,output,BRGBBYYBRRBBY,1.0,1,0.6153846153846154
S1_D03_P2,S1_D03,2,13,2,98,output,GYBRGBGYGYRGY,0.8461538461538461,1,0.7692307692307693
S1_D03_P2,S1_D03,2,13,3,99,output,GYBRGYRYGYGYG,0.6923076923076923,1,0.5384615384615384
S1_D03_P2,S1_D03,2,13,4,100,output,GYBRGYGYRGYRY,1.0,2,0.6153846153846154
S1_D03_P2,S1_D03,2,13,5,101,output,GYBGYRGYGYGYG,1.0,1,0.46153846153846156
S1_D03_P2,S1_D03,2,13,6,102,output,BGYYGYRGYRGYR,1.0,2,0.38461538461538464
S1_D03_P2,S1_D03,2,13,7,103,output,BGRBRGYRYGYGY,0.5384615384615384,1,0.6153846153846154
S1_D03_P2,S1_D03,2,13,8,104,output,BRGYGYGYGYGRG,0.8461538461538461,2,0.3076923076923077
S1_D03_P2,S1_D03,2,14,0,,seed,YBYGRYRBBGYRG,,1,0.7692307692307693
S1_D03_P2,S1_D03,2,14,1,105,output,YBYGRYGYBYRGY,0.6923076923076923,1,0.7692307692307693
S1_D03_P2,S1_D03,2,14,2,106,output,GBRBRBGYRGYRG,0.8461538461538461,1,0.46153846153846156
S1_D03_P2,S1_D03,2,14,3,107,output,GYBRYRYGBRGYG,0.7692307692307692,1,0.7692307692307693
S1_D03_P2,S1_D03,2,14,4,108,output,GYBRBYBGYGRGY,0.8461538461538461,1,0.7692307692307693
S1_D03_P2,S1_D03,2,14,5,109,output,BYYBRYBYBRGYG,0.6153846153846154,2,0.6153846153846154
S1_D03_P2,S1_D03,2,14,6,110,output,GYRBGYGYYGYYB,0.8461538461538461,2,0.5384615384615384
S1_D03_P2,S1_D03,2,14,7,111,output,RBGYBRBGYGYGY,1.0,1,0.46153846153846156
S1_D03_P2,S1_D03,2,14,8,112,output,GYBGYGYYGYGYG,1.0,2,0.5384615384615384
S1_D03_P2,S1_D03,2,15,0,,seed,RGBRYYRGGBBGY,,1,0.7692307692307693
S1_D03_P2,S1_D03,2,15,1,113,output,RGBGYYRGGBRGY,0.8461538461538461,1,0.7692307692307693
S1_D03_P2,S1_D03,2,15,2,114,output,GYRBGYGYGRBGG,1.0,1,0.5384615384615384
S1_D03_P2,S1_D03,2,15,3,115,output,RBGYBGYBGYGYG,0.8461538461538461,1,0.3076923076923077
S1_D03_P2,S1_D03,2,15,4,116,output,GYRBGYGYGYGYG,1.0,2,0.3076923076923077
S1_D03_P2,S1_D03,2,15,5,117,output,RBGYBYGYGYGGY,1.0,1,0.5384615384615384
S1_D03_P2,S1_D03,2,15,6,118,output,GYBYYGYGYYGYG,1.0,2,0.46153846153846156
S1_D03_P2,S1_D03,2,15,7,119,output,RBGYGYGYGYBGY,1.0,2,0.3076923076923077
S1_D03_P2,S1_D03,2,15,8,120,output,GYBGYGYBGYGYG,1.0,2,0.38461538461538464
S1_D04_P1,S1_D04,1,1,0,,seed,GRYGYRGYBGRBR,,1,0.7692307692307693
S1_D04_P1,S1_D04,1,1,1,1,output,GYBGBYRGBYBRG,0.46153846153846156,1,0.6153846153846154
S1_D04_P1,S1_D04,1,1,2,2,output,RYGGBRYRBGYRB,0.8461538461538461,1,0.6153846153846154
S1_D04_P1,S1_D04,1,1,3,3,output,GBGBGGBBGBRGB,0.6923076923076923,1,0.6153846153846154
S1_D04_P1,S1_D04,1,1,4,4,output,RYGGBRYRGBYRB,0.6923076923076923,1,0.7692307692307693
S1_D04_P1,S1_D04,1,1,5,5,output,GBGBGGBRYGBRY,0.7692307692307692,2,0.5384615384615384
S1_D04_P1,S1_D04,1,1,6,6,output,RYGYBRGYBYGRY,0.6153846153846154,1,0.6153846153846154
S1_D04_P1,S1_D04,1,1,7,7,output,GBGBGGBRYGRYB,0.8461538461538461,1,0.7692307692307693
S1_D04_P1,S1_D04,1,1,8,8,output,RYGRBGYRGBYRY,0.5384615384615384,1,0.7692307692307693
S1_D04_P1,S1_D04,1,2,0,,seed,GBBYRRGYBYBBY,,2,0.6153846153846154
S1_D04_P1,S1_D04,1,2,1,9,output,GBGBRYBYBYRYB,0.46153846153846156,2,0.5384615384615384
S1_D04_P1,S1_D04,1,2,2,10,output,GYYRYBRYGBYRB,0.6153846153846154,1,0.7692307692307693
S1_D04_P1,S1_D04,1,2,3,11,output,GBGBRYGBYBYBB,0.7692307692307692,1,0.6153846153846154
S1_D04_P1,S1_D04,1,2,4,12,output,GYYRRBGRBYBYB,0.6923076923076923,1,0.6153846153846154
S1_D04_P1,S1_D04,1,2,5,13,output,RYGBYRBYRYBYB,0.6153846153846154,2,0.6153846153846154
S1_D04_P1,S1_D04,1,2,6,14,output,GGYYRRBGRBRYB,0.8461538461538461,1,0.7692307692307693
S1_D04_P1,S1_D04,1,2,7,15,output,GBRYYBRYBGBYB,0.7692307692307692,1,0.6153846153846154
S1_D04_P1,S1_D04,1,2,8,16,output,GGRRYYBRYRYBB,0.5384615384615384,1,0.7692307692307693
S1_D04_P1,S1_D04,1,3,0,,seed,RRGRYBYRGBGBG,,1,0.6153846153846154
S1_D04_P1,S1_D04,1,3,1,17,output,RRYBGYBGBYGRG,0.5384615384615384,1,0.6153846153846154
S1_D04_P1,S1_D04,1,3,2,18,output,RGBYGBRGBYBBY,0.5384615384615384,2,0.6153846153846154
S1_D04_P1,S1_D04,1,3,3,19,output,RRBGGYBGYYRBY,0.6153846153846154,1,0.7692307692307693
S1_D04_P1,S1_D04,1,3,4,20,output,RGBYRGYRBGBYR,0.5384615384615384,1,0.5384615384615384
S1_D04_P1,S1_D04,1,3,5,21,output,RRYGGYBBBYRGB,0.5384615384615384,0,0.7692307692307693
S1_D04_P1,S1_D04,1,3,6,22,output,RBYGBRBGYRBBY,0.6153846153846154,1,0.7692307692307693
S1_D04_P1,S1_D04,1,3,7,23,output,GRYGGBBGRBBGY,0.8461538461538461,1,0.6153846153846154
S1_D04_P1,S1_D04,1,3,8,24,output,GRRBGGRBBYBRG,0.46153846153846156,1,0.7692307692307693
S1_D04_P1,S1_D04,1,4,0,,seed,BRGYYGGBRBYGB,,1,0.7692307692307693
S1_D04_P1,S1_D04,1,4,1,25,output,YGRBYGGRGRBBG,0.3846153846153846,1,0.6153846153846154
S1_D04_P1,S1_D04,1,4,2,26,output,YRGGRGBBYBRBR,0.5384615384615384,1,0.7692307692307693
S1_D04_P1,S1_D04,1,4,3,27,output,YGRBYRGGRGYBY,0.6153846153846154,1,0.7692307692307693
S1_D04_P1,S1_D04,1,4,4,28,output,YRGBYGRBRBRBR,0.6153846153846154,1,0.46153846153846156
S1_D04_P1,S1_D04,1,4,5,29,output,YGRBYRGGRBYBR,0.8461538461538461,1,0.5384615384615384
S1_D04_P1,S1_D04,1,4,6,30,output,YRGBYGRBRBRBR,1.0,1,0.46153846153846156
S1_D04_P1,S1_D04,1,4,7,31,output,YRGBRGGRBYBRB,1.0,1,0.7692307692307693
S1_D04_P1,S1_D04,1,4,8,32,output,YRGBGRBYBRBRB,0.7692307692307692,1,0.6153846153846154
S1_D04_P1,S1_D04,1,5,0,,seed,RYRRGRGBGBRGY,,1,0.7692307692307693
S1_D04_P1,S1_D04,1,5,1,33,output,RYRRRGRBGYRBB,0.6153846153846154,1,0.7692307692307693
S1_D04_P1,S1_D04,1,5,2,34,output,YGGBBBYRGGBBR,0.5384615384615384,1,0.5384615384615384
S1_D04_P1,S1_D04,1,5,3,35,output,RYBRGYRBRYRYR,0.46153846153846156,1,0.6153846153846154
S1_D04_P1,S1_D04,1,5,4,36,output,GRBBBYGGGBRRY,0.6923076923076923,0,0.7692307692307693
S1_D04_P1,S1_D04,1,5,5,37,output,RYRGYRYRBYRBY,0.6153846153846154,2,0.5384615384615384
S1_D04_P1,S1_D04,1,5,6,38,output,GRBBYRGBYRBRY,0.6153846153846154,1,0.6153846153846154
S1_D04_P1,S1_D04,1,5,7,39,output,RYRGYRYRBYYRB,0.6153846153846154,2,0.6153846153846154
S1_D04_P1,S1_D04,1,5,8,40,output,YGRRBBGYRBGRR,0.46153846153846156,1,0.6153846153846154
S1_D04_P1,S1_D04,1,6,0,,seed,RRGRGBRBRBRYB,,1,0.5384615384615384
S1_D04_P1,S1_D04,1,6,1,41,output,GRBRGBRBRBRBY,0.6923076923076923,1,0.46153846153846156
S1_D04_P1,S1_D04,1,6,2,42,output,YGRYRRBBGYRBR,0.5384615384615384,1,0.7692307692307693
S1_D04_P1,S1_D04,1,6,3,43,output,GRYBRBRBRBYBY,0.9230769230769231,1,0.46153846153846156
S1_D04_P1,S1_D04,1,6,4,44,output,YGRBBGRYBYBRR,0.6153846153846154,1,0.7692307692307693
S1_D04_P1,S1_D04,1,6,5,45,output,GRBYRBRBRBYBY,0.7692307692307692,2,0.5384615384615384
S1_D04_P1,S1_D04,1,6,6,46,output,YRBYGBRYYBRBR,0.6153846153846154,1,0.7692307692307693
S1_D04_P1,S1_D04,1,6,7,47,output,GRBYRBRBYBYBY,1.0,2,0.46153846153846156
S1_D04_P1,S1_D04,1,6,8,48,output,YRBYGRYRBRBRR,0.7692307692307692,1,0.6153846153846154
S1_D04_P1,S1_D04,1,7,0,,seed,YYBYGBRBGGGGR,,1,0.6153846153846154
S1_D04_P1,S1_D04,1,7,1,49,output,YBYYBGRGGBGGG,0.5384615384615384,1,0.7692307692307693
S1_D04_P1,S1_D04,1,7,2,50,output,YGGGBBBYGRGYB,0.6153846153846154,1,0.7692307692307693
S1_D04_P1,S1_D04,1,7,3,51,output,YBYYGBRYRGRGB,0.6153846153846154,1,0.7692307692307693
S1_D04_P1,S1_D04,1,7,4,52,output,YGBBYRBGYBRYG,0.3846153846153846,1,0.7692307692307693
S1_D04_P1,S1_D04,1,7,5,53,output,YBBYBYGBYRYBG,0.5384615384615384,1,0.7692307692307693
S1_D04_P1,S1_D04,1,7,6,54,output,YGRBBYGRYRBGY,0.6153846153846154,1,0.7692307692307693
S1_D04_P1,S1_D04,1,7,7,55,output,BYBYBYBGRGRBB,0.6923076923076923,1,0.5384615384615384
S1_D04_P1,S1_D04,1,7,8,56,output,RGYBBRGYRYBGR,0.7692307692307692,1,0.7692307692307693
S1_D04_P1,S1_D04,1,8,0,,seed,BRYBYBBBRGGYG,,1,0.7692307692307693
S1_D04_P1,S1_D04,1,8,1,57,output,RYBYBYBRYGBGR,0.6153846153846154,1,0.5384615384615384
S1_D04_P1,S1_D04,1,8,2,58,output,YRBYBRYBGRBBY,0.3076923076923077,1,0.7692307692307693
S1_D04_P1,S1_D04,1,8,3,59,output,RYBYBYBBYBGRB,1.0,1,0.46153846153846156
S1_D04_P1,S1_D04,1,8,4,60,output,RYBYBRYGYBRBB,0.6153846153846154,2,0.6153846153846154
S1_D04_P1,S1_D04,1,8,5,61,output,RYBYBBYBRYGRG,0.7692307692307692,1,0.6153846153846154
S1_D04_P1,S1_D04,1,8,6,62,output,RYBYBYBRYGRGR,0.5384615384615384,1,0.5384615384615384
S1_D04_P1,S1_D04,1,8,7,63,output,RYBYBBYRRYGRB,0.7692307692307692,1,0.7692307692307693
S1_D04_P1,S1_D04,1,8,8,64,output,RYBYBYGRGRGRB,0.8461538461538461,1,0.46153846153846156
S1_D04_P1,S1_D04,1,9,0,,seed,RGRGGGRRYRGYB,,1,0.7692307692307693
S1_D04_P1,S1_D04,1,9,1,65,output,RGRGGGRRYRGRB,0.9230769230769231,1,0.7692307692307693
S1_D04_P1,S1_D04,1,9,2,66,output,GBBYRGBYRBBGY,0.3846153846153846,1,0.6153846153846154
S1_D04_P1,S1_D04,1,9,3,67,output,RGGRRYBGRYBGB,0.6153846153846154,1,0.5384615384615384
S1_D04_P1,S1_D04,1,9,4,68,output,GGYBBRYGBGBGY,0.5384615384615384,1,0.6153846153846154
S1_D04_P1,S1_D04,1,9,5,69,output,GBYGYGBRYGBRY,0.3846153846153846,2,0.46153846153846156
S1_D04_P1,S1_D04,1,9,6,70,output,GRYBBYGRYRGBY,0.5384615384615384,1,0.7692307692307693
S1_D04_P1,S1_D04,1,9,7,71,output,GYBGYRYBGRYBR,0.6153846153846154,1,0.5384615384615384
S1_D04_P1,S1_D04,1,9,8,72,output,GRBYRBGBYRGBY,0.6153846153846154,1,0.5384615384615384
S1_D04_P1,S1_D04,1,10,0,,seed,GYYRRRGYGRBGB,,1,0.7692307692307693
S1_D04_P1,S1_D04,1,10,1,73,output,GYBGYBGYGYBGB,0.6153846153846154,2,0.38461538461538464
S1_D04_P1,S1_D04,1,10,2,74,output,BGRGRGRBRBRBR,1.0,1,0.3076923076923077
S1_D04_P1,S1_D04,1,10,3,75,output,GYBGYBGGYBGBY,0.9230769230769231,2,0.46153846153846156
S1_D04_P1,S1_D04,1,10,4,76,output,BGRBGGRBRBRBG,1.0,1,0.46153846153846156
S1_D04_P1,S1_D04,1,10,5,77,output,GYRBGYBBGBGBG,0.5384615384615384,1,0.5384615384615384
S1_D04_P1,S1_D04,1,10,6,78,output,GRBGRBRBRBGRB,0.8461538461538461,1,0.46153846153846156
S1_D04_P1,S1_D04,1,10,7,79,output,GYRBGYBYBYBGB,0.8461538461538461,1,0.5384615384615384
S1_D04_P1,S1_D04,1,10,8,80,output,GRBGRBRBRBGRB,1.0,1,0.46153846153846156
S1_D04_P1,S1_D04,1,11,0,,seed,YGBBBGYGGRRBY,,1,0.7692307692307693
S1_D04_P1,S1_D04,1,11,1,81,output,YGBYGRBBGYGGY,0.5384615384615384,1,0.7692307692307693
S1_D04_P1,S1_D04,1,11,2,82,output,YGGBYGGRYGRBB,0.46153846153846156,2,0.7692307692307693
S1_D04_P1,S1_D04,1,11,3,83,output,YGBYGBYGRBRYR,0.6923076923076923,2,0.5384615384615384
S1_D04_P1,S1_D04,1,11,4,84,output,YGGBYGRBYGGRY,0.6153846153846154,2,0.6153846153846154
S1_D04_P1,S1_D04,1,11,5,85,output,YRGBYRBRBGBRB,0.6923076923076923,1,0.6153846153846154
S1_D04_P1,S1_D04,1,11,6,86,output,YGGBRGYBYGGYG,0.6153846153846154,2,0.7692307692307693
S1_D04_P1,S1_D04,1,11,7,87,output,YRGBYRYBGYRBG,0.6153846153846154,1,0.7692307692307693
S1_D04_P1,S1_D04,1,11,8,88,output,YGGBYRGBYGGGB,0.6153846153846154,2,0.5384615384615384
S1_D04_P1,S1_D04,1,12,0,,seed,RGRGYBYRYBRGG,,1,0.7692307692307693
S1_D04_P1,S1_D04,1,12,1,89,output,RGRGBGRYBRGBR,0.6923076923076923,2,0.6153846153846154
S1_D04_P1,S1_D04,1,12,2,90,output,YRGBYRGBRRGGR,1.0,1,0.6153846153846154
S1_D04_P1,S1_D04,1,12,3,91,output,RGGYRBYGYGGRB,0.46153846153846156,1,0.7692307692307693
S1_D04_P1,S1_D04,1,12,4,92,output,YRGBYRGBRGRRG,1.0,1,0.6153846153846154
S1_D04_P1,S1_D04,1,12,5,93,output,YGRBYGGYRBBGR,0.8461538461538461,1,0.7692307692307693
S1_D04_P1,S1_D04,1,12,6,94,output,YRGBYRGBRGRRG,1.0,1,0.6153846153846154
S1_D04_P1,S1_D04,1,12,7,95,output,YGRBYGGBRGRRB,0.8461538461538461,1,0.7692307692307693
S1_D04_P1,S1_D04,1,12,8,96,output,YRGBYRGBRGRRG,1.0,1,0.6153846153846154
S1_D04_P1,S1_D04,1,13,0,,seed,BYYBGYGRBYGYG,,1,0.6153846153846154
S1_D04_P1,S1_D04,1,13,1,97,output,YBYBRGBRRGRYG,0.3846153846153846,1,0.7692307692307693
S1_D04_P1,S1_D04,1,13,2,98,output,YGRBYGGYBRGRR,0.6923076923076923,1,0.7692307692307693
S1_D04_P1,S1_D04,1,13,3,99,output,YBBYGYBRYBYGR,0.46153846153846156,1,0.6153846153846154
S1_D04_P1,S1_D04,1,13,4,100,output,YGRBBRGBRYBRY,0.5384615384615384,2,0.6153846153846154
S1_D04_P1,S1_D04,1,13,5,101,output,YBYBGRBYRYRBR,0.6153846153846154,1,0.7692307692307693
S1_D04_P1,S1_D04,1,13,6,102,output,BRGYBGRBBRRYB,0.6923076923076923,1,0.7692307692307693
S1_D04_P1,S1_D04,1,13,7,103,output,YBYBGRBYRBRBY,0.9230769230769231,2,0.6153846153846154
S1_D04_P1,S1_D04,1,13,8,104,output,BRGYBRGBRBRBY,0.8461538461538461,2,0.6153846153846154
S1_D04_P1,S1_D04,1,14,0,,seed,GRBRYGRBRRYRG,,1,0.6153846153846154
S1_D04_P1,S1_D04,1,14,1,105,output,GRBGRYGBYGRBG,0.5384615384615384,1,0.6153846153846154
S1_D04_P1,S1_D04,1,14,2,106,output,GGBGRRBGGRRYG,0.8461538461538461,1,0.6153846153846154
S1_D04_P1,S1_D04,1,14,3,107,output,GRBGRYGRBGGRG,1.0,2,0.6153846153846154
S1_D04_P1,S1_D04,1,14,4,108,output,GGBGRRBYGRBGB,0.7692307692307692,1,0.7692307692307693
S1_D04_P1,S1_D04,1,14,5,109,output,GRBGYRGBYRGGB,0.5384615384615384,1,0.6153846153846154
S1_D04_P1,S1_D04,1,14,6,110,output,GGBGRBYRGGBGR,1.0,1,0.5384615384615384
S1_D04_P1,S1_D04,1,14,7,111,output,GGBGRYBRGGBGR,1.0,1,0.5384615384615384
S1_D04_P1,S1_D04,1,14,8,112,output,GGBGRBYRGGBRB,1.0,1,0.7692307692307693
S1_D04_P1,S1_D04,1,15,0,,seed,YRGBGGBGBYBGR,,1,0.6153846153846154
S1_D04_P1,S1_D04,1,15,1,113,output,YRGBGGBGBYBGR,1.0,1,0.6153846153846154
S1_D04_P1,S1_D04,1,15,2,114,output,BYBYYGYGBYRGY,0.6153846153846154,1,0.7692307692307693
S1_D04_P1,S1_D04,1,15,3,115,output,YRGBGGBGRYRGY,0.9230769230769231,1,0.6153846153846154
S1_D04_P1,S1_D04,1,15,4,116,output,BYBYYGYRBYGYB,1.0,1,0.6153846153846154
S1_D04_P1,S1_D04,1,15,5,117,output,YRGBGGBGRYRYB,1.0,1,0.6153846153846154
S1_D04_P1,S1_D04,1,15,6,118,output,BYBYGYGYRBYGY,1.0,2,0.46153846153846156
S1_D04_P1,S1_D04,1,15,7,119,output,YRGYGBGBRYYGY,0.5384615384615384,1,0.7692307692307693
S1_D04_P1,S1_D04,1,15,8,120,output,BYGYGYBRBYYGB,0.7692307692307692,1,0.6153846153846154
S1_D04_P2,S1_D04,2,1,0,,seed,RRYYGYRRBGBGG,,1,0.7692307692307693
S1_D04_P2,S1_D04,2,1,1,1,output,RYGGBRYBRBGRB,0.46153846153846156,1,0.7692307692307693
S1_D04_P2,S1_D04,2,1,2,2,output,GBBGBGBGBRGBR,0.5384615384615384,2,0.38461538461538464
S1_D04_P2,S1_D04,2,1,3,3,output,RYGGBGRYBGRYB,0.6923076923076923,2,0.46153846153846156
S1_D04_P2,S1_D04,2,1,4,4,output,GBGBGGBRYRBBR,0.6153846153846154,1,0.7692307692307693
S1_D04_P2,S1_D04,2,1,5,5,output,RYGGBRYBGRBYR,0.7692307692307692,1,0.7692307692307693
S1_D04_P2,S1_D04,2,1,6,6,output,GBGBGGBRYGBRB,0.9230769230769231,2,0.6153846153846154
S1_D04_P2,S1_D04,2,1,7,7,output,RYGBGYBYGRBRB,0.6153846153846154,1,0.7692307692307693
S1_D04_P2,S1_D04,2,1,8,8,output,GBGBGGRYGBRYB,0.8461538461538461,1,0.7692307692307693
S1_D04_P2,S1_D04,2,2,0,,seed,GGGBYYRRBRRGY,,1,0.7692307692307693
S1_D04_P2,S1_D04,2,2,1,9,output,GYYYRRBRRBGRB,0.5384615384615384,1,0.6153846153846154
S1_D04_P2,S1_D04,2,2,2,10,output,GBGBRYBGRYBYB,0.7692307692307692,1,0.6153846153846154
S1_D04_P2,S1_D04,2,2,3,11,output,GGRYYRRBGRBYB,0.46153846153846156,1,0.7692307692307693
S1_D04_P2,S1_D04,2,2,4,12,output,GBYRGBGBRYBYB,0.5384615384615384,1,0.7692307692307693
S1_D04_P2,S1_D04,2,2,5,13,output,GGYYRRBGRBYBY,0.8461538461538461,1,0.7692307692307693
S1_D04_P2,S1_D04,2,2,6,14,output,BGYRYYBRYBGYB,0.5384615384615384,1,0.7692307692307693
S1_D04_P2,S1_D04,2,2,7,15,output,GGYYRRBGRYBYB,0.8461538461538461,1,0.7692307692307693
S1_D04_P2,S1_D04,2,2,8,16,output,RYGBRYBGRBYYB,0.6153846153846154,1,0.7692307692307693
S1_D04_P2,S1_D04,2,3,0,,seed,RBYGGBBGBRBYB,,1,0.7692307692307693
S1_D04_P2,S1_D04,2,3,1,17,output,RGYBGBBRBGBYB,0.6923076923076923,1,0.6153846153846154
S1_D04_P2,S1_D04,2,3,2,18,output,RRYBGYBGYBYBR,0.7692307692307692,2,0.46153846153846156
S1_D04_P2,S1_D04,2,3,3,19,output,RGBYGBRGYBYBB,0.8461538461538461,1,0.7692307692307693
S1_D04_P2,S1_D04,2,3,4,20,output,RRBGGYYBRRBGY,0.6153846153846154,1,0.6153846153846154
S1_D04_P2,S1_D04,2,3,5,21,output,RGBYGYBGYRBYR,0.6923076923076923,1,0.7692307692307693
S1_D04_P2,S1_D04,2,3,6,22,output,GRYGGBBGRBGBY,0.5384615384615384,1,0.7692307692307693
S1_D04_P2,S1_D04,2,3,7,23,output,RBYGRBBGYRBBY,0.8461538461538461,2,0.6153846153846154
S1_D04_P2,S1_D04,2,3,8,24,output,GYRGGBBRBGGRB,0.5384615384615384,1,0.7692307692307693
S1_D04_P2,S1_D04,2,4,0,,seed,RYGYBRBBRGGBB,,1,0.7692307692307693
S1_D04_P2,S1_D04,2,4,1,25,output,RYGGBRBBRBRBG,0.6923076923076923,1,0.6153846153846154
S1_D04_P2,S1_D04,2,4,2,26,output,YGRBYGRGRBYGR,0.7692307692307692,2,0.38461538461538464
S1_D04_P2,S1_D04,2,4,3,27,output,YRGBGBBRRBBRB,0.5384615384615384,1,0.6153846153846154
S1_D04_P2,S1_D04,2,4,4,28,output,YGRBYRGGRGBYB,0.8461538461538461,1,0.7692307692307693
S1_D04_P2,S1_D04,2,4,5,29,output,YRGBYGRBRBRBR,1.0,1,0.46153846153846156
S1_D04_P2,S1_D04,2,4,6,30,output,YRGBRGGRBYBRB,0.6923076923076923,1,0.7692307692307693
S1_D04_P2,S1_D04,2,4,7,31,output,YRGBYGRBRBRBR,1.0,1,0.46153846153846156
S1_D04_P2,S1_D04,2,4,8,32,output,YRGBGGRGRBYRB,0.7692307692307692,1,0.7692307692307693
S1_D04_P2,S1_D04,2,5,0,,seed,GGYBBBGBRGBRG,,1,0.5384615384615384
S1_D04_P2,S1_D04,2,5,1,33,output,GGYBBBGGRBBRB,0.7692307692307692,1,0.7692307692307693
S1_D04_P2,S1_D04,2,5,2,34,output,RYRRRBGRBYRRY,0.6923076923076923,1,0.6153846153846154
S1_D04_P2,S1_D04,2,5,3,35,output,GGBBBYRGGBBRB,0.8461538461538461,1,0.6153846153846154
S1_D04_P2,S1_D04,2,5,4,36,output,RYRGYRBRYBRYB,0.7692307692307692,1,0.5384615384615384
S1_D04_P2,S1_D04,2,5,5,37,output,GRBBBYRGGGRBB,0.6923076923076923,1,0.6153846153846154
S1_D04_P2,S1_D04,2,5,6,38,output,RYGRYRYBRYRYB,0.5384615384615384,2,0.46153846153846156
S1_D04_P2,S1_D04,2,5,7,39,output,GRYRRBBYRGYRB,0.5384615384615384,1,0.7692307692307693
S1_D04_P2,S1_D04,2,5,8,40,output,RYGRYRGRBYBYR,0.6153846153846154,1,0.7692307692307693
S1_D04_P2,S1_D04,2,6,0,,seed,YGRYYGBRYRBBG,,1,0.7692307692307693
S1_D04_P2,S1_D04,2,6,1,41,output,YGRYYRGBBRGBY,0.6153846153846154,1,0.6153846153846154
S1_D04_P2,S1_D04,2,6,2,42,output,GRYBRBRBRBYBR,0.6923076923076923,2,0.38461538461538464
S1_D04_P2,S1_D04,2,6,3,43,output,YGRBRYGRBRBYR,0.46153846153846156,1,0.5384615384615384
S1_D04_P2,S1_D04,2,6,4,44,output,GRYBRBRBYBYBY,0.9230769230769231,1,0.46153846153846156
S1_D04_P2,S1_D04,2,6,5,45,output,YRBGRYBYRRBRR,0.6923076923076923,1,0.7692307692307693
S1_D04_P2,S1_D04,2,6,6,46,output,GRBYRBRBYBYBY,0.9230769230769231,2,0.46153846153846156
S1_D04_P2,S1_D04,2,6,7,47,output,YRBYGRBYRBRBY,0.6923076923076923,2,0.5384615384615384
S1_D04_P2,S1_D04,2,6,8,48,output,GRBYRBRBYBYBY,1.0,2,0.46153846153846156
S1_D04_P2,S1_D04,2,7,0,,seed,GGGYGBBBRYBGY,,1,0.7692307692307693
S1_D04_P2,S1_D04,2,7,1,49,output,GGGYBBBYGRBRY,0.6153846153846154,0,0.7692307692307693
S1_D04_P2,S1_D04,2,7,2,50,output,YBYYBGRGGRGRG,0.8461538461538461,1,0.6153846153846154
S1_D04_P2,S1_D04,2,7,3,51,output,YGGGBBBRGYGGB,0.7692307692307692,1,0.6153846153846154
S1_D04_P2,S1_D04,2,7,4,52,output,YBYYBGGBGRGRY,0.5384615384615384,1,0.7692307692307693
S1_D04_P2,S1_D04,2,7,5,53,output,YGBBYRBYGRBRY,0.7692307692307692,1,0.7692307692307693
S1_D04_P2,S1_D04,2,7,6,54,output,YBYYBBYBGRGRB,0.46153846153846156,1,0.7692307692307693
S1_D04_P2,S1_D04,2,7,7,55,output,RGYBBRGYRGYBY,0.46153846153846156,2,0.6153846153846154
S1_D04_P2,S1_D04,2,7,8,56,output,BYBYBYGRGRBYB,0.8461538461538461,1,0.5384615384615384
S1_D04_P2,S1_D04,2,8,0,,seed,BGBYBGGYGRBRY,,1,0.7692307692307693
S1_D04_P2,S1_D04,2,8,1,57,output,BGYBBGGYBRBYG,0.6153846153846154,1,0.6153846153846154
S1_D04_P2,S1_D04,2,8,2,58,output,RYBYBYBBYBGRB,0.7692307692307692,1,0.46153846153846156
S1_D04_P2,S1_D04,2,8,3,59,output,YRBYYBRYGRBRB,0.6923076923076923,1,0.7692307692307693
S1_D04_P2,S1_D04,2,8,4,60,output,RYBYBBYBGRBGR,0.6923076923076923,1,0.5384615384615384
S1_D04_P2,S1_D04,2,8,5,61,output,RYBYBBYBGRYBY,0.5384615384615384,2,0.5384615384615384
S1_D04_P2,S1_D04,2,8,6,62,output,RYBYBBYBRYBGR,0.8461538461538461,2,0.6153846153846154
S1_D04_P2,S1_D04,2,8,7,63,output,RYBYBYBYGRGRB,0.8461538461538461,1,0.46153846153846156
S1_D04_P2,S1_D04,2,8,8,64,output,RYBYBBYGRGRBY,0.7692307692307692,1,0.7692307692307693
S1_D04_P2,S1_D04,2,9,0,,seed,GYYBRYGBYGGBY,,1,0.6153846153846154
S1_D04_P2,S1_D04,2,9,1,65,output,GBYGBBGBRYBYG,0.3846153846153846,1,0.6153846153846154
S1_D04_P2,S1_D04,2,9,2,66,output,RGGRGRYBYRGRG,0.6153846153846154,2,0.6153846153846154
S1_D04_P2,S1_D04,2,9,3,67,output,GGBYRGYBRYBGY,0.6923076923076923,1,0.7692307692307693
S1_D04_P2,S1_D04,2,9,4,68,output,RGRRGYBYBRGGY,0.46153846153846156,1,0.7692307692307693
S1_D04_P2,S1_D04,2,9,5,69,output,GGYBBGYRRBGGY,0.6923076923076923,2,0.7692307692307693
S1_D04_P2,S1_D04,2,9,6,70,output,GYBGYRBYGYRBG,0.46153846153846156,2,0.5384615384615384
S1_D04_P2,S1_D04,2,9,7,71,output,GRYBBYGRBRGBY,0.9230769230769231,1,0.7692307692307693
S1_D04_P2,S1_D04,2,9,8,72,output,GYBYBRYYGRBGY,0.5384615384615384,1,0.7692307692307693
S1_D04_P2,S1_D04,2,10,0,,seed,BGRGRGRBGBBRB,,1,0.5384615384615384
S1_D04_P2,S1_D04,2,10,1,73,output,BGRGRGRBRBRBR,0.7692307692307692,1,0.3076923076923077
S1_D04_P2,S1_D04,2,10,2,74,output,GYBGYBGGYBGBG,0.8461538461538461,2,0.46153846153846156
S1_D04_P2,S1_D04,2,10,3,75,output,BGRBGGRBRBRBG,0.7692307692307692,1,0.46153846153846156
S1_D04_P2,S1_D04,2,10,4,76,output,GYBRGYBGBGYRB,0.6153846153846154,2,0.7692307692307693
S1_D04_P2,S1_D04,2,10,5,77,output,GRBGRBRRBRBGR,0.6923076923076923,2,0.5384615384615384
S1_D04_P2,S1_D04,2,10,6,78,output,GYRBGYBBYBGBG,0.9230769230769231,1,0.7692307692307693
S1_D04_P2,S1_D04,2,10,7,79,output,GRBGRBRBRBGRB,1.0,1,0.46153846153846156
S1_D04_P2,S1_D04,2,10,8,80,output,YRBGYYBYBGRBY,0.6923076923076923,1,0.7692307692307693
S1_D04_P2,S1_D04,2,11,0,,seed,YGBBRBRYYRBYR,,1,0.7692307692307693
S1_D04_P2,S1_D04,2,11,1,81,output,YGGBRBBRBBYRB,0.5384615384615384,1,0.5384615384615384
S1_D04_P2,S1_D04,2,11,2,82,output,YGBYYRBYGRYRY,0.6153846153846154,1,0.7692307692307693
S1_D04_P2,S1_D04,2,11,3,83,output,YGGBYRYGGBRBG,0.6153846153846154,1,0.6153846153846154
S1_D04_P2,S1_D04,2,11,4,84,output,YGGBRBYRBGGRB,0.46153846153846156,1,0.7692307692307693
S1_D04_P2,S1_D04,2,11,5,85,output,YGGBRBGYGGRBG,0.6153846153846154,1,0.6153846153846154
S1_D04_P2,S1_D04,2,11,6,86,output,YRGRBGRBRBRBG,0.6153846153846154,1,0.46153846153846156
S1_D04_P2,S1_D04,2,11,7,87,output,YGGBRBRGYYGGY,0.6923076923076923,1,0.7692307692307693
S1_D04_P2,S1_D04,2,11,8,88,output,YRGBYRBYRGBYY,0.6153846153846154,2,0.5384615384615384
S1_D04_P2,S1_D04,2,12,0,,seed,YRRYGYBRGRRGG,,1,0.7692307692307693
S1_D04_P2,S1_D04,2,12,1,89,output,YRGBYRGBRRGGR,0.5384615384615384,1,0.6153846153846154
S1_D04_P2,S1_D04,2,12,2,90,output,RGGBYBRGBYRBG,0.5384615384615384,1,0.6153846153846154
S1_D04_P2,S1_D04,2,12,3,91,output,YRGBYRGBRGRRG,0.7692307692307692,1,0.6153846153846154
S1_D04_P2,S1_D04,2,12,4,92,output,RYGBYGGYRBBGR,0.3846153846153846,1,0.7692307692307693
S1_D04_P2,S1_D04,2,12,5,93,output,YRGBYRGBRGRRG,1.0,1,0.6153846153846154
S1_D04_P2,S1_D04,2,12,6,94,output,YGRBYGGBBRGRB,0.6923076923076923,1,0.6153846153846154
S1_D04_P2,S1_D04,2,12,7,95,output,YRGBYRGBRGRRG,1.0,1,0.6153846153846154
S1_D04_P2,S1_D04,2,12,8,96,output,YGRBGGBRYGRBG,0.6923076923076923,1,0.5384615384615384
S1_D04_P2,S1_D04,2,13,0,,seed,BYGGRBYRGRGGB,,1,0.7692307692307693
S1_D04_P2,S1_D04,2,13,1,97,output,RBYGGYGRBRGRR,0.46153846153846156,1,0.7692307692307693
S1_D04_P2,S1_D04,2,13,2,98,output,YBYBGRRBGRBYG,0.6923076923076923,1,0.6153846153846154
S1_D04_P2,S1_D04,2,13,3,99,output,YGRBYGGRBRBGR,0.7692307692307692,1,0.6153846153846154
S1_D04_P2,S1_D04,2,13,4,100,output,YBBYGRBYBRGBR,0.6923076923076923,1,0.7692307692307693
S1_D04_P2,S1_D04,2,13,5,101,output,BRGYBGRBRYBRB,0.5384615384615384,1,0.7692307692307693
S1_D04_P2,S1_D04,2,13,6,102,output,YBYBGRBYRYRBY,0.9230769230769231,1,0.6153846153846154
S1_D04_P2,S1_D04,2,13,7,103,output,BRGYBRGBRRBRY,0.6153846153846154,2,0.7692307692307693
S1_D04_P2,S1_D04,2,13,8,104,output,YBYBYGRBRBRBR,0.7692307692307692,1,0.46153846153846156
S1_D04_P2,S1_D04,2,14,0,,seed,GGBGRBBRGGBGY,,1,0.6153846153846154
S1_D04_P2,S1_D04,2,14,1,105,output,GGBGRRBGGBRYR,0.6923076923076923,1,0.7692307692307693
S1_D04_P2,S1_D04,2,14,2,106,output,GRBGRYGRBGGRG,0.7692307692307692,2,0.6153846153846154
S1_D04_P2,S1_D04,2,14,3,107,output,GGBGRRBGRBYGR,0.7692307692307692,1,0.6153846153846154
S1_D04_P2,S1_D04,2,14,4,108,output,GRBGRYGRBGRBG,0.8461538461538461,2,0.5384615384615384
S1_D04_P2,S1_D04,2,14,5,109,output,GGBGRBYRGGBGR,0.6923076923076923,1,0.5384615384615384
S1_D04_P2,S1_D04,2,14,6,110,output,GGBGRYBRGGBGR,0.5384615384615384,1,0.5384615384615384
S1_D04_P2,S1_D04,2,14,7,111,output,GGBGRBYRGGBRB,0.8461538461538461,1,0.7692307692307693
S1_D04_P2,S1_D04,2,14,8,112,output,GGBGRYBRGBRGG,0.7692307692307692,1,0.6153846153846154
S1_D04_P2,S1_D04,2,15,0,,seed,YBYBGYGYRBRYR,,1,0.7692307692307693
S1_D04_P2,S1_D04,2,15,1,113,output,YBYBGYGYRYRBY,0.7692307692307692,1,0.7692307692307693
S1_D04_P2,S1_D04,2,15,2,114,output,YRGBGGBGRYRBY,0.6923076923076923,1,0.6153846153846154
S1_D04_P2,S1_D04,2,15,3,115,output,BYBYYGYRBYGYB,0.7692307692307692,1,0.6153846153846154
S1_D04_P2,S1_D04,2,15,4,116,output,YRGBGGBGRYRYB,0.8461538461538461,1,0.6153846153846154
S1_D04_P2,S1_D04,2,15,5,117,output,BYBYGYGYRBYGY,0.8461538461538461,2,0.46153846153846156
S1_D04_P2,S1_D04,2,15,6,118,output,YRGYBGGBGRYBR,0.6923076923076923,1,0.7692307692307693
S1_D04_P2,S1_D04,2,15,7,119,output,BYGYGYBRGYGYB,0.6153846153846154,2,0.38461538461538464
S1_D04_P2,S1_D04,2,15,8,120,output,RYGRYBGRGYGBR,0.3846153846153846,1,0.7692307692307693
S1_D05_P1,S1_D05,1,1,0,,seed,YBYGYRGYRYYRG,,1,0.5384615384615384
S1_D05_P1,S1_D05,1,1,1,1,output,YBYGYRBGYGRBY,0.6153846153846154,1,0.7692307692307693
S1_D05_P1,S1_D05,1,1,2,2,output,GYGBYBGBBYBRB,0.8461538461538461,1,0.6153846153846154
S1_D05_P1,S1_D05,1,1,3,3,output,YBYGRBGYBBYGB,0.6153846153846154,1,0.6153846153846154
S1_D05_P1,S1_D05,1,1,4,4,output,GYGBYBGYRGBYB,0.6153846153846154,1,0.5384615384615384
S1_D05_P1,S1_D05,1,1,5,5,output,YBYGRBRYGBGYR,0.6923076923076923,1,0.7692307692307693
S1_D05_P1,S1_D05,1,1,6,6,output,GYGBGRYGYBGBR,0.6153846153846154,1,0.7692307692307693
S1_D05_P1,S1_D05,1,1,7,7,output,YBYRGYGRBYGBR,0.46153846153846156,1,0.7692307692307693
S1_D05_P1,S1_D05,1,1,8,8,output,GYGBGRYBGRGYG,0.6923076923076923,1,0.6153846153846154
S1_D05_P1,S1_D05,1,2,0,,seed,GBRYYBYRYGBYR,,1,0.6153846153846154
S1_D05_P1,S1_D05,1,2,1,9,output,GBGRYBGRBYGGB,0.46153846153846156,1,0.6153846153846154
S1_D05_P1,S1_D05,1,2,2,10,output,GBBYYBGBYGBYB,0.6153846153846154,2,0.6153846153846154
S1_D05_P1,S1_D05,1,2,3,11,output,GBBYRBGRYBYGB,0.6153846153846154,1,0.7692307692307693
S1_D05_P1,S1_D05,1,2,4,12,output,GBBYGBYBGBGYB,0.6923076923076923,1,0.7692307692307693
S1_D05_P1,S1_D05,1,2,5,13,output,GBBYGBRYRBGBB,0.6153846153846154,2,0.7692307692307693
S1_D05_P1,S1_D05,1,2,6,14,output,GBBYGBGBGYBGY,0.7692307692307692,1,0.5384615384615384
S1_D05_P1,S1_D05,1,2,7,15,output,GBBYGBYRGBYGR,0.7692307692307692,2,0.6153846153846154
S1_D05_P1,S1_D05,1,2,8,16,output,GBBYGBGYGBYGB,0.7692307692307692,2,0.5384615384615384
S1_D05_P1,S1_D05,1,3,0,,seed,BYRYGBBYBBRBB,,1,0.7692307692307693
S1_D05_P1,S1_D05,1,3,1,17,output,GBBYRYGBBYRBB,0.6923076923076923,1,0.5384615384615384
S1_D05_P1,S1_D05,1,3,2,18,output,BYRBGBRBYRBGY,0.6923076923076923,2,0.5384615384615384
S1_D05_P1,S1_D05,1,3,3,19,output,GBBYGBGRYBGBR,0.6153846153846154,1,0.7692307692307693
S1_D05_P1,S1_D05,1,3,4,20,output,BRBGYRBGYRBGY,0.6923076923076923,1,0.23076923076923078
S1_D05_P1,S1_D05,1,3,5,21,output,BYYGBGYRYBGBB,0.6923076923076923,1,0.7692307692307693
S1_D05_P1,S1_D05,1,3,6,22,output,BRBYRBGBRBRGY,0.7692307692307692,2,0.7692307692307693
S1_D05_P1,S1_D05,1,3,7,23,output,BYBGBBRBGYBYB,0.6923076923076923,1,0.7692307692307693
S1_D05_P1,S1_D05,1,3,8,24,output,BRBYRBGBRBGYY,0.8461538461538461,2,0.6153846153846154
S1_D05_P1,S1_D05,1,4,0,,seed,RRYBYYGYYGBGB,,1,0.6153846153846154
S1_D05_P1,S1_D05,1,4,1,25,output,RRBYBYGYYBGYY,0.6153846153846154,1,0.6153846153846154
S1_D05_P1,S1_D05,1,4,2,26,output,BBRGYBBGRYGBG,0.6153846153846154,1,0.7692307692307693
S1_D05_P1,S1_D05,1,4,3,27,output,RBYRYBGRBBYYB,0.6153846153846154,1,0.7692307692307693
S1_D05_P1,S1_D05,1,4,4,28,output,BBRGYBRYBRYGG,0.6923076923076923,2,0.5384615384615384
S1_D05_P1,S1_D05,1,4,5,29,output,RBYRBGRYBGRBB,0.7692307692307692,1,0.6153846153846154
S1_D05_P1,S1_D05,1,4,6,30,output,BRBYGBYRYBRYG,0.6923076923076923,1,0.7692307692307693
S1_D05_P1,S1_D05,1,4,7,31,output,RYBRBGRYBGBBB,0.9230769230769231,1,0.7692307692307693
S1_D05_P1,S1_D05,1,4,8,32,output,BRYBGRRBYGBBY,0.7692307692307692,1,0.7692307692307693
S1_D05_P1,S1_D05,1,5,0,,seed,BRYBBBBBRBBBB,,2,0.38461538461538464
S1_D05_P1,S1_D05,1,5,1,33,output,BRYBBBRYBBRYB,0.6153846153846154,1,0.46153846153846156
S1_D05_P1,S1_D05,1,5,2,34,output,YRRYYYGYYRYGR,0.7692307692307692,1,0.7692307692307693
S1_D05_P1,S1_D05,1,5,3,35,output,BRYBBRYBBRYBB,0.8461538461538461,1,0.23076923076923078
S1_D05_P1,S1_D05,1,5,4,36,output,YRRYYGYYRYYGY,0.7692307692307692,2,0.46153846153846156
S1_D05_P1,S1_D05,1,5,5,37,output,BRYBBRYBBRYBB,1.0,1,0.23076923076923078
S1_D05_P1,S1_D05,1,5,6,38,output,YRRYYGYRGYYGY,0.8461538461538461,1,0.5384615384615384
S1_D05_P1,S1_D05,1,5,7,39,output,BRYBBRYBBRYBB,1.0,1,0.23076923076923078
S1_D05_P1,S1_D05,1,5,8,40,output,YRRGYRYYGYGYY,0.6153846153846154,1,0.6153846153846154
S1_D05_P1,S1_D05,1,6,0,,seed,YRYRYGRGBBRGY,,1,0.7692307692307693
S1_D05_P1,S1_D05,1,6,1,41,output,YRRYGYYRBGRYB,0.46153846153846156,1,0.7692307692307693
S1_D05_P1,S1_D05,1,6,2,42,output,BRBGRRBYYBGRB,0.46153846153846156,1,0.6153846153846154
S1_D05_P1,S1_D05,1,6,3,43,output,YRRYGYYRBGRYG,0.8461538461538461,1,0.6153846153846154
S1_D05_P1,S1_D05,1,6,4,44,output,BRBGRYYBGBYRB,0.8461538461538461,1,0.7692307692307693
S1_D05_P1,S1_D05,1,6,5,45,output,YRRYGYYRBGYRB,0.7692307692307692,1,0.6153846153846154
S1_D05_P1,S1_D05,1,6,6,46,output,BRBGRYYGBRYBB,0.7692307692307692,1,0.7692307692307693
S1_D05_P1,S1_D05,1,6,7,47,output,YRRYGYYRBGRYB,0.8461538461538461,1,0.7692307692307693
S1_D05_P1,S1_D05,1,6,8,48,output,BRBGRYYRBGYRB,0.6923076923076923,2,0.5384615384615384
S1_D05_P1,S1_D05,1,7,0,,seed,BYGBGRGRYGGYR,,1,0.7692307692307693
S1_D05_P1,S1_D05,1,7,1,49,output,BYGBGRYBGYBGR,0.6153846153846154,2,0.6153846153846154
S1_D05_P1,S1_D05,1,7,2,50,output,YYGBRYGBGRBYB,0.6923076923076923,1,0.6153846153846154
S1_D05_P1,S1_D05,1,7,3,51,output,BYGBGRYBGRRBR,0.6153846153846154,1,0.6153846153846154
S1_D05_P1,S1_D05,1,7,4,52,output,YYGYRBYGBYRBB,0.6923076923076923,1,0.6153846153846154
S1_D05_P1,S1_D05,1,7,5,53,output,BGBRYBBGRBBBY,0.5384615384615384,1,0.7692307692307693
S1_D05_P1,S1_D05,1,7,6,54,output,YYGYRYBGYGRBB,0.6923076923076923,1,0.7692307692307693
S1_D05_P1,S1_D05,1,7,7,55,output,BGBRYBBGBRGYB,0.6923076923076923,1,0.6153846153846154
S1_D05_P1,S1_D05,1,7,8,56,output,YYGYRYBGBYGBR,0.7692307692307692,1,0.7692307692307693
S1_D05_P1,S1_D05,1,8,0,,seed,YBYBRYYRYGGYY,,1,0.7692307692307693
S1_D05_P1,S1_D05,1,8,1,57,output,YBYBRYYRBGBGG,0.6923076923076923,1,0.7692307692307693
S1_D05_P1,S1_D05,1,8,2,58,output,RYYYBYGRYBGBB,0.6923076923076923,1,0.7692307692307693
S1_D05_P1,S1_D05,1,8,3,59,output,YBYRYYRBGBBGB,0.8461538461538461,1,0.6153846153846154
S1_D05_P1,S1_D05,1,8,4,60,output,RYYYBGRBGBBBB,0.6923076923076923,1,0.6153846153846154
S1_D05_P1,S1_D05,1,8,5,61,output,YBYBRYYRBGBGY,0.6923076923076923,1,0.7692307692307693
S1_D05_P1,S1_D05,1,8,6,62,output,RYYYRBGRBBGBB,0.7692307692307692,1,0.7692307692307693
S1_D05_P1,S1_D05,1,8,7,63,output,YBYBRYYRBGBGY,1.0,1,0.7692307692307693
S1_D05_P1,S1_D05,1,8,8,64,output,RYBGRBGRRBGBB,1.0,2,0.5384615384615384
S1_D05_P1,S1_D05,1,9,0,,seed,YRYRBBBBGRYRR,,1,0.5384615384615384
S1_D05_P1,S1_D05,1,9,1,65,output,YRYRBBBBGBGYR,0.7692307692307692,1,0.6153846153846154
S1_D05_P1,S1_D05,1,9,2,66,output,RRRGBGBBRGYBG,0.6923076923076923,1,0.7692307692307693
S1_D05_P1,S1_D05,1,9,3,67,output,RYRBBBBGBGYRB,0.8461538461538461,1,0.5384615384615384
S1_D05_P1,S1_D05,1,9,4,68,output,RRRGBGBBRGYBG,1.0,1,0.7692307692307693
S1_D05_P1,S1_D05,1,9,5,69,output,GBGBRGYBBGBYG,0.3846153846153846,1,0.6153846153846154
S1_D05_P1,S1_D05,1,9,6,70,output,RRRGBGBBRGYBG,1.0,1,0.7692307692307693
S1_D05_P1,S1_D05,1,9,7,71,output,GBGBRGYBBGBGY,0.8461538461538461,1,0.6153846153846154
S1_D05_P1,S1_D05,1,9,8,72,output,RRRGBGBBRGYBG,1.0,1,0.7692307692307693
S1_D05_P1,S1_D05,1,10,0,,seed,YGBYYGRRRBYYR,,1,0.6153846153846154
S1_D05_P1,S1_D05,1,10,1,73,output,YGBYYGBGRRYBY,0.6153846153846154,1,0.7692307692307693
S1_D05_P1,S1_D05,1,10,2,74,output,BRRBGYRRRGBGB,0.8461538461538461,1,0.7692307692307693
S1_D05_P1,S1_D05,1,10,3,75,output,GYGYYGBGBRGYY,0.6923076923076923,2,0.6153846153846154
S1_D05_P1,S1_D05,1,10,4,76,output,BRRBGYRRRBGYB,0.7692307692307692,1,0.46153846153846156
S1_D05_P1,S1_D05,1,10,5,77,output,YGYGYGGRGYYYY,0.5384615384615384,1,0.5384615384615384
S1_D05_P1,S1_D05,1,10,6,78,output,BRRBYRRRBYBRB,0.6923076923076923,1,0.5384615384615384
S1_D05_P1,S1_D05,1,10,7,79,output,YGYGYGGRYRGYY,0.7692307692307692,1,0.6153846153846154
S1_D05_P1,S1_D05,1,10,8,80,output,BRRBYRRRBRBYB,0.8461538461538461,1,0.5384615384615384
S1_D05_P1,S1_D05,1,11,0,,seed,GRRYYGGBGYYGG,,1,0.5384615384615384
S1_D05_P1,S1_D05,1,11,1,81,output,GRRYYGGBGBYGG,0.9230769230769231,1,0.6153846153846154
S1_D05_P1,S1_D05,1,11,2,82,output,YGBRGBYYBGRBY,0.46153846153846156,1,0.7692307692307693
S1_D05_P1,S1_D05,1,11,3,83,output,GRRYYGGBGBYGG,1.0,1,0.6153846153846154
S1_D05_P1,S1_D05,1,11,4,84,output,YGBRGBYYGYGBR,0.7692307692307692,1,0.6153846153846154
S1_D05_P1,S1_D05,1,11,5,85,output,GRRYYGGBGBYGG,1.0,1,0.6153846153846154
S1_D05_P1,S1_D05,1,11,6,86,output,YGBYGRYGBRGYY,0.46153846153846156,2,0.7692307692307693
S1_D05_P1,S1_D05,1,11,7,87,output,GRRYYGGBGBYGG,1.0,1,0.6153846153846154
S1_D05_P1,S1_D05,1,11,8,88,output,YGBYGRBBBGBRG,0.6153846153846154,1,0.7692307692307693
S1_D05_P1,S1_D05,1,12,0,,seed,GGRYYRBGGGYGG,,1,0.7692307692307693
S1_D05_P1,S1_D05,1,12,1,89,output,RYYGGGGYGGYGG,0.5384615384615384,2,0.38461538461538464
S1_D05_P1,S1_D05,1,12,2,90,output,RBBGBYGBGRYBB,0.3846153846153846,1,0.7692307692307693
S1_D05_P1,S1_D05,1,12,3,91,output,GYYGGGGYGGYYG,0.9230769230769231,2,0.46153846153846156
S1_D05_P1,S1_D05,1,12,4,92,output,RBBGBYGBRYBGB,0.8461538461538461,2,0.6153846153846154
S1_D05_P1,S1_D05,1,12,5,93,output,GYYGGGGYGGYYY,0.9230769230769231,2,0.5384615384615384
S1_D05_P1,S1_D05,1,12,6,94,output,RBBGBYGBBRBGB,0.8461538461538461,1,0.6153846153846154
S1_D05_P1,S1_D05,1,12,7,95,output,GYYGGGGYGGYYY,1.0,2,0.5384615384615384
S1_D05_P1,S1_D05,1,12,8,96,output,RBBYGBYRBBGBG,0.6923076923076923,1,0.7692307692307693
S1_D05_P1,S1_D05,1,13,0,,seed,RBYRYGYYGRRYB,,1,0.7692307692307693
S1_D05_P1,S1_D05,1,13,1,97,output,RBBYGBGYYRGBB,0.5384615384615384,1,0.7692307692307693
S1_D05_P1,S1_D05,1,13,2,98,output,YBGGYYBYGBBBY,0.6153846153846154,1,0.7692307692307693
S1_D05_P1,S1_D05,1,13,3,99,output,RBBYBGBYBBGBY,0.6923076923076923,2,0.46153846153846156
S1_D05_P1,S1_D05,1,13,4,100,output,YBBYGBGYBGBYB,0.5384615384615384,1,0.7692307692307693
S1_D05_P1,S1_D05,1,13,5,101,output,RBBYBGBGBYGBY,0.8461538461538461,1,0.5384615384615384
S1_D05_P1,S1_D05,1,13,6,102,output,YBBGBYGBGBYBB,0.6923076923076923,2,0.5384615384615384
S1_D05_P1,S1_D05,1,13,7,103,output,RBBYBGBGGBGBY,0.8461538461538461,1,0.6153846153846154
S1_D05_P1,S1_D05,1,13,8,104,output,YBBGBGBYGYBYB,0.6923076923076923,1,0.6153846153846154
S1_D05_P1,S1_D05,1,14,0,,seed,RRRBBGGGGGYYB,,1,0.5384615384615384
S1_D05_P1,S1_D05,1,14,1,105,output,RRRBBGGGGGYYB,1.0,1,0.5384615384615384
S1_D05_P1,S1_D05,1,14,2,106,output,RGRRYRRGBBGBR,0.6923076923076923,1,0.7692307692307693
S1_D05_P1,S1_D05,1,14,3,107,output,RRRBBGGGGGYYB,1.0,1,0.5384615384615384
S1_D05_P1,S1_D05,1,14,4,108,output,RGRRYRRGBBGBY,0.9230769230769231,1,0.7692307692307693
S1_D05_P1,S1_D05,1,14,5,109,output,RRRBBGGGGGYYB,1.0,1,0.5384615384615384
S1_D05_P1,S1_D05,1,14,6,110,output,RGRRYRGBGBBGY,0.7692307692307692,1,0.7692307692307693
S1_D05_P1,S1_D05,1,14,7,111,output,RRRBBGGGGGYYB,1.0,1,0.5384615384615384
S1_D05_P1,S1_D05,1,14,8,112,output,RGRRYRGBGBBGB,0.9230769230769231,1,0.6153846153846154
S1_D05_P1,S1_D05,1,15,0,,seed,YRRRGBRRYGGRY,,1,0.7692307692307693
S1_D05_P1,S1_D05,1,15,1,113,output,YRRRGBGBYGGBY,0.7692307692307692,2,0.6153846153846154
S1_D05_P1,S1_D05,1,15,2,114,output,YRYGYRBYGGYGB,0.5384615384615384,1,0.7692307692307693
S1_D05_P1,S1_D05,1,15,3,115,output,YRRRGBGYGBGGY,0.7692307692307692,1,0.6153846153846154
S1_D05_P1,S1_D05,1,15,4,116,output,YRRBYGBYGGBGY,0.6923076923076923,1,0.6153846153846154
S1_D05_P1,S1_D05,1,15,5,117,output,YRRRGBGYGBGBG,0.8461538461538461,1,0.6153846153846154
S1_D05_P1,S1_D05,1,15,6,118,output,YRRRGBYGBYBGY,0.6923076923076923,1,0.6153846153846154
S1_D05_P1,S1_D05,1,15,7,119,output,YRRRGBGYGBYGG,0.8461538461538461,1,0.7692307692307693
S1_D05_P1,S1_D05,1,15,8,120,output,YRRRGBYGBGYYG,0.7692307692307692,1,0.7692307692307693
S1_D05_P2,S1_D05,2,1,0,,seed,GYGBBYBBBRYBR,,1,0.7692307692307693
S1_D05_P2,S1_D05,2,1,1,1,output,GYGBYBBGBBYBR,0.7692307692307692,1,0.6153846153846154
S1_D05_P2,S1_D05,2,1,2,2,output,YBYGYRYGBYBYG,0.6153846153846154,2,0.6153846153846154
S1_D05_P2,S1_D05,2,1,3,3,output,GYGBYBGBBYGBR,0.8461538461538461,2,0.6153846153846154
S1_D05_P2,S1_D05,2,1,4,4,output,YBYGRBRGYBGRB,0.6923076923076923,1,0.6153846153846154
S1_D05_P2,S1_D05,2,1,5,5,output,GYGBRGYRYBGYB,0.6923076923076923,1,0.7692307692307693
S1_D05_P2,S1_D05,2,1,6,6,output,YBYGRBRGYBGRB,0.6923076923076923,1,0.6153846153846154
S1_D05_P2,S1_D05,2,1,7,7,output,GYGBGRGBYGYGR,0.6923076923076923,1,0.7692307692307693
S1_D05_P2,S1_D05,2,1,8,8,output,YGYBGYGRBYGRB,0.6923076923076923,1,0.5384615384615384
S1_D05_P2,S1_D05,2,2,0,,seed,GBBYBYYBYGGGB,,1,0.6153846153846154
S1_D05_P2,S1_D05,2,2,1,9,output,GBBYBYYBGYGGB,0.8461538461538461,1,0.7692307692307693
S1_D05_P2,S1_D05,2,2,2,10,output,GBGRYBGRBYGGB,1.0,1,0.6153846153846154
S1_D05_P2,S1_D05,2,2,3,11,output,GBBYBGBYYBGGB,0.6923076923076923,1,0.6153846153846154
S1_D05_P2,S1_D05,2,2,4,12,output,GBBYRBGRBYGBY,0.8461538461538461,1,0.7692307692307693
S1_D05_P2,S1_D05,2,2,5,13,output,GBBYGBYBGBGYB,1.0,1,0.7692307692307693
S1_D05_P2,S1_D05,2,2,6,14,output,GBBYRBYGBYGRB,0.6153846153846154,1,0.6153846153846154
S1_D05_P2,S1_D05,2,2,7,15,output,GBBYGBGBGYGBY,0.8461538461538461,2,0.5384615384615384
S1_D05_P2,S1_D05,2,2,8,16,output,GBBYBYRGBYRRB,0.7692307692307692,1,0.6153846153846154
S1_D05_P2,S1_D05,2,3,0,,seed,BYRGBRBRYGBBG,,1,0.7692307692307693
S1_D05_P2,S1_D05,2,3,1,17,output,BYRGBRBRYRBYG,0.8461538461538461,1,0.7692307692307693
S1_D05_P2,S1_D05,2,3,2,18,output,GBBYRYBGRBGRB,0.6923076923076923,1,0.5384615384615384
S1_D05_P2,S1_D05,2,3,3,19,output,BYRBGYRBGBGYB,0.6923076923076923,1,0.46153846153846156
S1_D05_P2,S1_D05,2,3,4,20,output,GBBYGBGRYBGBR,1.0,1,0.7692307692307693
S1_D05_P2,S1_D05,2,3,5,21,output,BRBYRBGYRBGYY,0.8461538461538461,2,0.46153846153846156
S1_D05_P2,S1_D05,2,3,6,22,output,BYBGYBGRYGYBB,0.6153846153846154,2,0.5384615384615384
S1_D05_P2,S1_D05,2,3,7,23,output,BRBYRBGBRBRGY,1.0,2,0.7692307692307693
S1_D05_P2,S1_D05,2,3,8,24,output,BYBGRBRGYBRGB,0.6923076923076923,1,0.6153846153846154
S1_D05_P2,S1_D05,2,4,0,,seed,BBRGBGYYRBGRR,,1,0.7692307692307693
S1_D05_P2,S1_D05,2,4,1,25,output,BBRGBYBGRBGRR,0.7692307692307692,1,0.6153846153846154
S1_D05_P2,S1_D05,2,4,2,26,output,RYBYYBGBRYBYY,0.5384615384615384,2,0.5384615384615384
S1_D05_P2,S1_D05,2,4,3,27,output,BBRGYBBGRYBGG,0.8461538461538461,1,0.7692307692307693
S1_D05_P2,S1_D05,2,4,4,28,output,RBYRYBGRYBYBB,0.8461538461538461,1,0.6153846153846154
S1_D05_P2,S1_D05,2,4,5,29,output,BRYGYBRYBRYGG,0.8461538461538461,2,0.5384615384615384
S1_D05_P2,S1_D05,2,4,6,30,output,RYBRBGRYBGRBB,0.8461538461538461,1,0.6153846153846154
S1_D05_P2,S1_D05,2,4,7,31,output,BRYRBGRYBYGBB,0.5384615384615384,1,0.7692307692307693
S1_D05_P2,S1_D05,2,4,8,32,output,RYBRBGRYBGBBB,1.0,1,0.7692307692307693
S1_D05_P2,S1_D05,2,5,0,,seed,YRRYYYGGYRYRY,,1,0.6153846153846154
S1_D05_P2,S1_D05,2,5,1,33,output,YRRYYYGGYRYRY,1.0,1,0.6153846153846154
S1_D05_P2,S1_D05,2,5,2,34,output,BRYBBBRYBBRYB,1.0,1,0.46153846153846156
S1_D05_P2,S1_D05,2,5,3,35,output,YRRYYGYYYRYGR,0.8461538461538461,1,0.7692307692307693
S1_D05_P2,S1_D05,2,5,4,36,output,BRYBBRYBBRYBB,1.0,1,0.23076923076923078
S1_D05_P2,S1_D05,2,5,5,37,output,YRRYYGYYRYYGY,1.0,2,0.46153846153846156
S1_D05_P2,S1_D05,2,5,6,38,output,BRYBBRYBBRYBB,1.0,1,0.23076923076923078
S1_D05_P2,S1_D05,2,5,7,39,output,YRRYYGYRGYYGY,1.0,1,0.5384615384615384
S1_D05_P2,S1_D05,2,5,8,40,output,BRYBBRYBBRYBB,1.0,1,0.23076923076923078
S1_D05_P2,S1_D05,2,6,0,,seed,BGBRRRYBBYBBG,,1,0.6153846153846154
S1_D05_P2,S1_D05,2,6,1,41,output,BGBRRYYBBYBBG,0.9230769230769231,1,0.6153846153846154
S1_D05_P2,S1_D05,2,6,2,42,output,YRRYGYYRBGBYB,0.9230769230769231,1,0.7692307692307693
S1_D05_P2,S1_D05,2,6,3,43,output,BRBGRYYBYBGRB,0.7692307692307692,1,0.6153846153846154
S1_D05_P2,S1_D05,2,6,4,44,output,YRRYGYYRBGRYG,1.0,1,0.6153846153846154
S1_D05_P2,S1_D05,2,6,5,45,output,BRBGRYYBGBYRB,1.0,1,0.7692307692307693
S1_D05_P2,S1_D05,2,6,6,46,output,YRRYGYYRBGYRB,1.0,1,0.6153846153846154
S1_D05_P2,S1_D05,2,6,7,47,output,BRBGRYYGBRBYB,0.8461538461538461,1,0.7692307692307693
S1_D05_P2,S1_D05,2,6,8,48,output,YRRYGYYRBGRYB,1.0,1,0.7692307692307693
S1_D05_P2,S1_D05,2,7,0,,seed,YYGBRYGBRYGRB,,2,0.38461538461538464
S1_D05_P2,S1_D05,2,7,1,49,output,YYGBRYGBRYGRB,1.0,2,0.38461538461538464
S1_D05_P2,S1_D05,2,7,2,50,output,BYGBRYGBGYBGR,0.8461538461538461,1,0.6153846153846154
S1_D05_P2,S1_D05,2,7,3,51,output,YYGBRYGBGRBYB,1.0,1,0.6153846153846154
S1_D05_P2,S1_D05,2,7,4,52,output,BYGBGRYBGRRBR,1.0,1,0.6153846153846154
S1_D05_P2,S1_D05,2,7,5,53,output,YYGYRBYGBYRBB,1.0,1,0.6153846153846154
S1_D05_P2,S1_D05,2,7,6,54,output,BGBRYBBGRBBBY,1.0,1,0.7692307692307693
S1_D05_P2,S1_D05,2,7,7,55,output,YYGYRYBGYGRBB,1.0,1,0.7692307692307693
S1_D05_P2,S1_D05,2,7,8,56,output,BRBRYBBGBYBBB,0.6923076923076923,1,0.6153846153846154
S1_D05_P2,S1_D05,2,8,0,,seed,RYYYBGYBRYBBR,,1,0.7692307692307693
S1_D05_P2,S1_D05,2,8,1,57,output,RYYYBGYBRYBBR,1.0,1,0.7692307692307693
S1_D05_P2,S1_D05,2,8,2,58,output,YBYBRYYRBGBBG,0.9230769230769231,1,0.7692307692307693
S1_D05_P2,S1_D05,2,8,3,59,output,RYYYBYGRYBGBB,1.0,1,0.7692307692307693
S1_D05_P2,S1_D05,2,8,4,60,output,YBYRRYYBGBBGB,0.8461538461538461,1,0.6153846153846154
S1_D05_P2,S1_D05,2,8,5,61,output,RYYYBGRBGBBBB,1.0,1,0.6153846153846154
S1_D05_P2,S1_D05,2,8,6,62,output,YBYBRYYRBGBGY,1.0,1,0.7692307692307693
S1_D05_P2,S1_D05,2,8,7,63,output,RYBGRBGRRBGBB,0.7692307692307692,2,0.5384615384615384
S1_D05_P2,S1_D05,2,8,8,64,output,YBYBRYYRBGBGY,1.0,1,0.7692307692307693
S1_D05_P2,S1_D05,2,9,0,,seed,RRRGBGBRGBYGB,,2,0.6153846153846154
S1_D05_P2,S1_D05,2,9,1,65,output,RRRGBGBRGBYGB,1.0,2,0.6153846153846154
S1_D05_P2,S1_D05,2,9,2,66,output,YRYRBBBBGBGYR,1.0,1,0.6153846153846154
S1_D05_P2,S1_D05,2,9,3,67,output,RRRGBGBBRGYBG,1.0,1,0.7692307692307693
S1_D05_P2,S1_D05,2,9,4,68,output,RYRGBBBGBGYRB,0.9230769230769231,1,0.7692307692307693
S1_D05_P2,S1_D05,2,9,5,69,output,RRRGBGBBRGYBG,1.0,1,0.7692307692307693
S1_D05_P2,S1_D05,2,9,6,70,output,GBGBRGYBBGBYG,1.0,1,0.6153846153846154
S1_D05_P2,S1_D05,2,9,7,71,output,RRRGBGBBRGYBG,1.0,1,0.7692307692307693
S1_D05_P2,S1_D05,2,9,8,72,output,GBGBRGYBBGBGY,1.0,1,0.6153846153846154
S1_D05_P2,S1_D05,2,10,0,,seed,BRRBGYRRRRYYG,,1,0.6153846153846154
S1_D05_P2,S1_D05,2,10,1,73,output,BRRBGYRRRGYBG,0.8461538461538461,1,0.7692307692307693
S1_D05_P2,S1_D05,2,10,2,74,output,GYBYYGBGRRYBY,0.8461538461538461,1,0.6153846153846154
S1_D05_P2,S1_D05,2,10,3,75,output,BRRBGYRRRGBBB,0.9230769230769231,1,0.7692307692307693
S1_D05_P2,S1_D05,2,10,4,76,output,GYGYYGBGBRGYY,1.0,2,0.6153846153846154
S1_D05_P2,S1_D05,2,10,5,77,output,BRRBGYRRRBGYB,1.0,1,0.46153846153846156
S1_D05_P2,S1_D05,2,10,6,78,output,YGYGYGGRGYYYY,1.0,1,0.5384615384615384
S1_D05_P2,S1_D05,2,10,7,79,output,BRRBYRRRBYBRB,1.0,1,0.5384615384615384
S1_D05_P2,S1_D05,2,10,8,80,output,YGYGYGGRYRGYY,1.0,1,0.6153846153846154
S1_D05_P2,S1_D05,2,11,0,,seed,YYBGRBGYYBBBR,,1,0.7692307692307693
S1_D05_P2,S1_D05,2,11,1,81,output,YYBGRBGYYBBBR,1.0,1,0.7692307692307693
S1_D05_P2,S1_D05,2,11,2,82,output,GRRYYGGBGBYGG,1.0,1,0.6153846153846154
S1_D05_P2,S1_D05,2,11,3,83,output,YGBRGBYYGBBRB,0.7692307692307692,2,0.7692307692307693
S1_D05_P2,S1_D05,2,11,4,84,output,GRRYYGGBGBYGG,1.0,1,0.6153846153846154
S1_D05_P2,S1_D05,2,11,5,85,output,YGBRGBYYGYGBR,1.0,1,0.6153846153846154
S1_D05_P2,S1_D05,2,11,6,86,output,GRRYYGGBGBYGG,1.0,1,0.6153846153846154
S1_D05_P2,S1_D05,2,11,7,87,output,YGBYGRYBBRGYY,0.9230769230769231,1,0.7692307692307693
S1_D05_P2,S1_D05,2,11,8,88,output,GRRYYGGBGBYGG,1.0,1,0.6153846153846154
S1_D05_P2,S1_D05,2,12,0,,seed,RRBGYGYYBBYRR,,1,0.7692307692307693
S1_D05_P2,S1_D05,2,12,1,89,output,RRBGYGYYBBYRR,1.0,1,0.7692307692307693
S1_D05_P2,S1_D05,2,12,2,90,output,GYYGGGGYGGYGG,0.9230769230769231,2,0.38461538461538464
S1_D05_P2,S1_D05,2,12,3,91,output,RBBGBYGBRBYBB,0.8461538461538461,1,0.7692307692307693
S1_D05_P2,S1_D05,2,12,4,92,output,GYYGGGGYGGYYG,1.0,2,0.46153846153846156
S1_D05_P2,S1_D05,2,12,5,93,output,RBBGBYGBRBBGB,0.9230769230769231,2,0.5384615384615384
S1_D05_P2,S1_D05,2,12,6,94,output,GYYGGGGYGGYYY,1.0,2,0.5384615384615384
S1_D05_P2,S1_D05,2,12,7,95,output,RBBGBYGBRBBGB,0.8461538461538461,2,0.5384615384615384
S1_D05_P2,S1_D05,2,12,8,96,output,GYYGGGGYGGYYY,1.0,2,0.5384615384615384
S1_D05_P2,S1_D05,2,13,0,,seed,YBGGGYYBBYYBY,,2,0.6153846153846154
S1_D05_P2,S1_D05,2,13,1,97,output,YBGGGYYBYBYYB,0.8461538461538461,2,0.6153846153846154
S1_D05_P2,S1_D05,2,13,2,98,output,RBBYGBYBGBYGB,0.6153846153846154,2,0.5384615384615384
S1_D05_P2,S1_D05,2,13,3,99,output,YBBGYYBYGBBBY,0.9230769230769231,1,0.7692307692307693
S1_D05_P2,S1_D05,2,13,4,100,output,RBBYBGBYBBGBY,1.0,2,0.46153846153846156
S1_D05_P2,S1_D05,2,13,5,101,output,YBBYGBGYBGBYB,1.0,1,0.7692307692307693
S1_D05_P2,S1_D05,2,13,6,102,output,RBBYBGBGBGGBY,0.9230769230769231,1,0.5384615384615384
S1_D05_P2,S1_D05,2,13,7,103,output,YBBGBYGBGBYBB,1.0,2,0.5384615384615384
S1_D05_P2,S1_D05,2,13,8,104,output,RBBYBGBGGBGBY,1.0,1,0.6153846153846154
S1_D05_P2,S1_D05,2,14,0,,seed,RGRRYYRBYYGYB,,1,0.7692307692307693
S1_D05_P2,S1_D05,2,14,1,105,output,RGRRYRRBGBGYB,0.7692307692307692,1,0.7692307692307693
S1_D05_P2,S1_D05,2,14,2,106,output,RRRBBGGGGGYYB,1.0,1,0.5384615384615384
S1_D05_P2,S1_D05,2,14,3,107,output,RGRRYRRGBBGBR,1.0,1,0.7692307692307693
S1_D05_P2,S1_D05,2,14,4,108,output,RRRBBGGGGGYYB,1.0,1,0.5384615384615384
S1_D05_P2,S1_D05,2,14,5,109,output,RGRRYRRGBBGBY,1.0,1,0.7692307692307693
S1_D05_P2,S1_D05,2,14,6,110,output,RRRBBGGGGGYYB,1.0,1,0.5384615384615384
S1_D05_P2,S1_D05,2,14,7,111,output,RGRRYRGBGBBGY,1.0,1,0.7692307692307693
S1_D05_P2,S1_D05,2,14,8,112,output,RRRBBGGGGGYYB,1.0,1,0.5384615384615384
S1_D05_P2,S1_D05,2,15,0,,seed,YRYBGRYGYGGGR,,1,0.7692307692307693
S1_D05_P2,S1_D05,2,15,1,113,output,YRYBGRYGYGGGR,1.0,1,0.7692307692307693
S1_D05_P2,S1_D05,2,15,2,114,output,YRRRGBGBYGGBY,1.0,2,0.6153846153846154
S1_D05_P2,S1_D05,2,15,3,115,output,YRRBYGBRGYGGB,0.5384615384615384,1,0.7692307692307693
S1_D05_P2,S1_D05,2,15,4,116,output,YRRRGBGYGBGYY,0.9230769230769231,1,0.5384615384615384
S1_D05_P2,S1_D05,2,15,5,117,output,YRRBYGBYGBGGY,0.8461538461538461,1,0.5384615384615384
S1_D05_P2,S1_D05,2,15,6,118,output,YRRRGBGYGBGBG,1.0,1,0.6153846153846154
S1_D05_P2,S1_D05,2,15,7,119,output,YRRRGBYGBYBGY,1.0,1,0.6153846153846154
S1_D05_P2,S1_D05,2,15,8,120,output,YRRRGBGYGBYGG,1.0,1,0.7692307692307693
S1_D06_P1,S1_D06,1,1,0,,seed,RBGBBGYGBGYBB,,2,0.6153846153846154
S1_D06_P1,S1_D06,1,1,1,1,output,RBGBYGBRGBYBG,0.6153846153846154,2,0.6153846153846154
S1_D06_P1,S1_D06,1,1,2,2,output,BYGBGYRGBBYGR,0.3846153846153846,1,0.7692307692307693
S1_D06_P1,S1_D06,1,1,3,3,output,RBGYRBGYRBYGB,1.0,2,0.46153846153846156
S1_D06_P1,S1_D06,1,1,4,4,output,GYRBYGBRGYRRB,0.3846153846153846,1,0.7692307692307693
S1_D06_P1,S1_D06,1,1,5,5,output,RBYRBGYBYGRBB,0.8461538461538461,1,0.7692307692307693
S1_D06_P1,S1_D06,1,1,6,6,output,GYRBGYRBGYBRB,0.9230769230769231,2,0.46153846153846156
S1_D06_P1,S1_D06,1,1,7,7,output,RBYRRBYGRBRBY,0.7692307692307692,2,0.6153846153846154
S1_D06_P1,S1_D06,1,1,8,8,output,GYRBGYRBGYBRB,1.0,2,0.46153846153846156
S1_D06_P1,S1_D06,1,2,0,,seed,GBYYRRGGRBGGB,,1,0.7692307692307693
S1_D06_P1,S1_D06,1,2,1,9,output,GYRRBGGBGYRBB,0.46153846153846156,1,0.7692307692307693
S1_D06_P1,S1_D06,1,2,2,10,output,RYGBYRRBYGBRR,0.6153846153846154,1,0.6153846153846154
S1_D06_P1,S1_D06,1,2,3,11,output,RBYGRYGRYBBBB,0.7692307692307692,1,0.46153846153846156
S1_D06_P1,S1_D06,1,2,4,12,output,RGYRGBYGRBYBB,0.5384615384615384,1,0.7692307692307693
S1_D06_P1,S1_D06,1,2,5,13,output,RYGGRYGGRYBBB,0.8461538461538461,2,0.46153846153846156
S1_D06_P1,S1_D06,1,2,6,14,output,RGYRGYBGYRBBB,0.46153846153846156,1,0.6153846153846154
S1_D06_P1,S1_D06,1,2,7,15,output,RYGGRYGGRYBBB,1.0,2,0.46153846153846156
S1_D06_P1,S1_D06,1,2,8,16,output,RYGGRYGGRYBRB,0.46153846153846156,2,0.46153846153846156
S1_D06_P1,S1_D06,1,3,0,,seed,BYGYGRBRRBBBY,,1,0.7692307692307693
S1_D06_P1,S1_D06,1,3,1,17,output,BGBYBRGYBRBBY,0.46153846153846156,1,0.6153846153846154
S1_D06_P1,S1_D06,1,3,2,18,output,BYGRRBYBYGRBY,0.6153846153846154,2,0.6153846153846154
S1_D06_P1,S1_D06,1,3,3,19,output,BGRYBRYBYGRBY,0.6153846153846154,1,0.6153846153846154
S1_D06_P1,S1_D06,1,3,4,20,output,BYGRBRBGBYBYR,0.7692307692307692,1,0.7692307692307693
S1_D06_P1,S1_D06,1,3,5,21,output,BGRYBGRBRBYBG,0.7692307692307692,2,0.6153846153846154
S1_D06_P1,S1_D06,1,3,6,22,output,GRBYGBRYGBGRY,0.6153846153846154,1,0.6153846153846154
S1_D06_P1,S1_D06,1,3,7,23,output,RYBGYRBGBRYBR,0.46153846153846156,1,0.7692307692307693
S1_D06_P1,S1_D06,1,3,8,24,output,YRGBYRBYGBYRY,0.6923076923076923,2,0.5384615384615384
S1_D06_P1,S1_D06,1,4,0,,seed,YGYYBRYRRGGBG,,0,0.7692307692307693
S1_D06_P1,S1_D06,1,4,1,25,output,YRRBYRYBYGRYB,0.3076923076923077,1,0.6153846153846154
S1_D06_P1,S1_D06,1,4,2,26,output,GYGYYBGRGYRRB,0.6153846153846154,1,0.7692307692307693
S1_D06_P1,S1_D06,1,4,3,27,output,GYRBGYRBBBBBB,0.6153846153846154,1,0.38461538461538464
S1_D06_P1,S1_D06,1,4,4,28,output,GYBGYBGYRGYRG,0.8461538461538461,2,0.38461538461538464
S1_D06_P1,S1_D06,1,4,5,29,output,GYRBGYRBRBBBB,0.9230769230769231,1,0.5384615384615384
S1_D06_P1,S1_D06,1,4,6,30,output,GYBGYBGYRGYRG,1.0,2,0.38461538461538464
S1_D06_P1,S1_D06,1,4,7,31,output,GYRBGYRBGYRBR,0.6923076923076923,1,0.3076923076923077
S1_D06_P1,S1_D06,1,4,8,32,output,GYBGYBGYRGYRG,1.0,2,0.38461538461538464
S1_D06_P1,S1_D06,1,5,0,,seed,RYRYGGYRYBRBY,,1,0.6153846153846154
S1_D06_P1,S1_D06,1,5,1,33,output,RYRYGRYGRYBRB,0.7692307692307692,2,0.46153846153846156
S1_D06_P1,S1_D06,1,5,2,34,output,RGGGRYBGRYBYR,0.6153846153846154,1,0.5384615384615384
S1_D06_P1,S1_D06,1,5,3,35,output,RYRYBRGRBRYBR,0.8461538461538461,1,0.5384615384615384
S1_D06_P1,S1_D06,1,5,4,36,output,RGGGGRYBGRYBR,0.8461538461538461,1,0.46153846153846156
S1_D06_P1,S1_D06,1,5,5,37,output,RGYBRYBRYBRRR,1.0,1,0.38461538461538464
S1_D06_P1,S1_D06,1,5,6,38,output,RGYRGGRYBRYBR,0.5384615384615384,1,0.5384615384615384
S1_D06_P1,S1_D06,1,5,7,39,output,RGYBRYBRBYRRR,0.6923076923076923,1,0.6153846153846154
S1_D06_P1,S1_D06,1,5,8,40,output,RGRGYRGYRBGBB,0.7692307692307692,2,0.5384615384615384
S1_D06_P1,S1_D06,1,6,0,,seed,GYYBGYGYRGGBG,,1,0.7692307692307693
S1_D06_P1,S1_D06,1,6,1,41,output,GYYGYRGBGBYBB,0.46153846153846156,1,0.7692307692307693
S1_D06_P1,S1_D06,1,6,2,42,output,RYBRYGRYBYGRB,0.7692307692307692,2,0.6153846153846154
S1_D06_P1,S1_D06,1,6,3,43,output,GYRBGYRGBRGYB,0.6923076923076923,2,0.7692307692307693
S1_D06_P1,S1_D06,1,6,4,44,output,RYBRGYRYBRBBY,0.6923076923076923,1,0.6153846153846154
S1_D06_P1,S1_D06,1,6,5,45,output,YRGBYRBGYRBGY,0.5384615384615384,2,0.46153846153846156
S1_D06_P1,S1_D06,1,6,6,46,output,YRBGYRBGYRBYB,0.5384615384615384,2,0.38461538461538464
S1_D06_P1,S1_D06,1,6,7,47,output,YRBGBRYBBRYBB,0.5384615384615384,1,0.46153846153846156
S1_D06_P1,S1_D06,1,6,8,48,output,GYRBYRBGYRBBB,0.8461538461538461,2,0.5384615384615384
S1_D06_P1,S1_D06,1,7,0,,seed,GRGYBYBBRBGRY,,1,0.7692307692307693
S1_D06_P1,S1_D06,1,7,1,49,output,RGYBYRBGYRBYB,0.5384615384615384,1,0.6153846153846154
S1_D06_P1,S1_D06,1,7,2,50,output,RYGBRYRGBRBYR,0.46153846153846156,1,0.6153846153846154
S1_D06_P1,S1_D06,1,7,3,51,output,RYBGRYBGYRBGB,0.6153846153846154,1,0.6153846153846154
S1_D06_P1,S1_D06,1,7,4,52,output,RYGBRYBGRYBBR,0.6923076923076923,2,0.6153846153846154
S1_D06_P1,S1_D06,1,7,5,53,output,RYBGRYBGRYGBR,0.7692307692307692,2,0.46153846153846156
S1_D06_P1,S1_D06,1,7,6,54,output,RYGBRYGYGRBBB,0.6153846153846154,1,0.7692307692307693
S1_D06_P1,S1_D06,1,7,7,55,output,RYGBRYYGGBYBB,0.6153846153846154,1,0.7692307692307693
S1_D06_P1,S1_D06,1,7,8,56,output,RYBGYRGBBBBBB,0.7692307692307692,1,0.46153846153846156
S1_D06_P1,S1_D06,1,8,0,,seed,BYYRGRYRBRYYB,,1,0.7692307692307693
S1_D06_P1,S1_D06,1,8,1,57,output,RBYYGBRYBGBRR,0.3846153846153846,1,0.6153846153846154
S1_D06_P1,S1_D06,1,8,2,58,output,YRYRYGRYRGRGR,0.8461538461538461,1,0.5384615384615384
S1_D06_P1,S1_D06,1,8,3,59,output,RYYBRYBGYRRRR,0.7692307692307692,1,0.6153846153846154
S1_D06_P1,S1_D06,1,8,4,60,output,YRYRYGRYRBGRG,0.8461538461538461,1,0.6153846153846154
S1_D06_P1,S1_D06,1,8,5,61,output,RYBRBRGRYRRRR,0.6923076923076923,1,0.6153846153846154
S1_D06_P1,S1_D06,1,8,6,62,output,RYRYRGYRYRGYR,0.6923076923076923,2,0.3076923076923077
S1_D06_P1,S1_D06,1,8,7,63,output,RYBRYBRRRGRRR,0.8461538461538461,1,0.5384615384615384
S1_D06_P1,S1_D06,1,8,8,64,output,RYRGYRYRGRGGR,0.7692307692307692,2,0.6153846153846154
S1_D06_P1,S1_D06,1,9,0,,seed,GYYBYGYYYYGBY,,1,0.6153846153846154
S1_D06_P1,S1_D06,1,9,1,65,output,GYBYYBGYBYGYY,0.5384615384615384,2,0.6153846153846154
S1_D06_P1,S1_D06,1,9,2,66,output,GYRBGYRYRBYRB,1.0,1,0.5384615384615384
S1_D06_P1,S1_D06,1,9,3,67,output,GYBYGYBYYGYBY,0.8461538461538461,1,0.38461538461538464
S1_D06_P1,S1_D06,1,9,4,68,output,GYRBGYRBGYYRB,0.6923076923076923,2,0.38461538461538464
S1_D06_P1,S1_D06,1,9,5,69,output,GYBRBGYRBGYYY,0.8461538461538461,2,0.5384615384615384
S1_D06_P1,S1_D06,1,9,6,70,output,GYBRGYRYBGYRG,0.6153846153846154,2,0.6153846153846154
S1_D06_P1,S1_D06,1,9,7,71,output,GYBRYGRYRGBYR,0.6153846153846154,1,0.7692307692307693
S1_D06_P1,S1_D06,1,9,8,72,output,GYBBGYBRYRGRG,0.7692307692307692,1,0.7692307692307693
S1_D06_P1,S1_D06,1,10,0,,seed,RYRGRBBGBRYBB,,1,0.7692307692307693
S1_D06_P1,S1_D06,1,10,1,73,output,RYBRYGBYRBBBB,0.46153846153846156,1,0.6153846153846154
S1_D06_P1,S1_D06,1,10,2,74,output,GYRGRGBYRGYRY,0.5384615384615384,2,0.6153846153846154
S1_D06_P1,S1_D06,1,10,3,75,output,YBGRYBYGRYBBB,0.6923076923076923,2,0.5384615384615384
S1_D06_P1,S1_D06,1,10,4,76,output,YRBGYRGYRGRGR,0.9230769230769231,2,0.46153846153846156
S1_D06_P1,S1_D06,1,10,5,77,output,GYBRGRYBGBYRB,0.6153846153846154,1,0.7692307692307693
S1_D06_P1,S1_D06,1,10,6,78,output,GYRBGYRYRGBYR,0.46153846153846156,1,0.7692307692307693
S1_D06_P1,S1_D06,1,10,7,79,output,RYBRYBGRYBBBB,0.5384615384615384,1,0.5384615384615384
S1_D06_P1,S1_D06,1,10,8,80,output,GYRBGYRBGYRBG,0.8461538461538461,1,0.23076923076923078
S1_D06_P1,S1_D06,1,11,0,,seed,RGBRYYRRRYGYB,,1,0.7692307692307693
S1_D06_P1,S1_D06,1,11,1,81,output,RYRYBRGYRYRYB,0.5384615384615384,2,0.5384615384615384
S1_D06_P1,S1_D06,1,11,2,82,output,YYRGYRBGYRYBB,0.6153846153846154,2,0.6153846153846154
S1_D06_P1,S1_D06,1,11,3,83,output,RYRYRYBRYBBBB,0.8461538461538461,2,0.38461538461538464
S1_D06_P1,S1_D06,1,11,4,84,output,YRGYRYBRYRRRR,0.6153846153846154,1,0.6153846153846154
S1_D06_P1,S1_D06,1,11,5,85,output,RYRBYRGRYBRBR,0.6923076923076923,1,0.7692307692307693
S1_D06_P1,S1_D06,1,11,6,86,output,RYBGRYBGRYBRB,0.7692307692307692,2,0.38461538461538464
S1_D06_P1,S1_D06,1,11,7,87,output,RBYGRBYRBRYBR,0.6923076923076923,2,0.7692307692307693
S1_D06_P1,S1_D06,1,11,8,88,output,RYBGRYBGRYBBR,1.0,2,0.38461538461538464
S1_D06_P1,S1_D06,1,12,0,,seed,GGYRGYRBRBGRR,,1,0.6153846153846154
S1_D06_P1,S1_D06,1,12,1,89,output,GGYRGYBGYRGBB,0.5384615384615384,2,0.5384615384615384
S1_D06_P1,S1_D06,1,12,2,90,output,GYRYYYBRGRBYB,0.46153846153846156,1,0.7692307692307693
S1_D06_P1,S1_D06,1,12,3,91,output,RYGBRYBGYRYBB,0.5384615384615384,2,0.6153846153846154
S1_D06_P1,S1_D06,1,12,4,92,output,RYBRBBBBBBBBB,0.7692307692307692,2,0.23076923076923078
S1_D06_P1,S1_D06,1,12,5,93,output,RBYGRYBRGRYBB,0.6153846153846154,1,0.5384615384615384
S1_D06_P1,S1_D06,1,12,6,94,output,YBGRYBBBBBBBB,1.0,1,0.3076923076923077
S1_D06_P1,S1_D06,1,12,7,95,output,RYGRYBBBBBBBB,0.7692307692307692,2,0.3076923076923077
S1_D06_P1,S1_D06,1,12,8,96,output,RYBGRYBBBBBBB,1.0,1,0.38461538461538464
S1_D06_P1,S1_D06,1,13,0,,seed,BRYRYBYGBGBGY,,1,0.6153846153846154
S1_D06_P1,S1_D06,1,13,1,97,output,RYBGYRYBGYRBB,0.3846153846153846,1,0.46153846153846156
S1_D06_P1,S1_D06,1,13,2,98,output,RYGBRYRYBGRYB,0.46153846153846156,2,0.6153846153846154
S1_D06_P1,S1_D06,1,13,3,99,output,RYBGRYBGRBBBB,1.0,1,0.46153846153846156
S1_D06_P1,S1_D06,1,13,4,100,output,RYBRYBRYBRBBB,0.8461538461538461,1,0.38461538461538464
S1_D06_P1,S1_D06,1,13,5,101,output,RYBGRYBGRYBBB,0.7692307692307692,2,0.38461538461538464
S1_D06_P1,S1_D06,1,13,6,102,output,RYBGRYBGRYGRB,0.6923076923076923,2,0.46153846153846156
S1_D06_P1,S1_D06,1,13,7,103,output,RBYGBYRYBRBRB,0.5384615384615384,1,0.6153846153846154
S1_D06_P1,S1_D06,1,13,8,104,output,RYBGRYGRYGRYY,0.7692307692307692,2,0.38461538461538464
S1_D06_P1,S1_D06,1,14,0,,seed,BGYBBGRGGGRRY,,1,0.7692307692307693
S1_D06_P1,S1_D06,1,14,1,105,output,RYBGRRYYGBYRR,0.3076923076923077,1,0.7692307692307693
S1_D06_P1,S1_D06,1,14,2,106,output,YBRGYBRYRYRBY,0.8461538461538461,1,0.6153846153846154
S1_D06_P1,S1_D06,1,14,3,107,output,GBRYGBRYBGBRY,0.46153846153846156,1,0.46153846153846156
S1_D06_P1,S1_D06,1,14,4,108,output,YRBRBYRYBRBRY,0.5384615384615384,1,0.6153846153846154
S1_D06_P1,S1_D06,1,14,5,109,output,YBRGYBYRGBYYY,0.5384615384615384,1,0.7692307692307693
S1_D06_P1,S1_D06,1,14,6,110,output,RYBRBYGYRBYRY,0.3846153846153846,1,0.6153846153846154
S1_D06_P1,S1_D06,1,14,7,111,output,YRBGYRBGRYBGB,0.3846153846153846,1,0.6153846153846154
S1_D06_P1,S1_D06,1,14,8,112,output,GYRBGYRBGYRBY,0.8461538461538461,1,0.3076923076923077
S1_D06_P1,S1_D06,1,15,0,,seed,YGGRBRRYGBYRY,,1,0.7692307692307693
S1_D06_P1,S1_D06,1,15,1,113,output,YGGRBRRBYGRBY,0.6923076923076923,1,0.6153846153846154
S1_D06_P1,S1_D06,1,15,2,114,output,YBGYBRBYBGRBB,0.3846153846153846,2,0.7692307692307693
S1_D06_P1,S1_D06,1,15,3,115,output,YGGRRBBYBGRRR,0.7692307692307692,1,0.6153846153846154
S1_D06_P1,S1_D06,1,15,4,116,output,GYRBGBBBYRGBR,0.9230769230769231,1,0.7692307692307693
S1_D06_P1,S1_D06,1,15,5,117,output,GRGRRRYBGYRBG,0.6923076923076923,1,0.7692307692307693
S1_D06_P1,S1_D06,1,15,6,118,output,GYRBGYBRBBBBB,0.6923076923076923,1,0.5384615384615384
S1_D06_P1,S1_D06,1,15,7,119,output,GGRRGRGYYBBYG,0.6153846153846154,1,0.7692307692307693
S1_D06_P1,S1_D06,1,15,8,120,output,GYRBRBBBBBBBB,0.9230769230769231,1,0.3076923076923077
S1_D06_P2,S1_D06,2,1,0,,seed,BYGGGRGRGGBYY,,1,0.6153846153846154
S1_D06_P2,S1_D06,2,1,1,1,output,BYGGYBYGRGRBB,0.5384615384615384,1,0.7692307692307693
S1_D06_P2,S1_D06,2,1,2,2,output,RBGYRBGYRBYGB,0.46153846153846156,2,0.46153846153846156
S1_D06_P2,S1_D06,2,1,3,3,output,YGRYBGBYRYGRR,0.46153846153846156,1,0.7692307692307693
S1_D06_P2,S1_D06,2,1,4,4,output,RBYRBGYRBYGBB,0.8461538461538461,2,0.6153846153846154
S1_D06_P2,S1_D06,2,1,5,5,output,GYRBGYRBGYRRB,0.7692307692307692,2,0.38461538461538464
S1_D06_P2,S1_D06,2,1,6,6,output,RBYRRBYGGYBRB,0.5384615384615384,2,0.7692307692307693
S1_D06_P2,S1_D06,2,1,7,7,output,GYRBGYRBGYBRB,1.0,2,0.46153846153846156
S1_D06_P2,S1_D06,2,1,8,8,output,RBYGRBYRGBYRB,0.6153846153846154,2,0.6153846153846154
S1_D06_P2,S1_D06,2,2,0,,seed,RRYGGBRYYRRBY,,1,0.7692307692307693
S1_D06_P2,S1_D06,2,2,1,9,output,RYGYYBRGRBYRR,0.3846153846153846,0,0.7692307692307693
S1_D06_P2,S1_D06,2,2,2,10,output,RYGRBYBRYBBBB,0.46153846153846156,1,0.6153846153846154
S1_D06_P2,S1_D06,2,2,3,11,output,RGYGBRYRRBGRR,0.6923076923076923,1,0.7692307692307693
S1_D06_P2,S1_D06,2,2,4,12,output,RYGGRYGGYRBBB,0.6923076923076923,1,0.6153846153846154
S1_D06_P2,S1_D06,2,2,5,13,output,GYRGBYGRYBRGB,0.6923076923076923,1,0.6153846153846154
S1_D06_P2,S1_D06,2,2,6,14,output,RYGGRYGGRYBBB,1.0,2,0.46153846153846156
S1_D06_P2,S1_D06,2,2,7,15,output,GYRGYRGYBRBBB,0.7692307692307692,2,0.5384615384615384
S1_D06_P2,S1_D06,2,2,8,16,output,RYGGRYGGRYBBB,1.0,2,0.46153846153846156
S1_D06_P2,S1_D06,2,3,0,,seed,RBYGRBBRGRYYB,,1,0.7692307692307693
S1_D06_P2,S1_D06,2,3,1,17,output,RBYGRBRBBBYGR,0.5384615384615384,1,0.5384615384615384
S1_D06_P2,S1_D06,2,3,2,18,output,BGRYBRGBBYBYY,0.6923076923076923,1,0.7692307692307693
S1_D06_P2,S1_D06,2,3,3,19,output,BYGRBRRBGRYBY,0.6153846153846154,1,0.7692307692307693
S1_D06_P2,S1_D06,2,3,4,20,output,BGRYBGRBYGBYB,0.6923076923076923,1,0.7692307692307693
S1_D06_P2,S1_D06,2,3,5,21,output,GRBYGRBGBYBYR,0.6923076923076923,1,0.7692307692307693
S1_D06_P2,S1_D06,2,3,6,22,output,RBYRBYGBYRBGB,0.3846153846153846,2,0.5384615384615384
S1_D06_P2,S1_D06,2,3,7,23,output,YBRGBYRRYGRYR,0.3846153846153846,1,0.7692307692307693
S1_D06_P2,S1_D06,2,3,8,24,output,RYBGRYGBYBRRB,0.6153846153846154,1,0.7692307692307693
S1_D06_P2,S1_D06,2,4,0,,seed,GYGYYGGRRRBYB,,1,0.7692307692307693
S1_D06_P2,S1_D06,2,4,1,25,output,GYGYYGGBRYRBR,0.6923076923076923,1,0.7692307692307693
S1_D06_P2,S1_D06,2,4,2,26,output,GYBRYBGRYBBBB,0.3846153846153846,2,0.5384615384615384
S1_D06_P2,S1_D06,2,4,3,27,output,GYBGYBRGYRGYR,0.5384615384615384,2,0.5384615384615384
S1_D06_P2,S1_D06,2,4,4,28,output,GYRBGYRBRGBBB,0.8461538461538461,1,0.6153846153846154
S1_D06_P2,S1_D06,2,4,5,29,output,GYBGYBGYRGYRG,1.0,2,0.38461538461538464
S1_D06_P2,S1_D06,2,4,6,30,output,GYRBGYRBRBBBB,1.0,1,0.5384615384615384
S1_D06_P2,S1_D06,2,4,7,31,output,GYBGYBGYRGYRG,1.0,2,0.38461538461538464
S1_D06_P2,S1_D06,2,4,8,32,output,GYRBGYRBGYRBR,1.0,1,0.3076923076923077
S1_D06_P2,S1_D06,2,5,0,,seed,BRGGGRRGBRGYG,,2,0.7692307692307693
S1_D06_P2,S1_D06,2,5,1,33,output,RGGGRGBYGGYGY,0.6153846153846154,1,0.7692307692307693
S1_D06_P2,S1_D06,2,5,2,34,output,RYRYBRGRBYBRB,0.7692307692307692,1,0.6153846153846154
S1_D06_P2,S1_D06,2,5,3,35,output,RGGGGRYBGRBBB,0.6923076923076923,1,0.6153846153846154
S1_D06_P2,S1_D06,2,5,4,36,output,RGYBRYBRYBRRR,0.5384615384615384,1,0.38461538461538464
S1_D06_P2,S1_D06,2,5,5,37,output,RYGGRGYBRYRYG,0.46153846153846156,2,0.7692307692307693
S1_D06_P2,S1_D06,2,5,6,38,output,RGYBRGBYRYBRR,0.7692307692307692,1,0.6153846153846154
S1_D06_P2,S1_D06,2,5,7,39,output,RGRGYRGRBRBBB,0.5384615384615384,1,0.7692307692307693
S1_D06_P2,S1_D06,2,5,8,40,output,GYBRBRYBRRRRR,0.6153846153846154,2,0.46153846153846156
S1_D06_P2,S1_D06,2,6,0,,seed,BRYYBGYRRYYGR,,1,0.6153846153846154
S1_D06_P2,S1_D06,2,6,1,41,output,RYBRYGYBRYGRG,0.46153846153846156,2,0.46153846153846156
S1_D06_P2,S1_D06,2,6,2,42,output,GYRBGYBGYRGBR,0.3846153846153846,2,0.6153846153846154
S1_D06_P2,S1_D06,2,6,3,43,output,RYBRYGRYBRYBR,0.7692307692307692,2,0.5384615384615384
S1_D06_P2,S1_D06,2,6,4,44,output,YRBGYRGBYRBYB,0.7692307692307692,2,0.7692307692307693
S1_D06_P2,S1_D06,2,6,5,45,output,YBRGYBGRBYBBB,0.5384615384615384,1,0.7692307692307693
S1_D06_P2,S1_D06,2,6,6,46,output,GYRGRBYRBBRBB,0.5384615384615384,1,0.6153846153846154
S1_D06_P2,S1_D06,2,6,7,47,output,GYRBYRBGBYRBB,0.6923076923076923,1,0.46153846153846156
S1_D06_P2,S1_D06,2,6,8,48,output,GYRBGYBRBBGBB,0.6153846153846154,1,0.7692307692307693
S1_D06_P2,S1_D06,2,7,0,,seed,RGRYGRGYBBYYR,,1,0.7692307692307693
S1_D06_P2,S1_D06,2,7,1,49,output,RYBGRYGRYRBBB,0.46153846153846156,2,0.6153846153846154
S1_D06_P2,S1_D06,2,7,2,50,output,RYBRGRBYGYRBY,0.6153846153846154,1,0.6153846153846154
S1_D06_P2,S1_D06,2,7,3,51,output,RYGBRYBBRBYRR,0.7692307692307692,1,0.7692307692307693
S1_D06_P2,S1_D06,2,7,4,52,output,RYBGRYBGYRBGR,0.9230769230769231,1,0.5384615384615384
S1_D06_P2,S1_D06,2,7,5,53,output,RGBRYGRBYBBBB,0.6153846153846154,1,0.6153846153846154
S1_D06_P2,S1_D06,2,7,6,54,output,RYBGYBGGYBBBB,0.6153846153846154,2,0.38461538461538464
S1_D06_P2,S1_D06,2,7,7,55,output,RYGBYBGBBBBBB,0.6153846153846154,1,0.46153846153846156
S1_D06_P2,S1_D06,2,7,8,56,output,RYBGYGBRYBBYB,0.46153846153846156,1,0.7692307692307693
S1_D06_P2,S1_D06,2,8,0,,seed,YRYGGGRRBYBBG,,0,0.7692307692307693
S1_D06_P2,S1_D06,2,8,1,57,output,YRYRYGRGRGRBR,0.46153846153846156,1,0.5384615384615384
S1_D06_P2,S1_D06,2,8,2,58,output,RBYYBRYGBRRRR,0.6923076923076923,1,0.6153846153846154
S1_D06_P2,S1_D06,2,8,3,59,output,YRYRYGRYBGRGR,0.9230769230769231,1,0.7692307692307693
S1_D06_P2,S1_D06,2,8,4,60,output,RYYBRBGGBYRRR,0.6923076923076923,0,0.7692307692307693
S1_D06_P2,S1_D06,2,8,5,61,output,RYRYYRYRGYRGR,0.6153846153846154,1,0.5384615384615384
S1_D06_P2,S1_D06,2,8,6,62,output,YBRYBRRRRGRRR,0.6153846153846154,1,0.5384615384615384
S1_D06_P2,S1_D06,2,8,7,63,output,RYYRGYRYRGRRR,0.7692307692307692,2,0.6153846153846154
S1_D06_P2,S1_D06,2,8,8,64,output,RYYBRRRRRRRRR,0.6923076923076923,2,0.23076923076923078
S1_D06_P2,S1_D06,2,9,0,,seed,YGYRYRGYYRYBY,,1,0.6153846153846154
S1_D06_P2,S1_D06,2,9,1,65,output,GYRBGYRYRBYRB,0.46153846153846156,1,0.5384615384615384
S1_D06_P2,S1_D06,2,9,2,66,output,GYBYGYBYYYGYY,0.7692307692307692,2,0.5384615384615384
S1_D06_P2,S1_D06,2,9,3,67,output,GYRBGYYYGRBRB,0.7692307692307692,1,0.7692307692307693
S1_D06_P2,S1_D06,2,9,4,68,output,GYBRBGYBYGYYY,0.6923076923076923,2,0.7692307692307693
S1_D06_P2,S1_D06,2,9,5,69,output,GYBRGYRBYGRBY,0.6153846153846154,1,0.6153846153846154
S1_D06_P2,S1_D06,2,9,6,70,output,GBRYGRYGBRYYY,0.6153846153846154,2,0.5384615384615384
S1_D06_P2,S1_D06,2,9,7,71,output,GYBBRGYBRGRGR,0.5384615384615384,1,0.5384615384615384
S1_D06_P2,S1_D06,2,9,8,72,output,GYBRGRBYGRGYR,0.6923076923076923,1,0.7692307692307693
S1_D06_P2,S1_D06,2,10,0,,seed,YGYBYBYYBGYGR,,1,0.6153846153846154
S1_D06_P2,S1_D06,2,10,1,73,output,GYGYBYRGYBYGY,0.6153846153846154,2,0.5384615384615384
S1_D06_P2,S1_D06,2,10,2,74,output,YBGYGYBYRBBBB,0.7692307692307692,1,0.6153846153846154
S1_D06_P2,S1_D06,2,10,3,75,output,YRBGYRGYRGRBR,0.46153846153846156,2,0.5384615384615384
S1_D06_P2,S1_D06,2,10,4,76,output,GYBRYBGRYBRBR,0.6153846153846154,2,0.6153846153846154
S1_D06_P2,S1_D06,2,10,5,77,output,GYGYRBYGRGGRG,0.46153846153846156,1,0.6153846153846154
S1_D06_P2,S1_D06,2,10,6,78,output,YRBYRBGYBBBBB,0.3846153846153846,1,0.5384615384615384
S1_D06_P2,S1_D06,2,10,7,79,output,GYRBGYRYBGYRB,0.7692307692307692,2,0.5384615384615384
S1_D06_P2,S1_D06,2,10,8,80,output,RYBRBGYRBBBBB,0.7692307692307692,1,0.5384615384615384
S1_D06_P2,S1_D06,2,11,0,,seed,YYRRGYRBGRGYB,,1,0.6153846153846154
S1_D06_P2,S1_D06,2,11,1,81,output,YYRRGYRGBYRRB,0.6923076923076923,2,0.6153846153846154
S1_D06_P2,S1_D06,2,11,2,82,output,RYRYRYBRBBBRB,0.46153846153846156,1,0.5384615384615384
S1_D06_P2,S1_D06,2,11,3,83,output,YYRGBYRGBYRRR,0.5384615384615384,2,0.38461538461538464
S1_D06_P2,S1_D06,2,11,4,84,output,RYRRBYRGBRBYR,0.46153846153846156,2,0.5384615384615384
S1_D06_P2,S1_D06,2,11,5,85,output,RYBGRYBRRBYRB,0.46153846153846156,1,0.7692307692307693
S1_D06_P2,S1_D06,2,11,6,86,output,RYBGRBYRBRBYB,0.5384615384615384,2,0.6153846153846154
S1_D06_P2,S1_D06,2,11,7,87,output,RYBGRYBGRYBBR,0.8461538461538461,2,0.38461538461538464
S1_D06_P2,S1_D06,2,11,8,88,output,GYBRGYBRBRBRR,0.46153846153846156,1,0.46153846153846156
S1_D06_P2,S1_D06,2,12,0,,seed,BYBRBGRRYYYYR,,1,0.6153846153846154
S1_D06_P2,S1_D06,2,12,1,89,output,BGRYYYRYBRYRB,0.3846153846153846,1,0.7692307692307693
S1_D06_P2,S1_D06,2,12,2,90,output,RYGGYGYBRGBBB,0.5384615384615384,1,0.7692307692307693
S1_D06_P2,S1_D06,2,12,3,91,output,RBRYBRBBBBBBB,0.3846153846153846,1,0.38461538461538464
S1_D06_P2,S1_D06,2,12,4,92,output,RYGRYBRBBGBBB,0.5384615384615384,1,0.7692307692307693
S1_D06_P2,S1_D06,2,12,5,93,output,YBGRYBBBBBBBB,0.7692307692307692,1,0.3076923076923077
S1_D06_P2,S1_D06,2,12,6,94,output,RGRYBRYBBBBBB,0.46153846153846156,1,0.38461538461538464
S1_D06_P2,S1_D06,2,12,7,95,output,RYBGRYBBBBBBB,0.8461538461538461,1,0.38461538461538464
S1_D06_P2,S1_D06,2,12,8,96,output,RGRYRBBBBBBBB,0.8461538461538461,2,0.3076923076923077
S1_D06_P2,S1_D06,2,13,0,,seed,GYBBGYGRRYGBG,,1,0.7692307692307693
S1_D06_P2,S1_D06,2,13,1,97,output,GYBRYBGYRGYBB,0.5384615384615384,1,0.7692307692307693
S1_D06_P2,S1_D06,2,13,2,98,output,RYBGRYBGRBBBB,0.6923076923076923,1,0.46153846153846156
S1_D06_P2,S1_D06,2,13,3,99,output,RYBRYBRYRBBBB,0.5384615384615384,2,0.46153846153846156
S1_D06_P2,S1_D06,2,13,4,100,output,RYBGRYBRGBBBB,0.8461538461538461,1,0.6153846153846154
S1_D06_P2,S1_D06,2,13,5,101,output,RYBGRYBRGRBYR,0.6153846153846154,1,0.7692307692307693
S1_D06_P2,S1_D06,2,13,6,102,output,RYBGYBRBYRBRB,0.6153846153846154,1,0.6153846153846154
S1_D06_P2,S1_D06,2,13,7,103,output,RYBGRYGRYYYBY,0.6923076923076923,2,0.6153846153846154
S1_D06_P2,S1_D06,2,13,8,104,output,RYGBYGRBRBRRB,0.6923076923076923,1,0.6153846153846154
S1_D06_P2,S1_D06,2,14,0,,seed,YGYYBRBYYBRYR,,1,0.5384615384615384
S1_D06_P2,S1_D06,2,14,1,105,output,YBGRYBRYRYRBY,0.46153846153846156,1,0.6153846153846154
S1_D06_P2,S1_D06,2,14,2,106,output,GBYRGYRBYRBRB,0.3846153846153846,2,0.6153846153846154
S1_D06_P2,S1_D06,2,14,3,107,output,BYRYRYRBYRBYY,0.5384615384615384,2,0.38461538461538464
S1_D06_P2,S1_D06,2,14,4,108,output,BYGRYBRBGYYYY,0.3846153846153846,1,0.6153846153846154
S1_D06_P2,S1_D06,2,14,5,109,output,YRBRRBYBRYBYG,0.5384615384615384,1,0.7692307692307693
S1_D06_P2,S1_D06,2,14,6,110,output,GYBRYGYBRYYYG,0.5384615384615384,1,0.5384615384615384
S1_D06_P2,S1_D06,2,14,7,111,output,GYRBGYRBGYBRY,0.6153846153846154,2,0.46153846153846156
S1_D06_P2,S1_D06,2,14,8,112,output,GYRBGYRYGBYRB,0.6153846153846154,1,0.6153846153846154
S1_D06_P2,S1_D06,2,15,0,,seed,RYBBYBGGBYYYY,,1,0.6153846153846154
S1_D06_P2,S1_D06,2,15,1,113,output,YBBYBGGRYBYYY,0.7692307692307692,1,0.7692307692307693
S1_D06_P2,S1_D06,2,15,2,114,output,YGGRRBBYGYBRR,0.6153846153846154,1,0.7692307692307693
S1_D06_P2,S1_D06,2,15,3,115,output,GYRBGBBBYRBBR,0.46153846153846156,1,0.6153846153846154
S1_D06_P2,S1_D06,2,15,4,116,output,GRGRRRYGBGRGR,0.5384615384615384,2,0.6153846153846154
S1_D06_P2,S1_D06,2,15,5,117,output,GYBRGYRBBBBBB,0.3846153846153846,1,0.46153846153846156
S1_D06_P2,S1_D06,2,15,6,118,output,GGRRGRYRYBRBR,0.5384615384615384,1,0.7692307692307693
S1_D06_P2,S1_D06,2,15,7,119,output,GYRBRBRBBBBBB,0.7692307692307692,1,0.3076923076923077
S1_D06_P2,S1_D06,2,15,8,120,output,GGRRGRGYYBYBY,0.8461538461538461,1,0.6153846153846154
S1_D07_P1,S1_D07,1,1,0,,seed,RYRYYBRYGRGBR,,1,0.7692307692307693
S1_D07_P1,S1_D07,1,1,1,1,output,RYRYBRGRGRGRG,0.6153846153846154,2,0.38461538461538464
S1_D07_P1,S1_D07,1,1,2,2,output,RRBBGYRRBBYGR,0.8461538461538461,1,0.6153846153846154
S1_D07_P1,S1_D07,1,1,3,3,output,RYRYBRRGRBRRY,0.7692307692307692,1,0.6153846153846154
S1_D07_P1,S1_D07,1,1,4,4,output,RRBBYGRGRBGYR,0.46153846153846156,1,0.7692307692307693
S1_D07_P1,S1_D07,1,1,5,5,output,RYRYBGGRYRYBG,0.8461538461538461,2,0.46153846153846156
S1_D07_P1,S1_D07,1,1,6,6,output,RYRYBGGRYBRYB,0.46153846153846156,2,0.5384615384615384
S1_D07_P1,S1_D07,1,1,7,7,output,RYRYBGGRYRYGG,0.6923076923076923,2,0.6153846153846154
S1_D07_P1,S1_D07,1,1,8,8,output,RYRYBGGRBYRYB,0.9230769230769231,2,0.5384615384615384
S1_D07_P1,S1_D07,1,2,0,,seed,YRRBBRRGGGGRY,,1,0.6153846153846154
S1_D07_P1,S1_D07,1,2,1,9,output,YRBRRRGBGBGYR,0.5384615384615384,1,0.6153846153846154
S1_D07_P1,S1_D07,1,2,2,10,output,RGYBRGYRGBGRY,0.8461538461538461,2,0.7692307692307693
S1_D07_P1,S1_D07,1,2,3,11,output,YBRGYGBRRYBRG,0.6153846153846154,2,0.6153846153846154
S1_D07_P1,S1_D07,1,2,4,12,output,YBRGGBRGBGBRY,0.5384615384615384,2,0.5384615384615384
S1_D07_P1,S1_D07,1,2,5,13,output,YYBRGBBRYRYGG,0.6153846153846154,1,0.7692307692307693
S1_D07_P1,S1_D07,1,2,6,14,output,GYBRGGBRGYRGG,0.7692307692307692,1,0.5384615384615384
S1_D07_P1,S1_D07,1,2,7,15,output,GYBRGYYBRGBGG,0.6923076923076923,1,0.5384615384615384
S1_D07_P1,S1_D07,1,2,8,16,output,GYBRGGBGRYBGR,1.0,1,0.6153846153846154
S1_D07_P1,S1_D07,1,3,0,,seed,YBGYBYBRGGRYY,,1,0.7692307692307693
S1_D07_P1,S1_D07,1,3,1,17,output,GYBRGYBGRRYYB,0.46153846153846156,1,0.7692307692307693
S1_D07_P1,S1_D07,1,3,2,18,output,GGYYBBRRGBYRG,0.46153846153846156,1,0.7692307692307693
S1_D07_P1,S1_D07,1,3,3,19,output,GYBRGYBGGBYRG,0.7692307692307692,1,0.7692307692307693
S1_D07_P1,S1_D07,1,3,4,20,output,GGYYBBRRGBYRG,1.0,1,0.7692307692307693
S1_D07_P1,S1_D07,1,3,5,21,output,GYBRGGBYRGBYG,0.8461538461538461,1,0.6153846153846154
S1_D07_P1,S1_D07,1,3,6,22,output,GGYYBBRRGBYRG,1.0,1,0.7692307692307693
S1_D07_P1,S1_D07,1,3,7,23,output,GGYYBBRBYRBGG,0.7692307692307692,1,0.7692307692307693
S1_D07_P1,S1_D07,1,3,8,24,output,GGYYBBRRGBYRG,1.0,1,0.7692307692307693
S1_D07_P1,S1_D07,1,4,0,,seed,RBGYBRBYRBYBG,,2,0.6153846153846154
S1_D07_P1,S1_D07,1,4,1,25,output,RBGYBRBYRBGYG,0.8461538461538461,2,0.6153846153846154
S1_D07_P1,S1_D07,1,4,2,26,output,YBRYBGYRBGYRB,0.6923076923076923,1,0.46153846153846156
S1_D07_P1,S1_D07,1,4,3,27,output,RYBRBGYRBGYRG,0.46153846153846156,1,0.46153846153846156
S1_D07_P1,S1_D07,1,4,4,28,output,YBRGYBRYBGYBR,0.8461538461538461,3,0.5384615384615384
S1_D07_P1,S1_D07,1,4,5,29,output,YBRYGBRGYBGYB,0.5384615384615384,1,0.6153846153846154
S1_D07_P1,S1_D07,1,4,6,30,output,RGYBRGYRBGYRB,0.8461538461538461,1,0.5384615384615384
S1_D07_P1,S1_D07,1,4,7,31,output,RGYBRYBRBGYRB,0.46153846153846156,1,0.6153846153846154
S1_D07_P1,S1_D07,1,4,8,32,output,RGYBRGYBRYBGY,0.6923076923076923,1,0.5384615384615384
S1_D07_P1,S1_D07,1,5,0,,seed,RGRRRYGGBGGYR,,1,0.7692307692307693
S1_D07_P1,S1_D07,1,5,1,33,output,RGRRRYBGGYRGY,0.6923076923076923,1,0.7692307692307693
S1_D07_P1,S1_D07,1,5,2,34,output,RBRRRBYYRYGRG,0.5384615384615384,1,0.7692307692307693
S1_D07_P1,S1_D07,1,5,3,35,output,RGRGRRBYRYRRG,0.7692307692307692,1,0.7692307692307693
S1_D07_P1,S1_D07,1,5,4,36,output,RYBRYGBYRBYRB,0.5384615384615384,1,0.5384615384615384
S1_D07_P1,S1_D07,1,5,5,37,output,RGRGRBYRYBGYR,0.6923076923076923,1,0.7692307692307693
S1_D07_P1,S1_D07,1,5,6,38,output,RBGYRBYGRYRYB,0.5384615384615384,1,0.7692307692307693
S1_D07_P1,S1_D07,1,5,7,39,output,RGRGBRYBYRBGB,0.6153846153846154,1,0.7692307692307693
S1_D07_P1,S1_D07,1,5,8,40,output,RGBRYRBYGBYGB,0.6153846153846154,2,0.5384615384615384
S1_D07_P1,S1_D07,1,6,0,,seed,RGBYYBBGBGGRB,,1,0.7692307692307693
S1_D07_P1,S1_D07,1,6,1,41,output,RBGYYBGRGBYBG,0.46153846153846156,2,0.6153846153846154
S1_D07_P1,S1_D07,1,6,2,42,output,GYBRGGYRGRYGB,0.6923076923076923,1,0.7692307692307693
S1_D07_P1,S1_D07,1,6,3,43,output,GYBRGYBGBYRBG,0.5384615384615384,1,0.7692307692307693
S1_D07_P1,S1_D07,1,6,4,44,output,GYBRGYYRYRGBG,0.8461538461538461,1,0.7692307692307693
S1_D07_P1,S1_D07,1,6,5,45,output,GYBRGYBGYRYBG,0.7692307692307692,2,0.6153846153846154
S1_D07_P1,S1_D07,1,6,6,46,output,GYBRGYYRYGBRG,0.8461538461538461,1,0.6153846153846154
S1_D07_P1,S1_D07,1,6,7,47,output,GYBRGYBGYRBYG,0.6923076923076923,2,0.7692307692307693
S1_D07_P1,S1_D07,1,6,8,48,output,GYBRGYYRGYBGR,0.8461538461538461,2,0.6153846153846154
S1_D07_P1,S1_D07,1,7,0,,seed,RYGBRGRRGYYRG,,1,0.7692307692307693
S1_D07_P1,S1_D07,1,7,1,49,output,GYRBGRRYYRYBG,0.5384615384615384,1,0.7692307692307693
S1_D07_P1,S1_D07,1,7,2,50,output,GYBGRBRRGBYYY,0.6923076923076923,0,0.7692307692307693
S1_D07_P1,S1_D07,1,7,3,51,output,GYRYYBGRYGRYG,0.6153846153846154,2,0.5384615384615384
S1_D07_P1,S1_D07,1,7,4,52,output,GYBGRRBGYYRYR,0.8461538461538461,1,0.7692307692307693
S1_D07_P1,S1_D07,1,7,5,53,output,GYBGRYBGRGYGY,0.5384615384615384,1,0.5384615384615384
S1_D07_P1,S1_D07,1,7,6,54,output,GYRGBRYRYBRGY,0.3846153846153846,1,0.7692307692307693
S1_D07_P1,S1_D07,1,7,7,55,output,GYBGRYBGYBGYB,0.8461538461538461,2,0.38461538461538464
S1_D07_P1,S1_D07,1,7,8,56,output,GYRGBRYBGRYBG,0.6923076923076923,1,0.5384615384615384
S1_D07_P1,S1_D07,1,8,0,,seed,GGYYBGYBBGGRY,,1,0.7692307692307693
S1_D07_P1,S1_D07,1,8,1,57,output,GGYYBGYRBYRGY,0.6923076923076923,1,0.7692307692307693
S1_D07_P1,S1_D07,1,8,2,58,output,GYRGRYGYBYBBY,0.6923076923076923,1,0.7692307692307693
S1_D07_P1,S1_D07,1,8,3,59,output,GYBRGYBGRYRBY,0.46153846153846156,1,0.7692307692307693
S1_D07_P1,S1_D07,1,8,4,60,output,GYBRGYBBGYRBG,0.6153846153846154,2,0.7692307692307693
S1_D07_P1,S1_D07,1,8,5,61,output,GBRGBRBRYGBYB,0.5384615384615384,2,0.7692307692307693
S1_D07_P1,S1_D07,1,8,6,62,output,GYBRGBBGYRBGY,0.6923076923076923,2,0.6153846153846154
S1_D07_P1,S1_D07,1,8,7,63,output,GYBRGBBRYRYBG,0.5384615384615384,1,0.7692307692307693
S1_D07_P1,S1_D07,1,8,8,64,output,GYBRGYRBRBGBY,1.0,1,0.7692307692307693
S1_D07_P1,S1_D07,1,9,0,,seed,GYRYBGYBYRGGG,,1,0.7692307692307693
S1_D07_P1,S1_D07,1,9,1,65,output,GYRBGYGBRBGBY,0.5384615384615384,1,0.6153846153846154
S1_D07_P1,S1_D07,1,9,2,66,output,YBYBYYBGYRYBY,0.6923076923076923,2,0.6153846153846154
S1_D07_P1,S1_D07,1,9,3,67,output,GYRBGYYRBGYRG,1.0,2,0.46153846153846156
S1_D07_P1,S1_D07,1,9,4,68,output,YBYBYYBYRYGYB,1.0,2,0.6153846153846154
S1_D07_P1,S1_D07,1,9,5,69,output,GYRBGYYRGBYRG,0.7692307692307692,1,0.6153846153846154
S1_D07_P1,S1_D07,1,9,6,70,output,YBYYBYBRGBYGB,0.6923076923076923,1,0.7692307692307693
S1_D07_P1,S1_D07,1,9,7,71,output,GYRBGYYRGBYBG,0.6923076923076923,1,0.7692307692307693
S1_D07_P1,S1_D07,1,9,8,72,output,GYRBGYYRGRBYR,0.3846153846153846,1,0.7692307692307693
S1_D07_P1,S1_D07,1,10,0,,seed,BRBRYBRGBGRRR,,1,0.7692307692307693
S1_D07_P1,S1_D07,1,10,1,73,output,RYBRGBRGRYBRG,0.46153846153846156,2,0.46153846153846156
S1_D07_P1,S1_D07,1,10,2,74,output,YBGYGGGYGBYRY,0.6923076923076923,1,0.6153846153846154
S1_D07_P1,S1_D07,1,10,3,75,output,RYBRGGGBYRGBY,0.6153846153846154,1,0.6153846153846154
S1_D07_P1,S1_D07,1,10,4,76,output,GYBGYBRYBGRYB,0.6923076923076923,1,0.5384615384615384
S1_D07_P1,S1_D07,1,10,5,77,output,RYBRGGGBYRBGY,0.6923076923076923,0,0.7692307692307693
S1_D07_P1,S1_D07,1,10,6,78,output,GYBGRBGBGBYGB,0.5384615384615384,1,0.6153846153846154
S1_D07_P1,S1_D07,1,10,7,79,output,BGYBGGGGRYBRY,0.46153846153846156,1,0.6153846153846154
S1_D07_P1,S1_D07,1,10,8,80,output,GYBGYRBYBYRYG,0.6923076923076923,1,0.7692307692307693
S1_D07_P1,S1_D07,1,11,0,,seed,BBGGYBYBBGRBY,,1,0.7692307692307693
S1_D07_P1,S1_D07,1,11,1,81,output,BBGGYBBBRBGYB,0.6923076923076923,1,0.6153846153846154
S1_D07_P1,S1_D07,1,11,2,82,output,YBRYBBBYRGYBY,1.0,1,0.7692307692307693
S1_D07_P1,S1_D07,1,11,3,83,output,YRGYBBBYRYGYB,0.5384615384615384,1,0.6153846153846154
S1_D07_P1,S1_D07,1,11,4,84,output,YBRYBBBYBRGYB,1.0,2,0.7692307692307693
S1_D07_P1,S1_D07,1,11,5,85,output,YRGYBBBRYGYBY,0.6153846153846154,1,0.6153846153846154
S1_D07_P1,S1_D07,1,11,6,86,output,YBRYYBYYBRGYB,0.8461538461538461,2,0.6153846153846154
S1_D07_P1,S1_D07,1,11,7,87,output,YRGYBBBRGYBRB,0.6153846153846154,1,0.5384615384615384
S1_D07_P1,S1_D07,1,11,8,88,output,YBRGYYYBRGYBY,0.7692307692307692,1,0.5384615384615384
S1_D07_P1,S1_D07,1,12,0,,seed,GYGGYRRYBBRYG,,1,0.7692307692307693
S1_D07_P1,S1_D07,1,12,1,89,output,YGYGYYGRYBRGY,0.5384615384615384,1,0.7692307692307693
S1_D07_P1,S1_D07,1,12,2,90,output,GBRBGGGGRBYGR,0.6153846153846154,1,0.6153846153846154
S1_D07_P1,S1_D07,1,12,3,91,output,GYGYYYYBRGYRY,0.6923076923076923,1,0.6153846153846154
S1_D07_P1,S1_D07,1,12,4,92,output,GBRGBGGGYBRGY,1.0,1,0.6153846153846154
S1_D07_P1,S1_D07,1,12,5,93,output,GYGYGYYYBRGYB,1.0,1,0.6153846153846154
S1_D07_P1,S1_D07,1,12,6,94,output,GBRGBGGGYBRGY,0.9230769230769231,1,0.6153846153846154
S1_D07_P1,S1_D07,1,12,7,95,output,GYGYYYBRGBRGY,0.8461538461538461,1,0.6153846153846154
S1_D07_P1,S1_D07,1,12,8,96,output,GBRGGBYRGYBYG,0.5384615384615384,1,0.7692307692307693
S1_D07_P1,S1_D07,1,13,0,,seed,YYYBRYBGRYGRY,,1,0.6153846153846154
S1_D07_P1,S1_D07,1,13,1,97,output,YYYBRYBRGYBGY,0.6923076923076923,2,0.6153846153846154
S1_D07_P1,S1_D07,1,13,2,98,output,GBRGBYRBGYRBG,0.46153846153846156,1,0.5384615384615384
S1_D07_P1,S1_D07,1,13,3,99,output,YBGYRBGYBGBYG,0.46153846153846156,2,0.6153846153846154
S1_D07_P1,S1_D07,1,13,4,100,output,GYBGRYBRYGRYB,0.5384615384615384,2,0.5384615384615384
S1_D07_P1,S1_D07,1,13,5,101,output,GYBGYBRYBGYBR,0.6923076923076923,2,0.38461538461538464
S1_D07_P1,S1_D07,1,13,6,102,output,GYBGYRBGYBYGB,0.6923076923076923,2,0.6153846153846154
S1_D07_P1,S1_D07,1,13,7,103,output,GYBGYBRGBYRGB,0.6923076923076923,1,0.6153846153846154
S1_D07_P1,S1_D07,1,13,8,104,output,GYBGYRBYRGBYR,0.6153846153846154,1,0.6153846153846154
S1_D07_P1,S1_D07,1,14,0,,seed,RRGGRBRGBYYBB,,1,0.7692307692307693
S1_D07_P1,S1_D07,1,14,1,105,output,RRGGRBRGBBYYB,0.8461538461538461,1,0.7692307692307693
S1_D07_P1,S1_D07,1,14,2,106,output,RGYBGGYYBGRBY,0.7692307692307692,1,0.6153846153846154
S1_D07_P1,S1_D07,1,14,3,107,output,RRGGBBRBBBYRG,0.6153846153846154,1,0.7692307692307693
S1_D07_P1,S1_D07,1,14,4,108,output,RGYBRGGBBRBYR,0.6153846153846154,1,0.7692307692307693
S1_D07_P1,S1_D07,1,14,5,109,output,RRGGRRBBBYRBY,0.6153846153846154,1,0.7692307692307693
S1_D07_P1,S1_D07,1,14,6,110,output,RRGGBYRGBYGRY,0.6153846153846154,1,0.6153846153846154
S1_D07_P1,S1_D07,1,14,7,111,output,RRGGRBBBYRGBY,0.6153846153846154,1,0.7692307692307693
S1_D07_P1,S1_D07,1,14,8,112,output,RGBYRBRRBYRGB,0.6923076923076923,1,0.6153846153846154
S1_D07_P1,S1_D07,1,15,0,,seed,GGBRBBBGGRBRR,,1,0.7692307692307693
S1_D07_P1,S1_D07,1,15,1,113,output,GGBBRBRGBRGGB,0.46153846153846156,2,0.6153846153846154
S1_D07_P1,S1_D07,1,15,2,114,output,GGRBGGGYBYRGG,0.9230769230769231,1,0.7692307692307693
S1_D07_P1,S1_D07,1,15,3,115,output,GGBBRBBGYRYGB,0.8461538461538461,1,0.7692307692307693
S1_D07_P1,S1_D07,1,15,4,116,output,GRGBYBGRGYGYB,0.6923076923076923,1,0.7692307692307693
S1_D07_P1,S1_D07,1,15,5,117,output,GGBBRBBGYBRGY,0.46153846153846156,1,0.7692307692307693
S1_D07_P1,S1_D07,1,15,6,118,output,GGRRYBGRYBGGR,0.6923076923076923,2,0.5384615384615384
S1_D07_P1,S1_D07,1,15,7,119,output,GGRBRBBBGYBYB,0.6923076923076923,1,0.7692307692307693
S1_D07_P1,S1_D07,1,15,8,120,output,GGRRYBGRYYBBG,0.7692307692307692,1,0.7692307692307693
S1_D07_P2,S1_D07,2,1,0,,seed,BRRYGGGRBRRYY,,1,0.6153846153846154
S1_D07_P2,S1_D07,2,1,1,1,output,RRBBGYRRBYGRB,0.3076923076923077,1,0.7692307692307693
S1_D07_P2,S1_D07,2,1,2,2,output,RYRYBRRBGRGRY,0.7692307692307692,1,0.7692307692307693
S1_D07_P2,S1_D07,2,1,3,3,output,RBRBGYYRBGGRY,0.5384615384615384,2,0.6153846153846154
S1_D07_P2,S1_D07,2,1,4,4,output,RYRYBGGRBYRYG,0.6923076923076923,1,0.6153846153846154
S1_D07_P2,S1_D07,2,1,5,5,output,RRBYYGRBYRYBG,0.5384615384615384,1,0.6153846153846154
S1_D07_P2,S1_D07,2,1,6,6,output,RYRYBGGRYBGRB,0.6923076923076923,2,0.5384615384615384
S1_D07_P2,S1_D07,2,1,7,7,output,RYRYBGGRBYRYG,0.7692307692307692,1,0.6153846153846154
S1_D07_P2,S1_D07,2,1,8,8,output,RYRYBGGRBYGGR,0.7692307692307692,1,0.6153846153846154
S1_D07_P2,S1_D07,2,2,0,,seed,RGYBRGBYRBBRY,,1,0.7692307692307693
S1_D07_P2,S1_D07,2,2,1,9,output,RGYBRGYRBGBGR,0.6923076923076923,1,0.7692307692307693
S1_D07_P2,S1_D07,2,2,2,10,output,YBRRYGYBRYGBR,0.5384615384615384,1,0.6153846153846154
S1_D07_P2,S1_D07,2,2,3,11,output,RGYBRGYGBRGBB,0.6923076923076923,2,0.6153846153846154
S1_D07_P2,S1_D07,2,2,4,12,output,YYBRGYRRBGYRG,0.5384615384615384,1,0.6153846153846154
S1_D07_P2,S1_D07,2,2,5,13,output,GYBRGGBRYGYBG,0.5384615384615384,1,0.7692307692307693
S1_D07_P2,S1_D07,2,2,6,14,output,YBRGYYBRGGBRY,0.3846153846153846,1,0.6153846153846154
S1_D07_P2,S1_D07,2,2,7,15,output,GYBRGGBGRYBGR,0.6923076923076923,1,0.6153846153846154
S1_D07_P2,S1_D07,2,2,8,16,output,GYBRGYYBRGBGY,0.9230769230769231,1,0.5384615384615384
S1_D07_P2,S1_D07,2,3,0,,seed,YYRRGGBGYBYGY,,1,0.7692307692307693
S1_D07_P2,S1_D07,2,3,1,17,output,RRGGYYGBGRYBG,0.3846153846153846,1,0.7692307692307693
S1_D07_P2,S1_D07,2,3,2,18,output,GYBRGYBGGRYBB,0.8461538461538461,1,0.7692307692307693
S1_D07_P2,S1_D07,2,3,3,19,output,GGYYBBRRGBYRG,1.0,1,0.7692307692307693
S1_D07_P2,S1_D07,2,3,4,20,output,GYBRGGBYRGBRR,0.6153846153846154,1,0.7692307692307693
S1_D07_P2,S1_D07,2,3,5,21,output,GGYYBBRRGBYRG,1.0,1,0.7692307692307693
S1_D07_P2,S1_D07,2,3,6,22,output,GGYYBBRGBYRGB,0.5384615384615384,1,0.6153846153846154
S1_D07_P2,S1_D07,2,3,7,23,output,GGYYBBRRGBYRG,1.0,1,0.7692307692307693
S1_D07_P2,S1_D07,2,3,8,24,output,GGYYBBRRBYRGB,0.7692307692307692,0,0.7692307692307693
S1_D07_P2,S1_D07,2,4,0,,seed,BBYBRBRGRRYGR,,1,0.7692307692307693
S1_D07_P2,S1_D07,2,4,1,25,output,YBYRBGRBGYRBR,0.46153846153846156,2,0.5384615384615384
S1_D07_P2,S1_D07,2,4,2,26,output,RBYRBGBRYBRGB,0.3846153846153846,1,0.7692307692307693
S1_D07_P2,S1_D07,2,4,3,27,output,YBRYBRGYBGYBR,0.6923076923076923,2,0.6153846153846154
S1_D07_P2,S1_D07,2,4,4,28,output,RYBRBGYRGBYGB,0.6923076923076923,1,0.7692307692307693
S1_D07_P2,S1_D07,2,4,5,29,output,RGYBRGYRBGRYR,0.5384615384615384,1,0.7692307692307693
S1_D07_P2,S1_D07,2,4,6,30,output,YBRGRYBYGRGRB,0.46153846153846156,1,0.6153846153846154
S1_D07_P2,S1_D07,2,4,7,31,output,RGYBRGYRBGRYG,0.7692307692307692,1,0.7692307692307693
S1_D07_P2,S1_D07,2,4,8,32,output,RGYBRGYRBGRBY,0.6923076923076923,1,0.7692307692307693
S1_D07_P2,S1_D07,2,5,0,,seed,BBRBBRGRYYYRY,,1,0.7692307692307693
S1_D07_P2,S1_D07,2,5,1,33,output,RBRBBRRYYBGRR,0.6153846153846154,1,0.7692307692307693
S1_D07_P2,S1_D07,2,5,2,34,output,RGRGRRBYRGYRB,0.5384615384615384,1,0.7692307692307693
S1_D07_P2,S1_D07,2,5,3,35,output,RBRYYRGYBYGRB,0.5384615384615384,1,0.7692307692307693
S1_D07_P2,S1_D07,2,5,4,36,output,RGRGRBYRGRBRY,0.6923076923076923,2,0.5384615384615384
S1_D07_P2,S1_D07,2,5,5,37,output,RYBRGBYRBGYRY,0.7692307692307692,1,0.7692307692307693
S1_D07_P2,S1_D07,2,5,6,38,output,RGRGRBRGBRYRB,0.6923076923076923,1,0.7692307692307693
S1_D07_P2,S1_D07,2,5,7,39,output,RBGRYRBYGYRBR,0.6923076923076923,2,0.6153846153846154
S1_D07_P2,S1_D07,2,5,8,40,output,RGRBRYGBRYGRB,0.6153846153846154,1,0.5384615384615384
S1_D07_P2,S1_D07,2,6,0,,seed,YBRRGYGBGRGGR,,1,0.7692307692307693
S1_D07_P2,S1_D07,2,6,1,41,output,GYBRGGYRYGBGR,0.5384615384615384,1,0.7692307692307693
S1_D07_P2,S1_D07,2,6,2,42,output,RBYGYGBGGYRYG,0.5384615384615384,1,0.7692307692307693
S1_D07_P2,S1_D07,2,6,3,43,output,GYBRGYYRYGBRG,0.6153846153846154,1,0.6153846153846154
S1_D07_P2,S1_D07,2,6,4,44,output,GYBRGYBGRYGBR,0.7692307692307692,1,0.7692307692307693
S1_D07_P2,S1_D07,2,6,5,45,output,GYBRGYYRYGBGR,0.8461538461538461,1,0.7692307692307693
S1_D07_P2,S1_D07,2,6,6,46,output,GYBRGYBGYBGRY,0.6923076923076923,1,0.5384615384615384
S1_D07_P2,S1_D07,2,6,7,47,output,GYBRGYYRGBGRB,0.7692307692307692,1,0.7692307692307693
S1_D07_P2,S1_D07,2,6,8,48,output,GYBRGYBGRBYBG,0.8461538461538461,1,0.6153846153846154
S1_D07_P2,S1_D07,2,7,0,,seed,GYRBGGGGRGYYY,,1,0.6153846153846154
S1_D07_P2,S1_D07,2,7,1,49,output,GYBGGRBGRYYYY,0.6923076923076923,1,0.6153846153846154
S1_D07_P2,S1_D07,2,7,2,50,output,GYRYBGRRYGYBB,0.6923076923076923,1,0.7692307692307693
S1_D07_P2,S1_D07,2,7,3,51,output,GYBGRRBGYYYRY,0.6923076923076923,1,0.7692307692307693
S1_D07_P2,S1_D07,2,7,4,52,output,GYRGBGRGYYRGR,0.5384615384615384,2,0.6153846153846154
S1_D07_P2,S1_D07,2,7,5,53,output,GRBGRGRBYRRYR,0.6923076923076923,2,0.7692307692307693
S1_D07_P2,S1_D07,2,7,6,54,output,GYBGRYBGYBYGY,0.8461538461538461,2,0.6153846153846154
S1_D07_P2,S1_D07,2,7,7,55,output,GYRGBGRYGRGBY,0.6923076923076923,1,0.6153846153846154
S1_D07_P2,S1_D07,2,7,8,56,output,GYBGRBGRGRBYG,0.5384615384615384,1,0.5384615384615384
S1_D07_P2,S1_D07,2,8,0,,seed,GRYGBRBGGBBYB,,1,0.7692307692307693
S1_D07_P2,S1_D07,2,8,1,57,output,GRYGRYRGBYBBY,0.5384615384615384,1,0.7692307692307693
S1_D07_P2,S1_D07,2,8,2,58,output,GGYYBGBYRGYRB,0.6923076923076923,1,0.7692307692307693
S1_D07_P2,S1_D07,2,8,3,59,output,GYRGYBBYRGYBY,0.5384615384615384,2,0.46153846153846156
S1_D07_P2,S1_D07,2,8,4,60,output,GBRGBGRGYRBRY,0.6923076923076923,1,0.7692307692307693
S1_D07_P2,S1_D07,2,8,5,61,output,GBRGYBBGYRGBY,0.7692307692307692,1,0.7692307692307693
S1_D07_P2,S1_D07,2,8,6,62,output,GBRGBBYBRBGRY,0.6153846153846154,1,0.7692307692307693
S1_D07_P2,S1_D07,2,8,7,63,output,GYBRGYRBRBGBY,0.6153846153846154,1,0.7692307692307693
S1_D07_P2,S1_D07,2,8,8,64,output,RGBRGYBBGBYBY,0.46153846153846156,1,0.7692307692307693
S1_D07_P2,S1_D07,2,9,0,,seed,YYBBYYYGGGRBR,,1,0.7692307692307693
S1_D07_P2,S1_D07,2,9,1,65,output,YYBBYYYGYRRBY,0.7692307692307692,1,0.7692307692307693
S1_D07_P2,S1_D07,2,9,2,66,output,GYRBGYYRBGYRG,0.6153846153846154,2,0.46153846153846156
S1_D07_P2,S1_D07,2,9,3,67,output,YBYBYYBYRYGYB,0.7692307692307692,2,0.6153846153846154
S1_D07_P2,S1_D07,2,9,4,68,output,GYRBGYYRGYBRY,0.7692307692307692,1,0.7692307692307693
S1_D07_P2,S1_D07,2,9,5,69,output,YBYYBYBRYGBBY,0.6153846153846154,1,0.7692307692307693
S1_D07_P2,S1_D07,2,9,6,70,output,GYRBGYYRYBGRY,0.7692307692307692,1,0.7692307692307693
S1_D07_P2,S1_D07,2,9,7,71,output,YBYBYYBRBGRYB,0.6153846153846154,1,0.7692307692307693
S1_D07_P2,S1_D07,2,9,8,72,output,GYBGYYRBGYRYG,0.6153846153846154,2,0.6153846153846154
S1_D07_P2,S1_D07,2,10,0,,seed,YBGGGGYGGBBGY,,1,0.6153846153846154
S1_D07_P2,S1_D07,2,10,1,73,output,YBYGGGGYGGBRY,0.7692307692307692,2,0.5384615384615384
S1_D07_P2,S1_D07,2,10,2,74,output,RYBRGRRBYGYBR,0.6153846153846154,1,0.6153846153846154
S1_D07_P2,S1_D07,2,10,3,75,output,GYBGYGGGYBRYB,0.6923076923076923,2,0.7692307692307693
S1_D07_P2,S1_D07,2,10,4,76,output,RYBRGGGBRYBRG,0.6923076923076923,2,0.5384615384615384
S1_D07_P2,S1_D07,2,10,5,77,output,GBYGRBRBGGYBG,0.5384615384615384,1,0.7692307692307693
S1_D07_P2,S1_D07,2,10,6,78,output,RYBRYGGGBYRBY,0.8461538461538461,1,0.7692307692307693
S1_D07_P2,S1_D07,2,10,7,79,output,GYBGYRBYGBGBY,0.6923076923076923,1,0.7692307692307693
S1_D07_P2,S1_D07,2,10,8,80,output,BGYBGGGYRYBGR,0.7692307692307692,2,0.6153846153846154
S1_D07_P2,S1_D07,2,11,0,,seed,YBBRBBGBYYBBY,,2,0.7692307692307693
S1_D07_P2,S1_D07,2,11,1,81,output,YBRYBBBYRGYBY,0.5384615384615384,1,0.7692307692307693
S1_D07_P2,S1_D07,2,11,2,82,output,BGYBBBBYBRBGY,0.5384615384615384,1,0.6153846153846154
S1_D07_P2,S1_D07,2,11,3,83,output,YBRYBBBYBRGYB,0.8461538461538461,2,0.7692307692307693
S1_D07_P2,S1_D07,2,11,4,84,output,RGYBYBBBYRGYB,0.6923076923076923,2,0.6153846153846154
S1_D07_P2,S1_D07,2,11,5,85,output,YBRYBYYBRGYBY,0.7692307692307692,2,0.6153846153846154
S1_D07_P2,S1_D07,2,11,6,86,output,YRGYBRRRYBRGY,0.6153846153846154,1,0.6153846153846154
S1_D07_P2,S1_D07,2,11,7,87,output,YBRYBYYYBRGYB,0.8461538461538461,2,0.7692307692307693
S1_D07_P2,S1_D07,2,11,8,88,output,RGYBBBRGYBRYB,0.8461538461538461,1,0.6153846153846154
S1_D07_P2,S1_D07,2,12,0,,seed,GBGGRRRGGBYYB,,1,0.7692307692307693
S1_D07_P2,S1_D07,2,12,1,89,output,GBRGBGGGYBRYG,0.46153846153846156,1,0.7692307692307693
S1_D07_P2,S1_D07,2,12,2,90,output,GYGYGYYYGRBYR,0.5384615384615384,1,0.6153846153846154
S1_D07_P2,S1_D07,2,12,3,91,output,GBRGBGGGYBRGY,0.6153846153846154,1,0.6153846153846154
S1_D07_P2,S1_D07,2,12,4,92,output,GYGYGYYYBRGYB,0.7692307692307692,1,0.6153846153846154
S1_D07_P2,S1_D07,2,12,5,93,output,GBRGBGGGYBRGB,0.9230769230769231,2,0.5384615384615384
S1_D07_P2,S1_D07,2,12,6,94,output,GYGYYYBRGYBRY,0.6923076923076923,1,0.6153846153846154
S1_D07_P2,S1_D07,2,12,7,95,output,GBRGBGGGBRGYB,0.8461538461538461,2,0.6153846153846154
S1_D07_P2,S1_D07,2,12,8,96,output,GYGYGGGBRGYBG,0.5384615384615384,1,0.7692307692307693
S1_D07_P2,S1_D07,2,13,0,,seed,BBGRYYRGYYYYR,,2,0.6153846153846154
S1_D07_P2,S1_D07,2,13,1,97,output,GRBGGRYGBYRYR,0.46153846153846156,1,0.7692307692307693
S1_D07_P2,S1_D07,2,13,2,98,output,YYBRYBYRBGRYB,0.5384615384615384,2,0.6153846153846154
S1_D07_P2,S1_D07,2,13,3,99,output,GBRGBYRYGBRYR,0.6923076923076923,2,0.7692307692307693
S1_D07_P2,S1_D07,2,13,4,100,output,GYBGYRBRYBRYG,0.6923076923076923,1,0.6153846153846154
S1_D07_P2,S1_D07,2,13,5,101,output,GYBGYRGYRYRBG,0.5384615384615384,2,0.6153846153846154
S1_D07_P2,S1_D07,2,13,6,102,output,GYBGYBRGYBRYG,0.6923076923076923,2,0.5384615384615384
S1_D07_P2,S1_D07,2,13,7,103,output,GYBGYRBGRYRBG,0.6923076923076923,1,0.5384615384615384
S1_D07_P2,S1_D07,2,13,8,104,output,YBGYBRGYBGRYG,0.6153846153846154,2,0.6153846153846154
S1_D07_P2,S1_D07,2,14,0,,seed,RGGYYGGYYRBRB,,1,0.5384615384615384
S1_D07_P2,S1_D07,2,14,1,105,output,RGYBGGYYRGYBR,0.6153846153846154,2,0.6153846153846154
S1_D07_P2,S1_D07,2,14,2,106,output,RRGGRBBBYGBYR,0.6153846153846154,1,0.7692307692307693
S1_D07_P2,S1_D07,2,14,3,107,output,GYBRBGGRBRGYB,0.3846153846153846,1,0.7692307692307693
S1_D07_P2,S1_D07,2,14,4,108,output,RRGGRBBBRYBRR,0.6153846153846154,1,0.7692307692307693
S1_D07_P2,S1_D07,2,14,5,109,output,RRGGYBGYBYGYR,0.46153846153846156,2,0.6153846153846154
S1_D07_P2,S1_D07,2,14,6,110,output,RRGGBBBRBYBRG,0.5384615384615384,1,0.7692307692307693
S1_D07_P2,S1_D07,2,14,7,111,output,RGRBYRRRYBYRG,0.46153846153846156,1,0.6153846153846154
S1_D07_P2,S1_D07,2,14,8,112,output,RRGGRBBBYBGYB,0.7692307692307692,1,0.7692307692307693
S1_D07_P2,S1_D07,2,15,0,,seed,GRBRRBGYYBBGG,,1,0.7692307692307693
S1_D07_P2,S1_D07,2,15,1,113,output,GGRBGGGYBYRGB,0.3846153846153846,1,0.7692307692307693
S1_D07_P2,S1_D07,2,15,2,114,output,GGBBRBBBGYRYG,0.6153846153846154,1,0.7692307692307693
S1_D07_P2,S1_D07,2,15,3,115,output,GRGBGGGRYGYBY,0.46153846153846156,1,0.7692307692307693
S1_D07_P2,S1_D07,2,15,4,116,output,GBGRBBBRGYRBG,0.5384615384615384,1,0.7692307692307693
S1_D07_P2,S1_D07,2,15,5,117,output,GRGRYBGRYBGRB,0.6923076923076923,2,0.38461538461538464
S1_D07_P2,S1_D07,2,15,6,118,output,GGBBRBBBRGYRY,0.6923076923076923,1,0.6153846153846154
S1_D07_P2,S1_D07,2,15,7,119,output,GGRRYBGRYBRYG,0.7692307692307692,1,0.6153846153846154
S1_D07_P2,S1_D07,2,15,8,120,output,GGRRBRRBBBYRB,0.6153846153846154,1,0.6153846153846154
S1_D08_P1,S1_D08,1,1,0,,seed,GGYRRBRRGBRGY,,1,0.7692307692307693
S1_D08_P1,S1_D08,1,1,1,1,output,GGYRRBRBBRGYG,0.7692307692307692,1,0.7692307692307693
S1_D08_P1,S1_D08,1,1,2,2,output,YYYRBBRGGBBRG,0.7692307692307692,1,0.5384615384615384
S1_D08_P1,S1_D08,1,1,3,3,output,GGYBBRRBBGYRB,0.6153846153846154,1,0.7692307692307693
S1_D08_P1,S1_D08,1,1,4,4,output,YYYRBBGGBRRBG,0.7692307692307692,1,0.7692307692307693
S1_D08_P1,S1_D08,1,1,5,5,output,GGYBBRBRRGGYB,0.7692307692307692,1,0.6153846153846154
S1_D08_P1,S1_D08,1,1,6,6,output,YYYRBBGGBRBBB,0.7692307692307692,1,0.6153846153846154
S1_D08_P1,S1_D08,1,1,7,7,output,YYYRRBBRBBGGB,0.5384615384615384,1,0.6153846153846154
S1_D08_P1,S1_D08,1,1,8,8,output,YYYGYRRBBRBGB,0.5384615384615384,1,0.7692307692307693
S1_D08_P1,S1_D08,1,2,0,,seed,YYGBYBRBRBRRY,,1,0.5384615384615384
S1_D08_P1,S1_D08,1,2,1,9,output,YYYGYBBRBBGYY,0.5384615384615384,1,0.7692307692307693
S1_D08_P1,S1_D08,1,2,2,10,output,YYYBRBRGYGBBY,0.6923076923076923,1,0.7692307692307693
S1_D08_P1,S1_D08,1,2,3,11,output,YYYGYBBRBBGYG,0.7692307692307692,1,0.7692307692307693
S1_D08_P1,S1_D08,1,2,4,12,output,YYYGYBRBRGBGY,0.6923076923076923,1,0.7692307692307693
S1_D08_P1,S1_D08,1,2,5,13,output,YYYGYBBRBGRYB,0.6923076923076923,1,0.7692307692307693
S1_D08_P1,S1_D08,1,2,6,14,output,YYYGYBRBGBYYB,0.6923076923076923,1,0.7692307692307693
S1_D08_P1,S1_D08,1,2,7,15,output,GGGYGBRBGRYBB,0.6153846153846154,0,0.7692307692307693
S1_D08_P1,S1_D08,1,2,8,16,output,GGGYGBBRBGYYY,0.6153846153846154,1,0.7692307692307693
S1_D08_P1,S1_D08,1,3,0,,seed,BGBYYRBYBYGYB,,1,0.7692307692307693
S1_D08_P1,S1_D08,1,3,1,17,output,BGBRBGRYGBYBY,0.5384615384615384,1,0.7692307692307693
S1_D08_P1,S1_D08,1,3,2,18,output,BBBGBYBRBGYBY,0.5384615384615384,1,0.7692307692307693
S1_D08_P1,S1_D08,1,3,3,19,output,BGBRBGBYBYBYB,0.7692307692307692,1,0.46153846153846156
S1_D08_P1,S1_D08,1,3,4,20,output,BBBGBRBGBYBRB,0.7692307692307692,1,0.5384615384615384
S1_D08_P1,S1_D08,1,3,5,21,output,BGBRBGBYBYBYB,0.9230769230769231,1,0.46153846153846156
S1_D08_P1,S1_D08,1,3,6,22,output,BBBGBRBGBYBYB,0.9230769230769231,1,0.5384615384615384
S1_D08_P1,S1_D08,1,3,7,23,output,BGBRBGBYBYBYB,1.0,1,0.46153846153846156
S1_D08_P1,S1_D08,1,3,8,24,output,BBBGBRBGBYBYB,1.0,1,0.5384615384615384
S1_D08_P1,S1_D08,1,4,0,,seed,RBBBBBBYRGRBB,,2,0.46153846153846156
S1_D08_P1,S1_D08,1,4,1,25,output,BBBBBRBYBGBRR,0.5384615384615384,1,0.6153846153846154
S1_D08_P1,S1_D08,1,4,2,26,output,GGBBBRBGYRBRR,0.46153846153846156,1,0.7692307692307693
S1_D08_P1,S1_D08,1,4,3,27,output,BBBBBRBYBGGRR,1.0,1,0.6153846153846154
S1_D08_P1,S1_D08,1,4,4,28,output,GGBBBRBGYRBRR,1.0,1,0.7692307692307693
S1_D08_P1,S1_D08,1,4,5,29,output,BBBBBRBYBGGRR,1.0,1,0.6153846153846154
S1_D08_P1,S1_D08,1,4,6,30,output,GGBBBRBGYRRBB,1.0,1,0.7692307692307693
S1_D08_P1,S1_D08,1,4,7,31,output,BBBBBRBYBGGRR,1.0,1,0.6153846153846154
S1_D08_P1,S1_D08,1,4,8,32,output,GGBBBRBGYRRBB,1.0,1,0.7692307692307693
S1_D08_P1,S1_D08,1,5,0,,seed,YRGRRRYRRYYRG,,2,0.6153846153846154
S1_D08_P1,S1_D08,1,5,1,33,output,YRYRRGRYGRYRR,0.6153846153846154,1,0.5384615384615384
S1_D08_P1,S1_D08,1,5,2,34,output,GGRGBYRRYYBYR,0.3076923076923077,1,0.6153846153846154
S1_D08_P1,S1_D08,1,5,3,35,output,GYRRYRGRYGRRR,0.46153846153846156,1,0.7692307692307693
S1_D08_P1,S1_D08,1,5,4,36,output,YGYRBGRYGBYRR,0.46153846153846156,1,0.7692307692307693
S1_D08_P1,S1_D08,1,5,5,37,output,GYGRYGYRYRRRR,0.6923076923076923,1,0.6153846153846154
S1_D08_P1,S1_D08,1,5,6,38,output,GYGRRBRGYRBRR,0.6153846153846154,1,0.6153846153846154
S1_D08_P1,S1_D08,1,5,7,39,output,GYGRYGYRGRRYY,0.7692307692307692,1,0.7692307692307693
S1_D08_P1,S1_D08,1,5,8,40,output,GYRRBBGYRRBRB,0.6923076923076923,1,0.5384615384615384
S1_D08_P1,S1_D08,1,6,0,,seed,BBRYRGYGBYYRR,,1,0.7692307692307693
S1_D08_P1,S1_D08,1,6,1,41,output,RBRRGYGBYRRYR,0.6923076923076923,1,0.7692307692307693
S1_D08_P1,S1_D08,1,6,2,42,output,GGYGBGRGYGYGG,0.5384615384615384,1,0.6153846153846154
S1_D08_P1,S1_D08,1,6,3,43,output,RBRRBGYGGRBGG,0.8461538461538461,2,0.6153846153846154
S1_D08_P1,S1_D08,1,6,4,44,output,BGRYGGYGGRGYG,0.6923076923076923,2,0.5384615384615384
S1_D08_P1,S1_D08,1,6,5,45,output,RBRRBGGYGRBRB,0.6923076923076923,2,0.7692307692307693
S1_D08_P1,S1_D08,1,6,6,46,output,BGRYGGYGYRBGY,0.7692307692307692,1,0.7692307692307693
S1_D08_P1,S1_D08,1,6,7,47,output,RBRRBGGYGRRBR,0.7692307692307692,2,0.6153846153846154
S1_D08_P1,S1_D08,1,6,8,48,output,BGRYGGYGYRBGY,1.0,1,0.7692307692307693
S1_D08_P1,S1_D08,1,7,0,,seed,YGBGGBBBYRGBY,,1,0.7692307692307693
S1_D08_P1,S1_D08,1,7,1,49,output,GGBGYBYRBGYBY,0.5384615384615384,1,0.46153846153846156
S1_D08_P1,S1_D08,1,7,2,50,output,GYGGRGYRYRYGY,0.6153846153846154,1,0.6153846153846154
S1_D08_P1,S1_D08,1,7,3,51,output,GYGGRBYBYRYBY,0.46153846153846156,1,0.6153846153846154
S1_D08_P1,S1_D08,1,7,4,52,output,GYGGRYRYRBYBY,0.7692307692307692,1,0.6153846153846154
S1_D08_P1,S1_D08,1,7,5,53,output,GGYGBYRYBYBYR,1.0,2,0.6153846153846154
S1_D08_P1,S1_D08,1,7,6,54,output,GGYGRYBYBYRYB,0.6923076923076923,2,0.5384615384615384
S1_D08_P1,S1_D08,1,7,7,55,output,GGYGYRYBYRYBY,0.8461538461538461,1,0.46153846153846156
S1_D08_P1,S1_D08,1,7,8,56,output,GGYGYRYBYBYBY,1.0,1,0.46153846153846156
S1_D08_P1,S1_D08,1,8,0,,seed,GYGYBGYGYRGGB,,2,0.6153846153846154
S1_D08_P1,S1_D08,1,8,1,57,output,GYGYBGRGYGBBG,0.6923076923076923,1,0.7692307692307693
S1_D08_P1,S1_D08,1,8,2,58,output,YRRBBGGYYYRBG,0.8461538461538461,1,0.7692307692307693
S1_D08_P1,S1_D08,1,8,3,59,output,YGYGYBYRRGYBR,0.6153846153846154,1,0.6153846153846154
S1_D08_P1,S1_D08,1,8,4,60,output,YYRRBBGGYYRBR,0.8461538461538461,1,0.7692307692307693
S1_D08_P1,S1_D08,1,8,5,61,output,GYGYGBYRRYGYB,0.6923076923076923,1,0.6153846153846154
S1_D08_P1,S1_D08,1,8,6,62,output,YYRRBBGGYYRBB,0.9230769230769231,1,0.6153846153846154
S1_D08_P1,S1_D08,1,8,7,63,output,GYGYGYRYBYRGR,0.6923076923076923,1,0.6153846153846154
S1_D08_P1,S1_D08,1,8,8,64,output,YYRRBBGGYYRRB,1.0,1,0.5384615384615384
S1_D08_P1,S1_D08,1,9,0,,seed,YYRRRBRYBGBGR,,1,0.7692307692307693
S1_D08_P1,S1_D08,1,9,1,65,output,YYRRYBRBYBGRG,0.6923076923076923,1,0.7692307692307693
S1_D08_P1,S1_D08,1,9,2,66,output,BBBBGGYBBRBYB,0.8461538461538461,1,0.7692307692307693
S1_D08_P1,S1_D08,1,9,3,67,output,YYRBYBYRGBYBY,0.6153846153846154,2,0.5384615384615384
S1_D08_P1,S1_D08,1,9,4,68,output,BBBBGGYBBRBRB,0.8461538461538461,1,0.6153846153846154
S1_D08_P1,S1_D08,1,9,5,69,output,RRYRYBYBYRGBY,0.6153846153846154,1,0.6153846153846154
S1_D08_P1,S1_D08,1,9,6,70,output,BBBBGGYBRBRBR,0.8461538461538461,1,0.5384615384615384
S1_D08_P1,S1_D08,1,9,7,71,output,RRYBRYBYBYRGB,0.6153846153846154,1,0.5384615384615384
S1_D08_P1,S1_D08,1,9,8,72,output,BBBBGGYBRBRBR,1.0,1,0.5384615384615384
S1_D08_P1,S1_D08,1,10,0,,seed,GGGRRRRBGBBGG,,1,0.6153846153846154
S1_D08_P1,S1_D08,1,10,1,73,output,GGGBBBBRBGBBR,0.5384615384615384,2,0.5384615384615384
S1_D08_P1,S1_D08,1,10,2,74,output,GGBGRBGYBRBGB,0.46153846153846156,2,0.6153846153846154
S1_D08_P1,S1_D08,1,10,3,75,output,GGGBBBBRBGBBR,1.0,2,0.5384615384615384
S1_D08_P1,S1_D08,1,10,4,76,output,GGBGRBGYRBGBG,0.7692307692307692,2,0.6153846153846154
S1_D08_P1,S1_D08,1,10,5,77,output,GGGBBBBBRBGBB,0.6923076923076923,2,0.46153846153846156
S1_D08_P1,S1_D08,1,10,6,78,output,GGBGRBGBYRBGB,0.8461538461538461,2,0.5384615384615384
S1_D08_P1,S1_D08,1,10,7,79,output,GGGBBBBBRGBBR,1.0,2,0.46153846153846156
S1_D08_P1,S1_D08,1,10,8,80,output,GGBRBGRYBGBRG,0.6153846153846154,1,0.6153846153846154
S1_D08_P1,S1_D08,1,11,0,,seed,GYBYRBYRGGBRR,,1,0.6153846153846154
S1_D08_P1,S1_D08,1,11,1,81,output,RBYBYBRGBYRBG,0.3846153846153846,1,0.6153846153846154
S1_D08_P1,S1_D08,1,11,2,82,output,GBBYRBBGBBYBB,0.5384615384615384,2,0.6153846153846154
S1_D08_P1,S1_D08,1,11,3,83,output,RBGBYBYRBYBRB,0.6153846153846154,1,0.6153846153846154
S1_D08_P1,S1_D08,1,11,4,84,output,RBBYBRYBBRBGB,0.6153846153846154,1,0.7692307692307693
S1_D08_P1,S1_D08,1,11,5,85,output,RBGBYBYBRBRYB,0.8461538461538461,1,0.6153846153846154
S1_D08_P1,S1_D08,1,11,6,86,output,GBBRBYBRYGBGB,0.7692307692307692,1,0.7692307692307693
S1_D08_P1,S1_D08,1,11,7,87,output,GBRBYBRBGBRYB,0.8461538461538461,2,0.6153846153846154
S1_D08_P1,S1_D08,1,11,8,88,output,GBBRBYBGBGBRB,1.0,1,0.6153846153846154
S1_D08_P1,S1_D08,1,12,0,,seed,YRGBYYYBGYYGG,,1,0.7692307692307693
S1_D08_P1,S1_D08,1,12,1,89,output,GRBYYYRBGYBGB,0.6153846153846154,1,0.7692307692307693
S1_D08_P1,S1_D08,1,12,2,90,output,GRBBBBYYRGBRG,0.6923076923076923,1,0.6153846153846154
S1_D08_P1,S1_D08,1,12,3,91,output,GBRYYYRBGBBRY,0.6153846153846154,1,0.6153846153846154
S1_D08_P1,S1_D08,1,12,4,92,output,GBYYYRBGBYBRB,0.5384615384615384,1,0.7692307692307693
S1_D08_P1,S1_D08,1,12,5,93,output,GBRBYYBRBGYBR,0.6923076923076923,2,0.5384615384615384
S1_D08_P1,S1_D08,1,12,6,94,output,GBRYYYRBGBYBY,0.6923076923076923,1,0.7692307692307693
S1_D08_P1,S1_D08,1,12,7,95,output,GBGRBYBGBRBGB,0.6153846153846154,1,0.6153846153846154
S1_D08_P1,S1_D08,1,12,8,96,output,BGYYYRBGBYBRY,0.5384615384615384,1,0.7692307692307693
S1_D08_P1,S1_D08,1,13,0,,seed,YRRRRRYBGYYBG,,1,0.46153846153846156
S1_D08_P1,S1_D08,1,13,1,97,output,YRRRRBYGYYBGB,0.7692307692307692,1,0.6153846153846154
S1_D08_P1,S1_D08,1,13,2,98,output,YRRGYYBRGRGRR,1.0,1,0.6153846153846154
S1_D08_P1,S1_D08,1,13,3,99,output,YRRRRBGYYBRBR,0.7692307692307692,1,0.6153846153846154
S1_D08_P1,S1_D08,1,13,4,100,output,GBYRBGYBRBYBG,0.3076923076923077,1,0.7692307692307693
S1_D08_P1,S1_D08,1,13,5,101,output,YRRRRBGYYRBRB,0.8461538461538461,1,0.6153846153846154
S1_D08_P1,S1_D08,1,13,6,102,output,GBRBYBRBYBYBR,0.7692307692307692,2,0.38461538461538464
S1_D08_P1,S1_D08,1,13,7,103,output,YRRRRBGYYBRBR,1.0,1,0.6153846153846154
S1_D08_P1,S1_D08,1,13,8,104,output,GBYBYRBGYBYBR,0.5384615384615384,1,0.6153846153846154
S1_D08_P1,S1_D08,1,14,0,,seed,BGGRBGBRRYYRY,,1,0.7692307692307693
S1_D08_P1,S1_D08,1,14,1,105,output,GGBRBGBYRRBGB,0.46153846153846156,2,0.5384615384615384
S1_D08_P1,S1_D08,1,14,2,106,output,GBGGGRYYRBGBG,0.8461538461538461,1,0.7692307692307693
S1_D08_P1,S1_D08,1,14,3,107,output,GBGGGYYRBGYRB,0.6153846153846154,1,0.6153846153846154
S1_D08_P1,S1_D08,1,14,4,108,output,GBGGGRYRBGGBR,0.8461538461538461,1,0.6153846153846154
S1_D08_P1,S1_D08,1,14,5,109,output,GBGGGYRBGGBGB,1.0,2,0.6153846153846154
S1_D08_P1,S1_D08,1,14,6,110,output,GBGGGRBYBGGBY,0.6923076923076923,1,0.6153846153846154
S1_D08_P1,S1_D08,1,14,7,111,output,GBGGBYRBGBYBR,0.6923076923076923,2,0.6153846153846154
S1_D08_P1,S1_D08,1,14,8,112,output,GBGGBRBYBGGBR,0.7692307692307692,2,0.46153846153846156
S1_D08_P1,S1_D08,1,15,0,,seed,YBYBBBGYBBYYR,,2,0.6153846153846154
S1_D08_P1,S1_D08,1,15,1,113,output,YBYBBBGYBBYRY,0.8461538461538461,2,0.6153846153846154
S1_D08_P1,S1_D08,1,15,2,114,output,YGYYYBBBBGBYB,0.9230769230769231,1,0.6153846153846154
S1_D08_P1,S1_D08,1,15,3,115,output,GBGBBBYBGBBRB,0.5384615384615384,2,0.5384615384615384
S1_D08_P1,S1_D08,1,15,4,116,output,YGYYBBBGYBYBB,0.6923076923076923,1,0.6153846153846154
S1_D08_P1,S1_D08,1,15,5,117,output,GBGBBYGBBRGBB,0.6923076923076923,2,0.5384615384615384
S1_D08_P1,S1_D08,1,15,6,118,output,YGYBBGGYBYGBY,0.6153846153846154,1,0.6153846153846154
S1_D08_P1,S1_D08,1,15,7,119,output,GBGBBYBRGBBGB,0.7692307692307692,2,0.6153846153846154
S1_D08_P1,S1_D08,1,15,8,120,output,GBYYBGRBYBBYB,0.6923076923076923,2,0.6153846153846154
S1_D08_P2,S1_D08,2,1,0,,seed,YYYRYBRRRGYRR,,1,0.7692307692307693
S1_D08_P2,S1_D08,2,1,1,1,output,YYYRYBRBGRBRG,0.6153846153846154,1,0.7692307692307693
S1_D08_P2,S1_D08,2,1,2,2,output,GGYRRBRBBRGYR,0.9230769230769231,1,0.6153846153846154
S1_D08_P2,S1_D08,2,1,3,3,output,YYYRBBRGGBBRB,0.9230769230769231,1,0.6153846153846154
S1_D08_P2,S1_D08,2,1,4,4,output,GGYBBRRBBRGGY,0.6923076923076923,1,0.6153846153846154
S1_D08_P2,S1_D08,2,1,5,5,output,YYYRBBGGBBRRB,0.8461538461538461,1,0.7692307692307693
S1_D08_P2,S1_D08,2,1,6,6,output,GGYBBRBBGGRBB,0.6923076923076923,2,0.6153846153846154
S1_D08_P2,S1_D08,2,1,7,7,output,YYYRBBGRBBBRB,0.7692307692307692,2,0.6153846153846154
S1_D08_P2,S1_D08,2,1,8,8,output,YYYRBBRRBBGGB,0.8461538461538461,1,0.6153846153846154
S1_D08_P2,S1_D08,2,2,0,,seed,YYBYGBRGBYGYB,,1,0.6153846153846154
S1_D08_P2,S1_D08,2,2,1,9,output,YYBYBRGRGYRBY,0.6153846153846154,1,0.7692307692307693
S1_D08_P2,S1_D08,2,2,2,10,output,YYYGYBBRBGYBY,0.8461538461538461,1,0.6153846153846154
S1_D08_P2,S1_D08,2,2,3,11,output,YYYBRBRGBGYYB,0.6923076923076923,1,0.6153846153846154
S1_D08_P2,S1_D08,2,2,4,12,output,YYYGYBBRGYBBR,0.6153846153846154,1,0.46153846153846156
S1_D08_P2,S1_D08,2,2,5,13,output,YYYGYBRBRBGBY,0.8461538461538461,1,0.6153846153846154
S1_D08_P2,S1_D08,2,2,6,14,output,YYYGYBBRBGRYB,1.0,1,0.7692307692307693
S1_D08_P2,S1_D08,2,2,7,15,output,YYYGYBRBGBYYY,0.9230769230769231,1,0.7692307692307693
S1_D08_P2,S1_D08,2,2,8,16,output,GGGYGYBRBRBYG,0.6153846153846154,1,0.6153846153846154
S1_D08_P2,S1_D08,2,3,0,,seed,GBYYYBYRBGYGR,,1,0.7692307692307693
S1_D08_P2,S1_D08,2,3,1,17,output,GBYYYBYRBGRBY,0.7692307692307692,1,0.7692307692307693
S1_D08_P2,S1_D08,2,3,2,18,output,BGBRBGYBYBGRB,0.6153846153846154,1,0.7692307692307693
S1_D08_P2,S1_D08,2,3,3,19,output,BBBGBYBRGYBRB,0.7692307692307692,1,0.6153846153846154
S1_D08_P2,S1_D08,2,3,4,20,output,BGBRBGBRBYBYB,0.9230769230769231,1,0.46153846153846156
S1_D08_P2,S1_D08,2,3,5,21,output,BBBGBRBGBYBRB,1.0,1,0.5384615384615384
S1_D08_P2,S1_D08,2,3,6,22,output,BGBRBGBYBYBYB,1.0,1,0.46153846153846156
S1_D08_P2,S1_D08,2,3,7,23,output,BBBGBRBGBYBYB,1.0,1,0.5384615384615384
S1_D08_P2,S1_D08,2,3,8,24,output,BGBRBYBYBYBYB,0.9230769230769231,2,0.3076923076923077
S1_D08_P2,S1_D08,2,4,0,,seed,GGRRRYBRBBRYG,,1,0.7692307692307693
S1_D08_P2,S1_D08,2,4,1,25,output,GGRRRYBRBYGRR,0.6923076923076923,1,0.6153846153846154
S1_D08_P2,S1_D08,2,4,2,26,output,BBBBBRBYBGGRR,0.9230769230769231,1,0.6153846153846154
S1_D08_P2,S1_D08,2,4,3,27,output,GGBBBRBGYRBRR,1.0,1,0.7692307692307693
S1_D08_P2,S1_D08,2,4,4,28,output,BBBBBRBYBGGRR,1.0,1,0.6153846153846154
S1_D08_P2,S1_D08,2,4,5,29,output,GGBBBRBGYRRBB,0.7692307692307692,1,0.7692307692307693
S1_D08_P2,S1_D08,2,4,6,30,output,BBBBBRBYBGGRR,1.0,1,0.6153846153846154
S1_D08_P2,S1_D08,2,4,7,31,output,GGBBBRBGYRRBB,1.0,1,0.7692307692307693
S1_D08_P2,S1_D08,2,4,8,32,output,BBBBBRBYBGGRR,1.0,1,0.6153846153846154
S1_D08_P2,S1_D08,2,5,0,,seed,GRBRYYBRYGBRG,,2,0.6153846153846154
S1_D08_P2,S1_D08,2,5,1,33,output,GRBRYYBRGRRBY,0.6923076923076923,1,0.7692307692307693
S1_D08_P2,S1_D08,2,5,2,34,output,YRYRRGYRYRGYR,0.6923076923076923,2,0.5384615384615384
S1_D08_P2,S1_D08,2,5,3,35,output,GGRYBGRYYBRYB,0.6153846153846154,1,0.5384615384615384
S1_D08_P2,S1_D08,2,5,4,36,output,GYRYRGYRGRGRR,0.6923076923076923,2,0.5384615384615384
S1_D08_P2,S1_D08,2,5,5,37,output,GYRGBRYGYRRRB,0.5384615384615384,1,0.7692307692307693
S1_D08_P2,S1_D08,2,5,6,38,output,GYRGYGYRGRRRY,0.6923076923076923,2,0.6153846153846154
S1_D08_P2,S1_D08,2,5,7,39,output,GYRRBRGYGYRRB,0.6923076923076923,2,0.5384615384615384
S1_D08_P2,S1_D08,2,5,8,40,output,GYGYRGYGYRRGY,0.6153846153846154,2,0.46153846153846156
S1_D08_P2,S1_D08,2,6,0,,seed,YGGYYBYGGRGRB,,1,0.7692307692307693
S1_D08_P2,S1_D08,2,6,1,41,output,GYYGGYGYBRGRG,0.46153846153846156,1,0.7692307692307693
S1_D08_P2,S1_D08,2,6,2,42,output,RBRRBGYGGYRBG,0.6153846153846154,1,0.6153846153846154
S1_D08_P2,S1_D08,2,6,3,43,output,BGRYGYGGYGRGY,0.5384615384615384,1,0.6153846153846154
S1_D08_P2,S1_D08,2,6,4,44,output,RBRBBRGYGGYRB,0.6153846153846154,1,0.7692307692307693
S1_D08_P2,S1_D08,2,6,5,45,output,BGRYGGYGGYRGG,0.8461538461538461,1,0.5384615384615384
S1_D08_P2,S1_D08,2,6,6,46,output,RBRRBGYGGYRBR,0.6923076923076923,2,0.7692307692307693
S1_D08_P2,S1_D08,2,6,7,47,output,BGRYGGYGYRBGY,1.0,1,0.7692307692307693
S1_D08_P2,S1_D08,2,6,8,48,output,RBRRBGYGGYRBR,0.7692307692307692,2,0.7692307692307693
S1_D08_P2,S1_D08,2,7,0,,seed,GGYGRGYRYRBRG,,1,0.7692307692307693
S1_D08_P2,S1_D08,2,7,1,49,output,YGGYGRGYRYRYR,0.7692307692307692,1,0.5384615384615384
S1_D08_P2,S1_D08,2,7,2,50,output,GGYBYBRYBYRBG,0.46153846153846156,1,0.6153846153846154
S1_D08_P2,S1_D08,2,7,3,51,output,GYGGYRYRYRGBY,0.6923076923076923,1,0.5384615384615384
S1_D08_P2,S1_D08,2,7,4,52,output,GGYGBYRYBYBYR,0.5384615384615384,2,0.6153846153846154
S1_D08_P2,S1_D08,2,7,5,53,output,GYGGYRYBYRYBY,0.7692307692307692,1,0.46153846153846156
S1_D08_P2,S1_D08,2,7,6,54,output,GGYGYRYBYBYRY,0.8461538461538461,1,0.6153846153846154
S1_D08_P2,S1_D08,2,7,7,55,output,GGYGYRYBYBYBY,0.7692307692307692,1,0.46153846153846156
S1_D08_P2,S1_D08,2,7,8,56,output,GGYGYRYBYRYBY,1.0,1,0.46153846153846156
S1_D08_P2,S1_D08,2,8,0,,seed,YRRBBGGYYYYYG,,1,0.5384615384615384
S1_D08_P2,S1_D08,2,8,1,57,output,YRRBBGGYYYYRB,0.8461538461538461,1,0.6153846153846154
S1_D08_P2,S1_D08,2,8,2,58,output,GYGYBGRGRRGYB,0.6923076923076923,2,0.6153846153846154
S1_D08_P2,S1_D08,2,8,3,59,output,YRRBBGGYYYRBR,0.9230769230769231,1,0.7692307692307693
S1_D08_P2,S1_D08,2,8,4,60,output,YGYGYBYRRGYBR,1.0,1,0.6153846153846154
S1_D08_P2,S1_D08,2,8,5,61,output,YYRRBBGGYYRBR,1.0,1,0.7692307692307693
S1_D08_P2,S1_D08,2,8,6,62,output,GYGYGYBRRYBRG,0.6153846153846154,1,0.5384615384615384
S1_D08_P2,S1_D08,2,8,7,63,output,YYRRBBGGYYRRB,0.9230769230769231,1,0.5384615384615384
S1_D08_P2,S1_D08,2,8,8,64,output,GYGYGYRBYRBRG,0.7692307692307692,1,0.5384615384615384
S1_D08_P2,S1_D08,2,9,0,,seed,BBBBGGYBBBRYR,,1,0.6153846153846154
S1_D08_P2,S1_D08,2,9,1,65,output,BBBBGGYBBBRBB,0.8461538461538461,1,0.6153846153846154
S1_D08_P2,S1_D08,2,9,2,66,output,YYRBYRBYBYRGY,0.6923076923076923,2,0.46153846153846156
S1_D08_P2,S1_D08,2,9,3,67,output,BBBBGGYBBRBBR,0.8461538461538461,2,0.6153846153846154
S1_D08_P2,S1_D08,2,9,4,68,output,YYRBYBYBRGYBY,0.8461538461538461,1,0.5384615384615384
S1_D08_P2,S1_D08,2,9,5,69,output,BBBBGGYBBRBRB,1.0,1,0.6153846153846154
S1_D08_P2,S1_D08,2,9,6,70,output,RRYBYBYRRGYBR,0.6153846153846154,1,0.6153846153846154
S1_D08_P2,S1_D08,2,9,7,71,output,BBBBGGYBRBRBR,1.0,1,0.5384615384615384
S1_D08_P2,S1_D08,2,9,8,72,output,RRYBRYBYBYBRR,0.7692307692307692,1,0.46153846153846156
S1_D08_P2,S1_D08,2,10,0,,seed,BGGYRBGYYYBBG,,1,0.7692307692307693
S1_D08_P2,S1_D08,2,10,1,73,output,BGGYRBGGYYRBR,0.7692307692307692,1,0.5384615384615384
S1_D08_P2,S1_D08,2,10,2,74,output,GGGBBBBRBGBBR,1.0,2,0.5384615384615384
S1_D08_P2,S1_D08,2,10,3,75,output,GGBGRGYBRGGBG,0.7692307692307692,1,0.6153846153846154
S1_D08_P2,S1_D08,2,10,4,76,output,GGGBBBBBGBBRG,0.8461538461538461,2,0.46153846153846156
S1_D08_P2,S1_D08,2,10,5,77,output,GGBGRBGYRBGGB,0.8461538461538461,2,0.6153846153846154
S1_D08_P2,S1_D08,2,10,6,78,output,GGGBBBBBRGBBR,0.8461538461538461,2,0.46153846153846156
S1_D08_P2,S1_D08,2,10,7,79,output,GGBGBRGRYGBGB,0.6923076923076923,2,0.5384615384615384
S1_D08_P2,S1_D08,2,10,8,80,output,GGGGBBBBBRGGB,0.7692307692307692,1,0.46153846153846156
S1_D08_P2,S1_D08,2,11,0,,seed,YBBGYBBRBRGBR,,1,0.7692307692307693
S1_D08_P2,S1_D08,2,11,1,81,output,YGBBGYBBGRBBR,0.6923076923076923,2,0.6153846153846154
S1_D08_P2,S1_D08,2,11,2,82,output,RBYBGBRBYBGBR,0.6153846153846154,1,0.38461538461538464
S1_D08_P2,S1_D08,2,11,3,83,output,GBBYRYBBGRBBR,0.6923076923076923,1,0.7692307692307693
S1_D08_P2,S1_D08,2,11,4,84,output,RBGBYBYBRBRBY,0.7692307692307692,1,0.5384615384615384
S1_D08_P2,S1_D08,2,11,5,85,output,GBBRBYBYBRBGB,0.6923076923076923,1,0.6153846153846154
S1_D08_P2,S1_D08,2,11,6,86,output,GBRBYBRBGBRBY,0.5384615384615384,2,0.46153846153846156
S1_D08_P2,S1_D08,2,11,7,87,output,GBBRBYBGBGBRB,0.7692307692307692,1,0.6153846153846154
S1_D08_P2,S1_D08,2,11,8,88,output,GBRBYBRBGYBRB,0.8461538461538461,2,0.46153846153846156
S1_D08_P2,S1_D08,2,12,0,,seed,GRBBBBRBGYRGB,,1,0.6153846153846154
S1_D08_P2,S1_D08,2,12,1,89,output,GRBBBBYGRBRBB,0.6153846153846154,1,0.5384615384615384
S1_D08_P2,S1_D08,2,12,2,90,output,GRBYYYRBGGRBY,0.6923076923076923,2,0.6153846153846154
S1_D08_P2,S1_D08,2,12,3,91,output,GRBBBYRGBGBYB,0.5384615384615384,1,0.7692307692307693
S1_D08_P2,S1_D08,2,12,4,92,output,GBRYYBGBRYYBR,0.5384615384615384,1,0.46153846153846156
S1_D08_P2,S1_D08,2,12,5,93,output,GRBYYYBRBGBYB,0.6923076923076923,1,0.7692307692307693
S1_D08_P2,S1_D08,2,12,6,94,output,BGRYBGBRBYBRB,0.46153846153846156,1,0.6153846153846154
S1_D08_P2,S1_D08,2,12,7,95,output,BRYYYBGRBYRBB,0.6153846153846154,1,0.7692307692307693
S1_D08_P2,S1_D08,2,12,8,96,output,GBRGYGBGRBYGB,0.6153846153846154,2,0.6153846153846154
S1_D08_P2,S1_D08,2,13,0,,seed,YRRGYYBGRGYGG,,1,0.6153846153846154
S1_D08_P2,S1_D08,2,13,1,97,output,YRRGYYBRGRGRR,0.6923076923076923,1,0.6153846153846154
S1_D08_P2,S1_D08,2,13,2,98,output,YRRRRBGYYBGYY,0.7692307692307692,1,0.46153846153846156
S1_D08_P2,S1_D08,2,13,3,99,output,YGRRGBRGYYRRB,0.5384615384615384,1,0.7692307692307693
S1_D08_P2,S1_D08,2,13,4,100,output,YRRRRBGYYBRBR,1.0,1,0.6153846153846154
S1_D08_P2,S1_D08,2,13,5,101,output,GBYRGYBRYBYBR,0.7692307692307692,2,0.6153846153846154
S1_D08_P2,S1_D08,2,13,6,102,output,YRRRRBGYYBRBR,0.8461538461538461,1,0.6153846153846154
S1_D08_P2,S1_D08,2,13,7,103,output,GRBRYBRYBYBRB,0.6923076923076923,2,0.46153846153846156
S1_D08_P2,S1_D08,2,13,8,104,output,YRRRRBGYYRBRB,0.8461538461538461,1,0.6153846153846154
S1_D08_P2,S1_D08,2,14,0,,seed,GBGGGBRYYRBYY,,1,0.7692307692307693
S1_D08_P2,S1_D08,2,14,1,105,output,GBGGGBRYYRBGG,0.8461538461538461,1,0.6153846153846154
S1_D08_P2,S1_D08,2,14,2,106,output,GGBRGYYRBGBRY,0.6153846153846154,1,0.6153846153846154
S1_D08_P2,S1_D08,2,14,3,107,output,GBGGGRYYRBGGB,0.8461538461538461,1,0.6153846153846154
S1_D08_P2,S1_D08,2,14,4,108,output,GBGGGYRBGGBGB,0.6923076923076923,2,0.6153846153846154
S1_D08_P2,S1_D08,2,14,5,109,output,GBGGGBRYRBGGB,0.8461538461538461,1,0.6153846153846154
S1_D08_P2,S1_D08,2,14,6,110,output,GBGGYBRBGBGBG,0.6923076923076923,1,0.5384615384615384
S1_D08_P2,S1_D08,2,14,7,111,output,GBGGBRYBRGGBG,0.6923076923076923,2,0.6153846153846154
S1_D08_P2,S1_D08,2,14,8,112,output,GBGGBYRBGGBRY,0.7692307692307692,2,0.5384615384615384
S1_D08_P2,S1_D08,2,15,0,,seed,YGYYYBBBBGBGB,,1,0.5384615384615384
S1_D08_P2,S1_D08,2,15,1,113,output,YGYYYBBBBGBGB,1.0,1,0.5384615384615384
S1_D08_P2,S1_D08,2,15,2,114,output,YBYBBBGYBBYBR,0.8461538461538461,2,0.6153846153846154
S1_D08_P2,S1_D08,2,15,3,115,output,YGYYYBBBBGYBY,0.8461538461538461,1,0.6153846153846154
S1_D08_P2,S1_D08,2,15,4,116,output,GBGBBBYBBGBBR,0.8461538461538461,1,0.5384615384615384
S1_D08_P2,S1_D08,2,15,5,117,output,YGYYBBBGYYBBG,0.8461538461538461,1,0.46153846153846156
S1_D08_P2,S1_D08,2,15,6,118,output,GBGBBYBGRBGBB,0.7692307692307692,1,0.5384615384615384
S1_D08_P2,S1_D08,2,15,7,119,output,GBYYBGYBBGYBY,0.5384615384615384,2,0.5384615384615384
S1_D08_P2,S1_D08,2,15,8,120,output,GBGBBYBYBRGBB,0.6923076923076923,1,0.5384615384615384
S1_D09_P1,S1_D09,1,1,0,,seed,YYGBRYGRGBBGG,,1,0.7692307692307693
S1_D09_P1,S1_D09,1,1,1,1,output,YYGBRGYRGBGGR,0.6923076923076923,1,0.7692307692307693
S1_D09_P1,S1_D09,1,1,2,2,output,BBGRYRGBRGYBY,0.6923076923076923,1,0.7692307692307693
S1_D09_P1,S1_D09,1,1,3,3,output,YYGBRGYGRYYGB,0.7692307692307692,2,0.6153846153846154
S1_D09_P1,S1_D09,1,1,4,4,output,BBGYRRGYBBRGY,0.6153846153846154,2,0.6153846153846154
S1_D09_P1,S1_D09,1,1,5,5,output,YYGBRGYBRGGRY,0.6153846153846154,1,0.6153846153846154
S1_D09_P1,S1_D09,1,1,6,6,output,BBGYRGRYGRGRB,0.6923076923076923,1,0.6153846153846154
S1_D09_P1,S1_D09,1,1,7,7,output,YYGBRYBRBGGGG,0.7692307692307692,1,0.6153846153846154
S1_D09_P1,S1_D09,1,1,8,8,output,BBGYRGYGRYRYB,0.8461538461538461,1,0.7692307692307693
S1_D09_P1,S1_D09,1,2,0,,seed,RYYRYGGBRYBYY,,1,0.7692307692307693
S1_D09_P1,S1_D09,1,2,1,9,output,RYYRYGRGBRGYY,0.7692307692307692,1,0.7692307692307693
S1_D09_P1,S1_D09,1,2,2,10,output,RGRGBRBRGRYYY,1.0,1,0.7692307692307693
S1_D09_P1,S1_D09,1,2,3,11,output,RYYRGBRGYBRYY,0.7692307692307692,1,0.7692307692307693
S1_D09_P1,S1_D09,1,2,4,12,output,RGRGBRBRYYYYY,1.0,1,0.5384615384615384
S1_D09_P1,S1_D09,1,2,5,13,output,RYYRGBGRBYYYY,0.7692307692307692,1,0.6153846153846154
S1_D09_P1,S1_D09,1,2,6,14,output,RGRGBRBRYYYYY,1.0,1,0.5384615384615384
S1_D09_P1,S1_D09,1,2,7,15,output,RYYRGBGRYYYYY,0.9230769230769231,1,0.5384615384615384
S1_D09_P1,S1_D09,1,2,8,16,output,RGRGBRBRYYYYY,1.0,1,0.5384615384615384
S1_D09_P1,S1_D09,1,3,0,,seed,GGRBGYRRRYBRY,,1,0.7692307692307693
S1_D09_P1,S1_D09,1,3,1,17,output,GGRBGYRGGRYYY,0.6923076923076923,1,0.7692307692307693
S1_D09_P1,S1_D09,1,3,2,18,output,GYGYBRGYRRRRR,0.6153846153846154,1,0.5384615384615384
S1_D09_P1,S1_D09,1,3,3,19,output,GYRBGYRGRYYYY,0.8461538461538461,1,0.6153846153846154
S1_D09_P1,S1_D09,1,3,4,20,output,GYGYBRGYRRRRR,1.0,1,0.5384615384615384
S1_D09_P1,S1_D09,1,3,5,21,output,GYRBGYRYYYYYY,0.9230769230769231,1,0.46153846153846156
S1_D09_P1,S1_D09,1,3,6,22,output,GYGYBRGYGRRRR,1.0,1,0.6153846153846154
S1_D09_P1,S1_D09,1,3,7,23,output,GYRBGYRGYYYYY,0.9230769230769231,2,0.5384615384615384
S1_D09_P1,S1_D09,1,3,8,24,output,GYGYBRGYGRRRR,1.0,1,0.6153846153846154
S1_D09_P1,S1_D09,1,4,0,,seed,YBGRRGRBBGYRR,,1,0.7692307692307693
S1_D09_P1,S1_D09,1,4,1,25,output,YBGRRGYBGYRRR,0.7692307692307692,1,0.7692307692307693
S1_D09_P1,S1_D09,1,4,2,26,output,BGBYBGBGYBBYY,0.6923076923076923,1,0.7692307692307693
S1_D09_P1,S1_D09,1,4,3,27,output,YBGRRGYBYGGRR,0.9230769230769231,1,0.6153846153846154
S1_D09_P1,S1_D09,1,4,4,28,output,BGBYBGBGYBYYY,0.9230769230769231,1,0.7692307692307693
S1_D09_P1,S1_D09,1,4,5,29,output,YBGRRGYBGBYGR,0.6923076923076923,1,0.7692307692307693
S1_D09_P1,S1_D09,1,4,6,30,output,BGBYBGRYYYYYY,0.8461538461538461,1,0.46153846153846156
S1_D09_P1,S1_D09,1,4,7,31,output,YBYRGYYBGYRRR,0.7692307692307692,1,0.7692307692307693
S1_D09_P1,S1_D09,1,4,8,32,output,BGBYBGRYYYYYY,1.0,1,0.46153846153846156
S1_D09_P1,S1_D09,1,5,0,,seed,YGGBBBBGRRYBY,,1,0.6153846153846154
S1_D09_P1,S1_D09,1,5,1,33,output,YGBBBGRYBGRBR,0.46153846153846156,1,0.6153846153846154
S1_D09_P1,S1_D09,1,5,2,34,output,RYRBYYYYYYYYY,1.0,2,0.23076923076923078
S1_D09_P1,S1_D09,1,5,3,35,output,YGBBBGRYGBRRR,0.8461538461538461,1,0.7692307692307693
S1_D09_P1,S1_D09,1,5,4,36,output,RYRBYYYYYYYYY,1.0,2,0.23076923076923078
S1_D09_P1,S1_D09,1,5,5,37,output,YGBBBGRYRRRRR,1.0,1,0.5384615384615384
S1_D09_P1,S1_D09,1,5,6,38,output,RYRBYYYYYYYYY,1.0,2,0.23076923076923078
S1_D09_P1,S1_D09,1,5,7,39,output,YGBBBGRYRRRRR,1.0,1,0.5384615384615384
S1_D09_P1,S1_D09,1,5,8,40,output,RYRBYYYYYYYYY,1.0,2,0.23076923076923078
S1_D09_P1,S1_D09,1,6,0,,seed,RBGBRBGBRBRRG,,2,0.46153846153846156
S1_D09_P1,S1_D09,1,6,1,41,output,RBGBRBGYRGBBB,0.6153846153846154,1,0.7692307692307693
S1_D09_P1,S1_D09,1,6,2,42,output,GGBBGGGGGGGGG,1.0,2,0.23076923076923078
S1_D09_P1,S1_D09,1,6,3,43,output,RBGBRBGYYGRBB,0.8461538461538461,2,0.7692307692307693
S1_D09_P1,S1_D09,1,6,4,44,output,GGBBGGGGGGGGG,1.0,2,0.23076923076923078
S1_D09_P1,S1_D09,1,6,5,45,output,RBGBRYYYGBRBB,0.8461538461538461,1,0.6153846153846154
S1_D09_P1,S1_D09,1,6,6,46,output,GGBBGGGGGGGGG,1.0,2,0.23076923076923078
S1_D09_P1,S1_D09,1,6,7,47,output,RBGBRYGGRBBBB,0.8461538461538461,1,0.6153846153846154
S1_D09_P1,S1_D09,1,6,8,48,output,GGBBGGGGGGGGG,1.0,2,0.23076923076923078
S1_D09_P1,S1_D09,1,7,0,,seed,RGGRGGGBBYRGY,,2,0.7692307692307693
S1_D09_P1,S1_D09,1,7,1,49,output,RBGRGGBBRYGBR,0.5384615384615384,1,0.7692307692307693
S1_D09_P1,S1_D09,1,7,2,50,output,RBYGRRGGYYYYY,1.0,1,0.5384615384615384
S1_D09_P1,S1_D09,1,7,3,51,output,RBGRGGBBRGYGR,0.9230769230769231,1,0.7692307692307693
S1_D09_P1,S1_D09,1,7,4,52,output,RBGRGBYYYYYYY,0.6923076923076923,1,0.38461538461538464
S1_D09_P1,S1_D09,1,7,5,53,output,RBGRGGBBYGRRR,0.6923076923076923,1,0.7692307692307693
S1_D09_P1,S1_D09,1,7,6,54,output,RBGRGBYYYYYYY,1.0,1,0.38461538461538464
S1_D09_P1,S1_D09,1,7,7,55,output,RBGRGGBBGYRRR,0.8461538461538461,1,0.7692307692307693
S1_D09_P1,S1_D09,1,7,8,56,output,RBGRGBYYYYYYY,1.0,1,0.38461538461538464
S1_D09_P1,S1_D09,1,8,0,,seed,BYRBYGYGBBBBG,,1,0.6153846153846154
S1_D09_P1,S1_D09,1,8,1,57,output,BYRBYBRGBBBBB,0.7692307692307692,1,0.5384615384615384
S1_D09_P1,S1_D09,1,8,2,58,output,RGBYGGGGGGGGG,0.9230769230769231,2,0.23076923076923078
S1_D09_P1,S1_D09,1,8,3,59,output,BYRBYBBBBBBBB,1.0,2,0.3076923076923077
S1_D09_P1,S1_D09,1,8,4,60,output,RGBYGGGGGGGGG,1.0,2,0.23076923076923078
S1_D09_P1,S1_D09,1,8,5,61,output,BYRBYBBBBBBBB,1.0,2,0.3076923076923077
S1_D09_P1,S1_D09,1,8,6,62,output,RGBYGGGGGGGGG,1.0,2,0.23076923076923078
S1_D09_P1,S1_D09,1,8,7,63,output,BYRBYBBBBBBBB,1.0,2,0.3076923076923077
S1_D09_P1,S1_D09,1,8,8,64,output,RGBYGGGGGGGGG,1.0,2,0.23076923076923078
S1_D09_P1,S1_D09,1,9,0,,seed,RYBYRYGRBYBBR,,1,0.7692307692307693
S1_D09_P1,S1_D09,1,9,1,65,output,RYBYRGYBYYRRR,0.6153846153846154,1,0.6153846153846154
S1_D09_P1,S1_D09,1,9,2,66,output,RGRRGYRGYRGBB,0.6153846153846154,2,0.46153846153846156
S1_D09_P1,S1_D09,1,9,3,67,output,RYBYBGYGYBRGB,0.6923076923076923,1,0.7692307692307693
S1_D09_P1,S1_D09,1,9,4,68,output,RGRRGYRGYRBBB,0.9230769230769231,2,0.5384615384615384
S1_D09_P1,S1_D09,1,9,5,69,output,RYBYBGYBGBBBB,0.8461538461538461,2,0.5384615384615384
S1_D09_P1,S1_D09,1,9,6,70,output,RYRGGYRGBBBBB,0.8461538461538461,1,0.46153846153846156
S1_D09_P1,S1_D09,1,9,7,71,output,RYBYBGYBBBBBB,1.0,1,0.46153846153846156
S1_D09_P1,S1_D09,1,9,8,72,output,RYRGYRBBBBBBB,1.0,1,0.38461538461538464
S1_D09_P1,S1_D09,1,10,0,,seed,GRGBGYGRRGYYR,,1,0.7692307692307693
S1_D09_P1,S1_D09,1,10,1,73,output,GRGBGYGRGBYYY,0.7692307692307692,1,0.6153846153846154
S1_D09_P1,S1_D09,1,10,2,74,output,BBYBBYRRRRRRR,0.8461538461538461,1,0.38461538461538464
S1_D09_P1,S1_D09,1,10,3,75,output,GRGBGYGRYYYYY,1.0,1,0.5384615384615384
S1_D09_P1,S1_D09,1,10,4,76,output,BBYBBYRRRRRRR,1.0,1,0.38461538461538464
S1_D09_P1,S1_D09,1,10,5,77,output,GRGBGYGRYYYYY,1.0,1,0.5384615384615384
S1_D09_P1,S1_D09,1,10,6,78,output,BBYBBYRRRRRRR,1.0,1,0.38461538461538464
S1_D09_P1,S1_D09,1,10,7,79,output,GRGBGYYYYYYYY,1.0,2,0.3076923076923077
S1_D09_P1,S1_D09,1,10,8,80,output,BBYBBYRRRRRRR,1.0,1,0.38461538461538464
S1_D09_P1,S1_D09,1,11,0,,seed,RBRRGYBBGRRRB,,1,0.7692307692307693
S1_D09_P1,S1_D09,1,11,1,81,output,RBRRYGRGRRRBR,0.6923076923076923,1,0.7692307692307693
S1_D09_P1,S1_D09,1,11,2,82,output,YYGRBYYYYYYYY,1.0,2,0.3076923076923077
S1_D09_P1,S1_D09,1,11,3,83,output,RBRRYGRGYRBBR,0.7692307692307692,1,0.7692307692307693
S1_D09_P1,S1_D09,1,11,4,84,output,YYGRBYYYYYYYY,1.0,2,0.3076923076923077
S1_D09_P1,S1_D09,1,11,5,85,output,RBRRYGRBBBBBB,0.9230769230769231,1,0.46153846153846156
S1_D09_P1,S1_D09,1,11,6,86,output,YYGRBYYYYYYYY,1.0,2,0.3076923076923077
S1_D09_P1,S1_D09,1,11,7,87,output,RBRRYGRBBBBBB,1.0,1,0.46153846153846156
S1_D09_P1,S1_D09,1,11,8,88,output,YYGRBYYYYYYYY,1.0,2,0.3076923076923077
S1_D09_P1,S1_D09,1,12,0,,seed,GYBRGYYBGGGYR,,1,0.7692307692307693
S1_D09_P1,S1_D09,1,12,1,89,output,GYBRGYYBRYGBY,0.6923076923076923,1,0.6153846153846154
S1_D09_P1,S1_D09,1,12,2,90,output,YRBYGBYRRRRRR,1.0,1,0.46153846153846156
S1_D09_P1,S1_D09,1,12,3,91,output,GYBRGYYBRYYYY,1.0,1,0.5384615384615384
S1_D09_P1,S1_D09,1,12,4,92,output,YRBYGBYRRRRRR,1.0,1,0.46153846153846156
S1_D09_P1,S1_D09,1,12,5,93,output,GRBYGYYYYYYYY,1.0,2,0.3076923076923077
S1_D09_P1,S1_D09,1,12,6,94,output,YRBYGBYRRRRRR,1.0,1,0.46153846153846156
S1_D09_P1,S1_D09,1,12,7,95,output,GRBYGYYYYYYYY,1.0,2,0.3076923076923077
S1_D09_P1,S1_D09,1,12,8,96,output,YRBYGBYRRRRRR,1.0,1,0.46153846153846156
S1_D09_P1,S1_D09,1,13,0,,seed,BGBBGRBYRRYBY,,1,0.7692307692307693
S1_D09_P1,S1_D09,1,13,1,97,output,BGBBGRBGRYYYY,0.7692307692307692,2,0.5384615384615384
S1_D09_P1,S1_D09,1,13,2,98,output,YGBBGRYRGGGGG,0.6923076923076923,1,0.5384615384615384
S1_D09_P1,S1_D09,1,13,3,99,output,BGBBGRBGRYYYY,1.0,2,0.5384615384615384
S1_D09_P1,S1_D09,1,13,4,100,output,YGBBGRYGRRRRR,0.5384615384615384,1,0.5384615384615384
S1_D09_P1,S1_D09,1,13,5,101,output,BGBBGRBGRYYYY,1.0,2,0.5384615384615384
S1_D09_P1,S1_D09,1,13,6,102,output,YGBBGRYGRRRRR,1.0,1,0.5384615384615384
S1_D09_P1,S1_D09,1,13,7,103,output,BGBBGRGRYYYYY,1.0,1,0.5384615384615384
S1_D09_P1,S1_D09,1,13,8,104,output,YGBBGRYGRRRRR,1.0,1,0.5384615384615384
S1_D09_P1,S1_D09,1,14,0,,seed,YYYYBGBRYYBYY,,2,0.6153846153846154
S1_D09_P1,S1_D09,1,14,1,105,output,YYYYBGBRGRYYY,0.7692307692307692,1,0.6153846153846154
S1_D09_P1,S1_D09,1,14,2,106,output,YRRRBGRBYYYYY,0.8461538461538461,1,0.5384615384615384
S1_D09_P1,S1_D09,1,14,3,107,output,YYYBGBRGYYYYY,0.8461538461538461,2,0.5384615384615384
S1_D09_P1,S1_D09,1,14,4,108,output,YRRRBGRBYYYYY,1.0,1,0.5384615384615384
S1_D09_P1,S1_D09,1,14,5,109,output,YYYBGBRGYYYYY,1.0,2,0.5384615384615384
S1_D09_P1,S1_D09,1,14,6,110,output,RRRBGRBYYYYYY,0.8461538461538461,1,0.46153846153846156
S1_D09_P1,S1_D09,1,14,7,111,output,YYYBGBRGYYYYY,1.0,2,0.5384615384615384
S1_D09_P1,S1_D09,1,14,8,112,output,GRBGRBYYYYYYY,1.0,1,0.38461538461538464
S1_D09_P1,S1_D09,1,15,0,,seed,BRYYBYGBYRYRB,,1,0.7692307692307693
S1_D09_P1,S1_D09,1,15,1,113,output,BRYYBYGBRYBGR,0.6923076923076923,1,0.7692307692307693
S1_D09_P1,S1_D09,1,15,2,114,output,BBGBYBYBBBBBB,0.8461538461538461,1,0.38461538461538464
S1_D09_P1,S1_D09,1,15,3,115,output,BRYYBRYRRRRRR,1.0,1,0.46153846153846156
S1_D09_P1,S1_D09,1,15,4,116,output,BBGGBYBBBBBBB,0.9230769230769231,1,0.38461538461538464
S1_D09_P1,S1_D09,1,15,5,117,output,YYBRYYRRBBBBB,0.3846153846153846,1,0.5384615384615384
S1_D09_P1,S1_D09,1,15,6,118,output,BBGBYBBBBBBBB,0.8461538461538461,2,0.3076923076923077
S1_D09_P1,S1_D09,1,15,7,119,output,YYBRYYRRBBBBB,1.0,1,0.5384615384615384
S1_D09_P1,S1_D09,1,15,8,120,output,BBGBBBBBBBBBB,1.0,2,0.15384615384615385
S1_D09_P2,S1_D09,2,1,0,,seed,BBRGRBYYRYRGY,,1,0.7692307692307693
S1_D09_P2,S1_D09,2,1,1,1,output,BBRGRYRRBGRBY,0.6153846153846154,1,0.7692307692307693
S1_D09_P2,S1_D09,2,1,2,2,output,YYGBRGYRRRRGB,0.6923076923076923,1,0.6153846153846154
S1_D09_P2,S1_D09,2,1,3,3,output,BBGRYRGRBGRYY,0.6923076923076923,2,0.5384615384615384
S1_D09_P2,S1_D09,2,1,4,4,output,YYGBRGYGGYYYY,0.7692307692307692,1,0.6153846153846154
S1_D09_P2,S1_D09,2,1,5,5,output,BBGYRRGYBGRRB,0.7692307692307692,1,0.7692307692307693
S1_D09_P2,S1_D09,2,1,6,6,output,YYGBRGRBGGGGG,0.6923076923076923,1,0.5384615384615384
S1_D09_P2,S1_D09,2,1,7,7,output,BBGYRGRYGRYRB,0.9230769230769231,1,0.6153846153846154
S1_D09_P2,S1_D09,2,1,8,8,output,YYGBRYBRBYGGG,0.9230769230769231,1,0.7692307692307693
S1_D09_P2,S1_D09,2,2,0,,seed,RGRBRBRBGRYYB,,1,0.5384615384615384
S1_D09_P2,S1_D09,2,2,1,9,output,RGRGBRBRGRYYY,0.7692307692307692,1,0.7692307692307693
S1_D09_P2,S1_D09,2,2,2,10,output,RYYRGBRGBYYYY,0.6923076923076923,1,0.5384615384615384
S1_D09_P2,S1_D09,2,2,3,11,output,RGRGBRBRYYYYY,0.8461538461538461,1,0.5384615384615384
S1_D09_P2,S1_D09,2,2,4,12,output,RYYRGBRGBRYYY,0.8461538461538461,1,0.5384615384615384
S1_D09_P2,S1_D09,2,2,5,13,output,RGRGBRBRYYYYY,1.0,1,0.5384615384615384
S1_D09_P2,S1_D09,2,2,6,14,output,RYYRGBGRBYYYY,1.0,1,0.6153846153846154
S1_D09_P2,S1_D09,2,2,7,15,output,RGRGBRBRYYYYY,1.0,1,0.5384615384615384
S1_D09_P2,S1_D09,2,2,8,16,output,RYYRGBGRYYYYY,1.0,1,0.5384615384615384
S1_D09_P2,S1_D09,2,3,0,,seed,GYBYRYGGYGBRB,,1,0.7692307692307693
S1_D09_P2,S1_D09,2,3,1,17,output,GYBYRYGGYRRRR,0.7692307692307692,1,0.6153846153846154
S1_D09_P2,S1_D09,2,3,2,18,output,GYRBGGRGYYYYY,0.6923076923076923,1,0.5384615384615384
S1_D09_P2,S1_D09,2,3,3,19,output,GYGYBRGYRRRRR,1.0,1,0.5384615384615384
S1_D09_P2,S1_D09,2,3,4,20,output,GYRBGYRGYYYYY,0.9230769230769231,2,0.5384615384615384
S1_D09_P2,S1_D09,2,3,5,21,output,GYGYBRGYGRRRR,0.9230769230769231,1,0.6153846153846154
S1_D09_P2,S1_D09,2,3,6,22,output,GYRBGYRYYYYYY,1.0,1,0.46153846153846156
S1_D09_P2,S1_D09,2,3,7,23,output,GYGYBRGYGRRRR,1.0,1,0.6153846153846154
S1_D09_P2,S1_D09,2,3,8,24,output,GYRBGYRGYYYYY,1.0,2,0.5384615384615384
S1_D09_P2,S1_D09,2,4,0,,seed,BYGYBGGGBBYGB,,1,0.7692307692307693
S1_D09_P2,S1_D09,2,4,1,25,output,BGYYBGGGBBGYY,0.6153846153846154,2,0.6153846153846154
S1_D09_P2,S1_D09,2,4,2,26,output,YBGRRGYBYGRRR,0.8461538461538461,1,0.6153846153846154
S1_D09_P2,S1_D09,2,4,3,27,output,BGBYBGBGYGYYY,0.8461538461538461,1,0.7692307692307693
S1_D09_P2,S1_D09,2,4,4,28,output,YBGRRGYBYGGRR,1.0,1,0.6153846153846154
S1_D09_P2,S1_D09,2,4,5,29,output,BGBYBGBGYYYYY,0.9230769230769231,1,0.5384615384615384
S1_D09_P2,S1_D09,2,4,6,30,output,YBGRRYYBGBRRR,0.7692307692307692,1,0.7692307692307693
S1_D09_P2,S1_D09,2,4,7,31,output,BGBYBGRYYYYYY,1.0,1,0.46153846153846156
S1_D09_P2,S1_D09,2,4,8,32,output,YBYRGGYBRRRRR,0.7692307692307692,1,0.5384615384615384
S1_D09_P2,S1_D09,2,5,0,,seed,RYRBYYYGGYRGR,,1,0.7692307692307693
S1_D09_P2,S1_D09,2,5,1,33,output,RYRBYYYYYYYYY,0.6153846153846154,2,0.23076923076923078
S1_D09_P2,S1_D09,2,5,2,34,output,YGBBBGRYBRRRR,0.8461538461538461,1,0.6153846153846154
S1_D09_P2,S1_D09,2,5,3,35,output,RYRBYYYYYYYYY,1.0,2,0.23076923076923078
S1_D09_P2,S1_D09,2,5,4,36,output,YGBBBGRYRRRRR,0.8461538461538461,1,0.5384615384615384
S1_D09_P2,S1_D09,2,5,5,37,output,RYRBYYYYYYYYY,1.0,2,0.23076923076923078
S1_D09_P2,S1_D09,2,5,6,38,output,YGBBBGRYRRRRR,1.0,1,0.5384615384615384
S1_D09_P2,S1_D09,2,5,7,39,output,RYRBYYYYYYYYY,1.0,2,0.23076923076923078
S1_D09_P2,S1_D09,2,5,8,40,output,YGBBBGRYRRRRR,1.0,1,0.5384615384615384
S1_D09_P2,S1_D09,2,6,0,,seed,GGGBGGGBBRGBB,,1,0.5384615384615384
S1_D09_P2,S1_D09,2,6,1,41,output,GGBBGGGGGGGGG,0.5384615384615384,2,0.23076923076923078
S1_D09_P2,S1_D09,2,6,2,42,output,RBGBRBGYGRBBB,0.8461538461538461,2,0.7692307692307693
S1_D09_P2,S1_D09,2,6,3,43,output,GGBBGGGGGGGGG,1.0,2,0.23076923076923078
S1_D09_P2,S1_D09,2,6,4,44,output,RBGBRYYYGRBBB,0.7692307692307692,1,0.7692307692307693
S1_D09_P2,S1_D09,2,6,5,45,output,GGBBGGGGGGGGG,1.0,2,0.23076923076923078
S1_D09_P2,S1_D09,2,6,6,46,output,RBGBRYGRGBBBB,0.7692307692307692,1,0.6153846153846154
S1_D09_P2,S1_D09,2,6,7,47,output,GGBBGGGGGGGGG,1.0,2,0.23076923076923078
S1_D09_P2,S1_D09,2,6,8,48,output,RBGBRYGRGBBBB,0.8461538461538461,1,0.6153846153846154
S1_D09_P2,S1_D09,2,7,0,,seed,RBYGRRGGYRBBG,,1,0.7692307692307693
S1_D09_P2,S1_D09,2,7,1,49,output,RBYGRRGGYYYYY,0.6923076923076923,1,0.5384615384615384
S1_D09_P2,S1_D09,2,7,2,50,output,RBGRGGBBRGYGG,0.7692307692307692,1,0.7692307692307693
S1_D09_P2,S1_D09,2,7,3,51,output,RBYGRRGYYYYYY,0.9230769230769231,1,0.46153846153846156
S1_D09_P2,S1_D09,2,7,4,52,output,RBGRGGBBBBYGR,0.8461538461538461,1,0.6153846153846154
S1_D09_P2,S1_D09,2,7,5,53,output,RBGRGBYYYYYYY,1.0,1,0.38461538461538464
S1_D09_P2,S1_D09,2,7,6,54,output,RBGRGGBBYGRRR,1.0,1,0.7692307692307693
S1_D09_P2,S1_D09,2,7,7,55,output,RBGRGBYYYYYYY,1.0,1,0.38461538461538464
S1_D09_P2,S1_D09,2,7,8,56,output,RBGRGGBBGYGRR,0.9230769230769231,1,0.7692307692307693
S1_D09_P2,S1_D09,2,8,0,,seed,RGBYYGGGRBGGG,,1,0.6153846153846154
S1_D09_P2,S1_D09,2,8,1,57,output,RGBYYGGGGGGGG,0.8461538461538461,2,0.3076923076923077
S1_D09_P2,S1_D09,2,8,2,58,output,BYRBYBBBBBBBB,0.8461538461538461,2,0.3076923076923077
S1_D09_P2,S1_D09,2,8,3,59,output,RGBYGGGGGGGGG,1.0,2,0.23076923076923078
S1_D09_P2,S1_D09,2,8,4,60,output,BYRBYBBBBBBBB,1.0,2,0.3076923076923077
S1_D09_P2,S1_D09,2,8,5,61,output,RGBYGGGGGGGGG,1.0,2,0.23076923076923078
S1_D09_P2,S1_D09,2,8,6,62,output,BYRBYBBBBBBBB,1.0,2,0.3076923076923077
S1_D09_P2,S1_D09,2,8,7,63,output,RGBYGGGGGGGGG,1.0,2,0.23076923076923078
S1_D09_P2,S1_D09,2,8,8,64,output,BYRBYBBBBBBBB,1.0,2,0.3076923076923077
S1_D09_P2,S1_D09,2,9,0,,seed,RGRRGYRRBBYBY,,1,0.7692307692307693
S1_D09_P2,S1_D09,2,9,1,65,output,RGRRGYRRYYYYY,0.7692307692307692,1,0.5384615384615384
S1_D09_P2,S1_D09,2,9,2,66,output,RYBYBGYBYYRRR,0.9230769230769231,1,0.6153846153846154
S1_D09_P2,S1_D09,2,9,3,67,output,RGRRGYRGYBBBB,0.8461538461538461,2,0.5384615384615384
S1_D09_P2,S1_D09,2,9,4,68,output,RYBYBGYGBBBBB,0.7692307692307692,1,0.5384615384615384
S1_D09_P2,S1_D09,2,9,5,69,output,RGRRGYRGBBBBB,0.8461538461538461,1,0.5384615384615384
S1_D09_P2,S1_D09,2,9,6,70,output,RYBYBGYBBBBBB,0.9230769230769231,1,0.46153846153846156
S1_D09_P2,S1_D09,2,9,7,71,output,RYRGYRBBBBBBB,0.7692307692307692,1,0.38461538461538464
S1_D09_P2,S1_D09,2,9,8,72,output,RYBYBGYBBBBBB,1.0,1,0.46153846153846156
S1_D09_P2,S1_D09,2,10,0,,seed,BBYBBRYGBGRGB,,1,0.7692307692307693
S1_D09_P2,S1_D09,2,10,1,73,output,BBYBBRYRRRRRR,0.6153846153846154,1,0.46153846153846156
S1_D09_P2,S1_D09,2,10,2,74,output,GRGBGYGRYYYYY,0.8461538461538461,1,0.5384615384615384
S1_D09_P2,S1_D09,2,10,3,75,output,BBYBBYRRRRRRR,1.0,1,0.38461538461538464
S1_D09_P2,S1_D09,2,10,4,76,output,GRGBGYGRYYYYY,1.0,1,0.5384615384615384
S1_D09_P2,S1_D09,2,10,5,77,output,BBYBBYRRRRRRR,1.0,1,0.38461538461538464
S1_D09_P2,S1_D09,2,10,6,78,output,GRGBGYYYYYYYY,0.8461538461538461,2,0.3076923076923077
S1_D09_P2,S1_D09,2,10,7,79,output,BBYBBYRRRRRRR,1.0,1,0.38461538461538464
S1_D09_P2,S1_D09,2,10,8,80,output,GRGBGYYYYYYYY,1.0,2,0.3076923076923077
S1_D09_P2,S1_D09,2,11,0,,seed,YYGYRBYBBYGYG,,1,0.6153846153846154
S1_D09_P2,S1_D09,2,11,1,81,output,YYGRBYYYYYYYY,0.5384615384615384,2,0.3076923076923077
S1_D09_P2,S1_D09,2,11,2,82,output,RBRRYGRGRRRRR,0.9230769230769231,1,0.5384615384615384
S1_D09_P2,S1_D09,2,11,3,83,output,YYGRBYYYYYYYY,1.0,2,0.3076923076923077
S1_D09_P2,S1_D09,2,11,4,84,output,RBRRYGRGBBBBB,0.7692307692307692,1,0.5384615384615384
S1_D09_P2,S1_D09,2,11,5,85,output,YYGRBYYYYYYYY,1.0,2,0.3076923076923077
S1_D09_P2,S1_D09,2,11,6,86,output,RBRRYGRBBBBBB,1.0,1,0.46153846153846156
S1_D09_P2,S1_D09,2,11,7,87,output,YYGRBYYYYYYYY,1.0,2,0.3076923076923077
S1_D09_P2,S1_D09,2,11,8,88,output,RBRRYGBBBBBBB,0.9230769230769231,1,0.38461538461538464
S1_D09_P2,S1_D09,2,12,0,,seed,YRBYGBYRRRYRB,,1,0.7692307692307693
S1_D09_P2,S1_D09,2,12,1,89,output,YRBYGBYRRRRRR,0.8461538461538461,1,0.46153846153846156
S1_D09_P2,S1_D09,2,12,2,90,output,GYBRGYYBRYYYY,0.8461538461538461,1,0.5384615384615384
S1_D09_P2,S1_D09,2,12,3,91,output,YRBYGBYRRRRRR,1.0,1,0.46153846153846156
S1_D09_P2,S1_D09,2,12,4,92,output,GRBYGYYYYYYYY,0.6923076923076923,2,0.3076923076923077
S1_D09_P2,S1_D09,2,12,5,93,output,YRBYGBYRRRRRR,1.0,1,0.46153846153846156
S1_D09_P2,S1_D09,2,12,6,94,output,GRBYGYYYYYYYY,1.0,2,0.3076923076923077
S1_D09_P2,S1_D09,2,12,7,95,output,YRBYGBYRRRRRR,1.0,1,0.46153846153846156
S1_D09_P2,S1_D09,2,12,8,96,output,GRBYGYYYYYYYY,1.0,2,0.3076923076923077
S1_D09_P2,S1_D09,2,13,0,,seed,YBBGYRRGYGBRG,,1,0.7692307692307693
S1_D09_P2,S1_D09,2,13,1,97,output,YBBGYRRGGGGGG,0.7692307692307692,1,0.46153846153846156
S1_D09_P2,S1_D09,2,13,2,98,output,BGBBGRBGRYYYY,1.0,2,0.5384615384615384
S1_D09_P2,S1_D09,2,13,3,99,output,YGBBGRYRGGGGG,1.0,1,0.5384615384615384
S1_D09_P2,S1_D09,2,13,4,100,output,BGBBGRBGRYYYY,1.0,2,0.5384615384615384
S1_D09_P2,S1_D09,2,13,5,101,output,YGBBGRYGRRRRR,1.0,1,0.5384615384615384
S1_D09_P2,S1_D09,2,13,6,102,output,BGBBGRGRYYYYY,0.8461538461538461,1,0.5384615384615384
S1_D09_P2,S1_D09,2,13,7,103,output,YGBBGRYGRRRRR,1.0,1,0.5384615384615384
S1_D09_P2,S1_D09,2,13,8,104,output,BGBYGRGRYYYYY,0.9230769230769231,1,0.5384615384615384
S1_D09_P2,S1_D09,2,14,0,,seed,YRRRBGBRBYYRY,,1,0.7692307692307693
S1_D09_P2,S1_D09,2,14,1,105,output,YRRRBBGRYYYYY,0.6923076923076923,1,0.5384615384615384
S1_D09_P2,S1_D09,2,14,2,106,output,YYYYBGBRGYYYY,0.9230769230769231,2,0.6153846153846154
S1_D09_P2,S1_D09,2,14,3,107,output,YRRRBGRBYYYYY,1.0,1,0.5384615384615384
S1_D09_P2,S1_D09,2,14,4,108,output,YYYBGBRGYYYYY,1.0,2,0.5384615384615384
S1_D09_P2,S1_D09,2,14,5,109,output,YRRRBGRBYYYYY,1.0,1,0.5384615384615384
S1_D09_P2,S1_D09,2,14,6,110,output,YYYBGBRGYYYYY,1.0,2,0.5384615384615384
S1_D09_P2,S1_D09,2,14,7,111,output,GRBGRBYYYYYYY,0.7692307692307692,1,0.38461538461538464
S1_D09_P2,S1_D09,2,14,8,112,output,YYYBGBRGYYYYY,1.0,2,0.5384615384615384
S1_D09_P2,S1_D09,2,15,0,,seed,BBGYGGBGBYBBB,,1,0.7692307692307693
S1_D09_P2,S1_D09,2,15,1,113,output,BBGYBBYBBBBBB,0.6153846153846154,2,0.46153846153846156
S1_D09_P2,S1_D09,2,15,2,114,output,BRYYBRYRRRRRR,0.5384615384615384,1,0.46153846153846156
S1_D09_P2,S1_D09,2,15,3,115,output,BBGBBYBBBBBBB,0.8461538461538461,1,0.38461538461538464
S1_D09_P2,S1_D09,2,15,4,116,output,BRYYBRYBBRRRR,0.8461538461538461,2,0.6153846153846154
S1_D09_P2,S1_D09,2,15,5,117,output,BBGYBBBBBBBBB,0.8461538461538461,2,0.23076923076923078
S1_D09_P2,S1_D09,2,15,6,118,output,YYBRYYRRBBBBB,1.0,1,0.5384615384615384
S1_D09_P2,S1_D09,2,15,7,119,output,BBGBBBBBBBBBB,0.9230769230769231,2,0.15384615384615385
S1_D09_P2,S1_D09,2,15,8,120,output,YYBRYYBBBBBBB,0.8461538461538461,1,0.38461538461538464
S1_D10_P1,S1_D10,1,1,0,,seed,GRBBGYYYYGYYG,,2,0.5384615384615384
S1_D10_P1,S1_D10,1,1,1,1,output,GRBYGYGYYYYGY,0.6923076923076923,1,0.5384615384615384
S1_D10_P1,S1_D10,1,1,2,2,output,RGYGRBBBBRGYG,0.6153846153846154,1,0.5384615384615384
S1_D10_P1,S1_D10,1,1,3,3,output,GRBBYRYYYYYYY,0.7692307692307692,1,0.38461538461538464
S1_D10_P1,S1_D10,1,1,4,4,output,RGYBBGRBBBBBB,0.9230769230769231,1,0.46153846153846156
S1_D10_P1,S1_D10,1,1,5,5,output,GRBBYYYYYYYYY,1.0,2,0.23076923076923078
S1_D10_P1,S1_D10,1,1,6,6,output,RGYBGYGRBBBBB,0.9230769230769231,1,0.5384615384615384
S1_D10_P1,S1_D10,1,1,7,7,output,GRBYYYYYYYYYY,0.9230769230769231,2,0.15384615384615385
S1_D10_P1,S1_D10,1,1,8,8,output,RGYBGBBBBBBBB,0.9230769230769231,2,0.3076923076923077
S1_D10_P1,S1_D10,1,2,0,,seed,GRGBYBYGRGRGY,,1,0.6153846153846154
S1_D10_P1,S1_D10,1,2,1,9,output,GRGBYBYBGRGRY,0.8461538461538461,1,0.6153846153846154
S1_D10_P1,S1_D10,1,2,2,10,output,BGBRYBRBRGBGB,0.5384615384615384,1,0.7692307692307693
S1_D10_P1,S1_D10,1,2,3,11,output,GRGRBYBYBYBYG,0.8461538461538461,2,0.38461538461538464
S1_D10_P1,S1_D10,1,2,4,12,output,BRGBGBGBGBRBB,0.6153846153846154,2,0.38461538461538464
S1_D10_P1,S1_D10,1,2,5,13,output,GRGRBYBYBYBYB,1.0,2,0.3076923076923077
S1_D10_P1,S1_D10,1,2,6,14,output,BRGRBBBBBBBBB,0.7692307692307692,2,0.23076923076923078
S1_D10_P1,S1_D10,1,2,7,15,output,GRGRBYBYBYBYB,1.0,2,0.3076923076923077
S1_D10_P1,S1_D10,1,2,8,16,output,BRGBRBBBBBBBB,0.8461538461538461,2,0.3076923076923077
S1_D10_P1,S1_D10,1,3,0,,seed,BGBBGGRRBYRYB,,1,0.7692307692307693
S1_D10_P1,S1_D10,1,3,1,17,output,BGRBBGGRYBYRY,0.7692307692307692,1,0.7692307692307693
S1_D10_P1,S1_D10,1,3,2,18,output,YBGYBYRRRRRRR,0.6923076923076923,1,0.38461538461538464
S1_D10_P1,S1_D10,1,3,3,19,output,BGRBYRBBBBBBB,0.6923076923076923,1,0.38461538461538464
S1_D10_P1,S1_D10,1,3,4,20,output,YBGYBYRRRRRRR,1.0,1,0.38461538461538464
S1_D10_P1,S1_D10,1,3,5,21,output,BGRYRBBBBBBBB,1.0,2,0.3076923076923077
S1_D10_P1,S1_D10,1,3,6,22,output,YBGYBRRRRRRRR,1.0,2,0.3076923076923077
S1_D10_P1,S1_D10,1,3,7,23,output,BGYRBBBBBBBBB,1.0,2,0.23076923076923078
S1_D10_P1,S1_D10,1,3,8,24,output,YBGYBRRRRRRRR,1.0,2,0.3076923076923077
S1_D10_P1,S1_D10,1,4,0,,seed,BRYBRYGGRYBGB,,1,0.6153846153846154
S1_D10_P1,S1_D10,1,4,1,25,output,BRYBBGRBRBBBB,0.5384615384615384,1,0.6153846153846154
S1_D10_P1,S1_D10,1,4,2,26,output,BYGBYGGRRRRRR,0.7692307692307692,1,0.46153846153846156
S1_D10_P1,S1_D10,1,4,3,27,output,BBRGBRYGRBBBB,0.6153846153846154,1,0.6153846153846154
S1_D10_P1,S1_D10,1,4,4,28,output,BYGBGGRRRRRRR,0.8461538461538461,1,0.38461538461538464
S1_D10_P1,S1_D10,1,4,5,29,output,BBRRGBBBBBBBB,0.8461538461538461,2,0.3076923076923077
S1_D10_P1,S1_D10,1,4,6,30,output,BYGBGRRRRRRRR,1.0,2,0.3076923076923077
S1_D10_P1,S1_D10,1,4,7,31,output,BBRRGBBBBBBBB,0.9230769230769231,2,0.3076923076923077
S1_D10_P1,S1_D10,1,4,8,32,output,BYGBGRRRRRRRR,1.0,2,0.3076923076923077
S1_D10_P1,S1_D10,1,5,0,,seed,BGYGYBRYYBYRR,,1,0.7692307692307693
S1_D10_P1,S1_D10,1,5,1,33,output,BYGBYRBYBRBYR,0.46153846153846156,2,0.6153846153846154
S1_D10_P1,S1_D10,1,5,2,34,output,YYBBRGRBBBBBB,0.6153846153846154,1,0.46153846153846156
S1_D10_P1,S1_D10,1,5,3,35,output,BYGBYRBBBBBBB,0.6153846153846154,1,0.38461538461538464
S1_D10_P1,S1_D10,1,5,4,36,output,YYBBRBBBBBBBB,0.8461538461538461,2,0.3076923076923077
S1_D10_P1,S1_D10,1,5,5,37,output,BYGBRBBBBBBBB,0.8461538461538461,2,0.3076923076923077
S1_D10_P1,S1_D10,1,5,6,38,output,YYBBRBBBBBBBB,1.0,2,0.3076923076923077
S1_D10_P1,S1_D10,1,5,7,39,output,BYGBRBBBBBBBB,1.0,2,0.3076923076923077
S1_D10_P1,S1_D10,1,5,8,40,output,YYBBRBBBBBBBB,1.0,2,0.3076923076923077
S1_D10_P1,S1_D10,1,6,0,,seed,GBRRYBYBYGRGR,,1,0.6153846153846154
S1_D10_P1,S1_D10,1,6,1,41,output,GGRRBYGRGRGRB,0.6153846153846154,1,0.5384615384615384
S1_D10_P1,S1_D10,1,6,2,42,output,GRBYRRRRRRRRR,0.7692307692307692,2,0.23076923076923078
S1_D10_P1,S1_D10,1,6,3,43,output,GGRRBYGRGRGRG,1.0,1,0.46153846153846156
S1_D10_P1,S1_D10,1,6,4,44,output,GRBYRRRRRRRRR,1.0,2,0.23076923076923078
S1_D10_P1,S1_D10,1,6,5,45,output,GGRRBYGGGGGGG,1.0,1,0.38461538461538464
S1_D10_P1,S1_D10,1,6,6,46,output,GRBYRRRRRRRRR,1.0,2,0.23076923076923078
S1_D10_P1,S1_D10,1,6,7,47,output,GGRRBYGGGGGGG,0.8461538461538461,1,0.38461538461538464
S1_D10_P1,S1_D10,1,6,8,48,output,GRBYRRRRRRRRR,1.0,2,0.23076923076923078
S1_D10_P1,S1_D10,1,7,0,,seed,YBBBYGRRRRRBR,,1,0.5384615384615384
S1_D10_P1,S1_D10,1,7,1,49,output,YBBBYGRRRRBRB,0.8461538461538461,1,0.6153846153846154
S1_D10_P1,S1_D10,1,7,2,50,output,YGBRYYYYYYYYY,1.0,2,0.23076923076923078
S1_D10_P1,S1_D10,1,7,3,51,output,YBBBYRRRRRRRR,0.8461538461538461,2,0.3076923076923077
S1_D10_P1,S1_D10,1,7,4,52,output,YGBRYYYYYYYYY,1.0,2,0.23076923076923078
S1_D10_P1,S1_D10,1,7,5,53,output,YBBBYRRRRRRRR,1.0,2,0.3076923076923077
S1_D10_P1,S1_D10,1,7,6,54,output,YGBRYYYYYYYYY,1.0,2,0.23076923076923078
S1_D10_P1,S1_D10,1,7,7,55,output,YBBBYRRRRRRRR,1.0,2,0.3076923076923077
S1_D10_P1,S1_D10,1,7,8,56,output,YGBRYYYYYYYYY,1.0,2,0.23076923076923078
S1_D10_P1,S1_D10,1,8,0,,seed,RGRGRGGBBRYYR,,1,0.6153846153846154
S1_D10_P1,S1_D10,1,8,1,57,output,RGRGRGBRYYYYY,0.6153846153846154,1,0.46153846153846156
S1_D10_P1,S1_D10,1,8,2,58,output,BBBRRGRBBGGGG,0.3846153846153846,1,0.6153846153846154
S1_D10_P1,S1_D10,1,8,3,59,output,RGRGBRYYYYYYY,1.0,1,0.38461538461538464
S1_D10_P1,S1_D10,1,8,4,60,output,BBBRGRBBBBBBB,0.7692307692307692,1,0.38461538461538464
S1_D10_P1,S1_D10,1,8,5,61,output,RGRGRGBRYYYYY,0.6923076923076923,1,0.46153846153846156
S1_D10_P1,S1_D10,1,8,6,62,output,BBBRGBBBBBBBB,1.0,2,0.3076923076923077
S1_D10_P1,S1_D10,1,8,7,63,output,RGRGBRYYYYYYY,1.0,1,0.38461538461538464
S1_D10_P1,S1_D10,1,8,8,64,output,BBBRGBBBBBBBB,1.0,2,0.3076923076923077
S1_D10_P1,S1_D10,1,9,0,,seed,BBBGBGGRGGBRG,,1,0.7692307692307693
S1_D10_P1,S1_D10,1,9,1,65,output,BBBGRGRBRBRBG,0.6153846153846154,1,0.5384615384615384
S1_D10_P1,S1_D10,1,9,2,66,output,RGYRYRRRRRRRR,0.8461538461538461,1,0.3076923076923077
S1_D10_P1,S1_D10,1,9,3,67,output,BBBGRBBBBBBBB,1.0,2,0.3076923076923077
S1_D10_P1,S1_D10,1,9,4,68,output,RGYRYRRRRRRRR,1.0,1,0.3076923076923077
S1_D10_P1,S1_D10,1,9,5,69,output,BBBGRBBBBBBBB,1.0,2,0.3076923076923077
S1_D10_P1,S1_D10,1,9,6,70,output,GYRYRRRRRRRRR,0.8461538461538461,2,0.23076923076923078
S1_D10_P1,S1_D10,1,9,7,71,output,BBBGRBBBBBBBB,1.0,2,0.3076923076923077
S1_D10_P1,S1_D10,1,9,8,72,output,GYRYRRRRRRRRR,1.0,2,0.23076923076923078
S1_D10_P1,S1_D10,1,10,0,,seed,YGGGYGBGGBBRR,,1,0.7692307692307693
S1_D10_P1,S1_D10,1,10,1,73,output,YGBGGGGGRBRBB,0.5384615384615384,1,0.5384615384615384
S1_D10_P1,S1_D10,1,10,2,74,output,YRRBYGRRRRRRR,0.7692307692307692,1,0.38461538461538464
S1_D10_P1,S1_D10,1,10,3,75,output,YGBYGBBBBBBBB,0.6153846153846154,1,0.3076923076923077
S1_D10_P1,S1_D10,1,10,4,76,output,YRRBGRRRRRRRR,1.0,2,0.3076923076923077
S1_D10_P1,S1_D10,1,10,5,77,output,YGBYGBBBBBBBB,1.0,1,0.3076923076923077
S1_D10_P1,S1_D10,1,10,6,78,output,YRRBGRRRRRRRR,1.0,2,0.3076923076923077
S1_D10_P1,S1_D10,1,10,7,79,output,YGBYGBBBBBBBB,1.0,1,0.3076923076923077
S1_D10_P1,S1_D10,1,10,8,80,output,YRRBGRRRRRRRR,1.0,2,0.3076923076923077
S1_D10_P1,S1_D10,1,11,0,,seed,YYGBRBYGRYRYB,,1,0.7692307692307693
S1_D10_P1,S1_D10,1,11,1,81,output,YYGBRYGRRRRRB,0.6923076923076923,1,0.5384615384615384
S1_D10_P1,S1_D10,1,11,2,82,output,GGGYBRYGBBBBB,0.5384615384615384,1,0.5384615384615384
S1_D10_P1,S1_D10,1,11,3,83,output,YYGBYGRBBBBBB,0.6153846153846154,1,0.46153846153846156
S1_D10_P1,S1_D10,1,11,4,84,output,GGGYBRGBBBBBB,1.0,1,0.46153846153846156
S1_D10_P1,S1_D10,1,11,5,85,output,YYGBRYBBBBBBB,1.0,1,0.38461538461538464
S1_D10_P1,S1_D10,1,11,6,86,output,GGGYRGBBBBBBB,1.0,1,0.38461538461538464
S1_D10_P1,S1_D10,1,11,7,87,output,YYGBRYBBBBBBB,1.0,1,0.38461538461538464
S1_D10_P1,S1_D10,1,11,8,88,output,GGGYRBBBBBBBB,1.0,2,0.3076923076923077
S1_D10_P1,S1_D10,1,12,0,,seed,BYYGGGYBYGGBG,,1,0.6153846153846154
S1_D10_P1,S1_D10,1,12,1,89,output,BYYGBYGGGGYBY,0.5384615384615384,1,0.6153846153846154
S1_D10_P1,S1_D10,1,12,2,90,output,YYRGRBYYYYYYY,1.0,1,0.38461538461538464
S1_D10_P1,S1_D10,1,12,3,91,output,BYYGBGBBBBBBB,0.8461538461538461,1,0.38461538461538464
S1_D10_P1,S1_D10,1,12,4,92,output,YYRRGRBYYYYYY,0.6923076923076923,1,0.46153846153846156
S1_D10_P1,S1_D10,1,12,5,93,output,BYYGBYYYYYYYY,0.3846153846153846,1,0.3076923076923077
S1_D10_P1,S1_D10,1,12,6,94,output,YYRRBYGYYYYYY,0.8461538461538461,1,0.46153846153846156
S1_D10_P1,S1_D10,1,12,7,95,output,YYBBYGBYYYYYY,0.6923076923076923,1,0.46153846153846156
S1_D10_P1,S1_D10,1,12,8,96,output,YYRRBGYYYYYYY,0.8461538461538461,1,0.38461538461538464
S1_D10_P1,S1_D10,1,13,0,,seed,YGGRYGGRBYBRG,,1,0.6153846153846154
S1_D10_P1,S1_D10,1,13,1,97,output,YGGRBYGRBRBBB,0.6153846153846154,1,0.6153846153846154
S1_D10_P1,S1_D10,1,13,2,98,output,RGBGGGGGYBBBB,0.6923076923076923,1,0.46153846153846156
S1_D10_P1,S1_D10,1,13,3,99,output,GGRBYRRRRBBBB,0.8461538461538461,1,0.5384615384615384
S1_D10_P1,S1_D10,1,13,4,100,output,GRRBGGGRBBBBB,0.6153846153846154,1,0.5384615384615384
S1_D10_P1,S1_D10,1,13,5,101,output,GGGRBRBBBBBBB,0.5384615384615384,1,0.38461538461538464
S1_D10_P1,S1_D10,1,13,6,102,output,GGRRBGGGBBBBB,0.8461538461538461,1,0.5384615384615384
S1_D10_P1,S1_D10,1,13,7,103,output,GGGRBRBBBBBBB,1.0,1,0.38461538461538464
S1_D10_P1,S1_D10,1,13,8,104,output,GGGRBRGRBBBBB,0.5384615384615384,1,0.46153846153846156
S1_D10_P1,S1_D10,1,14,0,,seed,BGBRGRYBGBGGB,,1,0.7692307692307693
S1_D10_P1,S1_D10,1,14,1,105,output,BBBGRBYRBBBBB,0.46153846153846156,1,0.5384615384615384
S1_D10_P1,S1_D10,1,14,2,106,output,RRRYYRRRRRGGG,0.9230769230769231,2,0.5384615384615384
S1_D10_P1,S1_D10,1,14,3,107,output,BBBBGRBBBBBBB,0.8461538461538461,2,0.38461538461538464
S1_D10_P1,S1_D10,1,14,4,108,output,RRRRYYRRRGGGG,0.8461538461538461,1,0.5384615384615384
S1_D10_P1,S1_D10,1,14,5,109,output,BBBBGRBBBBBBB,1.0,2,0.38461538461538464
S1_D10_P1,S1_D10,1,14,6,110,output,RRRRYYRRGGGGG,1.0,1,0.5384615384615384
S1_D10_P1,S1_D10,1,14,7,111,output,BBBBGRBBBBBBB,1.0,2,0.38461538461538464
S1_D10_P1,S1_D10,1,14,8,112,output,RRRRYRGGRRRRR,0.8461538461538461,2,0.5384615384615384
S1_D10_P1,S1_D10,1,15,0,,seed,GRGRYRGBGYGRG,,1,0.7692307692307693
S1_D10_P1,S1_D10,1,15,1,113,output,GRGYGBRGRRRBR,0.46153846153846156,1,0.7692307692307693
S1_D10_P1,S1_D10,1,15,2,114,output,YYYRBGYRRRRRR,0.7692307692307692,1,0.46153846153846156
S1_D10_P1,S1_D10,1,15,3,115,output,GGGRYGRBBBBBB,0.5384615384615384,1,0.46153846153846156
S1_D10_P1,S1_D10,1,15,4,116,output,YYYYRBYGRRRRR,0.7692307692307692,1,0.5384615384615384
S1_D10_P1,S1_D10,1,15,5,117,output,GGGRYGBBBBBBB,1.0,1,0.38461538461538464
S1_D10_P1,S1_D10,1,15,6,118,output,YYYRBGRRRRRRR,0.6923076923076923,1,0.38461538461538464
S1_D10_P1,S1_D10,1,15,7,119,output,GGGGRYGBBBBBB,0.8461538461538461,1,0.46153846153846156
S1_D10_P1,S1_D10,1,15,8,120,output,YYYRBGRRRRRRR,1.0,1,0.38461538461538464
S1_D10_P2,S1_D10,2,1,0,,seed,RGRRYGYYYGBYB,,1,0.7692307692307693
S1_D10_P2,S1_D10,2,1,1,1,output,RRGYGRRBBRGRR,0.23076923076923073,2,0.6153846153846154
S1_D10_P2,S1_D10,2,1,2,2,output,GRBYGYRYYYYYY,0.8461538461538461,1,0.46153846153846156
S1_D10_P2,S1_D10,2,1,3,3,output,RGYBYGRBBBBBB,0.5384615384615384,1,0.46153846153846156
S1_D10_P2,S1_D10,2,1,4,4,output,GRBBYYYYYYYYY,0.9230769230769231,2,0.23076923076923078
S1_D10_P2,S1_D10,2,1,5,5,output,RGYBGYRRBBBBB,0.7692307692307692,1,0.5384615384615384
S1_D10_P2,S1_D10,2,1,6,6,output,GRBBYYYYYYYYY,1.0,2,0.23076923076923078
S1_D10_P2,S1_D10,2,1,7,7,output,RGYBGGBBBBBBB,0.7692307692307692,1,0.38461538461538464
S1_D10_P2,S1_D10,2,1,8,8,output,GRBYYYYYYYYYY,1.0,2,0.15384615384615385
S1_D10_P2,S1_D10,2,2,0,,seed,BGGBRYRBRRBGY,,1,0.7692307692307693
S1_D10_P2,S1_D10,2,2,1,9,output,BGGBRBYRBBBBB,0.6153846153846154,1,0.5384615384615384
S1_D10_P2,S1_D10,2,2,2,10,output,GRGRBYBYBYGRG,0.6923076923076923,1,0.5384615384615384
S1_D10_P2,S1_D10,2,2,3,11,output,BGBRBBBGBBBGB,0.6153846153846154,1,0.46153846153846156
S1_D10_P2,S1_D10,2,2,4,12,output,GRGRBYBYBYBYB,0.9230769230769231,2,0.3076923076923077
S1_D10_P2,S1_D10,2,2,5,13,output,BRGBGBRBBBBBB,0.7692307692307692,1,0.46153846153846156
S1_D10_P2,S1_D10,2,2,6,14,output,GRGRBYBYBYBYB,1.0,2,0.3076923076923077
S1_D10_P2,S1_D10,2,2,7,15,output,BRGRBBBBBBBBB,1.0,2,0.23076923076923078
S1_D10_P2,S1_D10,2,2,8,16,output,GRGRBYBYBYBYB,1.0,2,0.3076923076923077
S1_D10_P2,S1_D10,2,3,0,,seed,YBBYYBRRRGBGG,,1,0.7692307692307693
S1_D10_P2,S1_D10,2,3,1,17,output,YBBYBRGBRRRRR,0.46153846153846156,1,0.5384615384615384
S1_D10_P2,S1_D10,2,3,2,18,output,BGRBBGYRBBBBB,0.6153846153846154,1,0.5384615384615384
S1_D10_P2,S1_D10,2,3,3,19,output,YBGYBYRRRRRRR,1.0,1,0.38461538461538464
S1_D10_P2,S1_D10,2,3,4,20,output,BGRYRBBBBBBBB,0.8461538461538461,2,0.3076923076923077
S1_D10_P2,S1_D10,2,3,5,21,output,YBGYBRRRRRRRR,0.9230769230769231,2,0.3076923076923077
S1_D10_P2,S1_D10,2,3,6,22,output,BGYRBBBBBBBBB,0.8461538461538461,2,0.23076923076923078
S1_D10_P2,S1_D10,2,3,7,23,output,YBGYBRRRRRRRR,1.0,2,0.3076923076923077
S1_D10_P2,S1_D10,2,3,8,24,output,BGYRBBBBBBBBB,1.0,2,0.23076923076923078
S1_D10_P2,S1_D10,2,4,0,,seed,BGYBRYYYGGRBG,,1,0.7692307692307693
S1_D10_P2,S1_D10,2,4,1,25,output,BGYRBYGGRRRRR,0.46153846153846156,1,0.5384615384615384
S1_D10_P2,S1_D10,2,4,2,26,output,BRYBGRYBBBBBB,0.7692307692307692,1,0.38461538461538464
S1_D10_P2,S1_D10,2,4,3,27,output,BYGBYGGRRRRRR,1.0,1,0.46153846153846156
S1_D10_P2,S1_D10,2,4,4,28,output,BBRGBBBBBBBBB,0.6923076923076923,2,0.23076923076923078
S1_D10_P2,S1_D10,2,4,5,29,output,BYGBGRRRRRRRR,0.9230769230769231,2,0.3076923076923077
S1_D10_P2,S1_D10,2,4,6,30,output,BBRBGBBBBBBBB,0.9230769230769231,2,0.3076923076923077
S1_D10_P2,S1_D10,2,4,7,31,output,BYGBGRRRRRRRR,1.0,2,0.3076923076923077
S1_D10_P2,S1_D10,2,4,8,32,output,BBRBGBBBBBBBB,0.9230769230769231,2,0.3076923076923077
S1_D10_P2,S1_D10,2,5,0,,seed,YYRBBBRBGRBBG,,2,0.6153846153846154
S1_D10_P2,S1_D10,2,5,1,33,output,YYRBGBBBRRBBB,0.6923076923076923,1,0.6153846153846154
S1_D10_P2,S1_D10,2,5,2,34,output,BYGBRBYBYBYRB,0.7692307692307692,1,0.5384615384615384
S1_D10_P2,S1_D10,2,5,3,35,output,YYBRBBBBBBBBB,0.6923076923076923,2,0.23076923076923078
S1_D10_P2,S1_D10,2,5,4,36,output,BYGBYRBBBBBBB,1.0,1,0.38461538461538464
S1_D10_P2,S1_D10,2,5,5,37,output,YYBBRBBBBBBBB,1.0,2,0.3076923076923077
S1_D10_P2,S1_D10,2,5,6,38,output,BYGBRBBBBBBBB,1.0,2,0.3076923076923077
S1_D10_P2,S1_D10,2,5,7,39,output,YYBBRBBBBBBBB,1.0,2,0.3076923076923077
S1_D10_P2,S1_D10,2,5,8,40,output,BYGBRBBBBBBBB,1.0,2,0.3076923076923077
S1_D10_P2,S1_D10,2,6,0,,seed,GBBRRYYBRYGRR,,1,0.7692307692307693
S1_D10_P2,S1_D10,2,6,1,41,output,GBRRYRRRRRRRR,0.5384615384615384,2,0.3076923076923077
S1_D10_P2,S1_D10,2,6,2,42,output,GGRRBYGRGRGRG,0.9230769230769231,1,0.46153846153846156
S1_D10_P2,S1_D10,2,6,3,43,output,GRBYRRRRRRRRR,1.0,2,0.23076923076923078
S1_D10_P2,S1_D10,2,6,4,44,output,GGRRBYGGGGGGG,0.7692307692307692,1,0.38461538461538464
S1_D10_P2,S1_D10,2,6,5,45,output,GRBYRRRRRRRRR,1.0,2,0.23076923076923078
S1_D10_P2,S1_D10,2,6,6,46,output,GGRBYGGGGGGGG,0.8461538461538461,2,0.3076923076923077
S1_D10_P2,S1_D10,2,6,7,47,output,GRBYRRRRRRRRR,1.0,2,0.23076923076923078
S1_D10_P2,S1_D10,2,6,8,48,output,GGRRBYGGGGGGG,1.0,1,0.38461538461538464
S1_D10_P2,S1_D10,2,7,0,,seed,YGBRRYYGBYBGY,,1,0.7692307692307693
S1_D10_P2,S1_D10,2,7,1,49,output,YGBRYYYYYYYYY,0.6153846153846154,2,0.23076923076923078
S1_D10_P2,S1_D10,2,7,2,50,output,YBBYRRRRRRRRR,0.6153846153846154,2,0.23076923076923078
S1_D10_P2,S1_D10,2,7,3,51,output,YGBRYYYYYYYYY,1.0,2,0.23076923076923078
S1_D10_P2,S1_D10,2,7,4,52,output,YBBBYRRRRRRRR,1.0,2,0.3076923076923077
S1_D10_P2,S1_D10,2,7,5,53,output,YGBRYYYYYYYYY,1.0,2,0.23076923076923078
S1_D10_P2,S1_D10,2,7,6,54,output,YBBBYRRRRRRRR,1.0,2,0.3076923076923077
S1_D10_P2,S1_D10,2,7,7,55,output,YGBRYYYYYYYYY,1.0,2,0.23076923076923078
S1_D10_P2,S1_D10,2,7,8,56,output,YBBBYRRRRRRRR,1.0,2,0.3076923076923077
S1_D10_P2,S1_D10,2,8,0,,seed,BGGRBRGBGGBBG,,2,0.7692307692307693
S1_D10_P2,S1_D10,2,8,1,57,output,BGGBRBGGGGGBB,0.6923076923076923,1,0.5384615384615384
S1_D10_P2,S1_D10,2,8,2,58,output,RGRGBRYYYYYYY,0.6923076923076923,1,0.38461538461538464
S1_D10_P2,S1_D10,2,8,3,59,output,BBBRBGGBBBBBB,0.5384615384615384,1,0.46153846153846156
S1_D10_P2,S1_D10,2,8,4,60,output,RGRGBRYYYYYYY,1.0,1,0.38461538461538464
S1_D10_P2,S1_D10,2,8,5,61,output,BBBRGBBBBBBBB,0.9230769230769231,2,0.3076923076923077
S1_D10_P2,S1_D10,2,8,6,62,output,RGRGBRYYYYYYY,0.6923076923076923,1,0.38461538461538464
S1_D10_P2,S1_D10,2,8,7,63,output,BBBRGBBBBBBBB,1.0,2,0.3076923076923077
S1_D10_P2,S1_D10,2,8,8,64,output,RGRGBRYYYYYYY,1.0,1,0.38461538461538464
S1_D10_P2,S1_D10,2,9,0,,seed,RGYRGYGYRYRRB,,1,0.6153846153846154
S1_D10_P2,S1_D10,2,9,1,65,output,RGYRGYRRRRRRR,0.6923076923076923,1,0.3076923076923077
S1_D10_P2,S1_D10,2,9,2,66,output,BBBGRBBBBBBBB,0.6153846153846154,2,0.3076923076923077
S1_D10_P2,S1_D10,2,9,3,67,output,RGYRYRRRRRRRR,1.0,1,0.3076923076923077
S1_D10_P2,S1_D10,2,9,4,68,output,BBBGRBBBBBBBB,1.0,2,0.3076923076923077
S1_D10_P2,S1_D10,2,9,5,69,output,RGYRYRRRRRRRR,1.0,1,0.3076923076923077
S1_D10_P2,S1_D10,2,9,6,70,output,BBBGRBBBBBBBB,1.0,2,0.3076923076923077
S1_D10_P2,S1_D10,2,9,7,71,output,GYRYRRRRRRRRR,1.0,2,0.23076923076923078
S1_D10_P2,S1_D10,2,9,8,72,output,BBBGRBBBBBBBB,1.0,2,0.3076923076923077
S1_D10_P2,S1_D10,2,10,0,,seed,YRRBYBYGRGRRR,,1,0.7692307692307693
S1_D10_P2,S1_D10,2,10,1,73,output,YRRBYRBGRRRRR,0.7692307692307692,1,0.5384615384615384
S1_D10_P2,S1_D10,2,10,2,74,output,YGBYGGGGGGBBB,0.7692307692307692,1,0.46153846153846156
S1_D10_P2,S1_D10,2,10,3,75,output,YRRBGRRRRRRRR,0.8461538461538461,2,0.3076923076923077
S1_D10_P2,S1_D10,2,10,4,76,output,YGBYGBBBBBBBB,1.0,1,0.3076923076923077
S1_D10_P2,S1_D10,2,10,5,77,output,YRRBGRRRRRRRR,1.0,2,0.3076923076923077
S1_D10_P2,S1_D10,2,10,6,78,output,YGBYGBBBBBBBB,1.0,1,0.3076923076923077
S1_D10_P2,S1_D10,2,10,7,79,output,YRRBGRRRRRRRR,1.0,2,0.3076923076923077
S1_D10_P2,S1_D10,2,10,8,80,output,YGBYGBBBBBBBB,1.0,1,0.3076923076923077
S1_D10_P2,S1_D10,2,11,0,,seed,GGGBYYRBGBRBG,,1,0.6153846153846154
S1_D10_P2,S1_D10,2,11,1,81,output,GGGYBYRRRRBBG,0.6153846153846154,1,0.6153846153846154
S1_D10_P2,S1_D10,2,11,2,82,output,YYGBYYGRRRRBB,0.8461538461538461,1,0.6153846153846154
S1_D10_P2,S1_D10,2,11,3,83,output,GGGYBRGBBBBBB,0.8461538461538461,1,0.46153846153846156
S1_D10_P2,S1_D10,2,11,4,84,output,YYGBRYBBBBBBB,0.7692307692307692,1,0.38461538461538464
S1_D10_P2,S1_D10,2,11,5,85,output,GGGYRGBBBBBBB,0.8461538461538461,1,0.38461538461538464
S1_D10_P2,S1_D10,2,11,6,86,output,YYGBRYBBBBBBB,1.0,1,0.38461538461538464
S1_D10_P2,S1_D10,2,11,7,87,output,GGGYRBBBBBBBB,0.9230769230769231,2,0.3076923076923077
S1_D10_P2,S1_D10,2,11,8,88,output,YYGYBRBBBBBBB,0.8461538461538461,1,0.38461538461538464
S1_D10_P2,S1_D10,2,12,0,,seed,YYRGGRYBGYYRY,,1,0.7692307692307693
S1_D10_P2,S1_D10,2,12,1,89,output,YYRGRBYYYYYYY,0.6153846153846154,1,0.38461538461538464
S1_D10_P2,S1_D10,2,12,2,90,output,BYYGBYGBBBBBB,0.6153846153846154,1,0.38461538461538464
S1_D10_P2,S1_D10,2,12,3,91,output,YYRGBYYYYYYYY,0.8461538461538461,2,0.3076923076923077
S1_D10_P2,S1_D10,2,12,4,92,output,BYYGBBBBBBBBB,0.9230769230769231,2,0.23076923076923078
S1_D10_P2,S1_D10,2,12,5,93,output,YYRBYGYYYYYYY,0.6923076923076923,1,0.38461538461538464
S1_D10_P2,S1_D10,2,12,6,94,output,BYYGBYYYYYYYY,1.0,1,0.3076923076923077
S1_D10_P2,S1_D10,2,12,7,95,output,YYRBGYYYYYYYY,0.7692307692307692,2,0.3076923076923077
S1_D10_P2,S1_D10,2,12,8,96,output,YYBYGYYYYYYYY,0.7692307692307692,2,0.3076923076923077
S1_D10_P2,S1_D10,2,13,0,,seed,RGBGGGGRBYBYR,,1,0.6153846153846154
S1_D10_P2,S1_D10,2,13,1,97,output,RGBGGGGGGGGYB,0.6153846153846154,2,0.3076923076923077
S1_D10_P2,S1_D10,2,13,2,98,output,YGGRBYRRRRBBB,0.8461538461538461,1,0.6153846153846154
S1_D10_P2,S1_D10,2,13,3,99,output,RGBGGGGGGBBBB,0.9230769230769231,1,0.38461538461538464
S1_D10_P2,S1_D10,2,13,4,100,output,GGRBRRRRRRBBB,0.8461538461538461,1,0.46153846153846156
S1_D10_P2,S1_D10,2,13,5,101,output,GGRBGGGGBBBBB,0.8461538461538461,1,0.46153846153846156
S1_D10_P2,S1_D10,2,13,6,102,output,GGGRBRBBBBBBB,1.0,1,0.38461538461538464
S1_D10_P2,S1_D10,2,13,7,103,output,GGRBRGGGGGGBB,0.6153846153846154,1,0.46153846153846156
S1_D10_P2,S1_D10,2,13,8,104,output,GGGRBRBBBBBBB,1.0,1,0.38461538461538464
S1_D10_P2,S1_D10,2,14,0,,seed,RRYYYRYYGGGRG,,1,0.6153846153846154
S1_D10_P2,S1_D10,2,14,1,105,output,RRRYYRRRRRRGG,0.46153846153846156,1,0.46153846153846156
S1_D10_P2,S1_D10,2,14,2,106,output,BBBGRBBBBBBBB,0.8461538461538461,2,0.3076923076923077
S1_D10_P2,S1_D10,2,14,3,107,output,RRRYYRRRRGGGG,0.9230769230769231,1,0.5384615384615384
S1_D10_P2,S1_D10,2,14,4,108,output,BBBBGRBBBBBBB,1.0,2,0.38461538461538464
S1_D10_P2,S1_D10,2,14,5,109,output,RRRRYYRRGGGGG,0.9230769230769231,1,0.5384615384615384
S1_D10_P2,S1_D10,2,14,6,110,output,BBBBGRBBBBBBB,1.0,2,0.38461538461538464
S1_D10_P2,S1_D10,2,14,7,111,output,RRRRYRRGGRRRR,0.6153846153846154,2,0.6153846153846154
S1_D10_P2,S1_D10,2,14,8,112,output,BBBBGRBBBBBBB,1.0,2,0.38461538461538464
S1_D10_P2,S1_D10,2,15,0,,seed,YYYRGBYGRGYRR,,1,0.7692307692307693
S1_D10_P2,S1_D10,2,15,1,113,output,YYYRBBGYYRRRR,0.6153846153846154,1,0.5384615384615384
S1_D10_P2,S1_D10,2,15,2,114,output,GGGRGGYRRRRBB,0.5384615384615384,1,0.6153846153846154
S1_D10_P2,S1_D10,2,15,3,115,output,YYYRBGYRRRRRR,1.0,1,0.46153846153846156
S1_D10_P2,S1_D10,2,15,4,116,output,GGGRYGBBBBBBB,0.9230769230769231,1,0.38461538461538464
S1_D10_P2,S1_D10,2,15,5,117,output,YYYYRBYGRRRRR,1.0,1,0.5384615384615384
S1_D10_P2,S1_D10,2,15,6,118,output,GGGRYGBBBBBBB,1.0,1,0.38461538461538464
S1_D10_P2,S1_D10,2,15,7,119,output,YYYRBGRRRRRRR,1.0,1,0.38461538461538464
S1_D10_P2,S1_D10,2,15,8,120,output,GGGGRYBBBBBBB,0.9230769230769231,1,0.38461538461538464
S1_D11_P1,S1_D11,1,1,0,,seed,BRYGYYYRRRBGY,,1,0.7692307692307693
S1_D11_P1,S1_D11,1,1,1,1,output,BRYGYYRRRBGYB,0.8461538461538461,1,0.7692307692307693
S1_D11_P1,S1_D11,1,1,2,2,output,RGYGRBRBRRYGB,0.6153846153846154,1,0.6153846153846154
S1_D11_P1,S1_D11,1,1,3,3,output,BRYGYYRRRBGYY,1.0,1,0.6153846153846154
S1_D11_P1,S1_D11,1,1,4,4,output,RYGBRRBGGYGGB,0.5384615384615384,1,0.7692307692307693
S1_D11_P1,S1_D11,1,1,5,5,output,BRYGYYRRBGYYY,0.8461538461538461,1,0.6153846153846154
S1_D11_P1,S1_D11,1,1,6,6,output,BRYGGGYRRRBYY,0.5384615384615384,0,0.7692307692307693
S1_D11_P1,S1_D11,1,1,7,7,output,BRYGGYYYRRBYG,0.6153846153846154,1,0.7692307692307693
S1_D11_P1,S1_D11,1,1,8,8,output,BRYGGYYBRYGGG,0.6923076923076923,1,0.5384615384615384
S1_D11_P1,S1_D11,1,2,0,,seed,GBRGYBGBBBGRR,,1,0.7692307692307693
S1_D11_P1,S1_D11,1,2,1,9,output,BGYGGBBRRYYGB,0.3076923076923077,1,0.7692307692307693
S1_D11_P1,S1_D11,1,2,2,10,output,BBGGBRBGBRGYG,0.6153846153846154,1,0.6153846153846154
S1_D11_P1,S1_D11,1,2,3,11,output,BRYGBRRYBGGYG,0.6923076923076923,1,0.7692307692307693
S1_D11_P1,S1_D11,1,2,4,12,output,BRYGBBRYGRGYR,0.23076923076923073,1,0.6153846153846154
S1_D11_P1,S1_D11,1,2,5,13,output,BRYGBBRYGGBGB,1.0,1,0.6153846153846154
S1_D11_P1,S1_D11,1,2,6,14,output,BRYGBBRYGRGYG,0.6923076923076923,1,0.6153846153846154
S1_D11_P1,S1_D11,1,2,7,15,output,BRYGBBRYGBGYB,0.7692307692307692,1,0.5384615384615384
S1_D11_P1,S1_D11,1,2,8,16,output,BRYGBRYGGYRBR,0.6153846153846154,2,0.6153846153846154
S1_D11_P1,S1_D11,1,3,0,,seed,YBGBYGRBGGBGR,,1,0.7692307692307693
S1_D11_P1,S1_D11,1,3,1,17,output,YGBRYBGRBGYBB,0.5384615384615384,1,0.7692307692307693
S1_D11_P1,S1_D11,1,3,2,18,output,BGBGBGGBYGBGB,0.7692307692307692,1,0.46153846153846156
S1_D11_P1,S1_D11,1,3,3,19,output,YBGRYBGRYGRBB,1.0,1,0.5384615384615384
S1_D11_P1,S1_D11,1,3,4,20,output,BGBGBGBGGYBBY,0.9230769230769231,2,0.46153846153846156
S1_D11_P1,S1_D11,1,3,5,21,output,YBRYBGRBRGBBR,0.6923076923076923,1,0.7692307692307693
S1_D11_P1,S1_D11,1,3,6,22,output,BGBGBGBGYBYBB,1.0,2,0.46153846153846156
S1_D11_P1,S1_D11,1,3,7,23,output,YBRYBGRBYRBGB,0.6153846153846154,1,0.7692307692307693
S1_D11_P1,S1_D11,1,3,8,24,output,BGBGBGBGYBYBY,0.8461538461538461,2,0.38461538461538464
S1_D11_P1,S1_D11,1,4,0,,seed,RGGBYYRGBGGGR,,1,0.7692307692307693
S1_D11_P1,S1_D11,1,4,1,25,output,RGGBYYRGBYGBG,0.7692307692307692,1,0.6153846153846154
S1_D11_P1,S1_D11,1,4,2,26,output,YGYGYBGBYBGBR,0.6923076923076923,1,0.5384615384615384
S1_D11_P1,S1_D11,1,4,3,27,output,RGBGYRBRGYBYG,0.5384615384615384,1,0.7692307692307693
S1_D11_P1,S1_D11,1,4,4,28,output,YGYGBBYBGBYYB,0.6923076923076923,1,0.7692307692307693
S1_D11_P1,S1_D11,1,4,5,29,output,RGBRGBYGBYGRR,0.7692307692307692,1,0.5384615384615384
S1_D11_P1,S1_D11,1,4,6,30,output,YGYGBGBYRGBRB,0.6923076923076923,1,0.7692307692307693
S1_D11_P1,S1_D11,1,4,7,31,output,RGRGBGYBRBGRB,0.5384615384615384,1,0.7692307692307693
S1_D11_P1,S1_D11,1,4,8,32,output,YGYGBGYRRBGBY,0.6923076923076923,1,0.7692307692307693
S1_D11_P1,S1_D11,1,5,0,,seed,GBGYBYGYYBGRR,,1,0.7692307692307693
S1_D11_P1,S1_D11,1,5,1,33,output,YBGYBBGYYRRRB,0.6153846153846154,1,0.6153846153846154
S1_D11_P1,S1_D11,1,5,2,34,output,GYGYYGBRBRGBR,0.6153846153846154,2,0.6153846153846154
S1_D11_P1,S1_D11,1,5,3,35,output,YGRYGRRYBGRBY,0.6153846153846154,1,0.7692307692307693
S1_D11_P1,S1_D11,1,5,4,36,output,YGYGBRGBYGRBG,0.6923076923076923,1,0.7692307692307693
S1_D11_P1,S1_D11,1,5,5,37,output,YBGBRYGGBYRBY,0.3846153846153846,1,0.7692307692307693
S1_D11_P1,S1_D11,1,5,6,38,output,YGYGBRYGBRRGB,0.8461538461538461,2,0.5384615384615384
S1_D11_P1,S1_D11,1,5,7,39,output,YRBYGBGBYGBGB,0.5384615384615384,2,0.38461538461538464
S1_D11_P1,S1_D11,1,5,8,40,output,YGYGBRBRYGBBB,1.0,1,0.6153846153846154
S1_D11_P1,S1_D11,1,6,0,,seed,GRGBYYYBYBYRR,,1,0.6153846153846154
S1_D11_P1,S1_D11,1,6,1,41,output,RGBYYBBYRGRRR,0.6153846153846154,1,0.7692307692307693
S1_D11_P1,S1_D11,1,6,2,42,output,RYRGBGYRGBRGB,0.5384615384615384,1,0.46153846153846156
S1_D11_P1,S1_D11,1,6,3,43,output,BYBYRGRGRYYRR,0.9230769230769231,1,0.6153846153846154
S1_D11_P1,S1_D11,1,6,4,44,output,RYRYBGBGRYRRR,0.9230769230769231,1,0.7692307692307693
S1_D11_P1,S1_D11,1,6,5,45,output,BYBYRGRGRYRYR,1.0,1,0.5384615384615384
S1_D11_P1,S1_D11,1,6,6,46,output,RYRYBGBGRYRRR,1.0,1,0.7692307692307693
S1_D11_P1,S1_D11,1,6,7,47,output,BYBYRGRGRYRYR,1.0,1,0.5384615384615384
S1_D11_P1,S1_D11,1,6,8,48,output,BYBYRGRGRYRYR,0.6923076923076923,1,0.5384615384615384
S1_D11_P1,S1_D11,1,7,0,,seed,GGGBYBRRYGBYG,,1,0.6153846153846154
S1_D11_P1,S1_D11,1,7,1,49,output,GGBYBRBYGGBRB,0.6153846153846154,1,0.6153846153846154
S1_D11_P1,S1_D11,1,7,2,50,output,GBGBYRBYRBGGY,0.3076923076923077,1,0.5384615384615384
S1_D11_P1,S1_D11,1,7,3,51,output,GGYBRYGBRBGBR,0.6153846153846154,2,0.6153846153846154
S1_D11_P1,S1_D11,1,7,4,52,output,YBRYGBGYGBRBB,0.46153846153846156,1,0.6153846153846154
S1_D11_P1,S1_D11,1,7,5,53,output,GGYBRBYYGGYBR,1.0,1,0.5384615384615384
S1_D11_P1,S1_D11,1,7,6,54,output,YBRBGGBGYRBYG,0.5384615384615384,1,0.7692307692307693
S1_D11_P1,S1_D11,1,7,7,55,output,GGYYBGYBRGYBY,0.6923076923076923,2,0.6153846153846154
S1_D11_P1,S1_D11,1,7,8,56,output,YBRYBRGYBRGBY,0.8461538461538461,2,0.5384615384615384
S1_D11_P1,S1_D11,1,8,0,,seed,GGRGRYYRGRRRG,,1,0.6153846153846154
S1_D11_P1,S1_D11,1,8,1,57,output,GGRGRYGYRGRGY,0.6923076923076923,1,0.6153846153846154
S1_D11_P1,S1_D11,1,8,2,58,output,RBGRBRGRBGRBG,0.6153846153846154,2,0.46153846153846156
S1_D11_P1,S1_D11,1,8,3,59,output,RBGGRRBYRBGRB,0.46153846153846156,2,0.7692307692307693
S1_D11_P1,S1_D11,1,8,4,60,output,RBGRBGRGBRGGB,0.6153846153846154,1,0.6153846153846154
S1_D11_P1,S1_D11,1,8,5,61,output,RBGRYGYBRRGBB,0.6923076923076923,0,0.7692307692307693
S1_D11_P1,S1_D11,1,8,6,62,output,RBRRGRBGRBGRB,0.6153846153846154,2,0.38461538461538464
S1_D11_P1,S1_D11,1,8,7,63,output,RBGYBRRGRBRRG,0.6153846153846154,1,0.5384615384615384
S1_D11_P1,S1_D11,1,8,8,64,output,RBRBGGRGBBRBG,0.6153846153846154,2,0.5384615384615384
S1_D11_P1,S1_D11,1,9,0,,seed,YRRRBGYRGGGGR,,1,0.6153846153846154
S1_D11_P1,S1_D11,1,9,1,65,output,YRBGRRBGRGRBR,0.5384615384615384,2,0.5384615384615384
S1_D11_P1,S1_D11,1,9,2,66,output,YBRYGYGYBRGYB,0.6923076923076923,2,0.5384615384615384
S1_D11_P1,S1_D11,1,9,3,67,output,YBYBRGBRGYGRB,0.6153846153846154,1,0.6153846153846154
S1_D11_P1,S1_D11,1,9,4,68,output,YBRYBRGYGRGRB,0.7692307692307692,1,0.7692307692307693
S1_D11_P1,S1_D11,1,9,5,69,output,YBYBRGRGGYBRG,0.7692307692307692,2,0.5384615384615384
S1_D11_P1,S1_D11,1,9,6,70,output,YBRYBRGYGBRGB,0.8461538461538461,1,0.6153846153846154
S1_D11_P1,S1_D11,1,9,7,71,output,YBYBGRGRGYBRG,1.0,1,0.6153846153846154
S1_D11_P1,S1_D11,1,9,8,72,output,YBRYBGYBRRBYG,0.5384615384615384,2,0.7692307692307693
S1_D11_P1,S1_D11,1,10,0,,seed,BYBYGYRGYYYYG,,1,0.6153846153846154
S1_D11_P1,S1_D11,1,10,1,73,output,BYBYRGRGGYYYY,0.6923076923076923,1,0.6153846153846154
S1_D11_P1,S1_D11,1,10,2,74,output,BRGBRRGGRRRBR,0.5384615384615384,1,0.7692307692307693
S1_D11_P1,S1_D11,1,10,3,75,output,BYBYRGRGRYGYY,0.8461538461538461,1,0.6153846153846154
S1_D11_P1,S1_D11,1,10,4,76,output,BRGBRRGBYRBGB,0.6153846153846154,1,0.6153846153846154
S1_D11_P1,S1_D11,1,10,5,77,output,BYBYRYRYGRBYG,0.7692307692307692,1,0.6153846153846154
S1_D11_P1,S1_D11,1,10,6,78,output,BRGBRGBRRBRBB,0.8461538461538461,2,0.5384615384615384
S1_D11_P1,S1_D11,1,10,7,79,output,YBYBYBRGYBRYR,0.6923076923076923,2,0.5384615384615384
S1_D11_P1,S1_D11,1,10,8,80,output,BRGBRGBRBBBBB,1.0,2,0.38461538461538464
S1_D11_P1,S1_D11,1,11,0,,seed,BGRYYYYGBBYRG,,1,0.6153846153846154
S1_D11_P1,S1_D11,1,11,1,81,output,BRGBGYYYYRBYG,0.5384615384615384,1,0.6153846153846154
S1_D11_P1,S1_D11,1,11,2,82,output,YYYRRBBGGYBRG,0.8461538461538461,0,0.7692307692307693
S1_D11_P1,S1_D11,1,11,3,83,output,BRGYBYYGGYYBB,0.5384615384615384,1,0.7692307692307693
S1_D11_P1,S1_D11,1,11,4,84,output,YYBRGYBGGBBYY,0.46153846153846156,1,0.7692307692307693
S1_D11_P1,S1_D11,1,11,5,85,output,BRGBYGBBRRYYG,0.6153846153846154,1,0.7692307692307693
S1_D11_P1,S1_D11,1,11,6,86,output,YBRGYYGGRRBBR,0.6153846153846154,1,0.7692307692307693
S1_D11_P1,S1_D11,1,11,7,87,output,BBRRGGYYBRYGB,0.3846153846153846,1,0.7692307692307693
S1_D11_P1,S1_D11,1,11,8,88,output,BRGYGGBBRYBRG,0.6153846153846154,2,0.7692307692307693
S1_D11_P1,S1_D11,1,12,0,,seed,GBBYRGBYYBYBY,,1,0.6153846153846154
S1_D11_P1,S1_D11,1,12,1,89,output,BRYGBRRRYGBRB,0.3076923076923077,2,0.46153846153846156
S1_D11_P1,S1_D11,1,12,2,90,output,GGGBRYBYYBRGY,0.5384615384615384,1,0.7692307692307693
S1_D11_P1,S1_D11,1,12,3,91,output,BRYGBRRYGGBYG,0.6923076923076923,1,0.6153846153846154
S1_D11_P1,S1_D11,1,12,4,92,output,GGGBRYBRGBYGR,0.6153846153846154,1,0.7692307692307693
S1_D11_P1,S1_D11,1,12,5,93,output,RYGBGGBRBRBRY,0.5384615384615384,1,0.5384615384615384
S1_D11_P1,S1_D11,1,12,6,94,output,GGGBRYBRYGBRY,0.6923076923076923,2,0.46153846153846156
S1_D11_P1,S1_D11,1,12,7,95,output,RBYGBRBBYRBYG,0.46153846153846156,2,0.6153846153846154
S1_D11_P1,S1_D11,1,12,8,96,output,BRYGBRBRGRBBG,0.46153846153846156,1,0.7692307692307693
S1_D11_P1,S1_D11,1,13,0,,seed,GGRBYBYRGBRYR,,1,0.7692307692307693
S1_D11_P1,S1_D11,1,13,1,97,output,GGBRYBRYGBRBY,0.5384615384615384,2,0.5384615384615384
S1_D11_P1,S1_D11,1,13,2,98,output,BBBRGGYBRRRRR,0.7692307692307692,1,0.5384615384615384
S1_D11_P1,S1_D11,1,13,3,99,output,GGYBRYGYBRYGB,0.6923076923076923,1,0.38461538461538464
S1_D11_P1,S1_D11,1,13,4,100,output,BBGBRYGRRRRRR,0.7692307692307692,1,0.46153846153846156
S1_D11_P1,S1_D11,1,13,5,101,output,GGYRBBGYRBYGB,0.5384615384615384,1,0.5384615384615384
S1_D11_P1,S1_D11,1,13,6,102,output,BGGYRRRRRRRRR,0.7692307692307692,2,0.23076923076923078
S1_D11_P1,S1_D11,1,13,7,103,output,YYBRGYBYBYRBG,0.5384615384615384,1,0.6153846153846154
S1_D11_P1,S1_D11,1,13,8,104,output,RGYBYGRBBRGYB,0.23076923076923073,1,0.6153846153846154
S1_D11_P1,S1_D11,1,14,0,,seed,YRRBRBRRGRYRB,,1,0.6153846153846154
S1_D11_P1,S1_D11,1,14,1,105,output,YRBRRBGBGBYRY,0.5384615384615384,1,0.6153846153846154
S1_D11_P1,S1_D11,1,14,2,106,output,YRYRRGGBRBYGR,0.3076923076923077,1,0.7692307692307693
S1_D11_P1,S1_D11,1,14,3,107,output,YRYRRBGBGRYGB,0.5384615384615384,1,0.7692307692307693
S1_D11_P1,S1_D11,1,14,4,108,output,YRRBRRGGBYRGB,0.5384615384615384,1,0.7692307692307693
S1_D11_P1,S1_D11,1,14,5,109,output,YRYRBGBGRBYGB,0.7692307692307692,1,0.7692307692307693
S1_D11_P1,S1_D11,1,14,6,110,output,RBGRBRGRBRBYR,0.3846153846153846,2,0.5384615384615384
S1_D11_P1,S1_D11,1,14,7,111,output,YRRBGBGRBYBGB,0.8461538461538461,1,0.6153846153846154
S1_D11_P1,S1_D11,1,14,8,112,output,RBRBRGGRYRGBR,0.5384615384615384,1,0.7692307692307693
S1_D11_P1,S1_D11,1,15,0,,seed,GBRGRYGBGGBGG,,2,0.5384615384615384
S1_D11_P1,S1_D11,1,15,1,113,output,RBYGRYGRBYBYG,0.5384615384615384,1,0.5384615384615384
S1_D11_P1,S1_D11,1,15,2,114,output,BRGBRYYGBRBYG,0.5384615384615384,2,0.6153846153846154
S1_D11_P1,S1_D11,1,15,3,115,output,RBYRGYBYRGBYG,0.5384615384615384,2,0.5384615384615384
S1_D11_P1,S1_D11,1,15,4,116,output,BRGBRGGYBGYRB,0.6923076923076923,1,0.7692307692307693
S1_D11_P1,S1_D11,1,15,5,117,output,YBRYBGYBRGYBR,0.6153846153846154,3,0.5384615384615384
S1_D11_P1,S1_D11,1,15,6,118,output,RBGRBYGYRBYGB,0.6923076923076923,2,0.5384615384615384
S1_D11_P1,S1_D11,1,15,7,119,output,YBRGYBGYBRYBR,0.6153846153846154,2,0.5384615384615384
S1_D11_P1,S1_D11,1,15,8,120,output,BRGYGRBYGBRGY,0.5384615384615384,1,0.6153846153846154
S1_D11_P2,S1_D11,2,1,0,,seed,YYBGRBBGYGBGG,,1,0.7692307692307693
S1_D11_P2,S1_D11,2,1,1,1,output,RGYGRBRBYGRRR,0.3846153846153846,1,0.6153846153846154
S1_D11_P2,S1_D11,2,1,2,2,output,BRYGYYRRRBGYY,0.9230769230769231,1,0.6153846153846154
S1_D11_P2,S1_D11,2,1,3,3,output,RGYGRRRBGGBYY,0.5384615384615384,0,0.7692307692307693
S1_D11_P2,S1_D11,2,1,4,4,output,BRYGYYRRRBGYY,1.0,1,0.6153846153846154
S1_D11_P2,S1_D11,2,1,5,5,output,BRYGGRRBYYRBB,0.5384615384615384,1,0.7692307692307693
S1_D11_P2,S1_D11,2,1,6,6,output,RBRYGYYRRRBGB,0.6153846153846154,1,0.7692307692307693
S1_D11_P2,S1_D11,2,1,7,7,output,BRYGGGYYBRYYY,0.7692307692307692,1,0.7692307692307693
S1_D11_P2,S1_D11,2,1,8,8,output,BRYGYYYRRBGYY,0.7692307692307692,1,0.6153846153846154
S1_D11_P2,S1_D11,2,2,0,,seed,BBGYYRBBBGRRR,,1,0.7692307692307693
S1_D11_P2,S1_D11,2,2,1,9,output,BBGGGBRRRBGGG,0.3846153846153846,1,0.5384615384615384
S1_D11_P2,S1_D11,2,2,2,10,output,BRYGBBRYBRBBG,0.46153846153846156,2,0.7692307692307693
S1_D11_P2,S1_D11,2,2,3,11,output,BBGGYRBGBBRBG,0.6923076923076923,2,0.6153846153846154
S1_D11_P2,S1_D11,2,2,4,12,output,BRYGBBRYGGBGB,0.6923076923076923,1,0.6153846153846154
S1_D11_P2,S1_D11,2,2,5,13,output,BRYGBBRGYRGBY,0.6923076923076923,1,0.7692307692307693
S1_D11_P2,S1_D11,2,2,6,14,output,BRYGBBRYGGGBY,0.8461538461538461,1,0.6153846153846154
S1_D11_P2,S1_D11,2,2,7,15,output,BRYGBBRGYGRRR,0.6923076923076923,1,0.7692307692307693
S1_D11_P2,S1_D11,2,2,8,16,output,BRYGBBYGRYBBB,0.6153846153846154,1,0.7692307692307693
S1_D11_P2,S1_D11,2,3,0,,seed,GBGBYGGGGYRBB,,1,0.6153846153846154
S1_D11_P2,S1_D11,2,3,1,17,output,BGBGBGGGYBGBY,0.5384615384615384,1,0.5384615384615384
S1_D11_P2,S1_D11,2,3,2,18,output,YBGRYBGRYGRBB,0.6923076923076923,1,0.5384615384615384
S1_D11_P2,S1_D11,2,3,3,19,output,BGBGBGBGGYBBB,0.6923076923076923,2,0.46153846153846156
S1_D11_P2,S1_D11,2,3,4,20,output,YBGRYBGRYBRBB,0.9230769230769231,2,0.46153846153846156
S1_D11_P2,S1_D11,2,3,5,21,output,BGBGBGBGYBYBB,0.7692307692307692,2,0.46153846153846156
S1_D11_P2,S1_D11,2,3,6,22,output,YBRYBGBRYBRBY,0.6923076923076923,2,0.5384615384615384
S1_D11_P2,S1_D11,2,3,7,23,output,BGBGBGBGBYBYB,0.8461538461538461,2,0.3076923076923077
S1_D11_P2,S1_D11,2,3,8,24,output,YBRYBRGYBGBYG,0.6153846153846154,2,0.7692307692307693
S1_D11_P2,S1_D11,2,4,0,,seed,YGYBGGBRGGRYR,,1,0.7692307692307693
S1_D11_P2,S1_D11,2,4,1,25,output,YGYGYBGBRYBYG,0.46153846153846156,1,0.7692307692307693
S1_D11_P2,S1_D11,2,4,2,26,output,RGGRBRYGYBRBY,0.46153846153846156,1,0.7692307692307693
S1_D11_P2,S1_D11,2,4,3,27,output,YGYGBGBYBRBBY,0.6923076923076923,1,0.7692307692307693
S1_D11_P2,S1_D11,2,4,4,28,output,RGBRGBYGBRGBY,0.6153846153846154,2,0.38461538461538464
S1_D11_P2,S1_D11,2,4,5,29,output,YGYGYBGBYBRBG,0.6153846153846154,1,0.7692307692307693
S1_D11_P2,S1_D11,2,4,6,30,output,RGRGRBRGYRGBR,0.5384615384615384,1,0.7692307692307693
S1_D11_P2,S1_D11,2,4,7,31,output,YGYGBGBYRRGRB,0.8461538461538461,1,0.7692307692307693
S1_D11_P2,S1_D11,2,4,8,32,output,RGRGRBYGRGYRB,0.6153846153846154,1,0.6153846153846154
S1_D11_P2,S1_D11,2,5,0,,seed,GGYYYGRYBBBYB,,1,0.7692307692307693
S1_D11_P2,S1_D11,2,5,1,33,output,GGYYYGBRBBBRB,0.7692307692307692,1,0.6153846153846154
S1_D11_P2,S1_D11,2,5,2,34,output,YGRYGRBGRGYYB,0.3076923076923077,1,0.7692307692307693
S1_D11_P2,S1_D11,2,5,3,35,output,YGYGYBRBGRBYG,0.46153846153846156,1,0.7692307692307693
S1_D11_P2,S1_D11,2,5,4,36,output,YGRYGRRYGBRGB,0.6923076923076923,2,0.6153846153846154
S1_D11_P2,S1_D11,2,5,5,37,output,YGYGBRYGBRBGY,0.6923076923076923,2,0.5384615384615384
S1_D11_P2,S1_D11,2,5,6,38,output,YBGYBGRBGYBGB,0.46153846153846156,1,0.46153846153846156
S1_D11_P2,S1_D11,2,5,7,39,output,YGYGBRBRYGBBB,0.6153846153846154,1,0.6153846153846154
S1_D11_P2,S1_D11,2,5,8,40,output,YRBGYBYBGBGBG,0.6153846153846154,1,0.5384615384615384
S1_D11_P2,S1_D11,2,6,0,,seed,RGGRGYBGBGBYR,,1,0.6153846153846154
S1_D11_P2,S1_D11,2,6,1,41,output,RYRGRBYGRBYGR,0.46153846153846156,2,0.38461538461538464
S1_D11_P2,S1_D11,2,6,2,42,output,BYBYRGRGRYRRR,0.46153846153846156,1,0.6153846153846154
S1_D11_P2,S1_D11,2,6,3,43,output,RYRYBGBGRYGRR,0.46153846153846156,1,0.7692307692307693
S1_D11_P2,S1_D11,2,6,4,44,output,BYBYRGRGRYRYR,0.8461538461538461,1,0.5384615384615384
S1_D11_P2,S1_D11,2,6,5,45,output,RYRYBGBGRYRRR,1.0,1,0.7692307692307693
S1_D11_P2,S1_D11,2,6,6,46,output,BYBYRGRGRYRYR,1.0,1,0.5384615384615384
S1_D11_P2,S1_D11,2,6,7,47,output,RYRYBGBGRYRYR,0.9230769230769231,2,0.6153846153846154
S1_D11_P2,S1_D11,2,6,8,48,output,BYBYRGRGRYRRR,0.9230769230769231,1,0.6153846153846154
S1_D11_P2,S1_D11,2,7,0,,seed,GBYYRBRRYYYGG,,1,0.7692307692307693
S1_D11_P2,S1_D11,2,7,1,49,output,YRYYBGBRRYGGG,0.5384615384615384,1,0.7692307692307693
S1_D11_P2,S1_D11,2,7,2,50,output,GGYBRGYYRBGRB,0.6153846153846154,1,0.7692307692307693
S1_D11_P2,S1_D11,2,7,3,51,output,YRRGBRYBGRYBY,0.3076923076923077,1,0.6153846153846154
S1_D11_P2,S1_D11,2,7,4,52,output,GGYBRBYYGGYBR,0.5384615384615384,1,0.5384615384615384
S1_D11_P2,S1_D11,2,7,5,53,output,YBRYBRGBRYGYB,0.5384615384615384,2,0.6153846153846154
S1_D11_P2,S1_D11,2,7,6,54,output,GGYYBYGGBBGYY,0.46153846153846156,1,0.6153846153846154
S1_D11_P2,S1_D11,2,7,7,55,output,YBRYBRGGBYGBY,0.6153846153846154,1,0.6153846153846154
S1_D11_P2,S1_D11,2,7,8,56,output,GGYBGYBRBGYBG,0.7692307692307692,1,0.46153846153846156
S1_D11_P2,S1_D11,2,8,0,,seed,RBGGRGGRYRRRY,,1,0.6153846153846154
S1_D11_P2,S1_D11,2,8,1,57,output,RBGRBYGBRRRGR,0.46153846153846156,1,0.7692307692307693
S1_D11_P2,S1_D11,2,8,2,58,output,RGRGYRGRBRGRR,0.46153846153846156,2,0.6153846153846154
S1_D11_P2,S1_D11,2,8,3,59,output,RBGRBRBGRBRGR,0.6923076923076923,2,0.46153846153846156
S1_D11_P2,S1_D11,2,8,4,60,output,RBGBRGYBRGBRB,0.5384615384615384,2,0.6153846153846154
S1_D11_P2,S1_D11,2,8,5,61,output,RBRGRBRGBRBRG,0.6153846153846154,1,0.46153846153846156
S1_D11_P2,S1_D11,2,8,6,62,output,RBYBRRGBGRYRR,0.3846153846153846,1,0.7692307692307693
S1_D11_P2,S1_D11,2,8,7,63,output,RBRBRGGBRBGRB,0.7692307692307692,1,0.6153846153846154
S1_D11_P2,S1_D11,2,8,8,64,output,RBGRBGBBRGBRG,0.5384615384615384,1,0.6153846153846154
S1_D11_P2,S1_D11,2,9,0,,seed,YBRRYGYGGBGRY,,1,0.7692307692307693
S1_D11_P2,S1_D11,2,9,1,65,output,YBRYGYGRGYBYG,0.5384615384615384,1,0.7692307692307693
S1_D11_P2,S1_D11,2,9,2,66,output,YRYRBGBGRGYGR,0.5384615384615384,1,0.7692307692307693
S1_D11_P2,S1_D11,2,9,3,67,output,YBRYBRGYGYRBG,0.5384615384615384,1,0.7692307692307693
S1_D11_P2,S1_D11,2,9,4,68,output,YBYBRGRGYGBRY,0.7692307692307692,1,0.7692307692307693
S1_D11_P2,S1_D11,2,9,5,69,output,YBRYBRGYGBRYG,0.6923076923076923,1,0.6153846153846154
S1_D11_P2,S1_D11,2,9,6,70,output,YBYBGRGRGYBRG,0.8461538461538461,1,0.6153846153846154
S1_D11_P2,S1_D11,2,9,7,71,output,YBRYBRGBGYBGB,0.7692307692307692,2,0.7692307692307693
S1_D11_P2,S1_D11,2,9,8,72,output,YBYBGRGRYBRGY,0.8461538461538461,1,0.7692307692307693
S1_D11_P2,S1_D11,2,10,0,,seed,RBGBBBBBBGGBR,,1,0.46153846153846156
S1_D11_P2,S1_D11,2,10,1,73,output,BRGBBBBGGGRRG,0.5384615384615384,1,0.6153846153846154
S1_D11_P2,S1_D11,2,10,2,74,output,BYBYRGRGGYYYY,1.0,1,0.6153846153846154
S1_D11_P2,S1_D11,2,10,3,75,output,BRGBRGBRBBBRG,0.6153846153846154,2,0.46153846153846156
S1_D11_P2,S1_D11,2,10,4,76,output,BYBYRGRGRBYRG,0.6923076923076923,2,0.46153846153846156
S1_D11_P2,S1_D11,2,10,5,77,output,BRGBRGBRGBRBR,0.6153846153846154,2,0.3076923076923077
S1_D11_P2,S1_D11,2,10,6,78,output,YRYRYBRGYBRGY,0.46153846153846156,1,0.46153846153846156
S1_D11_P2,S1_D11,2,10,7,79,output,BRGBRGBRBBBBB,0.8461538461538461,2,0.38461538461538464
S1_D11_P2,S1_D11,2,10,8,80,output,YBYBYBRGRGYBY,0.6923076923076923,1,0.5384615384615384
S1_D11_P2,S1_D11,2,11,0,,seed,YYYRRGGBBRBGY,,0,0.7692307692307693
S1_D11_P2,S1_D11,2,11,1,81,output,YYYRRBBGGBRGY,0.6923076923076923,0,0.7692307692307693
S1_D11_P2,S1_D11,2,11,2,82,output,BRGBRGYYYGGBB,0.6153846153846154,1,0.7692307692307693
S1_D11_P2,S1_D11,2,11,3,83,output,YYYRRBRGYGBBB,0.6153846153846154,0,0.7692307692307693
S1_D11_P2,S1_D11,2,11,4,84,output,BRGBYGGRRGYBB,0.6153846153846154,1,0.7692307692307693
S1_D11_P2,S1_D11,2,11,5,85,output,YYBRGYYGRBGRB,0.6153846153846154,1,0.6153846153846154
S1_D11_P2,S1_D11,2,11,6,86,output,BRGBYGBBRRYYG,1.0,1,0.7692307692307693
S1_D11_P2,S1_D11,2,11,7,87,output,BRGYGGYYRBBGB,0.5384615384615384,1,0.7692307692307693
S1_D11_P2,S1_D11,2,11,8,88,output,BBRRYYGGBRYGB,0.6923076923076923,1,0.7692307692307693
S1_D11_P2,S1_D11,2,12,0,,seed,GGGRYGYGBGYBY,,1,0.7692307692307693
S1_D11_P2,S1_D11,2,12,1,89,output,GGGRYBGBRYBYG,0.6923076923076923,1,0.6153846153846154
S1_D11_P2,S1_D11,2,12,2,90,output,BRYGBRRRYGBGR,0.8461538461538461,1,0.5384615384615384
S1_D11_P2,S1_D11,2,12,3,91,output,GGGBRYGBBRYGY,0.6923076923076923,1,0.5384615384615384
S1_D11_P2,S1_D11,2,12,4,92,output,BRGBYBRBRGBRB,0.46153846153846156,2,0.6153846153846154
S1_D11_P2,S1_D11,2,12,5,93,output,GGGBRYBRGYRBG,0.6923076923076923,1,0.7692307692307693
S1_D11_P2,S1_D11,2,12,6,94,output,RBGRBRBGRBRBR,0.5384615384615384,2,0.38461538461538464
S1_D11_P2,S1_D11,2,12,7,95,output,BRGBRYGYGBRGY,0.6153846153846154,2,0.6153846153846154
S1_D11_P2,S1_D11,2,12,8,96,output,BRYGBGYBBGBGB,0.3846153846153846,1,0.6153846153846154
S1_D11_P2,S1_D11,2,13,0,,seed,BBBBGRGYYRRRR,,1,0.6153846153846154
S1_D11_P2,S1_D11,2,13,1,97,output,BBBBBGGYRRRRR,0.7692307692307692,1,0.46153846153846156
S1_D11_P2,S1_D11,2,13,2,98,output,GGYBRGYBRBBYG,0.5384615384615384,1,0.5384615384615384
S1_D11_P2,S1_D11,2,13,3,99,output,BBBGBYRRRRRRR,0.6923076923076923,1,0.38461538461538464
S1_D11_P2,S1_D11,2,13,4,100,output,GGYGRYRYRGBGB,0.6153846153846154,1,0.6153846153846154
S1_D11_P2,S1_D11,2,13,5,101,output,BGBGYGRRRRRRR,0.7692307692307692,1,0.38461538461538464
S1_D11_P2,S1_D11,2,13,6,102,output,GGYBRYGYBYGBY,0.6153846153846154,1,0.6153846153846154
S1_D11_P2,S1_D11,2,13,7,103,output,BGGYRRRRRRRRR,1.0,2,0.23076923076923078
S1_D11_P2,S1_D11,2,13,8,104,output,YBRGYYBBRGBGR,0.6153846153846154,1,0.6153846153846154
S1_D11_P2,S1_D11,2,14,0,,seed,GBBGRRYBGRYGR,,1,0.6153846153846154
S1_D11_P2,S1_D11,2,14,1,105,output,GBGGRYRRBYRGY,0.5384615384615384,1,0.7692307692307693
S1_D11_P2,S1_D11,2,14,2,106,output,YRYRBGRYGYBRB,0.46153846153846156,1,0.7692307692307693
S1_D11_P2,S1_D11,2,14,3,107,output,YRYRGBGBRRGYB,0.5384615384615384,1,0.7692307692307693
S1_D11_P2,S1_D11,2,14,4,108,output,RYRYBGBGRBBGB,0.6923076923076923,1,0.6153846153846154
S1_D11_P2,S1_D11,2,14,5,109,output,RYRYGGBBRRGBR,0.46153846153846156,1,0.7692307692307693
S1_D11_P2,S1_D11,2,14,6,110,output,YRYRBGBGRBYGB,1.0,1,0.7692307692307693
S1_D11_P2,S1_D11,2,14,7,111,output,RBGRBGRBRBYBR,0.8461538461538461,2,0.5384615384615384
S1_D11_P2,S1_D11,2,14,8,112,output,BRGBRYRGBGYRB,0.3076923076923077,1,0.6153846153846154
S1_D11_P2,S1_D11,2,15,0,,seed,BBGBGYBBGGRYB,,2,0.7692307692307693
S1_D11_P2,S1_D11,2,15,1,113,output,BBGGBGYBGYRBG,0.6153846153846154,2,0.6153846153846154
S1_D11_P2,S1_D11,2,15,2,114,output,RBYGRYBYGYBRY,0.6153846153846154,1,0.6153846153846154
S1_D11_P2,S1_D11,2,15,3,115,output,BRGBRGBGYRGBY,0.6153846153846154,1,0.5384615384615384
S1_D11_P2,S1_D11,2,15,4,116,output,RBYRBGYBGYBRG,0.6153846153846154,1,0.5384615384615384
S1_D11_P2,S1_D11,2,15,5,117,output,RBGRBGGRBYGRR,0.3846153846153846,2,0.6153846153846154
S1_D11_P2,S1_D11,2,15,6,118,output,YBRYBRYBRGGYB,0.7692307692307692,2,0.46153846153846156
S1_D11_P2,S1_D11,2,15,7,119,output,RBGRBYBGRBYGY,0.7692307692307692,2,0.46153846153846156
S1_D11_P2,S1_D11,2,15,8,120,output,YBRGYBGRYBGBY,0.6923076923076923,2,0.6153846153846154
S1_D12_P1,S1_D12,1,1,0,,seed,BBYGYGGBYYYRR,,1,0.7692307692307693
S1_D12_P1,S1_D12,1,1,1,1,output,BBYGYYRBBGGYR,0.5384615384615384,1,0.7692307692307693
S1_D12_P1,S1_D12,1,1,2,2,output,GGBBYRYRBGBBB,0.3846153846153846,1,0.6153846153846154
S1_D12_P1,S1_D12,1,1,3,3,output,BBGYRYYRYBBBG,0.5384615384615384,1,0.6153846153846154
S1_D12_P1,S1_D12,1,1,4,4,output,GGBBYRYRYGBBB,0.8461538461538461,1,0.5384615384615384
S1_D12_P1,S1_D12,1,1,5,5,output,BBGYRYRYYBGBG,0.6923076923076923,1,0.6153846153846154
S1_D12_P1,S1_D12,1,1,6,6,output,YYYGBGBBBBBBB,0.9230769230769231,1,0.38461538461538464
S1_D12_P1,S1_D12,1,1,7,7,output,YRYGBBBBBYRBB,0.23076923076923073,1,0.5384615384615384
S1_D12_P1,S1_D12,1,1,8,8,output,YYRGBBBBBBBBB,0.8461538461538461,2,0.23076923076923078
S1_D12_P1,S1_D12,1,2,0,,seed,GGBYYGGBBBGRY,,1,0.7692307692307693
S1_D12_P1,S1_D12,1,2,1,9,output,GGBBYRGBBBRYR,0.6923076923076923,1,0.6153846153846154
S1_D12_P1,S1_D12,1,2,2,10,output,GYBGBBBYGBYRB,0.6153846153846154,1,0.7692307692307693
S1_D12_P1,S1_D12,1,2,3,11,output,GBBYRBGBYRBGB,0.6153846153846154,2,0.38461538461538464
S1_D12_P1,S1_D12,1,2,4,12,output,GYBYGBBBBBYBR,0.7692307692307692,1,0.5384615384615384
S1_D12_P1,S1_D12,1,2,5,13,output,BYBBGYRBBGYBB,0.3846153846153846,2,0.5384615384615384
S1_D12_P1,S1_D12,1,2,6,14,output,GYBBBBBBBBBBB,0.7692307692307692,2,0.07692307692307693
S1_D12_P1,S1_D12,1,2,7,15,output,BRGYBYRBBYBRB,0.5384615384615384,1,0.7692307692307693
S1_D12_P1,S1_D12,1,2,8,16,output,GYBBBBBBBBBBB,1.0,2,0.07692307692307693
S1_D12_P1,S1_D12,1,3,0,,seed,GYGBBGGGBGRGB,,1,0.7692307692307693
S1_D12_P1,S1_D12,1,3,1,17,output,GYBBGBBYBYRBB,0.5384615384615384,1,0.7692307692307693
S1_D12_P1,S1_D12,1,3,2,18,output,YGRRYBGRGBGBR,0.3846153846153846,1,0.7692307692307693
S1_D12_P1,S1_D12,1,3,3,19,output,BBYYGBBBBBBBY,0.5384615384615384,1,0.38461538461538464
S1_D12_P1,S1_D12,1,3,4,20,output,GYRBGYRBGYBRR,0.5384615384615384,2,0.46153846153846156
S1_D12_P1,S1_D12,1,3,5,21,output,BBYYGGBBBBBBB,0.8461538461538461,1,0.38461538461538464
S1_D12_P1,S1_D12,1,3,6,22,output,GYBYBYBBBBBRB,0.46153846153846156,1,0.38461538461538464
S1_D12_P1,S1_D12,1,3,7,23,output,BBYYGGBBBBBBB,1.0,1,0.38461538461538464
S1_D12_P1,S1_D12,1,3,8,24,output,YBBBBBBBBYRRG,0.5384615384615384,2,0.3076923076923077
S1_D12_P1,S1_D12,1,4,0,,seed,BYBYGRGRBRRBG,,1,0.7692307692307693
S1_D12_P1,S1_D12,1,4,1,25,output,BYYBGRBGBBGYG,0.46153846153846156,1,0.7692307692307693
S1_D12_P1,S1_D12,1,4,2,26,output,GYBGYBBBBBRBB,0.3846153846153846,1,0.5384615384615384
S1_D12_P1,S1_D12,1,4,3,27,output,BBYYGGBYBGBBY,0.6923076923076923,2,0.7692307692307693
S1_D12_P1,S1_D12,1,4,4,28,output,GYBGBYBBBBBBR,0.6923076923076923,1,0.46153846153846156
S1_D12_P1,S1_D12,1,4,5,29,output,BBYYGBGBGBYBY,0.8461538461538461,1,0.5384615384615384
S1_D12_P1,S1_D12,1,4,6,30,output,GYBGYBBBBBBBB,0.7692307692307692,1,0.3076923076923077
S1_D12_P1,S1_D12,1,4,7,31,output,BBGYYBYBYBYBY,0.6923076923076923,2,0.3076923076923077
S1_D12_P1,S1_D12,1,4,8,32,output,YBGYBBBBBBBBB,0.8461538461538461,2,0.23076923076923078
S1_D12_P1,S1_D12,1,5,0,,seed,YGBBBBRGGRGBB,,1,0.5384615384615384
S1_D12_P1,S1_D12,1,5,1,33,output,GYBBGGBGBBBBB,0.3846153846153846,1,0.5384615384615384
S1_D12_P1,S1_D12,1,5,2,34,output,YGYGBYGBYBBYG,0.6153846153846154,2,0.46153846153846156
S1_D12_P1,S1_D12,1,5,3,35,output,GYBBYBBBBBBBB,0.6923076923076923,1,0.3076923076923077
S1_D12_P1,S1_D12,1,5,4,36,output,YBYBGBYBRYBRR,0.6153846153846154,2,0.5384615384615384
S1_D12_P1,S1_D12,1,5,5,37,output,GYBYBBBBBBBBB,1.0,2,0.23076923076923078
S1_D12_P1,S1_D12,1,5,6,38,output,GYBGBRGBRRRRR,0.7692307692307692,1,0.46153846153846156
S1_D12_P1,S1_D12,1,5,7,39,output,YBYBBBBBBBBBB,0.8461538461538461,2,0.15384615384615385
S1_D12_P1,S1_D12,1,5,8,40,output,GYRRRRRRGBGBY,0.23076923076923073,1,0.46153846153846156
S1_D12_P1,S1_D12,1,6,0,,seed,GGGYRRYYRBYBY,,1,0.7692307692307693
S1_D12_P1,S1_D12,1,6,1,41,output,GYYBBRGGYRGYB,0.3846153846153846,1,0.7692307692307693
S1_D12_P1,S1_D12,1,6,2,42,output,GYRGYYBBRGBYG,0.46153846153846156,1,0.7692307692307693
S1_D12_P1,S1_D12,1,6,3,43,output,GGYBGBBRRBRGR,0.3846153846153846,1,0.7692307692307693
S1_D12_P1,S1_D12,1,6,4,44,output,GGGYYYBRGBRGB,0.5384615384615384,1,0.5384615384615384
S1_D12_P1,S1_D12,1,6,5,45,output,GRYBBYBBBYBBR,0.46153846153846156,1,0.46153846153846156
S1_D12_P1,S1_D12,1,6,6,46,output,GGYBBGGBGBRGB,0.5384615384615384,1,0.7692307692307693
S1_D12_P1,S1_D12,1,6,7,47,output,GYBGYBBBBBYBR,0.6923076923076923,1,0.5384615384615384
S1_D12_P1,S1_D12,1,6,8,48,output,GGYBBGBGRBGRB,0.6923076923076923,2,0.5384615384615384
S1_D12_P1,S1_D12,1,7,0,,seed,RRGBYRBBRYYBR,,1,0.7692307692307693
S1_D12_P1,S1_D12,1,7,1,49,output,GGRRBBYYBBRYG,0.46153846153846156,1,0.7692307692307693
S1_D12_P1,S1_D12,1,7,2,50,output,GGBYBBRGRBGRB,0.3846153846153846,1,0.6153846153846154
S1_D12_P1,S1_D12,1,7,3,51,output,GGRRBBYGGRRBB,0.6153846153846154,1,0.46153846153846156
S1_D12_P1,S1_D12,1,7,4,52,output,GYGBRGBRBBBGG,0.5384615384615384,1,0.6153846153846154
S1_D12_P1,S1_D12,1,7,5,53,output,GGRBBYBRBGBYB,0.5384615384615384,1,0.6153846153846154
S1_D12_P1,S1_D12,1,7,6,54,output,GYBGYBRBYRBYR,0.6153846153846154,1,0.5384615384615384
S1_D12_P1,S1_D12,1,7,7,55,output,BYBYBYBYBYBBY,0.8461538461538461,2,0.23076923076923078
S1_D12_P1,S1_D12,1,7,8,56,output,GBGBRGBYGYRBG,0.3846153846153846,1,0.7692307692307693
S1_D12_P1,S1_D12,1,8,0,,seed,YRBGBYBBBBYYB,,1,0.6153846153846154
S1_D12_P1,S1_D12,1,8,1,57,output,YRGBYRBBBGYBY,0.6923076923076923,1,0.7692307692307693
S1_D12_P1,S1_D12,1,8,2,58,output,GBGRBGRBGRBGR,0.3076923076923077,2,0.15384615384615385
S1_D12_P1,S1_D12,1,8,3,59,output,GGYBRGRYBBBRG,0.3846153846153846,1,0.6153846153846154
S1_D12_P1,S1_D12,1,8,4,60,output,GBGRYBRRBGRYB,0.6153846153846154,1,0.46153846153846156
S1_D12_P1,S1_D12,1,8,5,61,output,GBYYGBYGRBYYG,0.6153846153846154,1,0.5384615384615384
S1_D12_P1,S1_D12,1,8,6,62,output,GYBRGYBGYRBBB,0.7692307692307692,2,0.7692307692307693
S1_D12_P1,S1_D12,1,8,7,63,output,GYBYBYYGBYRRR,0.6153846153846154,1,0.6153846153846154
S1_D12_P1,S1_D12,1,8,8,64,output,YBYGRBYGRBBBB,0.6153846153846154,1,0.38461538461538464
S1_D12_P1,S1_D12,1,9,0,,seed,BGBGBGRRBRGRR,,1,0.5384615384615384
S1_D12_P1,S1_D12,1,9,1,65,output,BGBBGRBGBBRRR,0.6153846153846154,2,0.6153846153846154
S1_D12_P1,S1_D12,1,9,2,66,output,GYGYBYBYRGYRB,0.8461538461538461,1,0.6153846153846154
S1_D12_P1,S1_D12,1,9,3,67,output,GYBYGBGBBRGRR,0.6923076923076923,1,0.7692307692307693
S1_D12_P1,S1_D12,1,9,4,68,output,GYYBYBYBRGBBB,0.6923076923076923,1,0.5384615384615384
S1_D12_P1,S1_D12,1,9,5,69,output,GYGYBYBYBGRGR,0.6923076923076923,1,0.5384615384615384
S1_D12_P1,S1_D12,1,9,6,70,output,YGYGBGBGBRGYB,0.3846153846153846,1,0.5384615384615384
S1_D12_P1,S1_D12,1,9,7,71,output,GYYBYBYGRGRBR,0.6923076923076923,1,0.6153846153846154
S1_D12_P1,S1_D12,1,9,8,72,output,GYGYBBGRGYRRG,0.6153846153846154,1,0.7692307692307693
S1_D12_P1,S1_D12,1,10,0,,seed,YRBBRBBBBBRBB,,1,0.38461538461538464
S1_D12_P1,S1_D12,1,10,1,73,output,YBYYBRBBBBBBR,0.6153846153846154,1,0.46153846153846156
S1_D12_P1,S1_D12,1,10,2,74,output,GYBRGYGGGGBBR,0.6153846153846154,1,0.6153846153846154
S1_D12_P1,S1_D12,1,10,3,75,output,YBBBBBBBRRRRB,0.7692307692307692,1,0.3076923076923077
S1_D12_P1,S1_D12,1,10,4,76,output,GYBRGGGGGGBBR,0.8461538461538461,1,0.46153846153846156
S1_D12_P1,S1_D12,1,10,5,77,output,YBBBBBBBBBRRB,0.8461538461538461,2,0.23076923076923078
S1_D12_P1,S1_D12,1,10,6,78,output,GYBRGGGGBBBBR,0.8461538461538461,1,0.5384615384615384
S1_D12_P1,S1_D12,1,10,7,79,output,YBBBBBBBBRRRB,0.9230769230769231,2,0.3076923076923077
S1_D12_P1,S1_D12,1,10,8,80,output,GYBRGGGGBBBRR,0.9230769230769231,1,0.6153846153846154
S1_D12_P1,S1_D12,1,11,0,,seed,RGBGYYRYBRRGG,,1,0.7692307692307693
S1_D12_P1,S1_D12,1,11,1,81,output,GYBGBBBRGGYRR,0.23076923076923073,1,0.7692307692307693
S1_D12_P1,S1_D12,1,11,2,82,output,BGYYBBBRGGYYB,0.46153846153846156,1,0.5384615384615384
S1_D12_P1,S1_D12,1,11,3,83,output,GYBGYRRRGGBRR,0.5384615384615384,1,0.7692307692307693
S1_D12_P1,S1_D12,1,11,4,84,output,GYBBBYBBYBRGR,0.46153846153846156,2,0.5384615384615384
S1_D12_P1,S1_D12,1,11,5,85,output,GGBRRYRYRGBYG,0.46153846153846156,1,0.6153846153846154
S1_D12_P1,S1_D12,1,11,6,86,output,GYYBYBYGRRRBB,0.6153846153846154,1,0.6153846153846154
S1_D12_P1,S1_D12,1,11,7,87,output,BGYBYGYGRBGYB,0.6153846153846154,2,0.6153846153846154
S1_D12_P1,S1_D12,1,11,8,88,output,BYBYBBYBRRRRR,0.6153846153846154,2,0.46153846153846156
S1_D12_P1,S1_D12,1,12,0,,seed,GYGBRBBYBGGRB,,1,0.7692307692307693
S1_D12_P1,S1_D12,1,12,1,89,output,GBYBYGYBGBBRR,0.3846153846153846,1,0.7692307692307693
S1_D12_P1,S1_D12,1,12,2,90,output,YYBBGBBBRRBBG,0.15384615384615385,2,0.6153846153846154
S1_D12_P1,S1_D12,1,12,3,91,output,GBBBBGYRRRBRB,0.3076923076923077,1,0.6153846153846154
S1_D12_P1,S1_D12,1,12,4,92,output,BBYYGYBYYBBRR,0.3846153846153846,1,0.6153846153846154
S1_D12_P1,S1_D12,1,12,5,93,output,BBBBGYRYRBBBB,0.6153846153846154,2,0.6153846153846154
S1_D12_P1,S1_D12,1,12,6,94,output,RYGBGRBBBBRRG,0.23076923076923073,1,0.6153846153846154
S1_D12_P1,S1_D12,1,12,7,95,output,RRBGRRBBBBBBB,0.6153846153846154,1,0.38461538461538464
S1_D12_P1,S1_D12,1,12,8,96,output,BYBBYYYBRBBBB,0.3076923076923077,1,0.6153846153846154
S1_D12_P1,S1_D12,1,13,0,,seed,BRYBYBGBBBBYY,,1,0.6153846153846154
S1_D12_P1,S1_D12,1,13,1,97,output,BBYRGBGBYBBYB,0.6153846153846154,1,0.6153846153846154
S1_D12_P1,S1_D12,1,13,2,98,output,GRBBBBBBRYRBB,0.6153846153846154,2,0.38461538461538464
S1_D12_P1,S1_D12,1,13,3,99,output,BYBRRRGBBRGBR,0.3846153846153846,1,0.6153846153846154
S1_D12_P1,S1_D12,1,13,4,100,output,RBBBBBBRYRBBB,0.8461538461538461,2,0.38461538461538464
S1_D12_P1,S1_D12,1,13,5,101,output,GRGBBBBBYGGRR,0.46153846153846156,1,0.5384615384615384
S1_D12_P1,S1_D12,1,13,6,102,output,GBBBBBBBYRYRB,0.9230769230769231,1,0.38461538461538464
S1_D12_P1,S1_D12,1,13,7,103,output,GBBBYGRRRRRRR,0.5384615384615384,1,0.38461538461538464
S1_D12_P1,S1_D12,1,13,8,104,output,GBBBBBBBYRYBB,0.9230769230769231,1,0.38461538461538464
S1_D12_P1,S1_D12,1,14,0,,seed,BRGBBBBBYRBBY,,1,0.46153846153846156
S1_D12_P1,S1_D12,1,14,1,105,output,BGBBBBBBYBYBR,0.6153846153846154,1,0.38461538461538464
S1_D12_P1,S1_D12,1,14,2,106,output,BBYBBBBBBBBBB,1.0,2,0.15384615384615385
S1_D12_P1,S1_D12,1,14,3,107,output,BBGBYYBBBBBBR,0.6153846153846154,1,0.46153846153846156
S1_D12_P1,S1_D12,1,14,4,108,output,BBYBBBBBBBBBB,1.0,2,0.15384615384615385
S1_D12_P1,S1_D12,1,14,5,109,output,BBGBBBYBBBBRR,0.7692307692307692,2,0.6153846153846154
S1_D12_P1,S1_D12,1,14,6,110,output,BBYBBBBBBBBBB,1.0,2,0.15384615384615385
S1_D12_P1,S1_D12,1,14,7,111,output,BBGBBBYBBBBBR,0.8461538461538461,2,0.5384615384615384
S1_D12_P1,S1_D12,1,14,8,112,output,BBYBBBBBBBBBB,1.0,2,0.15384615384615385
S1_D12_P1,S1_D12,1,15,0,,seed,RYGBYBRBGGBBG,,1,0.7692307692307693
S1_D12_P1,S1_D12,1,15,1,113,output,GYBGYRBYBYRGG,0.3076923076923077,1,0.7692307692307693
S1_D12_P1,S1_D12,1,15,2,114,output,YYGYYYBYBYBBY,0.6153846153846154,1,0.5384615384615384
S1_D12_P1,S1_D12,1,15,3,115,output,GYBGRGYRBYBRG,0.7692307692307692,1,0.7692307692307693
S1_D12_P1,S1_D12,1,15,4,116,output,YYGYYYBYYYYBY,0.7692307692307692,2,0.46153846153846156
S1_D12_P1,S1_D12,1,15,5,117,output,GYBGRYRGBGBBB,0.6153846153846154,1,0.7692307692307693
S1_D12_P1,S1_D12,1,15,6,118,output,YYYYYBYBYYYYY,0.7692307692307692,2,0.3076923076923077
S1_D12_P1,S1_D12,1,15,7,119,output,YBBGYBRGYRRRB,0.5384615384615384,1,0.7692307692307693
S1_D12_P1,S1_D12,1,15,8,120,output,YYBYBYYYYYYYY,0.6923076923076923,2,0.23076923076923078
S1_D12_P2,S1_D12,2,1,0,,seed,GGGBGYRGBYRBY,,1,0.7692307692307693
S1_D12_P2,S1_D12,2,1,1,1,output,GGGBGGBRYRYRB,0.6153846153846154,1,0.5384615384615384
S1_D12_P2,S1_D12,2,1,2,2,output,BBGYGYRYRYRYY,0.46153846153846156,1,0.46153846153846156
S1_D12_P2,S1_D12,2,1,3,3,output,GGBBRYRYGBBBB,0.7692307692307692,1,0.6153846153846154
S1_D12_P2,S1_D12,2,1,4,4,output,BBGBYRRRYYRGB,0.46153846153846156,1,0.7692307692307693
S1_D12_P2,S1_D12,2,1,5,5,output,YYRGBGBBBBBBB,0.23076923076923073,1,0.38461538461538464
S1_D12_P2,S1_D12,2,1,6,6,output,BBGYRYRYRBGBG,0.9230769230769231,1,0.5384615384615384
S1_D12_P2,S1_D12,2,1,7,7,output,YYBGGBBBBBBBB,0.7692307692307692,2,0.3076923076923077
S1_D12_P2,S1_D12,2,1,8,8,output,YRGBBBYRYRGBB,0.6923076923076923,2,0.5384615384615384
S1_D12_P2,S1_D12,2,2,0,,seed,BGYBBBYBRGBYR,,1,0.7692307692307693
S1_D12_P2,S1_D12,2,2,1,9,output,BGYBBBRYGBRYB,0.6153846153846154,1,0.6153846153846154
S1_D12_P2,S1_D12,2,2,2,10,output,GGBBYRBGRGYBB,0.5384615384615384,1,0.7692307692307693
S1_D12_P2,S1_D12,2,2,3,11,output,GYBBGBBBBBYRB,0.7692307692307692,1,0.5384615384615384
S1_D12_P2,S1_D12,2,2,4,12,output,GBBYRGBBYRBYR,0.6923076923076923,1,0.46153846153846156
S1_D12_P2,S1_D12,2,2,5,13,output,GYBBGBBBBBBYR,0.7692307692307692,1,0.46153846153846156
S1_D12_P2,S1_D12,2,2,6,14,output,BBYBRGYRYBYBB,0.6923076923076923,1,0.6153846153846154
S1_D12_P2,S1_D12,2,2,7,15,output,GYBBBBBBBBBBB,1.0,2,0.07692307692307693
S1_D12_P2,S1_D12,2,2,8,16,output,BRGYBYRBBRYBB,0.8461538461538461,1,0.7692307692307693
S1_D12_P2,S1_D12,2,3,0,,seed,RGGRYBRYYBGYB,,1,0.7692307692307693
S1_D12_P2,S1_D12,2,3,1,17,output,RYGRYRGYYBRYB,0.6923076923076923,1,0.7692307692307693
S1_D12_P2,S1_D12,2,3,2,18,output,GBYGGYBBBYRBB,0.6153846153846154,1,0.7692307692307693
S1_D12_P2,S1_D12,2,3,3,19,output,GYBRYBGRGGBBR,0.6153846153846154,1,0.7692307692307693
S1_D12_P2,S1_D12,2,3,4,20,output,BBYYGBBBBBBBY,1.0,1,0.38461538461538464
S1_D12_P2,S1_D12,2,3,5,21,output,GYRBGYRBGYBRR,1.0,2,0.46153846153846156
S1_D12_P2,S1_D12,2,3,6,22,output,BBYYGGBBBBBBB,1.0,1,0.38461538461538464
S1_D12_P2,S1_D12,2,3,7,23,output,GYBGBYBBBBBBR,0.7692307692307692,1,0.46153846153846156
S1_D12_P2,S1_D12,2,3,8,24,output,BBYYGGBBBBBBB,1.0,1,0.38461538461538464
S1_D12_P2,S1_D12,2,4,0,,seed,GRYGRBYGYBRYR,,1,0.7692307692307693
S1_D12_P2,S1_D12,2,4,1,25,output,GRYGRBYYBRRRR,0.7692307692307692,1,0.6153846153846154
S1_D12_P2,S1_D12,2,4,2,26,output,BBYYGRBGBYGBY,0.6153846153846154,2,0.6153846153846154
S1_D12_P2,S1_D12,2,4,3,27,output,YBGBBBBBBBRBB,0.7692307692307692,1,0.38461538461538464
S1_D12_P2,S1_D12,2,4,4,28,output,BBYYGBGGBYBYB,0.6153846153846154,1,0.6153846153846154
S1_D12_P2,S1_D12,2,4,5,29,output,GYBGBYBBBBBRB,0.8461538461538461,1,0.5384615384615384
S1_D12_P2,S1_D12,2,4,6,30,output,BBYYGBGBGBYBY,1.0,1,0.5384615384615384
S1_D12_P2,S1_D12,2,4,7,31,output,GYBGYBBBBBBBB,1.0,1,0.3076923076923077
S1_D12_P2,S1_D12,2,4,8,32,output,BGYYBYBYBYBYB,0.8461538461538461,2,0.23076923076923078
S1_D12_P2,S1_D12,2,5,0,,seed,YRYYRGYBBGYYB,,1,0.7692307692307693
S1_D12_P2,S1_D12,2,5,1,33,output,YRGYRBYGBYGBB,0.5384615384615384,1,0.5384615384615384
S1_D12_P2,S1_D12,2,5,2,34,output,GYBGGYBGBBBBB,0.8461538461538461,1,0.46153846153846156
S1_D12_P2,S1_D12,2,5,3,35,output,YGBYBYGBYBYBB,0.6153846153846154,2,0.46153846153846156
S1_D12_P2,S1_D12,2,5,4,36,output,GYBYBBBBBBBBB,0.8461538461538461,2,0.23076923076923078
S1_D12_P2,S1_D12,2,5,5,37,output,GYBGBGBRYBRRR,0.6923076923076923,1,0.6153846153846154
S1_D12_P2,S1_D12,2,5,6,38,output,GYBYBBBBBBBBB,1.0,2,0.23076923076923078
S1_D12_P2,S1_D12,2,5,7,39,output,GYBGBRGBRRRRR,1.0,1,0.46153846153846156
S1_D12_P2,S1_D12,2,5,8,40,output,YBYBBBBBBBBBB,1.0,2,0.15384615384615385
S1_D12_P2,S1_D12,2,6,0,,seed,YBRGYYGBGBRYG,,1,0.7692307692307693
S1_D12_P2,S1_D12,2,6,1,41,output,GYBRGGBYGYBRG,0.5384615384615384,1,0.5384615384615384
S1_D12_P2,S1_D12,2,6,2,42,output,GYYBRRGYYBGRR,0.6153846153846154,1,0.6153846153846154
S1_D12_P2,S1_D12,2,6,3,43,output,GYRGYYBBRYBGG,0.8461538461538461,1,0.7692307692307693
S1_D12_P2,S1_D12,2,6,4,44,output,GBBRYBBGYBRYB,0.3846153846153846,1,0.5384615384615384
S1_D12_P2,S1_D12,2,6,5,45,output,GGGYYYBRGBRGB,1.0,1,0.5384615384615384
S1_D12_P2,S1_D12,2,6,6,46,output,RGYBBYBBYBBBR,0.6923076923076923,1,0.38461538461538464
S1_D12_P2,S1_D12,2,6,7,47,output,GGYBBGGBGGRBG,0.7692307692307692,2,0.6153846153846154
S1_D12_P2,S1_D12,2,6,8,48,output,GYBGYBBBBBYBB,0.9230769230769231,1,0.46153846153846156
S1_D12_P2,S1_D12,2,7,0,,seed,GRRYBRYBBYBGB,,1,0.6153846153846154
S1_D12_P2,S1_D12,2,7,1,49,output,GYYBRRYBGBGBG,0.5384615384615384,1,0.5384615384615384
S1_D12_P2,S1_D12,2,7,2,50,output,GGRRBBYYBBRYG,1.0,1,0.7692307692307693
S1_D12_P2,S1_D12,2,7,3,51,output,GYBBYRGBRGBYR,0.46153846153846156,1,0.6153846153846154
S1_D12_P2,S1_D12,2,7,4,52,output,GGRRBBYGGRRBB,1.0,1,0.46153846153846156
S1_D12_P2,S1_D12,2,7,5,53,output,GYBGRBGRYGBYG,0.46153846153846156,1,0.6153846153846154
S1_D12_P2,S1_D12,2,7,6,54,output,BYBYBYBYBYBYB,0.5384615384615384,2,0.07692307692307693
S1_D12_P2,S1_D12,2,7,7,55,output,GYBGRYBRYBRYR,0.6923076923076923,2,0.46153846153846156
S1_D12_P2,S1_D12,2,7,8,56,output,BYBYBYBYBYBBY,1.0,2,0.23076923076923078
S1_D12_P2,S1_D12,2,8,0,,seed,RYYGRGGGRGRRG,,1,0.6153846153846154
S1_D12_P2,S1_D12,2,8,1,57,output,RYRRGGGGRGRRG,0.7692307692307692,1,0.5384615384615384
S1_D12_P2,S1_D12,2,8,2,58,output,YRGBYBRGBBGYB,0.7692307692307692,1,0.6153846153846154
S1_D12_P2,S1_D12,2,8,3,59,output,GYBGRBBGRBGRR,0.6923076923076923,1,0.5384615384615384
S1_D12_P2,S1_D12,2,8,4,60,output,GYYBRGRBYYGRB,0.5384615384615384,1,0.6153846153846154
S1_D12_P2,S1_D12,2,8,5,61,output,GYBBGYRBGYRBB,0.46153846153846156,2,0.46153846153846156
S1_D12_P2,S1_D12,2,8,6,62,output,GYBYGYYBRGBRR,0.3846153846153846,1,0.7692307692307693
S1_D12_P2,S1_D12,2,8,7,63,output,GYBRGYBGRYBBB,0.8461538461538461,1,0.7692307692307693
S1_D12_P2,S1_D12,2,8,8,64,output,GYBYBYYGBYRRR,1.0,1,0.6153846153846154
S1_D12_P2,S1_D12,2,9,0,,seed,GYGYBYBRYGBYR,,1,0.7692307692307693
S1_D12_P2,S1_D12,2,9,1,65,output,GYGYBYBYRGYBY,0.6923076923076923,2,0.46153846153846156
S1_D12_P2,S1_D12,2,9,2,66,output,BGYBGBRGBBRRR,0.7692307692307692,1,0.7692307692307693
S1_D12_P2,S1_D12,2,9,3,67,output,GYGYBYBYRGYRB,1.0,1,0.6153846153846154
S1_D12_P2,S1_D12,2,9,4,68,output,GYBGYBBGYBGRR,0.6923076923076923,1,0.5384615384615384
S1_D12_P2,S1_D12,2,9,5,69,output,GYBYYBBYRGBBB,0.6923076923076923,1,0.7692307692307693
S1_D12_P2,S1_D12,2,9,6,70,output,GYGYBYBYBGRGR,1.0,1,0.5384615384615384
S1_D12_P2,S1_D12,2,9,7,71,output,GYGYBGBGBRGYB,0.8461538461538461,1,0.5384615384615384
S1_D12_P2,S1_D12,2,9,8,72,output,GYYBYYBYGRBGR,0.6923076923076923,1,0.5384615384615384
S1_D12_P2,S1_D12,2,10,0,,seed,BRGYGYGRRGGRB,,1,0.6153846153846154
S1_D12_P2,S1_D12,2,10,1,73,output,GYBRGYGGBRRGG,0.5384615384615384,1,0.7692307692307693
S1_D12_P2,S1_D12,2,10,2,74,output,YBBRBBBBBBRRR,0.6923076923076923,2,0.46153846153846156
S1_D12_P2,S1_D12,2,10,3,75,output,GYBRGYGGGGGBR,0.9230769230769231,1,0.5384615384615384
S1_D12_P2,S1_D12,2,10,4,76,output,YBBBBBBBRRRRB,1.0,1,0.3076923076923077
S1_D12_P2,S1_D12,2,10,5,77,output,GYBRGGGGGGBBR,1.0,1,0.46153846153846156
S1_D12_P2,S1_D12,2,10,6,78,output,YBBBBBBBBRRBB,0.8461538461538461,2,0.3076923076923077
S1_D12_P2,S1_D12,2,10,7,79,output,GYBRGGGGBBRRR,0.8461538461538461,1,0.6153846153846154
S1_D12_P2,S1_D12,2,10,8,80,output,BBBBBBBBRRRBB,0.8461538461538461,2,0.38461538461538464
S1_D12_P2,S1_D12,2,11,0,,seed,BGGGYGRRGGGBG,,1,0.6153846153846154
S1_D12_P2,S1_D12,2,11,1,81,output,BGGGYRGGYRYBG,0.6153846153846154,1,0.5384615384615384
S1_D12_P2,S1_D12,2,11,2,82,output,GYBGGYYGGRYRR,0.6153846153846154,1,0.7692307692307693
S1_D12_P2,S1_D12,2,11,3,83,output,BGYYBRRGYYBRR,0.6153846153846154,1,0.38461538461538464
S1_D12_P2,S1_D12,2,11,4,84,output,GYBBGRRGYBRYG,0.5384615384615384,1,0.7692307692307693
S1_D12_P2,S1_D12,2,11,5,85,output,GYBBYBYBBRGBR,0.6923076923076923,2,0.6153846153846154
S1_D12_P2,S1_D12,2,11,6,86,output,BRGYBGRGRGBGY,0.3846153846153846,1,0.6153846153846154
S1_D12_P2,S1_D12,2,11,7,87,output,BYBRYRRRRRRRR,0.3846153846153846,2,0.3076923076923077
S1_D12_P2,S1_D12,2,11,8,88,output,BGYBYGYGRYBGR,0.7692307692307692,1,0.7692307692307693
S1_D12_P2,S1_D12,2,12,0,,seed,RYRRYYYRRYRBG,,2,0.5384615384615384
S1_D12_P2,S1_D12,2,12,1,89,output,RYYRRRRYYBGGG,0.46153846153846156,1,0.6153846153846154
S1_D12_P2,S1_D12,2,12,2,90,output,GYBBYGBGBYGYR,0.5384615384615384,1,0.6153846153846154
S1_D12_P2,S1_D12,2,12,3,91,output,YYBBGBGBBRYRR,0.6153846153846154,1,0.6153846153846154
S1_D12_P2,S1_D12,2,12,4,92,output,GBBBBGYRYRRRR,0.7692307692307692,1,0.5384615384615384
S1_D12_P2,S1_D12,2,12,5,93,output,BBYYGBYYBYGYR,0.6923076923076923,2,0.6153846153846154
S1_D12_P2,S1_D12,2,12,6,94,output,RBGYRGBYRBBBB,0.6153846153846154,1,0.6153846153846154
S1_D12_P2,S1_D12,2,12,7,95,output,RYBGGBRYRBYGR,0.3846153846153846,1,0.7692307692307693
S1_D12_P2,S1_D12,2,12,8,96,output,RBBGBBBBBBBBB,0.7692307692307692,2,0.23076923076923078
S1_D12_P2,S1_D12,2,13,0,,seed,BGRGBBBBBBGGB,,1,0.46153846153846156
S1_D12_P2,S1_D12,2,13,1,97,output,BGRBBBBBBBGGB,0.9230769230769231,1,0.38461538461538464
S1_D12_P2,S1_D12,2,13,2,98,output,BGRBBGBGRYBBY,0.5384615384615384,2,0.7692307692307693
S1_D12_P2,S1_D12,2,13,3,99,output,GRBBBBBBRYRBB,1.0,2,0.38461538461538464
S1_D12_P2,S1_D12,2,13,4,100,output,BRYBRRBBRGBRB,0.6923076923076923,1,0.7692307692307693
S1_D12_P2,S1_D12,2,13,5,101,output,GBBBBBBRYRYRB,0.7692307692307692,1,0.38461538461538464
S1_D12_P2,S1_D12,2,13,6,102,output,GRYBBGRYRGRGR,0.5384615384615384,2,0.6153846153846154
S1_D12_P2,S1_D12,2,13,7,103,output,GBBBBBBBYRYRB,1.0,1,0.38461538461538464
S1_D12_P2,S1_D12,2,13,8,104,output,GBBBYGRRRRRRR,1.0,1,0.38461538461538464
S1_D12_P2,S1_D12,2,14,0,,seed,BGYBRYRYBBYBR,,1,0.6153846153846154
S1_D12_P2,S1_D12,2,14,1,105,output,BBYBBBBBBBBBB,0.46153846153846156,2,0.15384615384615385
S1_D12_P2,S1_D12,2,14,2,106,output,BGBBBBBYBYBBR,0.8461538461538461,1,0.46153846153846156
S1_D12_P2,S1_D12,2,14,3,107,output,BBYBBBBBBBBBB,1.0,2,0.15384615384615385
S1_D12_P2,S1_D12,2,14,4,108,output,BBGBYYBBBBBRR,0.9230769230769231,1,0.5384615384615384
S1_D12_P2,S1_D12,2,14,5,109,output,BBYBBBBBBBBBB,1.0,2,0.15384615384615385
S1_D12_P2,S1_D12,2,14,6,110,output,BBGBBYBBBBBRB,0.7692307692307692,1,0.5384615384615384
S1_D12_P2,S1_D12,2,14,7,111,output,BBYBBBBBBBBBB,1.0,2,0.15384615384615385
S1_D12_P2,S1_D12,2,14,8,112,output,BBGBBBYBBBBRB,0.8461538461538461,2,0.6153846153846154
S1_D12_P2,S1_D12,2,15,0,,seed,YYYGYBGYGYGBB,,1,0.6153846153846154
S1_D12_P2,S1_D12,2,15,1,113,output,YYYGYBGYBGYBB,0.8461538461538461,1,0.38461538461538464
S1_D12_P2,S1_D12,2,15,2,114,output,GYBGYRBYBYBRG,0.8461538461538461,1,0.6153846153846154
S1_D12_P2,S1_D12,2,15,3,115,output,YYGYYBYYBYBBY,0.8461538461538461,2,0.5384615384615384
S1_D12_P2,S1_D12,2,15,4,116,output,GYBGRYBRGYBRG,0.7692307692307692,2,0.5384615384615384
S1_D12_P2,S1_D12,2,15,5,117,output,YYGYYYBYBYYBY,0.9230769230769231,1,0.5384615384615384
S1_D12_P2,S1_D12,2,15,6,118,output,GYBBGRYRGYBBB,0.7692307692307692,1,0.6153846153846154
S1_D12_P2,S1_D12,2,15,7,119,output,YYYYYBYBYYYYY,1.0,2,0.3076923076923077
S1_D12_P2,S1_D12,2,15,8,120,output,GYBGYYGYBRBBB,0.46153846153846156,2,0.7692307692307693
S1_D13_P1,S1_D13,1,1,0,,seed,GRBRGBRBYGRYG,,1,0.7692307692307693
S1_D13_P1,S1_D13,1,1,1,1,output,GRBBRGRBRGBRY,0.6153846153846154,1,0.6153846153846154
S1_D13_P1,S1_D13,1,1,2,2,output,YRYYRGBRYGRBR,0.46153846153846156,1,0.7692307692307693
S1_D13_P1,S1_D13,1,1,3,3,output,GRBYYGRRBYGRB,0.6923076923076923,1,0.6153846153846154
S1_D13_P1,S1_D13,1,1,4,4,output,YYGRGYGRBBBBB,0.6153846153846154,1,0.46153846153846156
S1_D13_P1,S1_D13,1,1,5,5,output,YGRBYYGRBGRYB,0.6923076923076923,1,0.6153846153846154
S1_D13_P1,S1_D13,1,1,6,6,output,YGRYGRBBBBBBB,0.7692307692307692,1,0.38461538461538464
S1_D13_P1,S1_D13,1,1,7,7,output,YGRBYGRBGBBBB,0.8461538461538461,1,0.5384615384615384
S1_D13_P1,S1_D13,1,1,8,8,output,YGRRYGRBBBBBB,1.0,1,0.46153846153846156
S1_D13_P1,S1_D13,1,2,0,,seed,GYRYRRRYRBBGB,,1,0.6153846153846154
S1_D13_P1,S1_D13,1,2,1,9,output,YGRYGBGBBRBBB,0.3846153846153846,1,0.7692307692307693
S1_D13_P1,S1_D13,1,2,2,10,output,BGRBGRBYRBYGB,0.8461538461538461,1,0.5384615384615384
S1_D13_P1,S1_D13,1,2,3,11,output,YGRYGRGBBGBGB,0.9230769230769231,1,0.6153846153846154
S1_D13_P1,S1_D13,1,2,4,12,output,BGBBGRBYGRBYG,0.5384615384615384,1,0.46153846153846156
S1_D13_P1,S1_D13,1,2,5,13,output,YGRBBBBBBGBBG,0.5384615384615384,2,0.38461538461538464
S1_D13_P1,S1_D13,1,2,6,14,output,BGRBGRYRYRBBB,0.9230769230769231,1,0.6153846153846154
S1_D13_P1,S1_D13,1,2,7,15,output,YGRBGBBBGRBGB,0.6923076923076923,2,0.46153846153846156
S1_D13_P1,S1_D13,1,2,8,16,output,BGRBGRBYRYRBY,0.8461538461538461,1,0.5384615384615384
S1_D13_P1,S1_D13,1,3,0,,seed,BBYYGBYYBRBRY,,1,0.6153846153846154
S1_D13_P1,S1_D13,1,3,1,17,output,YYRBBRGYYRYYY,0.3076923076923077,2,0.7692307692307693
S1_D13_P1,S1_D13,1,3,2,18,output,YBYRGRGRYRYYR,0.5384615384615384,1,0.6153846153846154
S1_D13_P1,S1_D13,1,3,3,19,output,YRGYYRYBRYBYY,0.5384615384615384,1,0.6153846153846154
S1_D13_P1,S1_D13,1,3,4,20,output,YYRYGBYYRYGRB,0.6153846153846154,1,0.5384615384615384
S1_D13_P1,S1_D13,1,3,5,21,output,YRGYGYRBRBYBY,0.6153846153846154,1,0.7692307692307693
S1_D13_P1,S1_D13,1,3,6,22,output,YGRYGBYRYGYGY,0.46153846153846156,2,0.5384615384615384
S1_D13_P1,S1_D13,1,3,7,23,output,YYRBYYRGYRRBB,0.3846153846153846,1,0.7692307692307693
S1_D13_P1,S1_D13,1,3,8,24,output,YGRYBGBGBYGBY,0.6153846153846154,1,0.5384615384615384
S1_D13_P1,S1_D13,1,4,0,,seed,GGGGBBRRYRRRB,,1,0.7692307692307693
S1_D13_P1,S1_D13,1,4,1,25,output,GGGGGBBRYRYGB,0.6923076923076923,1,0.6153846153846154
S1_D13_P1,S1_D13,1,4,2,26,output,YYRGYBGBYRBBB,0.6153846153846154,1,0.7692307692307693
S1_D13_P1,S1_D13,1,4,3,27,output,GGGGGBRYRYRYR,0.8461538461538461,1,0.38461538461538464
S1_D13_P1,S1_D13,1,4,4,28,output,YRGYRYYBBBBBB,0.6153846153846154,1,0.46153846153846156
S1_D13_P1,S1_D13,1,4,5,29,output,GGGGGBBGYRYRY,0.8461538461538461,1,0.5384615384615384
S1_D13_P1,S1_D13,1,4,6,30,output,YRGYRGYRBBYBB,0.8461538461538461,2,0.5384615384615384
S1_D13_P1,S1_D13,1,4,7,31,output,GGGGGBBGYRYRB,0.9230769230769231,1,0.6153846153846154
S1_D13_P1,S1_D13,1,4,8,32,output,YRGYRGYBRBYBY,0.6153846153846154,1,0.6153846153846154
S1_D13_P1,S1_D13,1,5,0,,seed,BYBRGGBYRBBBR,,1,0.7692307692307693
S1_D13_P1,S1_D13,1,5,1,33,output,YRBRYRBYRYRBR,0.5384615384615384,3,0.5384615384615384
S1_D13_P1,S1_D13,1,5,2,34,output,RYRRBYRBRBYRB,0.6153846153846154,2,0.46153846153846156
S1_D13_P1,S1_D13,1,5,3,35,output,YRBYRBYRGBGBR,0.6153846153846154,2,0.5384615384615384
S1_D13_P1,S1_D13,1,5,4,36,output,YRGYRGBGBRGBR,0.46153846153846156,1,0.6153846153846154
S1_D13_P1,S1_D13,1,5,5,37,output,YRGYRGBYRYGBG,0.5384615384615384,2,0.7692307692307693
S1_D13_P1,S1_D13,1,5,6,38,output,YGRYGRBRBRBRB,0.6153846153846154,1,0.38461538461538464
S1_D13_P1,S1_D13,1,5,7,39,output,YRGYRGBBBRBBR,0.6153846153846154,1,0.6153846153846154
S1_D13_P1,S1_D13,1,5,8,40,output,YGRYGRBRBBRBR,0.9230769230769231,1,0.6153846153846154
S1_D13_P1,S1_D13,1,6,0,,seed,RRGRRYYBYBBGY,,1,0.7692307692307693
S1_D13_P1,S1_D13,1,6,1,41,output,RRGRGRBYGRBYB,0.46153846153846156,1,0.46153846153846156
S1_D13_P1,S1_D13,1,6,2,42,output,RGYRGBRBRBRBR,0.8461538461538461,2,0.38461538461538464
S1_D13_P1,S1_D13,1,6,3,43,output,YRRGRRYRBRBRB,0.6153846153846154,1,0.5384615384615384
S1_D13_P1,S1_D13,1,6,4,44,output,YRGRYRBRBYBBB,0.46153846153846156,1,0.7692307692307693
S1_D13_P1,S1_D13,1,6,5,45,output,YGRYGRYBRBBBB,0.8461538461538461,1,0.5384615384615384
S1_D13_P1,S1_D13,1,6,6,46,output,YRGYRGRBRGBBB,0.8461538461538461,1,0.7692307692307693
S1_D13_P1,S1_D13,1,6,7,47,output,YRYGRBBBBBBBB,0.6923076923076923,2,0.3076923076923077
S1_D13_P1,S1_D13,1,6,8,48,output,YRGYRGBGBBGBB,0.9230769230769231,1,0.5384615384615384
S1_D13_P1,S1_D13,1,7,0,,seed,YRGRGBRRGBBGG,,2,0.6153846153846154
S1_D13_P1,S1_D13,1,7,1,49,output,YRGBRBRBGBGBB,0.5384615384615384,1,0.5384615384615384
S1_D13_P1,S1_D13,1,7,2,50,output,GBBBBGRYGGGGG,0.5384615384615384,1,0.46153846153846156
S1_D13_P1,S1_D13,1,7,3,51,output,YRGRYRGBGBBGB,0.8461538461538461,1,0.6153846153846154
S1_D13_P1,S1_D13,1,7,4,52,output,GYBGYGBGGGGBG,0.6153846153846154,1,0.6153846153846154
S1_D13_P1,S1_D13,1,7,5,53,output,YGBBRGBRGBBGB,0.6153846153846154,2,0.5384615384615384
S1_D13_P1,S1_D13,1,7,6,54,output,GYGBGGGGBGBGB,0.6923076923076923,1,0.46153846153846156
S1_D13_P1,S1_D13,1,7,7,55,output,YRBBBBYRGRBBB,0.6153846153846154,1,0.46153846153846156
S1_D13_P1,S1_D13,1,7,8,56,output,GYGBGBGBGBGBG,0.7692307692307692,2,0.15384615384615385
S1_D13_P1,S1_D13,1,8,0,,seed,GYRYYGBBGGGBB,,1,0.6153846153846154
S1_D13_P1,S1_D13,1,8,1,57,output,GYBGGBBGYBGBY,0.5384615384615384,2,0.6153846153846154
S1_D13_P1,S1_D13,1,8,2,58,output,YRBRBRBRYRBRB,0.6153846153846154,2,0.3076923076923077
S1_D13_P1,S1_D13,1,8,3,59,output,GYBGBBGBYRBGB,0.5384615384615384,1,0.5384615384615384
S1_D13_P1,S1_D13,1,8,4,60,output,YRBRBYRGRGBRB,0.6923076923076923,1,0.6153846153846154
S1_D13_P1,S1_D13,1,8,5,61,output,YRBGBRYRBRBRG,0.5384615384615384,1,0.6153846153846154
S1_D13_P1,S1_D13,1,8,6,62,output,YYRRGRBRBGRBR,0.6923076923076923,2,0.5384615384615384
S1_D13_P1,S1_D13,1,8,7,63,output,YRGBRYRBGBGBG,0.5384615384615384,1,0.5384615384615384
S1_D13_P1,S1_D13,1,8,8,64,output,YGRYRYBGRBRGB,0.5384615384615384,1,0.7692307692307693
S1_D13_P1,S1_D13,1,9,0,,seed,BBBRGRYGRYYBG,,1,0.6153846153846154
S1_D13_P1,S1_D13,1,9,1,65,output,BBBGRYGRBRYRB,0.6153846153846154,1,0.7692307692307693
S1_D13_P1,S1_D13,1,9,2,66,output,GGRGYRGBYGRGR,0.3846153846153846,2,0.6153846153846154
S1_D13_P1,S1_D13,1,9,3,67,output,BGRBYBYBBBBBB,0.8461538461538461,1,0.38461538461538464
S1_D13_P1,S1_D13,1,9,4,68,output,YRGRYBGBGBBBB,0.6153846153846154,1,0.5384615384615384
S1_D13_P1,S1_D13,1,9,5,69,output,BGRBGBBBBBBBB,0.8461538461538461,2,0.3076923076923077
S1_D13_P1,S1_D13,1,9,6,70,output,YRBRGBGBBGBRG,0.5384615384615384,1,0.6153846153846154
S1_D13_P1,S1_D13,1,9,7,71,output,BRBGBBBGBBBBB,0.8461538461538461,1,0.46153846153846156
S1_D13_P1,S1_D13,1,9,8,72,output,GRBRGRBRBBBBB,0.5384615384615384,1,0.46153846153846156
S1_D13_P1,S1_D13,1,10,0,,seed,GYYYRGYYGRRRB,,1,0.7692307692307693
S1_D13_P1,S1_D13,1,10,1,73,output,GYYRYGYYBGBYB,0.5384615384615384,1,0.7692307692307693
S1_D13_P1,S1_D13,1,10,2,74,output,YBRYRBBRBYBRB,0.5384615384615384,2,0.6153846153846154
S1_D13_P1,S1_D13,1,10,3,75,output,YRGBRBBBRYBBB,0.46153846153846156,1,0.6153846153846154
S1_D13_P1,S1_D13,1,10,4,76,output,YRGRBGBBRBRBB,0.6923076923076923,1,0.6153846153846154
S1_D13_P1,S1_D13,1,10,5,77,output,YRGRBGBGBRGRY,0.5384615384615384,1,0.5384615384615384
S1_D13_P1,S1_D13,1,10,6,78,output,YRGRBGBBGBRBB,0.7692307692307692,1,0.6153846153846154
S1_D13_P1,S1_D13,1,10,7,79,output,YRGRBRBBRBBBB,0.8461538461538461,2,0.5384615384615384
S1_D13_P1,S1_D13,1,10,8,80,output,YRGBRGBGBBBBB,0.8461538461538461,1,0.46153846153846156
S1_D13_P1,S1_D13,1,11,0,,seed,GBBGRGYRRYRBY,,1,0.7692307692307693
S1_D13_P1,S1_D13,1,11,1,81,output,GBGRBGBBRBRGY,0.5384615384615384,1,0.7692307692307693
S1_D13_P1,S1_D13,1,11,2,82,output,YRBYBRYBRGBBB,0.6153846153846154,1,0.6153846153846154
S1_D13_P1,S1_D13,1,11,3,83,output,GBRGBGBRYRBGB,0.46153846153846156,2,0.6153846153846154
S1_D13_P1,S1_D13,1,11,4,84,output,YRBRBBGRBGBBR,0.6923076923076923,1,0.7692307692307693
S1_D13_P1,S1_D13,1,11,5,85,output,GBGBGRBYRGYBR,0.6153846153846154,1,0.7692307692307693
S1_D13_P1,S1_D13,1,11,6,86,output,YGRBRBGRBRBGR,0.46153846153846156,2,0.3076923076923077
S1_D13_P1,S1_D13,1,11,7,87,output,GBGYRYYRYRYBY,0.6153846153846154,1,0.6153846153846154
S1_D13_P1,S1_D13,1,11,8,88,output,YRBYRGRYRBYRB,0.5384615384615384,2,0.5384615384615384
S1_D13_P1,S1_D13,1,12,0,,seed,BBRBGYBYYGGRG,,0,0.7692307692307693
S1_D13_P1,S1_D13,1,12,1,89,output,BGRYRBGBBRBRB,0.3076923076923077,1,0.6153846153846154
S1_D13_P1,S1_D13,1,12,2,90,output,GYBGBYBYYYYYY,0.6923076923076923,1,0.46153846153846156
S1_D13_P1,S1_D13,1,12,3,91,output,YRBGBRYRBBGBR,0.5384615384615384,1,0.5384615384615384
S1_D13_P1,S1_D13,1,12,4,92,output,GYRYGRBGBYRBG,0.3076923076923077,1,0.6153846153846154
S1_D13_P1,S1_D13,1,12,5,93,output,YRBRYRGRBRGBR,0.46153846153846156,1,0.6153846153846154
S1_D13_P1,S1_D13,1,12,6,94,output,GYRBGRBGBGBRB,0.6153846153846154,2,0.5384615384615384
S1_D13_P1,S1_D13,1,12,7,95,output,YRGRBYRGYBYBY,0.5384615384615384,1,0.6153846153846154
S1_D13_P1,S1_D13,1,12,8,96,output,GYRGYRBRYRBYB,0.6153846153846154,1,0.6153846153846154
S1_D13_P1,S1_D13,1,13,0,,seed,YYRGYGGGBGRBB,,0,0.7692307692307693
S1_D13_P1,S1_D13,1,13,1,97,output,YRGGRGBGYRGRB,0.5384615384615384,2,0.7692307692307693
S1_D13_P1,S1_D13,1,13,2,98,output,YGRYRGYRBGBGB,0.6153846153846154,1,0.6153846153846154
S1_D13_P1,S1_D13,1,13,3,99,output,YGRYRGBRBRBBG,0.6153846153846154,1,0.6153846153846154
S1_D13_P1,S1_D13,1,13,4,100,output,YRGRYRGBBGBBB,0.6923076923076923,1,0.6153846153846154
S1_D13_P1,S1_D13,1,13,5,101,output,YGRYGRYGBGRGB,0.6923076923076923,2,0.5384615384615384
S1_D13_P1,S1_D13,1,13,6,102,output,YRGYRGBBGBBBB,1.0,1,0.6153846153846154
S1_D13_P1,S1_D13,1,13,7,103,output,YGRYRYGRGBBBG,0.8461538461538461,1,0.7692307692307693
S1_D13_P1,S1_D13,1,13,8,104,output,RGYRGYBGBRBRB,0.6923076923076923,1,0.6153846153846154
S1_D13_P1,S1_D13,1,14,0,,seed,YRGGYBYYRGGYY,,1,0.5384615384615384
S1_D13_P1,S1_D13,1,14,1,105,output,YRGGYBRBBRGGB,0.6153846153846154,1,0.6153846153846154
S1_D13_P1,S1_D13,1,14,2,106,output,GRYBRGRBBRBBR,0.3846153846153846,2,0.5384615384615384
S1_D13_P1,S1_D13,1,14,3,107,output,YGRBGRBGBBBBB,0.7692307692307692,1,0.38461538461538464
S1_D13_P1,S1_D13,1,14,4,108,output,GYRGYRBRBBBBB,0.6923076923076923,1,0.5384615384615384
S1_D13_P1,S1_D13,1,14,5,109,output,YGRBYGRBYGBGR,0.6153846153846154,2,0.46153846153846156
S1_D13_P1,S1_D13,1,14,6,110,output,GRGYGBYBBYBBB,0.7692307692307692,1,0.5384615384615384
S1_D13_P1,S1_D13,1,14,7,111,output,YGRBYGRBYBRBY,0.9230769230769231,1,0.46153846153846156
S1_D13_P1,S1_D13,1,14,8,112,output,GYBBGRBBGBYBY,0.8461538461538461,1,0.6153846153846154
S1_D13_P1,S1_D13,1,15,0,,seed,BYBGBBBGGGRYR,,1,0.7692307692307693
S1_D13_P1,S1_D13,1,15,1,113,output,BYGBYBBYRYBBB,0.3846153846153846,1,0.6153846153846154
S1_D13_P1,S1_D13,1,15,2,114,output,RBBRBBRBGRBGR,0.8461538461538461,2,0.38461538461538464
S1_D13_P1,S1_D13,1,15,3,115,output,BBBYBBRBBGBBR,0.8461538461538461,2,0.6153846153846154
S1_D13_P1,S1_D13,1,15,4,116,output,RRBRYRBYBBRBY,0.5384615384615384,2,0.6153846153846154
S1_D13_P1,S1_D13,1,15,5,117,output,BBYBBRBBGBBBB,0.8461538461538461,1,0.6153846153846154
S1_D13_P1,S1_D13,1,15,6,118,output,RBBYRBBYBGBBB,0.3846153846153846,1,0.6153846153846154
S1_D13_P1,S1_D13,1,15,7,119,output,BBRYBBRBBBBBB,0.8461538461538461,2,0.46153846153846156
S1_D13_P1,S1_D13,1,15,8,120,output,BBYRBBRBBBBBB,1.0,2,0.46153846153846156
S1_D13_P2,S1_D13,2,1,0,,seed,YYGRBGGBRBGBG,,1,0.6153846153846154
S1_D13_P2,S1_D13,2,1,1,1,output,YYRYBGRRGYBRR,0.3846153846153846,1,0.7692307692307693
S1_D13_P2,S1_D13,2,1,2,2,output,GGRBYGRRBRGYB,0.46153846153846156,1,0.7692307692307693
S1_D13_P2,S1_D13,2,1,3,3,output,YYRYBGRYGBBBB,0.46153846153846156,1,0.6153846153846154
S1_D13_P2,S1_D13,2,1,4,4,output,GRBYYGRGBYRBB,0.7692307692307692,1,0.7692307692307693
S1_D13_P2,S1_D13,2,1,5,5,output,YGRGYYRBBBBBB,0.7692307692307692,1,0.46153846153846156
S1_D13_P2,S1_D13,2,1,6,6,output,YGRBYGRBYGBBB,0.6923076923076923,2,0.46153846153846156
S1_D13_P2,S1_D13,2,1,7,7,output,YGRRYGRBBBBBB,0.8461538461538461,1,0.46153846153846156
S1_D13_P2,S1_D13,2,1,8,8,output,YGRBYGRBGBBBB,1.0,1,0.5384615384615384
S1_D13_P2,S1_D13,2,2,0,,seed,BBRGBGYGRGYRB,,1,0.7692307692307693
S1_D13_P2,S1_D13,2,2,1,9,output,BGRBGRBYRYGBB,0.3846153846153846,1,0.6153846153846154
S1_D13_P2,S1_D13,2,2,2,10,output,YGRYGRGBBGBBB,0.8461538461538461,1,0.6153846153846154
S1_D13_P2,S1_D13,2,2,3,11,output,BBGRBGRYRYRBY,0.6153846153846154,1,0.5384615384615384
S1_D13_P2,S1_D13,2,2,4,12,output,YGRYGRRBBBBGB,0.8461538461538461,1,0.6153846153846154
S1_D13_P2,S1_D13,2,2,5,13,output,BGRBYRYRYRBBB,0.46153846153846156,1,0.5384615384615384
S1_D13_P2,S1_D13,2,2,6,14,output,YGRBBBGBBBGBB,0.8461538461538461,2,0.38461538461538464
S1_D13_P2,S1_D13,2,2,7,15,output,BGRBGRYYRYRYY,0.6923076923076923,1,0.6153846153846154
S1_D13_P2,S1_D13,2,2,8,16,output,YGRGYRYGBGBBB,0.46153846153846156,1,0.7692307692307693
S1_D13_P2,S1_D13,2,3,0,,seed,YBRYGRYRRGGGR,,1,0.7692307692307693
S1_D13_P2,S1_D13,2,3,1,17,output,YRBGBGGGRGRYY,0.3076923076923077,1,0.7692307692307693
S1_D13_P2,S1_D13,2,3,2,18,output,YRRBGRBYYRYYY,0.7692307692307692,1,0.7692307692307693
S1_D13_P2,S1_D13,2,3,3,19,output,YYRYGRBRYRYYY,0.6923076923076923,1,0.6153846153846154
S1_D13_P2,S1_D13,2,3,4,20,output,YRGYRGYYBGRBB,0.46153846153846156,1,0.6153846153846154
S1_D13_P2,S1_D13,2,3,5,21,output,YYRYYGYYBBGRY,0.6153846153846154,1,0.7692307692307693
S1_D13_P2,S1_D13,2,3,6,22,output,YYRGYRYBBGRYY,0.5384615384615384,1,0.7692307692307693
S1_D13_P2,S1_D13,2,3,7,23,output,YGRYGYGRGYGBB,0.6153846153846154,2,0.6153846153846154
S1_D13_P2,S1_D13,2,3,8,24,output,YYRGRYGBGRBBB,0.5384615384615384,1,0.7692307692307693
S1_D13_P2,S1_D13,2,4,0,,seed,YYRGRYYRRGRGR,,1,0.6153846153846154
S1_D13_P2,S1_D13,2,4,1,25,output,YYRGRYYGRBGBB,0.6153846153846154,1,0.7692307692307693
S1_D13_P2,S1_D13,2,4,2,26,output,GGGGGBBGRYRYR,0.7692307692307692,1,0.5384615384615384
S1_D13_P2,S1_D13,2,4,3,27,output,YRRGYRGYRYBBB,0.6923076923076923,2,0.5384615384615384
S1_D13_P2,S1_D13,2,4,4,28,output,GGGGGBBGGYRYR,0.7692307692307692,1,0.6153846153846154
S1_D13_P2,S1_D13,2,4,5,29,output,YRGYRGYRYBBBB,0.7692307692307692,2,0.46153846153846156
S1_D13_P2,S1_D13,2,4,6,30,output,GGGGGBBGYRYRR,0.9230769230769231,1,0.6153846153846154
S1_D13_P2,S1_D13,2,4,7,31,output,YRGYRGYRGBGRB,0.7692307692307692,1,0.46153846153846156
S1_D13_P2,S1_D13,2,4,8,32,output,GGGGGBBGBYRYR,0.8461538461538461,1,0.6153846153846154
S1_D13_P2,S1_D13,2,5,0,,seed,RRYGRBGGYGRRY,,1,0.6153846153846154
S1_D13_P2,S1_D13,2,5,1,33,output,RRYGRRBYRBBBB,0.3846153846153846,1,0.6153846153846154
S1_D13_P2,S1_D13,2,5,2,34,output,YRBYRBGRBYBBB,0.6153846153846154,1,0.6153846153846154
S1_D13_P2,S1_D13,2,5,3,35,output,RYGRYRGRBBBGB,0.5384615384615384,1,0.7692307692307693
S1_D13_P2,S1_D13,2,5,4,36,output,YGRYGRYBYRYGR,0.46153846153846156,1,0.46153846153846156
S1_D13_P2,S1_D13,2,5,5,37,output,YGRRGRYGRBBBR,0.46153846153846156,2,0.7692307692307693
S1_D13_P2,S1_D13,2,5,6,38,output,YRGYRGYRGBBRB,0.6153846153846154,1,0.46153846153846156
S1_D13_P2,S1_D13,2,5,7,39,output,YGRYGRBRBBRBB,0.8461538461538461,1,0.5384615384615384
S1_D13_P2,S1_D13,2,5,8,40,output,YRGYRGRBGBBBB,0.6923076923076923,1,0.6153846153846154
S1_D13_P2,S1_D13,2,6,0,,seed,RGGRYBYRGBYRG,,2,0.5384615384615384
S1_D13_P2,S1_D13,2,6,1,41,output,RGYRGRBGRBRBR,0.3846153846153846,1,0.5384615384615384
S1_D13_P2,S1_D13,2,6,2,42,output,RRGRGRYRRRGBB,0.6153846153846154,2,0.6153846153846154
S1_D13_P2,S1_D13,2,6,3,43,output,RYGRBBGBRGBBB,0.46153846153846156,1,0.7692307692307693
S1_D13_P2,S1_D13,2,6,4,44,output,YGRYRGRBRBBBB,0.5384615384615384,1,0.6153846153846154
S1_D13_P2,S1_D13,2,6,5,45,output,YRGYRGRRBGBBB,0.6923076923076923,1,0.7692307692307693
S1_D13_P2,S1_D13,2,6,6,46,output,YGRRYGRBBBBBB,0.7692307692307692,1,0.46153846153846156
S1_D13_P2,S1_D13,2,6,7,47,output,YRGYRGBGBBBBB,0.6923076923076923,1,0.5384615384615384
S1_D13_P2,S1_D13,2,6,8,48,output,YRGYRBBBBBBBB,0.8461538461538461,2,0.3076923076923077
S1_D13_P2,S1_D13,2,7,0,,seed,BGGGGBYYGGGRG,,1,0.5384615384615384
S1_D13_P2,S1_D13,2,7,1,49,output,BGBGGGGYGGGRG,0.7692307692307692,1,0.5384615384615384
S1_D13_P2,S1_D13,2,7,2,50,output,YRGRYRGBBGBBB,0.6153846153846154,1,0.6153846153846154
S1_D13_P2,S1_D13,2,7,3,51,output,GYBGGGGGBYGGG,0.46153846153846156,2,0.46153846153846156
S1_D13_P2,S1_D13,2,7,4,52,output,YRGBBGRBGBBBB,0.6153846153846154,1,0.6153846153846154
S1_D13_P2,S1_D13,2,7,5,53,output,GYBGGGGGGGBGG,0.7692307692307692,2,0.3076923076923077
S1_D13_P2,S1_D13,2,7,6,54,output,YBBBBGBRBBBBB,0.6923076923076923,2,0.46153846153846156
S1_D13_P2,S1_D13,2,7,7,55,output,GYBGBGBGBGBBB,0.6923076923076923,2,0.3076923076923077
S1_D13_P2,S1_D13,2,7,8,56,output,YRBBBBBBYBBGB,0.6153846153846154,1,0.46153846153846156
S1_D13_P2,S1_D13,2,8,0,,seed,RBBRYRYBRBGGR,,1,0.7692307692307693
S1_D13_P2,S1_D13,2,8,1,57,output,RBBGBRYRBRBYR,0.6153846153846154,1,0.7692307692307693
S1_D13_P2,S1_D13,2,8,2,58,output,GYBBGGGYBGBRB,0.6153846153846154,1,0.7692307692307693
S1_D13_P2,S1_D13,2,8,3,59,output,YRBYRBRGRBRBB,0.6923076923076923,1,0.6153846153846154
S1_D13_P2,S1_D13,2,8,4,60,output,YBGBGRBRBBBBR,0.46153846153846156,1,0.6153846153846154
S1_D13_P2,S1_D13,2,8,5,61,output,YYRRBRBGRBRBB,0.5384615384615384,2,0.5384615384615384
S1_D13_P2,S1_D13,2,8,6,62,output,YRBGBGRBGRBBB,0.6153846153846154,2,0.5384615384615384
S1_D13_P2,S1_D13,2,8,7,63,output,YRYGRYYYGBRBB,0.46153846153846156,1,0.7692307692307693
S1_D13_P2,S1_D13,2,8,8,64,output,YRGYRGBBGBBBB,0.6153846153846154,1,0.6153846153846154
S1_D13_P2,S1_D13,2,9,0,,seed,GBGGGBGGYGRYY,,1,0.6153846153846154
S1_D13_P2,S1_D13,2,9,1,65,output,GGBGGGGYRYRYY,0.6153846153846154,1,0.5384615384615384
S1_D13_P2,S1_D13,2,9,2,66,output,BGRBGBYBBBBBY,0.3076923076923077,1,0.5384615384615384
S1_D13_P2,S1_D13,2,9,3,67,output,GRGGYRGGBBGBB,0.46153846153846156,1,0.5384615384615384
S1_D13_P2,S1_D13,2,9,4,68,output,BGRBBBBBGBBBB,0.7692307692307692,2,0.38461538461538464
S1_D13_P2,S1_D13,2,9,5,69,output,YRGRBBGBRBBBB,0.8461538461538461,1,0.6153846153846154
S1_D13_P2,S1_D13,2,9,6,70,output,BGRBGBBBBBBBB,1.0,2,0.3076923076923077
S1_D13_P2,S1_D13,2,9,7,71,output,YRGBRBBGBBBBR,0.6923076923076923,1,0.6153846153846154
S1_D13_P2,S1_D13,2,9,8,72,output,GBRBBGBBBBBBB,0.6923076923076923,1,0.38461538461538464
S1_D13_P2,S1_D13,2,10,0,,seed,BYYGYBRYYYGRB,,1,0.6153846153846154
S1_D13_P2,S1_D13,2,10,1,73,output,BYGRYBBYBBRBB,0.46153846153846156,1,0.6153846153846154
S1_D13_P2,S1_D13,2,10,2,74,output,GYYRYRBBBGBBY,0.6153846153846154,1,0.7692307692307693
S1_D13_P2,S1_D13,2,10,3,75,output,YRGBBRBGBRBBB,0.5384615384615384,1,0.6153846153846154
S1_D13_P2,S1_D13,2,10,4,76,output,YRGBRBBBGBBBB,0.8461538461538461,1,0.6153846153846154
S1_D13_P2,S1_D13,2,10,5,77,output,YRGRBBGBBRBBB,0.8461538461538461,2,0.6153846153846154
S1_D13_P2,S1_D13,2,10,6,78,output,YRGBRBGBRBBBB,0.5384615384615384,1,0.46153846153846156
S1_D13_P2,S1_D13,2,10,7,79,output,YRGBRBGBBBBBB,0.7692307692307692,1,0.46153846153846156
S1_D13_P2,S1_D13,2,10,8,80,output,YRGBRBGBRBBBR,0.7692307692307692,1,0.5384615384615384
S1_D13_P2,S1_D13,2,11,0,,seed,YBRYGBBBRRBRG,,1,0.7692307692307693
S1_D13_P2,S1_D13,2,11,1,81,output,YBRYBRBGBRBBB,0.5384615384615384,1,0.6153846153846154
S1_D13_P2,S1_D13,2,11,2,82,output,GBGRYGRBBRGBB,0.6153846153846154,1,0.7692307692307693
S1_D13_P2,S1_D13,2,11,3,83,output,YRBGRBBGBBRBB,0.5384615384615384,2,0.6153846153846154
S1_D13_P2,S1_D13,2,11,4,84,output,GBGBRBYRBBGBB,0.6153846153846154,1,0.6153846153846154
S1_D13_P2,S1_D13,2,11,5,85,output,YRBGRBBBRGBRB,0.6153846153846154,1,0.7692307692307693
S1_D13_P2,S1_D13,2,11,6,86,output,GGBGRYRYYBYYY,0.5384615384615384,1,0.7692307692307693
S1_D13_P2,S1_D13,2,11,7,87,output,YRBRBGRBRYYBY,0.6153846153846154,1,0.6153846153846154
S1_D13_P2,S1_D13,2,11,8,88,output,GBGRYRYYGYYGY,0.6923076923076923,1,0.5384615384615384
S1_D13_P2,S1_D13,2,12,0,,seed,GBYGYYYYBRYYY,,1,0.5384615384615384
S1_D13_P2,S1_D13,2,12,1,89,output,GBGYYYYBYYYYY,0.7692307692307692,2,0.46153846153846156
S1_D13_P2,S1_D13,2,12,2,90,output,BRBYRYGBBBGBB,0.5384615384615384,1,0.6153846153846154
S1_D13_P2,S1_D13,2,12,3,91,output,GYBGYRYYYYYYY,0.7692307692307692,1,0.38461538461538464
S1_D13_P2,S1_D13,2,12,4,92,output,YRBGBRBBGBBRB,0.6923076923076923,1,0.5384615384615384
S1_D13_P2,S1_D13,2,12,5,93,output,GYRYGBBRGBBBR,0.6153846153846154,1,0.6153846153846154
S1_D13_P2,S1_D13,2,12,6,94,output,YRBGRBBGBRBYB,0.46153846153846156,1,0.7692307692307693
S1_D13_P2,S1_D13,2,12,7,95,output,GYRGYRGBBRBBG,0.5384615384615384,1,0.6153846153846154
S1_D13_P2,S1_D13,2,12,8,96,output,YRGRYGRGBBBRB,0.5384615384615384,1,0.7692307692307693
S1_D13_P2,S1_D13,2,13,0,,seed,GRGBYRRYYRGGR,,1,0.7692307692307693
S1_D13_P2,S1_D13,2,13,1,97,output,YGRGYRBGBBRBB,0.3076923076923077,1,0.7692307692307693
S1_D13_P2,S1_D13,2,13,2,98,output,YGRRGYBGRBGBB,0.5384615384615384,1,0.7692307692307693
S1_D13_P2,S1_D13,2,13,3,99,output,YGRGYBGBRGBBB,0.6153846153846154,1,0.7692307692307693
S1_D13_P2,S1_D13,2,13,4,100,output,YGRYGRBGBBRBG,0.6923076923076923,1,0.6153846153846154
S1_D13_P2,S1_D13,2,13,5,101,output,YRGYRGBBGBBBB,0.8461538461538461,1,0.6153846153846154
S1_D13_P2,S1_D13,2,13,6,102,output,YGRYGRYGRGBBG,0.6923076923076923,1,0.46153846153846156
S1_D13_P2,S1_D13,2,13,7,103,output,RGYRGRBBRBBBR,0.6923076923076923,1,0.6153846153846154
S1_D13_P2,S1_D13,2,13,8,104,output,YGRGYGBBGBBBR,0.6153846153846154,1,0.6153846153846154
S1_D13_P2,S1_D13,2,14,0,,seed,RBGGGBYBYYBBB,,1,0.7692307692307693
S1_D13_P2,S1_D13,2,14,1,105,output,RBGRRYRBYBBRB,0.5384615384615384,1,0.7692307692307693
S1_D13_P2,S1_D13,2,14,2,106,output,YGRGGBGBRBBBB,0.5384615384615384,1,0.6153846153846154
S1_D13_P2,S1_D13,2,14,3,107,output,GYRYGBBRBBRBB,0.6153846153846154,2,0.46153846153846156
S1_D13_P2,S1_D13,2,14,4,108,output,YGRBYGBBRBBBB,0.6923076923076923,1,0.6153846153846154
S1_D13_P2,S1_D13,2,14,5,109,output,GRGYGBBGBBBBB,0.6923076923076923,1,0.5384615384615384
S1_D13_P2,S1_D13,2,14,6,110,output,YGRBYGRBYBRBR,0.7692307692307692,1,0.5384615384615384
S1_D13_P2,S1_D13,2,14,7,111,output,GYBBGRBBGBBYB,0.46153846153846156,2,0.6153846153846154
S1_D13_P2,S1_D13,2,14,8,112,output,YGRBYGRBYBRGR,0.8461538461538461,1,0.5384615384615384
S1_D13_P2,S1_D13,2,15,0,,seed,RBBRRRGRRGRBB,,1,0.5384615384615384
S1_D13_P2,S1_D13,2,15,1,113,output,RBBRBBRBGRGRB,0.6153846153846154,2,0.5384615384615384
S1_D13_P2,S1_D13,2,15,2,114,output,BBBYRBBRBBGBB,0.5384615384615384,2,0.6153846153846154
S1_D13_P2,S1_D13,2,15,3,115,output,RBBRGBRRBRBBY,0.6153846153846154,1,0.7692307692307693
S1_D13_P2,S1_D13,2,15,4,116,output,BBYBRBBGBBBBB,0.6153846153846154,1,0.5384615384615384
S1_D13_P2,S1_D13,2,15,5,117,output,RBBRGBRRBRRYY,0.46153846153846156,1,0.6153846153846154
S1_D13_P2,S1_D13,2,15,6,118,output,BBYRBBRBBBBBB,0.8461538461538461,2,0.46153846153846156
S1_D13_P2,S1_D13,2,15,7,119,output,BBYRBBRBBBBBB,0.6923076923076923,2,0.46153846153846156
S1_D13_P2,S1_D13,2,15,8,120,output,BBRYBRBBBBBBB,0.8461538461538461,1,0.38461538461538464
S1_D14_P1,S1_D14,1,1,0,,seed,GYBRRYRGGYYBB,,1,0.7692307692307693
S1_D14_P1,S1_D14,1,1,1,1,output,GYBRRYRGGYYBR,0.9230769230769231,1,0.6153846153846154
S1_D14_P1,S1_D14,1,1,2,2,output,RYBRYBBRBGRGG,0.6923076923076923,1,0.7692307692307693
S1_D14_P1,S1_D14,1,1,3,3,output,GYRGYRGGBGRYY,0.5384615384615384,1,0.6153846153846154
S1_D14_P1,S1_D14,1,1,4,4,output,RYBRYBRRBGGRG,0.6923076923076923,1,0.6153846153846154
S1_D14_P1,S1_D14,1,1,5,5,output,GYRGYRBYRBGGG,0.6923076923076923,1,0.6153846153846154
S1_D14_P1,S1_D14,1,1,6,6,output,RYBRYBRRBRBGG,1.0,1,0.6153846153846154
S1_D14_P1,S1_D14,1,1,7,7,output,RGYRGYBBGBGGG,0.8461538461538461,1,0.7692307692307693
S1_D14_P1,S1_D14,1,1,8,8,output,RYBRYBRRBRBGG,1.0,1,0.6153846153846154
S1_D14_P1,S1_D14,1,2,0,,seed,YGRYYBGBBRBRY,,1,0.7692307692307693
S1_D14_P1,S1_D14,1,2,1,9,output,RGYYBBRBGBRGB,0.46153846153846156,1,0.7692307692307693
S1_D14_P1,S1_D14,1,2,2,10,output,BYYYYRBYRBGBG,1.0,1,0.5384615384615384
S1_D14_P1,S1_D14,1,2,3,11,output,RGYYRRBGBGRBG,0.8461538461538461,2,0.6153846153846154
S1_D14_P1,S1_D14,1,2,4,12,output,RYYYYBRYBGBGG,0.6923076923076923,1,0.6153846153846154
S1_D14_P1,S1_D14,1,2,5,13,output,RYYBGBGRBGGBG,0.6153846153846154,1,0.6153846153846154
S1_D14_P1,S1_D14,1,2,6,14,output,RYYBYRYBGBGBG,0.8461538461538461,1,0.5384615384615384
S1_D14_P1,S1_D14,1,2,7,15,output,RYYBGGRBGBGBG,0.8461538461538461,1,0.5384615384615384
S1_D14_P1,S1_D14,1,2,8,16,output,RYYBRYBGGBGBG,0.8461538461538461,1,0.6153846153846154
S1_D14_P1,S1_D14,1,3,0,,seed,BGRYRBRYRRRYG,,2,0.6153846153846154
S1_D14_P1,S1_D14,1,3,1,17,output,BGRYRBGBGRYGB,0.6153846153846154,2,0.6153846153846154
S1_D14_P1,S1_D14,1,3,2,18,output,RYYBGBYRBGGBG,0.6923076923076923,1,0.7692307692307693
S1_D14_P1,S1_D14,1,3,3,19,output,BGRYBGRGRYRYB,0.5384615384615384,1,0.5384615384615384
S1_D14_P1,S1_D14,1,3,4,20,output,RYYBRBGBRBGGG,0.6923076923076923,1,0.5384615384615384
S1_D14_P1,S1_D14,1,3,5,21,output,BGRYBGGRBYGRG,0.9230769230769231,1,0.7692307692307693
S1_D14_P1,S1_D14,1,3,6,22,output,RYBRYBGBGGGGG,0.8461538461538461,1,0.5384615384615384
S1_D14_P1,S1_D14,1,3,7,23,output,BGRYBGGRBYGRG,1.0,1,0.7692307692307693
S1_D14_P1,S1_D14,1,3,8,24,output,RYBRYGGBGGGGG,0.8461538461538461,1,0.5384615384615384
S1_D14_P1,S1_D14,1,4,0,,seed,GGRBGGGBRGYRY,,1,0.7692307692307693
S1_D14_P1,S1_D14,1,4,1,25,output,GGRBGGBRGYRYR,0.8461538461538461,1,0.7692307692307693
S1_D14_P1,S1_D14,1,4,2,26,output,RYYBGBBRYYYYY,0.6923076923076923,1,0.5384615384615384
S1_D14_P1,S1_D14,1,4,3,27,output,GGBRGBRGYYGGR,0.6923076923076923,1,0.5384615384615384
S1_D14_P1,S1_D14,1,4,4,28,output,RBGRBRYYYYYYY,0.6923076923076923,1,0.38461538461538464
S1_D14_P1,S1_D14,1,4,5,29,output,GGBRGBGYBRYRY,0.8461538461538461,1,0.7692307692307693
S1_D14_P1,S1_D14,1,4,6,30,output,RBGRBYRGYYYYY,1.0,1,0.5384615384615384
S1_D14_P1,S1_D14,1,4,7,31,output,GGBRGRBGYYRGR,0.6153846153846154,1,0.6153846153846154
S1_D14_P1,S1_D14,1,4,8,32,output,RBGRBYRGYYYYY,0.8461538461538461,1,0.5384615384615384
S1_D14_P1,S1_D14,1,5,0,,seed,YGYGYBBYRGBYY,,1,0.7692307692307693
S1_D14_P1,S1_D14,1,5,1,33,output,GYGYBRYRGRGYG,0.6153846153846154,1,0.7692307692307693
S1_D14_P1,S1_D14,1,5,2,34,output,RRBGBYYRBRGBR,0.5384615384615384,1,0.7692307692307693
S1_D14_P1,S1_D14,1,5,3,35,output,GYGYBRYBGYGYG,1.0,2,0.6153846153846154
S1_D14_P1,S1_D14,1,5,4,36,output,RRBGRBYBYGYYG,0.6923076923076923,1,0.7692307692307693
S1_D14_P1,S1_D14,1,5,5,37,output,GGYBRBYYRYYBG,0.6923076923076923,1,0.7692307692307693
S1_D14_P1,S1_D14,1,5,6,38,output,RRBGRBYGYRYGY,0.9230769230769231,1,0.6153846153846154
S1_D14_P1,S1_D14,1,5,7,39,output,GGBRGBYRGYBGB,0.8461538461538461,1,0.7692307692307693
S1_D14_P1,S1_D14,1,5,8,40,output,RRBGRBYRGYGGB,0.6923076923076923,1,0.7692307692307693
S1_D14_P1,S1_D14,1,6,0,,seed,RBYYGRYGGYRRB,,1,0.7692307692307693
S1_D14_P1,S1_D14,1,6,1,41,output,RBYYGRYGYGBGB,0.6923076923076923,1,0.7692307692307693
S1_D14_P1,S1_D14,1,6,2,42,output,BYGRYYRBGYBRY,0.5384615384615384,1,0.7692307692307693
S1_D14_P1,S1_D14,1,6,3,43,output,RBYYGRBGBGBGB,0.8461538461538461,1,0.46153846153846156
S1_D14_P1,S1_D14,1,6,4,44,output,BYGRBYRGBYGRY,1.0,2,0.6153846153846154
S1_D14_P1,S1_D14,1,6,5,45,output,RBYYRBGBGBGBG,1.0,1,0.38461538461538464
S1_D14_P1,S1_D14,1,6,6,46,output,BYGRYRGBGRYGB,0.5384615384615384,1,0.6153846153846154
S1_D14_P1,S1_D14,1,6,7,47,output,RBYRRBGBRBGBG,0.9230769230769231,2,0.5384615384615384
S1_D14_P1,S1_D14,1,6,8,48,output,BYGRYGBRYGRBY,0.9230769230769231,2,0.6153846153846154
S1_D14_P1,S1_D14,1,7,0,,seed,BRRGRGBRYYGBB,,1,0.7692307692307693
S1_D14_P1,S1_D14,1,7,1,49,output,BRRGBGRYYGYBB,0.7692307692307692,0,0.7692307692307693
S1_D14_P1,S1_D14,1,7,2,50,output,RGBRGRBRYYYYY,0.6153846153846154,1,0.5384615384615384
S1_D14_P1,S1_D14,1,7,3,51,output,BGRBGYRBGBGRY,0.7692307692307692,2,0.6153846153846154
S1_D14_P1,S1_D14,1,7,4,52,output,RYBGRBGRYYYYY,0.6923076923076923,1,0.46153846153846156
S1_D14_P1,S1_D14,1,7,5,53,output,BGRBYYRYBGRYG,0.9230769230769231,1,0.7692307692307693
S1_D14_P1,S1_D14,1,7,6,54,output,RBGRBBGRYRGBY,0.5384615384615384,1,0.6153846153846154
S1_D14_P1,S1_D14,1,7,7,55,output,BGRBRBRYYRYGY,0.6153846153846154,1,0.6153846153846154
S1_D14_P1,S1_D14,1,7,8,56,output,BBGRBYRYGRBYB,0.5384615384615384,1,0.5384615384615384
S1_D14_P1,S1_D14,1,8,0,,seed,YGGBGBBYYGGRB,,1,0.7692307692307693
S1_D14_P1,S1_D14,1,8,1,57,output,YGGBGBBGBGYYG,0.6153846153846154,1,0.6153846153846154
S1_D14_P1,S1_D14,1,8,2,58,output,RBRBYGBGBGRGY,0.6923076923076923,1,0.6153846153846154
S1_D14_P1,S1_D14,1,8,3,59,output,YGGBGYGYBGYYG,0.6923076923076923,1,0.6153846153846154
S1_D14_P1,S1_D14,1,8,4,60,output,RRBYGRYGGRGYG,0.6153846153846154,1,0.7692307692307693
S1_D14_P1,S1_D14,1,8,5,61,output,YGBRYGBGYGYGY,1.0,2,0.5384615384615384
S1_D14_P1,S1_D14,1,8,6,62,output,RRBGRBYGRYGYG,0.7692307692307692,1,0.7692307692307693
S1_D14_P1,S1_D14,1,8,7,63,output,GBRYGRYYGBRYY,0.6153846153846154,2,0.6153846153846154
S1_D14_P1,S1_D14,1,8,8,64,output,RRBGRBGYGYGYG,0.9230769230769231,1,0.38461538461538464
S1_D14_P1,S1_D14,1,9,0,,seed,BBGGRYRRGRGRY,,2,0.6153846153846154
S1_D14_P1,S1_D14,1,9,1,65,output,BBGGRYRRGRGYG,0.8461538461538461,1,0.7692307692307693
S1_D14_P1,S1_D14,1,9,2,66,output,GBYYGBGBRGYBR,0.7692307692307692,1,0.7692307692307693
S1_D14_P1,S1_D14,1,9,3,67,output,BBGGRYRBGRYBY,0.9230769230769231,1,0.6153846153846154
S1_D14_P1,S1_D14,1,9,4,68,output,GBYYGBRYRBGYB,0.7692307692307692,1,0.7692307692307693
S1_D14_P1,S1_D14,1,9,5,69,output,BBGGRYRBGRYGB,0.8461538461538461,1,0.6153846153846154
S1_D14_P1,S1_D14,1,9,6,70,output,GBYYGYRBGYRBY,0.6923076923076923,1,0.5384615384615384
S1_D14_P1,S1_D14,1,9,7,71,output,BBGGRYRBGYRGY,1.0,1,0.7692307692307693
S1_D14_P1,S1_D14,1,9,8,72,output,GBYYGRYBGYBRY,0.6153846153846154,1,0.7692307692307693
S1_D14_P1,S1_D14,1,10,0,,seed,YGGGRGYYGGBGB,,1,0.7692307692307693
S1_D14_P1,S1_D14,1,10,1,73,output,YGGGRGYYGRGGB,0.8461538461538461,1,0.6153846153846154
S1_D14_P1,S1_D14,1,10,2,74,output,BYGBYRBYRYGRB,0.6153846153846154,2,0.6153846153846154
S1_D14_P1,S1_D14,1,10,3,75,output,YGGGRGYGGYRGB,0.7692307692307692,1,0.7692307692307693
S1_D14_P1,S1_D14,1,10,4,76,output,BGYBGRRYYBGYB,0.3846153846153846,2,0.6153846153846154
S1_D14_P1,S1_D14,1,10,5,77,output,YGGGRGYYYGRYG,0.8461538461538461,1,0.7692307692307693
S1_D14_P1,S1_D14,1,10,6,78,output,BGYBGRBYYGBRY,0.6153846153846154,1,0.7692307692307693
S1_D14_P1,S1_D14,1,10,7,79,output,YGGGRGYYYGRYR,0.9230769230769231,1,0.7692307692307693
S1_D14_P1,S1_D14,1,10,8,80,output,BGRBYRYBGRYRY,0.6153846153846154,1,0.6153846153846154
S1_D14_P1,S1_D14,1,11,0,,seed,YYYYRRRYGYGBY,,1,0.7692307692307693
S1_D14_P1,S1_D14,1,11,1,81,output,YYYYRRRYGYBGB,0.8461538461538461,1,0.7692307692307693
S1_D14_P1,S1_D14,1,11,2,82,output,YBRYGBYRGBGBR,0.3846153846153846,1,0.7692307692307693
S1_D14_P1,S1_D14,1,11,3,83,output,YYYRRYGBYGYGY,0.9230769230769231,1,0.6153846153846154
S1_D14_P1,S1_D14,1,11,4,84,output,YBRYBGYRYBGYG,0.8461538461538461,2,0.46153846153846156
S1_D14_P1,S1_D14,1,11,5,85,output,YYYRRYBYGYGYG,1.0,1,0.5384615384615384
S1_D14_P1,S1_D14,1,11,6,86,output,YRBGYRGBYBGYG,0.6923076923076923,1,0.6153846153846154
S1_D14_P1,S1_D14,1,11,7,87,output,YYYRRYBYGYGYG,1.0,1,0.5384615384615384
S1_D14_P1,S1_D14,1,11,8,88,output,YRBGBRYGBGRGY,0.6923076923076923,1,0.7692307692307693
S1_D14_P1,S1_D14,1,12,0,,seed,BYRYBBRBYYYRG,,1,0.7692307692307693
S1_D14_P1,S1_D14,1,12,1,89,output,YRBYRYYBRYBGG,0.46153846153846156,1,0.7692307692307693
S1_D14_P1,S1_D14,1,12,2,90,output,BBGRBGRGYRGYB,0.6153846153846154,1,0.5384615384615384
S1_D14_P1,S1_D14,1,12,3,91,output,YRBRYYGYGYBYG,0.7692307692307692,1,0.6153846153846154
S1_D14_P1,S1_D14,1,12,4,92,output,BBGRBGRGRYGRY,1.0,1,0.5384615384615384
S1_D14_P1,S1_D14,1,12,5,93,output,YYRBYGBGYRGYG,0.5384615384615384,1,0.7692307692307693
S1_D14_P1,S1_D14,1,12,6,94,output,BBGRBGRGYRYGB,0.6923076923076923,1,0.6153846153846154
S1_D14_P1,S1_D14,1,12,7,95,output,YYRBYRGBYRGYR,0.6923076923076923,2,0.5384615384615384
S1_D14_P1,S1_D14,1,12,8,96,output,BBGRBGYRGRYBG,0.7692307692307692,1,0.7692307692307693
S1_D14_P1,S1_D14,1,13,0,,seed,YGBRBRGBYGRBB,,1,0.7692307692307693
S1_D14_P1,S1_D14,1,13,1,97,output,YGBRBGRBYRYGY,0.5384615384615384,1,0.7692307692307693
S1_D14_P1,S1_D14,1,13,2,98,output,GBBBYRBGYRYRY,0.8461538461538461,1,0.6153846153846154
S1_D14_P1,S1_D14,1,13,3,99,output,GBRBGYRYBYBGB,0.6153846153846154,1,0.7692307692307693
S1_D14_P1,S1_D14,1,13,4,100,output,GBBBYRBGYRGYR,0.6153846153846154,2,0.6153846153846154
S1_D14_P1,S1_D14,1,13,5,101,output,GBRYBRBGYGRGY,0.5384615384615384,1,0.7692307692307693
S1_D14_P1,S1_D14,1,13,6,102,output,GBBBRYGRYGRYG,1.0,1,0.38461538461538464
S1_D14_P1,S1_D14,1,13,7,103,output,GBRYBGRGRGYBY,0.6153846153846154,1,0.6153846153846154
S1_D14_P1,S1_D14,1,13,8,104,output,GBBBRYGRYGRYG,1.0,1,0.38461538461538464
S1_D14_P1,S1_D14,1,14,0,,seed,RBRGGYBYRYBGR,,1,0.7692307692307693
S1_D14_P1,S1_D14,1,14,1,105,output,GBBRYGRBRYGYR,0.46153846153846156,1,0.5384615384615384
S1_D14_P1,S1_D14,1,14,2,106,output,RBGRYYYBRYRGR,0.6923076923076923,1,0.7692307692307693
S1_D14_P1,S1_D14,1,14,3,107,output,GBRYYGRBGRYBY,0.8461538461538461,1,0.7692307692307693
S1_D14_P1,S1_D14,1,14,4,108,output,BGRYYBRYGRGYG,0.6153846153846154,1,0.7692307692307693
S1_D14_P1,S1_D14,1,14,5,109,output,GBRYGBYYRBGGY,0.46153846153846156,1,0.7692307692307693
S1_D14_P1,S1_D14,1,14,6,110,output,GBRYGYGRBBRGY,0.5384615384615384,1,0.7692307692307693
S1_D14_P1,S1_D14,1,14,7,111,output,YRBYBGBGRRGYY,0.3846153846153846,1,0.7692307692307693
S1_D14_P1,S1_D14,1,14,8,112,output,GBRYGRBYGRRGR,0.6153846153846154,1,0.6153846153846154
S1_D14_P1,S1_D14,1,15,0,,seed,BGGRBRGRBYRYR,,1,0.6153846153846154
S1_D14_P1,S1_D14,1,15,1,113,output,BGGRBRGBGRYRY,0.7692307692307692,1,0.7692307692307693
S1_D14_P1,S1_D14,1,15,2,114,output,GRYBRBRGRBBRB,0.7692307692307692,1,0.6153846153846154
S1_D14_P1,S1_D14,1,15,3,115,output,BGRBGRYRGRYRY,0.8461538461538461,1,0.5384615384615384
S1_D14_P1,S1_D14,1,15,4,116,output,GRYBRBRGRRBRG,1.0,1,0.5384615384615384
S1_D14_P1,S1_D14,1,15,5,117,output,BGRBGRYGRYGRG,0.6923076923076923,1,0.46153846153846156
S1_D14_P1,S1_D14,1,15,6,118,output,GRYBRBRGRRBRG,1.0,1,0.5384615384615384
S1_D14_P1,S1_D14,1,15,7,119,output,BGRBGRYGRYGRG,0.8461538461538461,1,0.46153846153846156
S1_D14_P1,S1_D14,1,15,8,120,output,GRYBRBRGRRBRG,1.0,1,0.5384615384615384
S1_D14_P2,S1_D14,2,1,0,,seed,RRYBRBRBRGGRB,,1,0.5384615384615384
S1_D14_P2,S1_D14,2,1,1,1,output,RYBBRYBRBBGRG,0.5384615384615384,1,0.7692307692307693
S1_D14_P2,S1_D14,2,1,2,2,output,GYYRGBYRBGYGR,0.5384615384615384,1,0.7692307692307693
S1_D14_P2,S1_D14,2,1,3,3,output,RYBRYBBRBYBGG,0.8461538461538461,1,0.7692307692307693
S1_D14_P2,S1_D14,2,1,4,4,output,GYRGYRGGBYRGG,0.7692307692307692,1,0.46153846153846156
S1_D14_P2,S1_D14,2,1,5,5,output,RYBRYBRRBRBGG,0.7692307692307692,1,0.6153846153846154
S1_D14_P2,S1_D14,2,1,6,6,output,GYRGYRBBGBGGG,0.8461538461538461,1,0.7692307692307693
S1_D14_P2,S1_D14,2,1,7,7,output,RYBRYBRRBRBGG,1.0,1,0.6153846153846154
S1_D14_P2,S1_D14,2,1,8,8,output,RYGRYGBBGBGGG,0.6923076923076923,1,0.7692307692307693
S1_D14_P2,S1_D14,2,2,0,,seed,BYYYYRYRBGBGY,,1,0.6153846153846154
S1_D14_P2,S1_D14,2,2,1,9,output,BYYYYRBYRBGBG,0.8461538461538461,1,0.5384615384615384
S1_D14_P2,S1_D14,2,2,2,10,output,RGYYRRBGRBGBG,0.6153846153846154,1,0.6153846153846154
S1_D14_P2,S1_D14,2,2,3,11,output,RYYYYRBYRBGBG,0.9230769230769231,1,0.5384615384615384
S1_D14_P2,S1_D14,2,2,4,12,output,RYYGBRYBGRBGG,0.5384615384615384,1,0.7692307692307693
S1_D14_P2,S1_D14,2,2,5,13,output,RYYYBYRYBGBGB,0.7692307692307692,1,0.6153846153846154
S1_D14_P2,S1_D14,2,2,6,14,output,RYYBGGRGBGBBG,0.7692307692307692,1,0.7692307692307693
S1_D14_P2,S1_D14,2,2,7,15,output,RYYBRYBGBGBGB,0.8461538461538461,1,0.46153846153846156
S1_D14_P2,S1_D14,2,2,8,16,output,RYYBGRYRBGBGB,0.7692307692307692,1,0.6153846153846154
S1_D14_P2,S1_D14,2,3,0,,seed,RYRBYGBBYRBRG,,1,0.6153846153846154
S1_D14_P2,S1_D14,2,3,1,17,output,RYYBGBRYBGBGR,0.46153846153846156,1,0.5384615384615384
S1_D14_P2,S1_D14,2,3,2,18,output,BGRYRBGBRBGYR,0.6923076923076923,2,0.6153846153846154
S1_D14_P2,S1_D14,2,3,3,19,output,RYYBGRYBGBGGG,0.6923076923076923,1,0.6153846153846154
S1_D14_P2,S1_D14,2,3,4,20,output,BGRYBGGRBYGBG,0.6153846153846154,1,0.7692307692307693
S1_D14_P2,S1_D14,2,3,5,21,output,RYYBRYBGBGGGG,0.7692307692307692,1,0.6153846153846154
S1_D14_P2,S1_D14,2,3,6,22,output,BGRYBGGRBYGRG,1.0,1,0.7692307692307693
S1_D14_P2,S1_D14,2,3,7,23,output,RYBRYGBGGBGGG,0.8461538461538461,1,0.5384615384615384
S1_D14_P2,S1_D14,2,3,8,24,output,BGRYBGGRBYGRG,1.0,1,0.7692307692307693
S1_D14_P2,S1_D14,2,4,0,,seed,YRYYGYYBGRGYG,,1,0.7692307692307693
S1_D14_P2,S1_D14,2,4,1,25,output,RYYBGYRYYBGYY,0.46153846153846156,1,0.46153846153846156
S1_D14_P2,S1_D14,2,4,2,26,output,GGBRGBRYGYGRG,0.5384615384615384,1,0.6153846153846154
S1_D14_P2,S1_D14,2,4,3,27,output,RYYBGBRYYYYYY,0.8461538461538461,1,0.46153846153846156
S1_D14_P2,S1_D14,2,4,4,28,output,GGBRGGYBRYGRY,0.5384615384615384,1,0.7692307692307693
S1_D14_P2,S1_D14,2,4,5,29,output,RBGRBYRGYYYYY,0.7692307692307692,1,0.5384615384615384
S1_D14_P2,S1_D14,2,4,6,30,output,GGBRGBGRRYRYY,0.7692307692307692,1,0.7692307692307693
S1_D14_P2,S1_D14,2,4,7,31,output,RBGRBYGRYYYYY,0.8461538461538461,1,0.5384615384615384
S1_D14_P2,S1_D14,2,4,8,32,output,GGBRGYBRGYYYB,0.6153846153846154,1,0.5384615384615384
S1_D14_P2,S1_D14,2,5,0,,seed,RRRBGRGYYBYBG,,1,0.7692307692307693
S1_D14_P2,S1_D14,2,5,1,33,output,RRBGBYBYYGBBG,0.5384615384615384,1,0.7692307692307693
S1_D14_P2,S1_D14,2,5,2,34,output,GYGYBRYBGYGYG,0.8461538461538461,2,0.6153846153846154
S1_D14_P2,S1_D14,2,5,3,35,output,RRBGRBYBYYGBR,0.6153846153846154,1,0.7692307692307693
S1_D14_P2,S1_D14,2,5,4,36,output,GYGYBRBYRYGYG,0.7692307692307692,1,0.6153846153846154
S1_D14_P2,S1_D14,2,5,5,37,output,RRBGRBYGYGYGY,0.7692307692307692,1,0.46153846153846156
S1_D14_P2,S1_D14,2,5,6,38,output,GGBRGBYRBYYGB,0.5384615384615384,1,0.7692307692307693
S1_D14_P2,S1_D14,2,5,7,39,output,RRBGRBYGYRYGY,1.0,1,0.6153846153846154
S1_D14_P2,S1_D14,2,5,8,40,output,GGBRGBYRYRBGB,0.8461538461538461,1,0.7692307692307693
S1_D14_P2,S1_D14,2,6,0,,seed,YBGRBRYRYYBBR,,1,0.7692307692307693
S1_D14_P2,S1_D14,2,6,1,41,output,YBGRYBYYRBGRY,0.5384615384615384,1,0.5384615384615384
S1_D14_P2,S1_D14,2,6,2,42,output,RBYYGRYRBGBGB,0.8461538461538461,1,0.6153846153846154
S1_D14_P2,S1_D14,2,6,3,43,output,BYGRBYRGBYGRY,0.6923076923076923,2,0.6153846153846154
S1_D14_P2,S1_D14,2,6,4,44,output,RBYYRBGBGBGBG,0.8461538461538461,1,0.38461538461538464
S1_D14_P2,S1_D14,2,6,5,45,output,BYGRBGRGYRBGY,0.6153846153846154,1,0.6153846153846154
S1_D14_P2,S1_D14,2,6,6,46,output,RBYYRBGBRBGBG,0.9230769230769231,2,0.5384615384615384
S1_D14_P2,S1_D14,2,6,7,47,output,BYGRYGBRYGBBY,0.6923076923076923,2,0.5384615384615384
S1_D14_P2,S1_D14,2,6,8,48,output,RBYYRBGRBGBGB,0.7692307692307692,2,0.5384615384615384
S1_D14_P2,S1_D14,2,7,0,,seed,RGGRBGBBRRYYB,,0,0.7692307692307693
S1_D14_P2,S1_D14,2,7,1,49,output,RGBRRGBGBRYYY,0.6153846153846154,1,0.6153846153846154
S1_D14_P2,S1_D14,2,7,2,50,output,BGRBGYRBGRYYY,0.46153846153846156,2,0.6153846153846154
S1_D14_P2,S1_D14,2,7,3,51,output,RBGRYBRGYYYYY,0.6923076923076923,1,0.5384615384615384
S1_D14_P2,S1_D14,2,7,4,52,output,BGRBYYRYBGRBG,0.6153846153846154,1,0.6153846153846154
S1_D14_P2,S1_D14,2,7,5,53,output,RBGYRBGBRYYYY,0.6923076923076923,1,0.6153846153846154
S1_D14_P2,S1_D14,2,7,6,54,output,BGRBRYYRBGBGY,0.6153846153846154,1,0.7692307692307693
S1_D14_P2,S1_D14,2,7,7,55,output,RBGBBRYBGRYBG,0.5384615384615384,2,0.5384615384615384
S1_D14_P2,S1_D14,2,7,8,56,output,RRGBRYYRYRYGR,0.46153846153846156,1,0.6153846153846154
S1_D14_P2,S1_D14,2,8,0,,seed,RBRBYRRGRGBGY,,1,0.7692307692307693
S1_D14_P2,S1_D14,2,8,1,57,output,RBRBYRRGBGRYG,0.6923076923076923,1,0.7692307692307693
S1_D14_P2,S1_D14,2,8,2,58,output,YGGBGYYGBYYGY,0.6923076923076923,2,0.6153846153846154
S1_D14_P2,S1_D14,2,8,3,59,output,RBRBYGGRYGYRG,0.6153846153846154,1,0.7692307692307693
S1_D14_P2,S1_D14,2,8,4,60,output,YGBRYGBGYGYGY,0.6153846153846154,2,0.5384615384615384
S1_D14_P2,S1_D14,2,8,5,61,output,RRBGRBYRBGYGR,0.5384615384615384,2,0.6153846153846154
S1_D14_P2,S1_D14,2,8,6,62,output,YGBRYGRYBGYGY,0.7692307692307692,1,0.7692307692307693
S1_D14_P2,S1_D14,2,8,7,63,output,RRBGRBGYRYGYG,0.8461538461538461,1,0.6153846153846154
S1_D14_P2,S1_D14,2,8,8,64,output,GBRYGRBGYRGYY,0.6923076923076923,1,0.7692307692307693
S1_D14_P2,S1_D14,2,9,0,,seed,GBYBBYGYGBRGR,,1,0.7692307692307693
S1_D14_P2,S1_D14,2,9,1,65,output,GBYYGBGYBRYGR,0.6153846153846154,1,0.7692307692307693
S1_D14_P2,S1_D14,2,9,2,66,output,BBGGRYRBGRYGY,0.7692307692307692,1,0.6153846153846154
S1_D14_P2,S1_D14,2,9,3,67,output,GBYYGBRYBGYRY,0.6153846153846154,1,0.7692307692307693
S1_D14_P2,S1_D14,2,9,4,68,output,BBGGRYRBGRYRY,0.9230769230769231,1,0.5384615384615384
S1_D14_P2,S1_D14,2,9,5,69,output,GBYYGRYBGRYRB,0.6923076923076923,1,0.6153846153846154
S1_D14_P2,S1_D14,2,9,6,70,output,BBGGRYRBGYRGY,0.7692307692307692,1,0.7692307692307693
S1_D14_P2,S1_D14,2,9,7,71,output,GBYYGBYRBYRYG,0.6923076923076923,1,0.6153846153846154
S1_D14_P2,S1_D14,2,9,8,72,output,BBGGRYRBYGYRG,0.8461538461538461,1,0.7692307692307693
S1_D14_P2,S1_D14,2,10,0,,seed,YGBGRBRYYRBBG,,1,0.7692307692307693
S1_D14_P2,S1_D14,2,10,1,73,output,BYGBYRYRBGBYG,0.46153846153846156,2,0.6153846153846154
S1_D14_P2,S1_D14,2,10,2,74,output,YGGGRGYGRYGBB,0.7692307692307692,1,0.7692307692307693
S1_D14_P2,S1_D14,2,10,3,75,output,BYGBYRBGYRBYG,0.6923076923076923,1,0.6153846153846154
S1_D14_P2,S1_D14,2,10,4,76,output,YGGGRGYGYYGRG,0.7692307692307692,1,0.6153846153846154
S1_D14_P2,S1_D14,2,10,5,77,output,BGYBGRYGBGYGG,0.6923076923076923,2,0.7692307692307693
S1_D14_P2,S1_D14,2,10,6,78,output,YGGGRGYYYGRYG,1.0,1,0.7692307692307693
S1_D14_P2,S1_D14,2,10,7,79,output,BGRBYRGBYGYGB,0.5384615384615384,1,0.7692307692307693
S1_D14_P2,S1_D14,2,10,8,80,output,YGGGRGYYYGRYR,1.0,1,0.7692307692307693
S1_D14_P2,S1_D14,2,11,0,,seed,YBGBRBGBYBGYB,,2,0.6153846153846154
S1_D14_P2,S1_D14,2,11,1,81,output,YRBYBGBRBYGRB,0.5384615384615384,2,0.6153846153846154
S1_D14_P2,S1_D14,2,11,2,82,output,YYYRRYGBYGYBY,0.5384615384615384,1,0.7692307692307693
S1_D14_P2,S1_D14,2,11,3,83,output,YBRYBGRYBGRYG,0.5384615384615384,2,0.38461538461538464
S1_D14_P2,S1_D14,2,11,4,84,output,YYYRRYBYGYGYG,0.8461538461538461,1,0.5384615384615384
S1_D14_P2,S1_D14,2,11,5,85,output,YRBGBYGYBYGYG,0.6153846153846154,1,0.5384615384615384
S1_D14_P2,S1_D14,2,11,6,86,output,YYYRRYBYGYGYG,1.0,1,0.5384615384615384
S1_D14_P2,S1_D14,2,11,7,87,output,YRBGYRGBYGYGY,0.8461538461538461,1,0.6153846153846154
S1_D14_P2,S1_D14,2,11,8,88,output,YYYRRYBYGYBYG,0.9230769230769231,1,0.5384615384615384
S1_D14_P2,S1_D14,2,12,0,,seed,BRRGRGBBYRRBR,,1,0.7692307692307693
S1_D14_P2,S1_D14,2,12,1,89,output,BBGRBGYRYBGRG,0.46153846153846156,2,0.6153846153846154
S1_D14_P2,S1_D14,2,12,2,90,output,YRBRYYGBYGYGY,0.5384615384615384,1,0.6153846153846154
S1_D14_P2,S1_D14,2,12,3,91,output,BBGRBGRGRYGRY,0.6923076923076923,1,0.5384615384615384
S1_D14_P2,S1_D14,2,12,4,92,output,YYRBRYYGYBYGY,0.6923076923076923,1,0.6153846153846154
S1_D14_P2,S1_D14,2,12,5,93,output,BBGRBGRYGYYRG,0.6923076923076923,1,0.6153846153846154
S1_D14_P2,S1_D14,2,12,6,94,output,YYRBYRGBGGYBY,0.6153846153846154,1,0.7692307692307693
S1_D14_P2,S1_D14,2,12,7,95,output,BBGRBGRYGRYRG,0.6923076923076923,1,0.5384615384615384
S1_D14_P2,S1_D14,2,12,8,96,output,YYRBYRGYRGYYB,0.7692307692307692,2,0.5384615384615384
S1_D14_P2,S1_D14,2,13,0,,seed,GBBBBYYBGRGRR,,1,0.6153846153846154
S1_D14_P2,S1_D14,2,13,1,97,output,GBBBYRBGRRYRR,0.6923076923076923,1,0.7692307692307693
S1_D14_P2,S1_D14,2,13,2,98,output,YGBRBGRYGBYGY,0.7692307692307692,2,0.7692307692307693
S1_D14_P2,S1_D14,2,13,3,99,output,GBBBRYBGBRYRY,0.7692307692307692,1,0.6153846153846154
S1_D14_P2,S1_D14,2,13,4,100,output,GBRBYBGBYGBRB,0.6153846153846154,2,0.6153846153846154
S1_D14_P2,S1_D14,2,13,5,101,output,GBBBRYGRYGRYG,0.5384615384615384,1,0.38461538461538464
S1_D14_P2,S1_D14,2,13,6,102,output,GBRYRBGRYYGRB,0.6153846153846154,1,0.7692307692307693
S1_D14_P2,S1_D14,2,13,7,103,output,GBBBRYGRYGRYG,1.0,1,0.38461538461538464
S1_D14_P2,S1_D14,2,13,8,104,output,GBRYRGRGRBYBY,0.8461538461538461,1,0.6153846153846154
S1_D14_P2,S1_D14,2,14,0,,seed,RGBRYYYRBGRBB,,1,0.7692307692307693
S1_D14_P2,S1_D14,2,14,1,105,output,RBGRYYYRBGRYR,0.6923076923076923,1,0.5384615384615384
S1_D14_P2,S1_D14,2,14,2,106,output,GBRYYGRBGRGBG,0.5384615384615384,1,0.7692307692307693
S1_D14_P2,S1_D14,2,14,3,107,output,RBGRYYYYBGRYG,0.6923076923076923,1,0.46153846153846156
S1_D14_P2,S1_D14,2,14,4,108,output,GBRYGRGBGYGRG,0.5384615384615384,1,0.5384615384615384
S1_D14_P2,S1_D14,2,14,5,109,output,GBYRGYGRGYBBY,0.3846153846153846,1,0.6153846153846154
S1_D14_P2,S1_D14,2,14,6,110,output,GBRYGBYRGBGRY,0.7692307692307692,1,0.7692307692307693
S1_D14_P2,S1_D14,2,14,7,111,output,GBRYGYRBGRGBG,0.6923076923076923,1,0.7692307692307693
S1_D14_P2,S1_D14,2,14,8,112,output,YRBYRGBGRRGYY,0.9230769230769231,1,0.7692307692307693
S1_D14_P2,S1_D14,2,15,0,,seed,GRYBBRBYRGBRR,,1,0.7692307692307693
S1_D14_P2,S1_D14,2,15,1,113,output,GRYBRBRGYRBGR,0.6923076923076923,1,0.7692307692307693
S1_D14_P2,S1_D14,2,15,2,114,output,BGRBGRGBGRYRY,0.8461538461538461,1,0.6153846153846154
S1_D14_P2,S1_D14,2,15,3,115,output,GRYBRBRGRRBRG,0.8461538461538461,1,0.5384615384615384
S1_D14_P2,S1_D14,2,15,4,116,output,BGRBGRYRGYRGR,0.7692307692307692,1,0.6153846153846154
S1_D14_P2,S1_D14,2,15,5,117,output,GRYBRBRGRRBRG,1.0,1,0.5384615384615384
S1_D14_P2,S1_D14,2,15,6,118,output,BGRBGRYGRYRGY,0.8461538461538461,1,0.6153846153846154
S1_D14_P2,S1_D14,2,15,7,119,output,GRYBRBRGRRBRG,1.0,1,0.5384615384615384
S1_D14_P2,S1_D14,2,15,8,120,output,BGRBGRYGRYGRG,1.0,1,0.46153846153846156
S1_D15_P1,S1_D15,1,1,0,,seed,RBBGGYBRBGBGY,,1,0.7692307692307693
S1_D15_P1,S1_D15,1,1,1,1,output,RBGYBBRGBRYRB,0.46153846153846156,1,0.7692307692307693
S1_D15_P1,S1_D15,1,1,2,2,output,YYGBGBRGYRRRB,0.6153846153846154,1,0.7692307692307693
S1_D15_P1,S1_D15,1,1,3,3,output,RRBGYRBGYYRBR,0.5384615384615384,2,0.46153846153846156
S1_D15_P1,S1_D15,1,1,4,4,output,YGBYRRYBYBRBG,0.3846153846153846,1,0.7692307692307693
S1_D15_P1,S1_D15,1,1,5,5,output,RRBGYRRBGYGBR,0.6923076923076923,1,0.5384615384615384
S1_D15_P1,S1_D15,1,1,6,6,output,YGBRRRBGYYRBR,0.5384615384615384,1,0.7692307692307693
S1_D15_P1,S1_D15,1,1,7,7,output,RRBGYRRBGRBRY,0.7692307692307692,1,0.6153846153846154
S1_D15_P1,S1_D15,1,1,8,8,output,RYGBRYRBRRGYR,0.5384615384615384,1,0.7692307692307693
S1_D15_P1,S1_D15,1,2,0,,seed,BYBRRRYBRRGGG,,1,0.5384615384615384
S1_D15_P1,S1_D15,1,2,1,9,output,BYRBYRRBYRBYR,0.46153846153846156,2,0.46153846153846156
S1_D15_P1,S1_D15,1,2,2,10,output,GGRRYBGYRBGRB,0.6923076923076923,1,0.7692307692307693
S1_D15_P1,S1_D15,1,2,3,11,output,YBYBYBYBYBRYR,0.46153846153846156,2,0.3076923076923077
S1_D15_P1,S1_D15,1,2,4,12,output,GGRYBGRYBYRYB,0.8461538461538461,1,0.46153846153846156
S1_D15_P1,S1_D15,1,2,5,13,output,YBYBYBYBYBRYB,0.8461538461538461,2,0.3076923076923077
S1_D15_P1,S1_D15,1,2,6,14,output,GGRYBGRYBYRBY,0.7692307692307692,1,0.5384615384615384
S1_D15_P1,S1_D15,1,2,7,15,output,YBYBYBYBYBYBR,0.8461538461538461,2,0.15384615384615385
S1_D15_P1,S1_D15,1,2,8,16,output,GGRYBYGRYBGRR,0.6153846153846154,2,0.5384615384615384
S1_D15_P1,S1_D15,1,3,0,,seed,GYBYYYRGBRBGG,,0,0.7692307692307693
S1_D15_P1,S1_D15,1,3,1,17,output,GGYBYRYBGBGBY,0.5384615384615384,1,0.6153846153846154
S1_D15_P1,S1_D15,1,3,2,18,output,GGRYBGRYRYBGR,0.46153846153846156,2,0.38461538461538464
S1_D15_P1,S1_D15,1,3,3,19,output,GGYBGRYBBGRGR,0.6153846153846154,1,0.6153846153846154
S1_D15_P1,S1_D15,1,3,4,20,output,GGRYBRYRBRBRB,0.6923076923076923,1,0.5384615384615384
S1_D15_P1,S1_D15,1,3,5,21,output,GGRBYRGYRRYBR,0.5384615384615384,1,0.7692307692307693
S1_D15_P1,S1_D15,1,3,6,22,output,GGBGRYBRYBRGR,0.6923076923076923,1,0.5384615384615384
S1_D15_P1,S1_D15,1,3,7,23,output,GGRYBYRGYRBYY,0.5384615384615384,1,0.7692307692307693
S1_D15_P1,S1_D15,1,3,8,24,output,GRYBRYBRYBYRG,0.6923076923076923,1,0.38461538461538464
S1_D15_P1,S1_D15,1,4,0,,seed,RBYRGBRBRGGYR,,1,0.7692307692307693
S1_D15_P1,S1_D15,1,4,1,25,output,RRBGYBBBBRRYR,0.46153846153846156,1,0.6153846153846154
S1_D15_P1,S1_D15,1,4,2,26,output,RRYBYRGYRBYYB,0.46153846153846156,1,0.7692307692307693
S1_D15_P1,S1_D15,1,4,3,27,output,RRYGBYRRYBYBR,0.46153846153846156,1,0.7692307692307693
S1_D15_P1,S1_D15,1,4,4,28,output,RGYRGYRBYBRYR,0.5384615384615384,1,0.6153846153846154
S1_D15_P1,S1_D15,1,4,5,29,output,RRGYBYGRYRGYR,0.6153846153846154,1,0.6153846153846154
S1_D15_P1,S1_D15,1,4,6,30,output,RRGYBYRYBYRYB,0.6153846153846154,2,0.38461538461538464
S1_D15_P1,S1_D15,1,4,7,31,output,RRYRYYRRYRRRY,0.5384615384615384,2,0.5384615384615384
S1_D15_P1,S1_D15,1,4,8,32,output,RRGBRYRBRYBYY,0.6923076923076923,1,0.6153846153846154
S1_D15_P1,S1_D15,1,5,0,,seed,YRBYRYBGYGRGG,,1,0.7692307692307693
S1_D15_P1,S1_D15,1,5,1,33,output,YGRYGRGYRGBYR,0.3076923076923077,1,0.7692307692307693
S1_D15_P1,S1_D15,1,5,2,34,output,RRRGYBRRRBRRR,0.46153846153846156,2,0.5384615384615384
S1_D15_P1,S1_D15,1,5,3,35,output,GYRYYRBYRYBGY,0.46153846153846156,2,0.6153846153846154
S1_D15_P1,S1_D15,1,5,4,36,output,RRRGYRGYRRBRR,0.6923076923076923,1,0.5384615384615384
S1_D15_P1,S1_D15,1,5,5,37,output,GGRYRYBRYBRYB,0.46153846153846156,2,0.38461538461538464
S1_D15_P1,S1_D15,1,5,6,38,output,GGGRGRYBYRGGR,0.3846153846153846,1,0.6153846153846154
S1_D15_P1,S1_D15,1,5,7,39,output,GYBRYBRYBRGRY,0.6153846153846154,1,0.38461538461538464
S1_D15_P1,S1_D15,1,5,8,40,output,GGGGRYBGRYYBR,0.6923076923076923,1,0.6153846153846154
S1_D15_P1,S1_D15,1,6,0,,seed,RYBRYRRBRGRGG,,1,0.7692307692307693
S1_D15_P1,S1_D15,1,6,1,41,output,RRRRYBRYBRYRG,0.5384615384615384,1,0.46153846153846156
S1_D15_P1,S1_D15,1,6,2,42,output,BBBBRGYBRYRBG,0.6153846153846154,1,0.7692307692307693
S1_D15_P1,S1_D15,1,6,3,43,output,RRRRYBRYBRGRY,0.7692307692307692,1,0.5384615384615384
S1_D15_P1,S1_D15,1,6,4,44,output,RRRRGYBRGYRGR,0.7692307692307692,1,0.6153846153846154
S1_D15_P1,S1_D15,1,6,5,45,output,RRRRYBRYBRGGR,0.8461538461538461,1,0.5384615384615384
S1_D15_P1,S1_D15,1,6,6,46,output,RRRRYBRYBRGRR,0.6923076923076923,1,0.5384615384615384
S1_D15_P1,S1_D15,1,6,7,47,output,RYBYBRGRGRRRY,0.3846153846153846,1,0.6153846153846154
S1_D15_P1,S1_D15,1,6,8,48,output,RRRRBRRRGRRRR,0.7692307692307692,2,0.5384615384615384
S1_D15_P1,S1_D15,1,7,0,,seed,GBRGRBGRYRGBY,,1,0.7692307692307693
S1_D15_P1,S1_D15,1,7,1,49,output,GRGRYRBYRGBRR,0.5384615384615384,1,0.7692307692307693
S1_D15_P1,S1_D15,1,7,2,50,output,YRYBRYBRBYRYY,0.3076923076923077,2,0.5384615384615384
S1_D15_P1,S1_D15,1,7,3,51,output,GRYBRYRRYRBYR,0.5384615384615384,2,0.6153846153846154
S1_D15_P1,S1_D15,1,7,4,52,output,YRYBYRYBYRYYR,0.8461538461538461,3,0.38461538461538464
S1_D15_P1,S1_D15,1,7,5,53,output,GRGBGRYBRYBRR,0.46153846153846156,1,0.5384615384615384
S1_D15_P1,S1_D15,1,7,6,54,output,YRYBYRYBRYBYR,0.6923076923076923,2,0.38461538461538464
S1_D15_P1,S1_D15,1,7,7,55,output,GRBGRYBRYBGBY,0.6153846153846154,1,0.6153846153846154
S1_D15_P1,S1_D15,1,7,8,56,output,YYBRYBYBYYYBY,0.46153846153846156,2,0.5384615384615384
S1_D15_P1,S1_D15,1,8,0,,seed,GGGRBBBBBGBBG,,1,0.46153846153846156
S1_D15_P1,S1_D15,1,8,1,57,output,GGGGRBRBRRBBR,0.5384615384615384,1,0.6153846153846154
S1_D15_P1,S1_D15,1,8,2,58,output,GRYBRYRYBRYBG,0.6923076923076923,2,0.46153846153846156
S1_D15_P1,S1_D15,1,8,3,59,output,GGGGRBGRBGRYB,0.6923076923076923,1,0.46153846153846156
S1_D15_P1,S1_D15,1,8,4,60,output,GRBRYRYBGRYBR,0.6153846153846154,1,0.6153846153846154
S1_D15_P1,S1_D15,1,8,5,61,output,GGGGRBYRBGRYB,0.9230769230769231,1,0.7692307692307693
S1_D15_P1,S1_D15,1,8,6,62,output,GRYBRYBRGYRBG,0.6153846153846154,1,0.5384615384615384
S1_D15_P1,S1_D15,1,8,7,63,output,GGGGRYBYBYBRG,0.6153846153846154,1,0.5384615384615384
S1_D15_P1,S1_D15,1,8,8,64,output,GRYBRYBRGRYRB,0.46153846153846156,2,0.5384615384615384
S1_D15_P1,S1_D15,1,9,0,,seed,GRRGBRRGGRGGG,,1,0.5384615384615384
S1_D15_P1,S1_D15,1,9,1,65,output,GRYRGRYRGRGRG,0.6153846153846154,2,0.38461538461538464
S1_D15_P1,S1_D15,1,9,2,66,output,GGGRYBYRYBGRY,0.5384615384615384,2,0.5384615384615384
S1_D15_P1,S1_D15,1,9,3,67,output,GGGRYBRYBRYBR,0.3846153846153846,1,0.3076923076923077
S1_D15_P1,S1_D15,1,9,4,68,output,GGGGRYBRYBRYR,0.6923076923076923,2,0.46153846153846156
S1_D15_P1,S1_D15,1,9,5,69,output,GGGGRYBRYBRYB,0.8461538461538461,1,0.38461538461538464
S1_D15_P1,S1_D15,1,9,6,70,output,GGGGYBRBRYBRG,0.6153846153846154,2,0.6153846153846154
S1_D15_P1,S1_D15,1,9,7,71,output,GGGGRBRRYBRYR,0.7692307692307692,1,0.7692307692307693
S1_D15_P1,S1_D15,1,9,8,72,output,GGGGYRYBRYRBR,0.5384615384615384,1,0.7692307692307693
S1_D15_P1,S1_D15,1,10,0,,seed,GGGRRGRRGYGBR,,1,0.5384615384615384
S1_D15_P1,S1_D15,1,10,1,73,output,RYBYRYBRGYRYR,0.3846153846153846,2,0.6153846153846154
S1_D15_P1,S1_D15,1,10,2,74,output,YBYBGYBRYBYBY,0.6153846153846154,2,0.6153846153846154
S1_D15_P1,S1_D15,1,10,3,75,output,RYBRBRGYBRRGY,0.6153846153846154,2,0.5384615384615384
S1_D15_P1,S1_D15,1,10,4,76,output,YBYBYBGYRYBRY,0.6153846153846154,1,0.6153846153846154
S1_D15_P1,S1_D15,1,10,5,77,output,RYBRYRBYRYBGY,0.6153846153846154,2,0.7692307692307693
S1_D15_P1,S1_D15,1,10,6,78,output,YBYYBYGYRBYRB,0.6153846153846154,1,0.6153846153846154
S1_D15_P1,S1_D15,1,10,7,79,output,RYBRGYRYRBGYB,0.6923076923076923,1,0.7692307692307693
S1_D15_P1,S1_D15,1,10,8,80,output,YRGYBRYBGYRYB,0.46153846153846156,1,0.6153846153846154
S1_D15_P1,S1_D15,1,11,0,,seed,YYGBGGYRGBBGB,,1,0.7692307692307693
S1_D15_P1,S1_D15,1,11,1,81,output,YYGYYBYBYBRYB,0.46153846153846156,1,0.5384615384615384
S1_D15_P1,S1_D15,1,11,2,82,output,GGGRYBRYBRYRB,0.6153846153846154,2,0.46153846153846156
S1_D15_P1,S1_D15,1,11,3,83,output,GYYBYYBYBYBBY,0.6153846153846154,1,0.46153846153846156
S1_D15_P1,S1_D15,1,11,4,84,output,GGGRYBYRBRYRY,0.6923076923076923,1,0.7692307692307693
S1_D15_P1,S1_D15,1,11,5,85,output,GYYBYBYBYYBYB,0.7692307692307692,2,0.3076923076923077
S1_D15_P1,S1_D15,1,11,6,86,output,GGGYRYBYBRYBR,0.6923076923076923,2,0.6153846153846154
S1_D15_P1,S1_D15,1,11,7,87,output,GGGYRYBYBYBYB,0.8461538461538461,2,0.38461538461538464
S1_D15_P1,S1_D15,1,11,8,88,output,GGGRYBRYBRGRY,0.6923076923076923,2,0.46153846153846156
S1_D15_P1,S1_D15,1,12,0,,seed,RRYGBGRRRYYBB,,1,0.7692307692307693
S1_D15_P1,S1_D15,1,12,1,89,output,RRRYGBYRBRBYR,0.5384615384615384,1,0.6153846153846154
S1_D15_P1,S1_D15,1,12,2,90,output,GRYBYBYBRYBGR,0.6923076923076923,2,0.46153846153846156
S1_D15_P1,S1_D15,1,12,3,91,output,GGGRYBYRRYRBY,0.46153846153846156,1,0.7692307692307693
S1_D15_P1,S1_D15,1,12,4,92,output,GRYBRYBRRYBRY,0.6153846153846154,2,0.3076923076923077
S1_D15_P1,S1_D15,1,12,5,93,output,GGGRYBYRYBGRY,0.6923076923076923,2,0.5384615384615384
S1_D15_P1,S1_D15,1,12,6,94,output,GRYBYRGRRRBRG,0.46153846153846156,1,0.7692307692307693
S1_D15_P1,S1_D15,1,12,7,95,output,GRYBRYRYBRYBR,0.6923076923076923,2,0.46153846153846156
S1_D15_P1,S1_D15,1,12,8,96,output,GGGRYBGRYBRGR,0.3076923076923077,2,0.5384615384615384
S1_D15_P1,S1_D15,1,13,0,,seed,BRGYBGYYBYRBY,,1,0.7692307692307693
S1_D15_P1,S1_D15,1,13,1,97,output,GRYBRYBRGRYBR,0.3846153846153846,2,0.38461538461538464
S1_D15_P1,S1_D15,1,13,2,98,output,GRYBYBRRYRBRR,0.3076923076923077,1,0.6153846153846154
S1_D15_P1,S1_D15,1,13,3,99,output,BYBRYBYRRBRBR,0.46153846153846156,1,0.6153846153846154
S1_D15_P1,S1_D15,1,13,4,100,output,RYBRRRYBRRYRR,0.5384615384615384,1,0.5384615384615384
S1_D15_P1,S1_D15,1,13,5,101,output,RYRYBBBYBBRYR,0.46153846153846156,1,0.6153846153846154
S1_D15_P1,S1_D15,1,13,6,102,output,RRRBRYBYBYBRR,0.46153846153846156,1,0.5384615384615384
S1_D15_P1,S1_D15,1,13,7,103,output,RYBRYRBRRBRBR,0.5384615384615384,1,0.6153846153846154
S1_D15_P1,S1_D15,1,13,8,104,output,RRRRYBYBYBRYB,0.7692307692307692,1,0.46153846153846156
S1_D15_P1,S1_D15,1,14,0,,seed,BGYBGYBRRYGRY,,1,0.6153846153846154
S1_D15_P1,S1_D15,1,14,1,105,output,RYBRYBRRYBRGR,0.5384615384615384,2,0.46153846153846156
S1_D15_P1,S1_D15,1,14,2,106,output,BBBGYBRYBRYRB,0.7692307692307692,1,0.5384615384615384
S1_D15_P1,S1_D15,1,14,3,107,output,RYBRRYBRYBYBR,0.5384615384615384,1,0.5384615384615384
S1_D15_P1,S1_D15,1,14,4,108,output,BBBYBYBYBYBBR,0.5384615384615384,2,0.3076923076923077
S1_D15_P1,S1_D15,1,14,5,109,output,BBYBYBBYBBBBY,0.3846153846153846,2,0.3076923076923077
S1_D15_P1,S1_D15,1,14,6,110,output,BBBYBYBBBYBYB,0.6923076923076923,2,0.3076923076923077
S1_D15_P1,S1_D15,1,14,7,111,output,BBBBYBYBBYBYB,0.6923076923076923,2,0.38461538461538464
S1_D15_P1,S1_D15,1,14,8,112,output,BBBBYBYBBYBBY,0.8461538461538461,2,0.38461538461538464
S1_D15_P1,S1_D15,1,15,0,,seed,RYGRGBGGYBBGG,,1,0.6153846153846154
S1_D15_P1,S1_D15,1,15,1,113,output,RGRYRGBGRYBYY,0.46153846153846156,1,0.6153846153846154
S1_D15_P1,S1_D15,1,15,2,114,output,YBYBYGGGRYBYR,0.6923076923076923,2,0.6153846153846154
S1_D15_P1,S1_D15,1,15,3,115,output,RGYRGRYBRYRBY,0.6923076923076923,1,0.7692307692307693
S1_D15_P1,S1_D15,1,15,4,116,output,YBYBYYYRYBRGY,0.5384615384615384,1,0.7692307692307693
S1_D15_P1,S1_D15,1,15,5,117,output,RGYYRBYRYBRRY,0.5384615384615384,1,0.7692307692307693
S1_D15_P1,S1_D15,1,15,6,118,output,YBYBYYBYGYRYB,0.6153846153846154,2,0.6153846153846154
S1_D15_P1,S1_D15,1,15,7,119,output,RGYRBRGYBRGYB,0.6923076923076923,2,0.46153846153846156
S1_D15_P1,S1_D15,1,15,8,120,output,YBYBYBYGRYBYR,0.7692307692307692,2,0.46153846153846156
S1_D15_P2,S1_D15,2,1,0,,seed,YYGGBBGBGBRYB,,1,0.6153846153846154
S1_D15_P2,S1_D15,2,1,1,1,output,YYGBBGBGBRBRG,0.6923076923076923,1,0.6153846153846154
S1_D15_P2,S1_D15,2,1,2,2,output,RBGYBBRGBRYRB,1.0,1,0.7692307692307693
S1_D15_P2,S1_D15,2,1,3,3,output,YYGBGBRGYRBRR,0.8461538461538461,1,0.7692307692307693
S1_D15_P2,S1_D15,2,1,4,4,output,RRBGYRBGYRRBG,0.8461538461538461,2,0.38461538461538464
S1_D15_P2,S1_D15,2,1,5,5,output,YGGBYGBRYBRBR,0.5384615384615384,1,0.7692307692307693
S1_D15_P2,S1_D15,2,1,6,6,output,RRBGYRRBGYGBR,1.0,1,0.5384615384615384
S1_D15_P2,S1_D15,2,1,7,7,output,RBGYYRBGRRBGY,0.3076923076923077,2,0.6153846153846154
S1_D15_P2,S1_D15,2,1,8,8,output,RRBGYRRBGRBRB,0.9230769230769231,1,0.6153846153846154
S1_D15_P2,S1_D15,2,2,0,,seed,GGRGBBRYBYRGR,,1,0.7692307692307693
S1_D15_P2,S1_D15,2,2,1,9,output,GGRGRBYRBGRBG,0.5384615384615384,2,0.6153846153846154
S1_D15_P2,S1_D15,2,2,2,10,output,YRBYRRBYRBYRB,0.8461538461538461,2,0.38461538461538464
S1_D15_P2,S1_D15,2,2,3,11,output,GGRYBGRYBGYRB,0.6923076923076923,1,0.46153846153846156
S1_D15_P2,S1_D15,2,2,4,12,output,YBYBYBYBRYRYB,0.7692307692307692,2,0.46153846153846156
S1_D15_P2,S1_D15,2,2,5,13,output,GGRYBGRYBRYBR,0.8461538461538461,1,0.38461538461538464
S1_D15_P2,S1_D15,2,2,6,14,output,YBYBYBYBYBRYB,1.0,2,0.3076923076923077
S1_D15_P2,S1_D15,2,2,7,15,output,GGRBGRYBYBRYR,0.6923076923076923,1,0.7692307692307693
S1_D15_P2,S1_D15,2,2,8,16,output,YBYBYBYBYBYBR,1.0,2,0.15384615384615385
S1_D15_P2,S1_D15,2,3,0,,seed,RYRYGGBRGGGGY,,1,0.6153846153846154
S1_D15_P2,S1_D15,2,3,1,17,output,RYRYGGRBGRBGG,0.6153846153846154,1,0.5384615384615384
S1_D15_P2,S1_D15,2,3,2,18,output,GGRYBRYBGGGYR,0.6153846153846154,1,0.6153846153846154
S1_D15_P2,S1_D15,2,3,3,19,output,GGRBRYRRGRBYB,0.46153846153846156,1,0.6153846153846154
S1_D15_P2,S1_D15,2,3,4,20,output,GGRYBBYRGGRYG,0.46153846153846156,1,0.6153846153846154
S1_D15_P2,S1_D15,2,3,5,21,output,GGRYBRYRBRBGR,0.8461538461538461,1,0.7692307692307693
S1_D15_P2,S1_D15,2,3,6,22,output,GGRBYGRRBYGRR,0.6153846153846154,2,0.38461538461538464
S1_D15_P2,S1_D15,2,3,7,23,output,GGRBRYBRYBGRY,0.6923076923076923,1,0.5384615384615384
S1_D15_P2,S1_D15,2,3,8,24,output,GGRBGGRYRGYRB,0.5384615384615384,1,0.7692307692307693
S1_D15_P2,S1_D15,2,4,0,,seed,GRYBYBRRBRYRY,,1,0.7692307692307693
S1_D15_P2,S1_D15,2,4,1,25,output,GRYBRRYBRYRBR,0.6153846153846154,1,0.5384615384615384
S1_D15_P2,S1_D15,2,4,2,26,output,RBGYBBBRRYRBB,0.6923076923076923,1,0.7692307692307693
S1_D15_P2,S1_D15,2,4,3,27,output,RRYBYRGYBRYBY,0.7692307692307692,2,0.5384615384615384
S1_D15_P2,S1_D15,2,4,4,28,output,RRGBRYRYRBYBR,0.6923076923076923,1,0.6153846153846154
S1_D15_P2,S1_D15,2,4,5,29,output,RGYRGYRYBYBRY,0.8461538461538461,1,0.6153846153846154
S1_D15_P2,S1_D15,2,4,6,30,output,RRGYBRGYRRGYR,0.7692307692307692,2,0.46153846153846156
S1_D15_P2,S1_D15,2,4,7,31,output,RRGBRRRYBRBYB,0.6153846153846154,1,0.7692307692307693
S1_D15_P2,S1_D15,2,4,8,32,output,RRYRYYRRYRYYR,0.7692307692307692,2,0.38461538461538464
S1_D15_P2,S1_D15,2,5,0,,seed,RRRBBGGGRRRRG,,1,0.6153846153846154
S1_D15_P2,S1_D15,2,5,1,33,output,RRRBBGGGRRRRG,1.0,1,0.6153846153846154
S1_D15_P2,S1_D15,2,5,2,34,output,YGRYGRGYRBRBG,0.6923076923076923,1,0.7692307692307693
S1_D15_P2,S1_D15,2,5,3,35,output,RRRGYBRRBRRBR,0.8461538461538461,2,0.46153846153846156
S1_D15_P2,S1_D15,2,5,4,36,output,GYRYYRBYBYGGY,0.8461538461538461,1,0.7692307692307693
S1_D15_P2,S1_D15,2,5,5,37,output,RRRGRGYRRBRRR,0.8461538461538461,1,0.7692307692307693
S1_D15_P2,S1_D15,2,5,6,38,output,GGRRYBRYBRYBR,0.8461538461538461,1,0.3076923076923077
S1_D15_P2,S1_D15,2,5,7,39,output,GGGRYBGRYBRYB,0.5384615384615384,1,0.46153846153846156
S1_D15_P2,S1_D15,2,5,8,40,output,GYBRBRGRGRGYB,0.6153846153846154,1,0.5384615384615384
S1_D15_P2,S1_D15,2,6,0,,seed,BBBGYGRRYRBBG,,1,0.6153846153846154
S1_D15_P2,S1_D15,2,6,1,41,output,BBBGYBRGYBGYB,0.5384615384615384,1,0.5384615384615384
S1_D15_P2,S1_D15,2,6,2,42,output,RRRYBRYBRBGRG,0.7692307692307692,1,0.5384615384615384
S1_D15_P2,S1_D15,2,6,3,43,output,RRRRGYBRGBGBR,0.3846153846153846,1,0.7692307692307693
S1_D15_P2,S1_D15,2,6,4,44,output,RRRRYBRYBRGRG,0.9230769230769231,1,0.5384615384615384
S1_D15_P2,S1_D15,2,6,5,45,output,RRRRGYBRGYRGR,1.0,1,0.6153846153846154
S1_D15_P2,S1_D15,2,6,6,46,output,RRRRYBRYBRGGR,1.0,1,0.5384615384615384
S1_D15_P2,S1_D15,2,6,7,47,output,RRRRBRBRGRRGG,0.6923076923076923,1,0.6153846153846154
S1_D15_P2,S1_D15,2,6,8,48,output,RYBYBRGRGRRYB,0.8461538461538461,2,0.6153846153846154
S1_D15_P2,S1_D15,2,7,0,,seed,BBBYGRYYGGGRB,,1,0.7692307692307693
S1_D15_P2,S1_D15,2,7,1,49,output,YBRGRYGGRBGGR,0.46153846153846156,2,0.6153846153846154
S1_D15_P2,S1_D15,2,7,2,50,output,GRGRYBRGRYBRR,0.6923076923076923,2,0.38461538461538464
S1_D15_P2,S1_D15,2,7,3,51,output,YRYBYRYBRYRYY,0.8461538461538461,2,0.5384615384615384
S1_D15_P2,S1_D15,2,7,4,52,output,GRBRYYRBYRYYR,0.6923076923076923,1,0.5384615384615384
S1_D15_P2,S1_D15,2,7,5,53,output,YRYBYBYRYBRYB,0.6153846153846154,2,0.38461538461538464
S1_D15_P2,S1_D15,2,7,6,54,output,GRGBRYBRYRBGR,0.7692307692307692,1,0.6153846153846154
S1_D15_P2,S1_D15,2,7,7,55,output,YRYRYBRYRBYRY,0.6923076923076923,2,0.5384615384615384
S1_D15_P2,S1_D15,2,7,8,56,output,GRYBYRGRYBRYB,0.5384615384615384,1,0.5384615384615384
S1_D15_P2,S1_D15,2,8,0,,seed,GYRYBGRBRBBRY,,1,0.7692307692307693
S1_D15_P2,S1_D15,2,8,1,57,output,GRBGYRBRBRYBG,0.5384615384615384,1,0.6153846153846154
S1_D15_P2,S1_D15,2,8,2,58,output,GGGGRBRBRRBBR,1.0,1,0.6153846153846154
S1_D15_P2,S1_D15,2,8,3,59,output,GRYBYRYBYRYRY,0.6923076923076923,2,0.38461538461538464
S1_D15_P2,S1_D15,2,8,4,60,output,GGGGRBGRBGRYB,1.0,1,0.46153846153846156
S1_D15_P2,S1_D15,2,8,5,61,output,GRYBRYBGRYBRY,0.6923076923076923,3,0.38461538461538464
S1_D15_P2,S1_D15,2,8,6,62,output,GGGGRBYRBGRBG,0.8461538461538461,2,0.6153846153846154
S1_D15_P2,S1_D15,2,8,7,63,output,GRBGRYRBRBYGR,0.46153846153846156,1,0.7692307692307693
S1_D15_P2,S1_D15,2,8,8,64,output,GGGGRYBRYBYBR,0.8461538461538461,1,0.5384615384615384
S1_D15_P2,S1_D15,2,9,0,,seed,GGRYBYBBYGGYY,,1,0.7692307692307693
S1_D15_P2,S1_D15,2,9,1,65,output,GGRBYBRGGYBRY,0.6153846153846154,1,0.6153846153846154
S1_D15_P2,S1_D15,2,9,2,66,output,GRYRGRGRYBGRY,0.6923076923076923,2,0.5384615384615384
S1_D15_P2,S1_D15,2,9,3,67,output,GGGRYBRYRYBYR,0.7692307692307692,2,0.6153846153846154
S1_D15_P2,S1_D15,2,9,4,68,output,GGGRYBRYBRYBR,1.0,1,0.3076923076923077
S1_D15_P2,S1_D15,2,9,5,69,output,GGGGRYBRYBRRY,0.8461538461538461,2,0.5384615384615384
S1_D15_P2,S1_D15,2,9,6,70,output,GGGGRYBRYBRYB,1.0,1,0.38461538461538464
S1_D15_P2,S1_D15,2,9,7,71,output,GGGYRBRBYRGYB,0.5384615384615384,1,0.7692307692307693
S1_D15_P2,S1_D15,2,9,8,72,output,GGGRBRRBRBYRB,0.6923076923076923,2,0.6153846153846154
S1_D15_P2,S1_D15,2,10,0,,seed,YBYGBGGGRRBRY,,0,0.7692307692307693
S1_D15_P2,S1_D15,2,10,1,73,output,YBYBGGGRBYRBB,0.6153846153846154,1,0.7692307692307693
S1_D15_P2,S1_D15,2,10,2,74,output,RYBRYBGGYBYRR,0.6923076923076923,1,0.7692307692307693
S1_D15_P2,S1_D15,2,10,3,75,output,YBYBGYBRGYBRG,0.6923076923076923,2,0.46153846153846156
S1_D15_P2,S1_D15,2,10,4,76,output,RYBRBGYBRYBRY,0.6923076923076923,1,0.46153846153846156
S1_D15_P2,S1_D15,2,10,5,77,output,YBYBYBGYRGYBG,0.7692307692307692,1,0.5384615384615384
S1_D15_P2,S1_D15,2,10,6,78,output,RYBRGYBRBRYBY,0.6923076923076923,2,0.6153846153846154
S1_D15_P2,S1_D15,2,10,7,79,output,YBYYBGYRBYBGY,0.6923076923076923,2,0.5384615384615384
S1_D15_P2,S1_D15,2,10,8,80,output,RYBRGRYBRGYBR,0.6923076923076923,1,0.46153846153846156
S1_D15_P2,S1_D15,2,11,0,,seed,GGGYYRYGRYRGR,,1,0.7692307692307693
S1_D15_P2,S1_D15,2,11,1,81,output,GGGYYRYRGYRBR,0.7692307692307692,1,0.7692307692307693
S1_D15_P2,S1_D15,2,11,2,82,output,GGGYYBYBYBRYB,0.8461538461538461,1,0.5384615384615384
S1_D15_P2,S1_D15,2,11,3,83,output,GGGRBRYBRYRYR,0.7692307692307692,1,0.5384615384615384
S1_D15_P2,S1_D15,2,11,4,84,output,GYYBYYBYBBYBR,0.7692307692307692,1,0.46153846153846156
S1_D15_P2,S1_D15,2,11,5,85,output,GGGRYBRYRBRYR,0.8461538461538461,2,0.5384615384615384
S1_D15_P2,S1_D15,2,11,6,86,output,GGYYBYBYBYBYB,0.8461538461538461,2,0.23076923076923078
S1_D15_P2,S1_D15,2,11,7,87,output,GGGYBYRYBRYBY,0.7692307692307692,2,0.6153846153846154
S1_D15_P2,S1_D15,2,11,8,88,output,GGGRBYRYBYBYB,0.7692307692307692,1,0.5384615384615384
S1_D15_P2,S1_D15,2,12,0,,seed,GRYBRGRYBGYRY,,1,0.6153846153846154
S1_D15_P2,S1_D15,2,12,1,89,output,GRYBYBYGBYRGY,0.5384615384615384,1,0.6153846153846154
S1_D15_P2,S1_D15,2,12,2,90,output,RRRYGBYRBGYRB,0.7692307692307692,1,0.6153846153846154
S1_D15_P2,S1_D15,2,12,3,91,output,GRYBYBYBRYBGR,1.0,2,0.46153846153846156
S1_D15_P2,S1_D15,2,12,4,92,output,GGGRYBRYBRGGR,0.5384615384615384,1,0.46153846153846156
S1_D15_P2,S1_D15,2,12,5,93,output,GRBRYBRRYBGRB,0.7692307692307692,1,0.6153846153846154
S1_D15_P2,S1_D15,2,12,6,94,output,GGGRYBRYRYBRY,0.8461538461538461,2,0.46153846153846156
S1_D15_P2,S1_D15,2,12,7,95,output,RYBYRGRRRBGRB,0.7692307692307692,1,0.7692307692307693
S1_D15_P2,S1_D15,2,12,8,96,output,GRYBRYRYBRBRB,0.8461538461538461,2,0.46153846153846156
S1_D15_P2,S1_D15,2,13,0,,seed,BGRGGGYGYBYRY,,1,0.7692307692307693
S1_D15_P2,S1_D15,2,13,1,97,output,BGGRYGGRBGYBR,0.5384615384615384,1,0.6153846153846154
S1_D15_P2,S1_D15,2,13,2,98,output,GRYBRYBRGRYGR,0.9230769230769231,2,0.5384615384615384
S1_D15_P2,S1_D15,2,13,3,99,output,GRYBYBRYRRBRB,0.7692307692307692,1,0.7692307692307693
S1_D15_P2,S1_D15,2,13,4,100,output,BYBRYBRBRRBYB,0.6923076923076923,2,0.6153846153846154
S1_D15_P2,S1_D15,2,13,5,101,output,RYBRRRYBRYRRY,0.8461538461538461,2,0.5384615384615384
S1_D15_P2,S1_D15,2,13,6,102,output,RYRYBBYBRYRBB,0.6923076923076923,1,0.7692307692307693
S1_D15_P2,S1_D15,2,13,7,103,output,RRRBRYBYBYBRR,1.0,1,0.5384615384615384
S1_D15_P2,S1_D15,2,13,8,104,output,RYBRRRBRYRRBR,0.7692307692307692,2,0.5384615384615384
S1_D15_P2,S1_D15,2,14,0,,seed,BBBGYBYRGBRBR,,1,0.7692307692307693
S1_D15_P2,S1_D15,2,14,1,105,output,BBBGYBRYRBRBR,0.8461538461538461,1,0.6153846153846154
S1_D15_P2,S1_D15,2,14,2,106,output,RYBRYBRRYGRRB,0.7692307692307692,2,0.6153846153846154
S1_D15_P2,S1_D15,2,14,3,107,output,BBBGYBRYBRYRR,0.9230769230769231,1,0.5384615384615384
S1_D15_P2,S1_D15,2,14,4,108,output,RYBRRYBRYBYBR,1.0,1,0.5384615384615384
S1_D15_P2,S1_D15,2,14,5,109,output,BBBYBYBYBBRBR,0.8461538461538461,1,0.46153846153846156
S1_D15_P2,S1_D15,2,14,6,110,output,BBYBYBBYBYBBB,0.8461538461538461,2,0.3076923076923077
S1_D15_P2,S1_D15,2,14,7,111,output,BBBYBYBBYBYBY,0.8461538461538461,2,0.38461538461538464
S1_D15_P2,S1_D15,2,14,8,112,output,BBBBYBYBBYBYB,1.0,2,0.38461538461538464
S1_D15_P2,S1_D15,2,15,0,,seed,YBYYGGGRRBYRY,,1,0.7692307692307693
S1_D15_P2,S1_D15,2,15,1,113,output,YBYYGGGRRBYBY,0.9230769230769231,1,0.7692307692307693
S1_D15_P2,S1_D15,2,15,2,114,output,RGRYBRGRYBRYB,0.6153846153846154,1,0.46153846153846156
S1_D15_P2,S1_D15,2,15,3,115,output,YBYBYGGGRBRYB,0.7692307692307692,1,0.7692307692307693
S1_D15_P2,S1_D15,2,15,4,116,output,RGYRGRYRYRYBR,0.7692307692307692,1,0.5384615384615384
S1_D15_P2,S1_D15,2,15,5,117,output,YBYBYYRGYYBRG,0.6923076923076923,1,0.7692307692307693
S1_D15_P2,S1_D15,2,15,6,118,output,RGYYBRGYBRBRY,0.6923076923076923,1,0.6153846153846154
S1_D15_P2,S1_D15,2,15,7,119,output,YBYBYYBYGYRYR,0.9230769230769231,2,0.6153846153846154
S1_D15_P2,S1_D15,2,15,8,120,output,RGRBGYRGBYGBR,0.5384615384615384,1,0.7692307692307693
S1_D16_P1,S1_D16,1,1,0,,seed,YGRRRYRRBRRGY,,1,0.7692307692307693
S1_D16_P1,S1_D16,1,1,1,1,output,YGRRRYRBGBRRY,0.7692307692307692,1,0.6153846153846154
S1_D16_P1,S1_D16,1,1,2,2,output,YGBGGGGBRYBRG,0.46153846153846156,1,0.6153846153846154
S1_D16_P1,S1_D16,1,1,3,3,output,YGRRRRYGRBYGG,0.7692307692307692,1,0.6153846153846154
S1_D16_P1,S1_D16,1,1,4,4,output,YBGGGGGBRYGBY,0.6153846153846154,1,0.5384615384615384
S1_D16_P1,S1_D16,1,1,5,5,output,GRRRBRYRBRRBY,0.46153846153846156,2,0.6153846153846154
S1_D16_P1,S1_D16,1,1,6,6,output,YGBBGGGBRYGGY,0.6153846153846154,1,0.7692307692307693
S1_D16_P1,S1_D16,1,1,7,7,output,GBBRBRRBYRGBY,0.5384615384615384,1,0.7692307692307693
S1_D16_P1,S1_D16,1,1,8,8,output,YGBGGBRGRYBRG,0.5384615384615384,1,0.6153846153846154
S1_D16_P1,S1_D16,1,2,0,,seed,BRYYGYBBBRRBR,,1,0.7692307692307693
S1_D16_P1,S1_D16,1,2,1,9,output,YGBYBYGBRGBBY,0.3076923076923077,1,0.7692307692307693
S1_D16_P1,S1_D16,1,2,2,10,output,YYBYYBRYBGBBB,0.6153846153846154,1,0.7692307692307693
S1_D16_P1,S1_D16,1,2,3,11,output,YGBYGBRBRYGBY,0.8461538461538461,1,0.6153846153846154
S1_D16_P1,S1_D16,1,2,4,12,output,YRBYBYBRGBBBB,0.6153846153846154,1,0.5384615384615384
S1_D16_P1,S1_D16,1,2,5,13,output,YGBRYBRRGBRYB,0.5384615384615384,2,0.46153846153846156
S1_D16_P1,S1_D16,1,2,6,14,output,YRBRBRGRBBBBB,0.9230769230769231,1,0.46153846153846156
S1_D16_P1,S1_D16,1,2,7,15,output,YBRYGRYBRGGYY,0.46153846153846156,1,0.7692307692307693
S1_D16_P1,S1_D16,1,2,8,16,output,YBRGYRBBBBBBB,0.6923076923076923,1,0.38461538461538464
S1_D16_P1,S1_D16,1,3,0,,seed,RRYRGBRYBRGRB,,1,0.7692307692307693
S1_D16_P1,S1_D16,1,3,1,17,output,RGBYRBYRBBRBR,0.46153846153846156,1,0.5384615384615384
S1_D16_P1,S1_D16,1,3,2,18,output,YGRRGRGBBBBBB,0.7692307692307692,1,0.46153846153846156
S1_D16_P1,S1_D16,1,3,3,19,output,YBGBYRGRRRRRB,0.46153846153846156,1,0.5384615384615384
S1_D16_P1,S1_D16,1,3,4,20,output,YBGRYBGBBBBBB,0.6923076923076923,1,0.46153846153846156
S1_D16_P1,S1_D16,1,3,5,21,output,YGBRYBRRRRBBB,0.6923076923076923,1,0.6153846153846154
S1_D16_P1,S1_D16,1,3,6,22,output,YGBRYBGBBBBBB,0.8461538461538461,1,0.46153846153846156
S1_D16_P1,S1_D16,1,3,7,23,output,YGBYBRRRRBBBB,0.8461538461538461,1,0.5384615384615384
S1_D16_P1,S1_D16,1,3,8,24,output,YGBYBRGBBBBBB,0.8461538461538461,1,0.46153846153846156
S1_D16_P1,S1_D16,1,4,0,,seed,BBYBBRYYGYRYB,,1,0.7692307692307693
S1_D16_P1,S1_D16,1,4,1,25,output,YBYBBBRYGBRBB,0.6153846153846154,1,0.7692307692307693
S1_D16_P1,S1_D16,1,4,2,26,output,YGBYBRYGBBYYY,0.5384615384615384,1,0.7692307692307693
S1_D16_P1,S1_D16,1,4,3,27,output,YBYBRGBRBBBBB,0.6923076923076923,1,0.5384615384615384
S1_D16_P1,S1_D16,1,4,4,28,output,YGYBRYRBGRRYY,0.6153846153846154,1,0.7692307692307693
S1_D16_P1,S1_D16,1,4,5,29,output,YGYBRYRBBBBBB,0.8461538461538461,1,0.46153846153846156
S1_D16_P1,S1_D16,1,4,6,30,output,YGYBYBRYYYYYY,0.8461538461538461,1,0.46153846153846156
S1_D16_P1,S1_D16,1,4,7,31,output,GYBRYBRBYBBBB,0.7692307692307692,2,0.5384615384615384
S1_D16_P1,S1_D16,1,4,8,32,output,YGYBRYYYYYYYY,1.0,2,0.3076923076923077
S1_D16_P1,S1_D16,1,5,0,,seed,RRGRYRGGRRGYR,,2,0.7692307692307693
S1_D16_P1,S1_D16,1,5,1,33,output,RGBGRRRRRRYBG,0.3846153846153846,1,0.46153846153846156
S1_D16_P1,S1_D16,1,5,2,34,output,BBGRBGBRYRYBR,0.5384615384615384,1,0.7692307692307693
S1_D16_P1,S1_D16,1,5,3,35,output,RGBRBRRRYBGRY,0.8461538461538461,1,0.7692307692307693
S1_D16_P1,S1_D16,1,5,4,36,output,BGRYBGRBBYRBY,0.5384615384615384,1,0.7692307692307693
S1_D16_P1,S1_D16,1,5,5,37,output,RGBYBRBGRRRRR,0.46153846153846156,1,0.5384615384615384
S1_D16_P1,S1_D16,1,5,6,38,output,BGRYBRGYRRBBB,0.46153846153846156,0,0.7692307692307693
S1_D16_P1,S1_D16,1,5,7,39,output,BYRBYBRGBYRBB,0.3846153846153846,2,0.6153846153846154
S1_D16_P1,S1_D16,1,5,8,40,output,RGBRYBRYBGRRR,0.23076923076923073,1,0.5384615384615384
S1_D16_P1,S1_D16,1,6,0,,seed,RYYBGRRYBRYGG,,1,0.7692307692307693
S1_D16_P1,S1_D16,1,6,1,41,output,RYBGYBRRRYBGR,0.5384615384615384,2,0.6153846153846154
S1_D16_P1,S1_D16,1,6,2,42,output,BRYBBYGYBYRRY,0.46153846153846156,1,0.7692307692307693
S1_D16_P1,S1_D16,1,6,3,43,output,BYRGYBBRBBYYG,0.3076923076923077,1,0.7692307692307693
S1_D16_P1,S1_D16,1,6,4,44,output,BYRGBRYYBGBYR,0.5384615384615384,1,0.7692307692307693
S1_D16_P1,S1_D16,1,6,5,45,output,BYRGBRBBYRGBY,0.5384615384615384,1,0.5384615384615384
S1_D16_P1,S1_D16,1,6,6,46,output,BRYBRBRGBRBYR,0.5384615384615384,1,0.6153846153846154
S1_D16_P1,S1_D16,1,6,7,47,output,RBRBBYRGBYBRB,0.3076923076923077,1,0.6153846153846154
S1_D16_P1,S1_D16,1,6,8,48,output,BYRGBRRRYBRGR,0.6153846153846154,1,0.7692307692307693
S1_D16_P1,S1_D16,1,7,0,,seed,YYYRRYYYBRGYR,,1,0.7692307692307693
S1_D16_P1,S1_D16,1,7,1,49,output,BRYBBRYBRGBRY,0.3846153846153846,2,0.5384615384615384
S1_D16_P1,S1_D16,1,7,2,50,output,BRYBRGRYBBRYB,0.5384615384615384,2,0.5384615384615384
S1_D16_P1,S1_D16,1,7,3,51,output,BRYBGRYYBRYBR,0.3846153846153846,2,0.6153846153846154
S1_D16_P1,S1_D16,1,7,4,52,output,RBGRYBRRBYRBG,0.5384615384615384,2,0.7692307692307693
S1_D16_P1,S1_D16,1,7,5,53,output,BYRBGRRBYRBGY,0.46153846153846156,2,0.5384615384615384
S1_D16_P1,S1_D16,1,7,6,54,output,YRGRYBGRBRYBR,0.3846153846153846,1,0.6153846153846154
S1_D16_P1,S1_D16,1,7,7,55,output,YRBYRBGRYBRGY,0.5384615384615384,1,0.7692307692307693
S1_D16_P1,S1_D16,1,7,8,56,output,YRGRYBRGYRBYG,0.6153846153846154,1,0.7692307692307693
S1_D16_P1,S1_D16,1,8,0,,seed,RRYBBYRYBBRRG,,1,0.5384615384615384
S1_D16_P1,S1_D16,1,8,1,57,output,RYBRYRGBRYBGR,0.46153846153846156,2,0.6153846153846154
S1_D16_P1,S1_D16,1,8,2,58,output,RYRGBRYRBGGRB,0.23076923076923073,1,0.7692307692307693
S1_D16_P1,S1_D16,1,8,3,59,output,RBYRGBYRBGRYB,0.5384615384615384,1,0.6153846153846154
S1_D16_P1,S1_D16,1,8,4,60,output,RBYBBRBGRYRBB,0.3846153846153846,1,0.7692307692307693
S1_D16_P1,S1_D16,1,8,5,61,output,RBYRGYRBBRYGY,0.6923076923076923,1,0.7692307692307693
S1_D16_P1,S1_D16,1,8,6,62,output,RGBRBBRBGRYRY,0.6153846153846154,1,0.6153846153846154
S1_D16_P1,S1_D16,1,8,7,63,output,RBYRGYRBBGRBY,0.8461538461538461,1,0.7692307692307693
S1_D16_P1,S1_D16,1,8,8,64,output,RGBRGGRBYGRYY,0.6153846153846154,1,0.7692307692307693
S1_D16_P1,S1_D16,1,9,0,,seed,BRYGBYBBGYBGG,,1,0.7692307692307693
S1_D16_P1,S1_D16,1,9,1,65,output,BRYGRYBRGBYRB,0.5384615384615384,1,0.7692307692307693
S1_D16_P1,S1_D16,1,9,2,66,output,YBYYRYYYBRGYY,0.8461538461538461,1,0.7692307692307693
S1_D16_P1,S1_D16,1,9,3,67,output,BRYBYGRYBRYBY,0.6153846153846154,2,0.46153846153846156
S1_D16_P1,S1_D16,1,9,4,68,output,YRBYBYRYYYGGY,0.6923076923076923,1,0.7692307692307693
S1_D16_P1,S1_D16,1,9,5,69,output,YBRBYRBYGBYRY,0.46153846153846156,1,0.5384615384615384
S1_D16_P1,S1_D16,1,9,6,70,output,YRBYGRYBRGYGY,0.6153846153846154,1,0.7692307692307693
S1_D16_P1,S1_D16,1,9,7,71,output,YRBYRGYRYYGYB,0.6153846153846154,1,0.7692307692307693
S1_D16_P1,S1_D16,1,9,8,72,output,YBYYYRYYYGYYY,0.5384615384615384,1,0.5384615384615384
S1_D16_P1,S1_D16,1,10,0,,seed,YYGBBRBGRYYGG,,1,0.7692307692307693
S1_D16_P1,S1_D16,1,10,1,73,output,YYGYBRYBYGRGY,0.5384615384615384,1,0.7692307692307693
S1_D16_P1,S1_D16,1,10,2,74,output,YRBYRGBRYYGYB,0.3846153846153846,1,0.7692307692307693
S1_D16_P1,S1_D16,1,10,3,75,output,YYGYBRGBRYGYB,0.7692307692307692,1,0.5384615384615384
S1_D16_P1,S1_D16,1,10,4,76,output,YGRYRBYRYBGYR,0.5384615384615384,1,0.7692307692307693
S1_D16_P1,S1_D16,1,10,5,77,output,YGRBRGRBRRGYY,0.5384615384615384,1,0.5384615384615384
S1_D16_P1,S1_D16,1,10,6,78,output,YRGYRBYBRGYRY,0.5384615384615384,2,0.5384615384615384
S1_D16_P1,S1_D16,1,10,7,79,output,BYRYBRYYYYYYY,0.46153846153846156,1,0.38461538461538464
S1_D16_P1,S1_D16,1,10,8,80,output,BYRBRGBYRGYBY,0.5384615384615384,2,0.7692307692307693
S1_D16_P1,S1_D16,1,11,0,,seed,GBYGBGYYBGBGB,,2,0.6153846153846154
S1_D16_P1,S1_D16,1,11,1,81,output,BYRGBRYRRYBYY,0.3846153846153846,1,0.7692307692307693
S1_D16_P1,S1_D16,1,11,2,82,output,YRBRBGRBYRYGY,0.3076923076923077,1,0.7692307692307693
S1_D16_P1,S1_D16,1,11,3,83,output,BRGBYRGRRRRYB,0.6153846153846154,1,0.6153846153846154
S1_D16_P1,S1_D16,1,11,4,84,output,BRYBGRYBRBBBR,0.3846153846153846,1,0.6153846153846154
S1_D16_P1,S1_D16,1,11,5,85,output,RYGRBBRYBGRYB,0.3846153846153846,1,0.6153846153846154
S1_D16_P1,S1_D16,1,11,6,86,output,GBYBRYBGRYBGY,0.3076923076923077,2,0.5384615384615384
S1_D16_P1,S1_D16,1,11,7,87,output,RGYBYBGBRYBRG,0.46153846153846156,1,0.7692307692307693
S1_D16_P1,S1_D16,1,11,8,88,output,YRYGBYRYBYGYY,0.6153846153846154,1,0.7692307692307693
S1_D16_P1,S1_D16,1,12,0,,seed,GGGYYYGBGBYBY,,1,0.7692307692307693
S1_D16_P1,S1_D16,1,12,1,89,output,GGGYYYGGGBYYB,0.7692307692307692,1,0.7692307692307693
S1_D16_P1,S1_D16,1,12,2,90,output,RYBRGGRGBRRRR,0.3076923076923077,1,0.6153846153846154
S1_D16_P1,S1_D16,1,12,3,91,output,YBGYRBYYBGYBY,0.46153846153846156,1,0.6153846153846154
S1_D16_P1,S1_D16,1,12,4,92,output,GYBRRYBRRRRRR,0.8461538461538461,1,0.38461538461538464
S1_D16_P1,S1_D16,1,12,5,93,output,BYRBGRBRYBYYY,0.5384615384615384,1,0.7692307692307693
S1_D16_P1,S1_D16,1,12,6,94,output,BYRGBYRRGBRYB,0.3846153846153846,1,0.6153846153846154
S1_D16_P1,S1_D16,1,12,7,95,output,RBGBBBRYBRYBY,0.5384615384615384,1,0.5384615384615384
S1_D16_P1,S1_D16,1,12,8,96,output,YRBYRGBRRBRYB,0.46153846153846156,1,0.7692307692307693
S1_D16_P1,S1_D16,1,13,0,,seed,RGYGGBYRBRRYY,,0,0.7692307692307693
S1_D16_P1,S1_D16,1,13,1,97,output,BRGRRRRRBYRBY,0.3846153846153846,1,0.46153846153846156
S1_D16_P1,S1_D16,1,13,2,98,output,RBGRYBGRRYBRG,0.3846153846153846,1,0.5384615384615384
S1_D16_P1,S1_D16,1,13,3,99,output,RYBRGBRYYRGBB,0.3846153846153846,1,0.6153846153846154
S1_D16_P1,S1_D16,1,13,4,100,output,RYGBBRYBRBYRG,0.3846153846153846,1,0.7692307692307693
S1_D16_P1,S1_D16,1,13,5,101,output,RYBRGRBYRBBGR,0.6153846153846154,1,0.7692307692307693
S1_D16_P1,S1_D16,1,13,6,102,output,RYBGRRYBRBYRG,0.46153846153846156,1,0.7692307692307693
S1_D16_P1,S1_D16,1,13,7,103,output,BYRBGRYYBRBRY,0.3846153846153846,1,0.7692307692307693
S1_D16_P1,S1_D16,1,13,8,104,output,BYRBGRYBRYBGR,0.3846153846153846,1,0.6153846153846154
S1_D16_P1,S1_D16,1,14,0,,seed,RRBGGGRBYRGGG,,1,0.6153846153846154
S1_D16_P1,S1_D16,1,14,1,105,output,RYBRGGRYRYBGR,0.5384615384615384,2,0.7692307692307693
S1_D16_P1,S1_D16,1,14,2,106,output,RYBGRRRYBRBYR,0.6153846153846154,1,0.7692307692307693
S1_D16_P1,S1_D16,1,14,3,107,output,YRBGRRYBRBYBR,0.46153846153846156,1,0.6153846153846154
S1_D16_P1,S1_D16,1,14,4,108,output,RBYGRGRBYGBYY,0.6923076923076923,1,0.6153846153846154
S1_D16_P1,S1_D16,1,14,5,109,output,YBRYBRYGRYBRY,1.0,2,0.38461538461538464
S1_D16_P1,S1_D16,1,14,6,110,output,RBYGRBYBYBYBY,1.0,1,0.38461538461538464
S1_D16_P1,S1_D16,1,14,7,111,output,YBRYBRYGRYBRY,1.0,2,0.38461538461538464
S1_D16_P1,S1_D16,1,14,8,112,output,RBYGRBYBYBYBY,1.0,1,0.38461538461538464
S1_D16_P1,S1_D16,1,15,0,,seed,RGGYRBRBBYRGY,,1,0.7692307692307693
S1_D16_P1,S1_D16,1,15,1,113,output,RGGYRBRBBRYBR,0.6923076923076923,1,0.7692307692307693
S1_D16_P1,S1_D16,1,15,2,114,output,YGYYBYYRYRYYY,0.9230769230769231,1,0.6153846153846154
S1_D16_P1,S1_D16,1,15,3,115,output,RGYRBRRBYRRBR,0.6153846153846154,2,0.6153846153846154
S1_D16_P1,S1_D16,1,15,4,116,output,YGYYYYYRYBRGY,0.8461538461538461,1,0.5384615384615384
S1_D16_P1,S1_D16,1,15,5,117,output,YGRBBRGYYBRYB,0.46153846153846156,1,0.7692307692307693
S1_D16_P1,S1_D16,1,15,6,118,output,YGYYYYBRGRBYR,0.6923076923076923,1,0.6153846153846154
S1_D16_P1,S1_D16,1,15,7,119,output,BRYBRRBYRBGRY,0.3076923076923077,1,0.7692307692307693
S1_D16_P1,S1_D16,1,15,8,120,output,RBYBBRBGRBRYB,0.3076923076923077,1,0.7692307692307693
S1_D16_P2,S1_D16,2,1,0,,seed,GBYGGGYYGYYGR,,2,0.5384615384615384
S1_D16_P2,S1_D16,2,1,1,1,output,GBYGGGYYYBBBR,0.6923076923076923,0,0.7692307692307693
S1_D16_P2,S1_D16,2,1,2,2,output,YGRRRBYRGRBYG,0.6153846153846154,1,0.6153846153846154
S1_D16_P2,S1_D16,2,1,3,3,output,YGBGGGGBYRBYR,0.6923076923076923,1,0.5384615384615384
S1_D16_P2,S1_D16,2,1,4,4,output,YGRRRYGRBRBGR,0.6923076923076923,1,0.7692307692307693
S1_D16_P2,S1_D16,2,1,5,5,output,YGBGGGRBYGBGG,0.5384615384615384,1,0.5384615384615384
S1_D16_P2,S1_D16,2,1,6,6,output,GRBRRBBYRBBRG,0.6153846153846154,2,0.6153846153846154
S1_D16_P2,S1_D16,2,1,7,7,output,YGGBBRBGGYBGY,0.5384615384615384,1,0.7692307692307693
S1_D16_P2,S1_D16,2,1,8,8,output,YGBRRBBRBRGGB,0.5384615384615384,1,0.7692307692307693
S1_D16_P2,S1_D16,2,2,0,,seed,YYBYYGBRRGGGY,,1,0.7692307692307693
S1_D16_P2,S1_D16,2,2,1,9,output,YYBYYBRBRGYYY,0.6923076923076923,2,0.7692307692307693
S1_D16_P2,S1_D16,2,2,2,10,output,YGBYGBRBYRYBY,0.5384615384615384,1,0.7692307692307693
S1_D16_P2,S1_D16,2,2,3,11,output,YBYBRGRBBBBBY,0.5384615384615384,1,0.5384615384615384
S1_D16_P2,S1_D16,2,2,4,12,output,YGBYGBRBRYGBB,0.9230769230769231,1,0.6153846153846154
S1_D16_P2,S1_D16,2,2,5,13,output,YRBRBRGBBBBBB,0.6153846153846154,1,0.38461538461538464
S1_D16_P2,S1_D16,2,2,6,14,output,YGBRYBRRGYBRG,0.7692307692307692,2,0.6153846153846154
S1_D16_P2,S1_D16,2,2,7,15,output,YRBRBGRBBBBBB,0.8461538461538461,1,0.46153846153846156
S1_D16_P2,S1_D16,2,2,8,16,output,YBRYGRBBBGGGG,0.6923076923076923,1,0.6153846153846154
S1_D16_P2,S1_D16,2,3,0,,seed,YRGYYBGGYRBBB,,1,0.7692307692307693
S1_D16_P2,S1_D16,2,3,1,17,output,YGRYBRGGBBBBB,0.6153846153846154,1,0.5384615384615384
S1_D16_P2,S1_D16,2,3,2,18,output,YRGGRBRGRRBBR,0.46153846153846156,1,0.7692307692307693
S1_D16_P2,S1_D16,2,3,3,19,output,YGRGRBBBBBBBB,0.7692307692307692,2,0.3076923076923077
S1_D16_P2,S1_D16,2,3,4,20,output,YBGRBYRRRRBBB,0.6923076923076923,1,0.6153846153846154
S1_D16_P2,S1_D16,2,3,5,21,output,YBGRYBGBBBBBB,1.0,1,0.46153846153846156
S1_D16_P2,S1_D16,2,3,6,22,output,YBGYBRRRRBBBB,0.7692307692307692,1,0.5384615384615384
S1_D16_P2,S1_D16,2,3,7,23,output,YGBYRBGBBBBBB,0.8461538461538461,1,0.46153846153846156
S1_D16_P2,S1_D16,2,3,8,24,output,YGBYBRRRRBBBB,1.0,1,0.5384615384615384
S1_D16_P2,S1_D16,2,4,0,,seed,RRYBYGYRYYYBY,,1,0.6153846153846154
S1_D16_P2,S1_D16,2,4,1,25,output,YBRYGRBBBYYYY,0.3846153846153846,1,0.6153846153846154
S1_D16_P2,S1_D16,2,4,2,26,output,YBYBBBRGYBBBB,0.7692307692307692,2,0.5384615384615384
S1_D16_P2,S1_D16,2,4,3,27,output,YBGYRBGGRRBYY,0.3846153846153846,1,0.7692307692307693
S1_D16_P2,S1_D16,2,4,4,28,output,YGYBRBBBBBBBB,0.7692307692307692,2,0.3076923076923077
S1_D16_P2,S1_D16,2,4,5,29,output,YGYBRBRRYYYYY,0.6153846153846154,1,0.5384615384615384
S1_D16_P2,S1_D16,2,4,6,30,output,YGYBRYBBBBBBB,0.9230769230769231,1,0.38461538461538464
S1_D16_P2,S1_D16,2,4,7,31,output,YGYBRYYYYYYYY,0.7692307692307692,2,0.3076923076923077
S1_D16_P2,S1_D16,2,4,8,32,output,GYBRYBRBYBBBB,1.0,2,0.5384615384615384
S1_D16_P2,S1_D16,2,5,0,,seed,BBRGYYGYRYYBR,,1,0.7692307692307693
S1_D16_P2,S1_D16,2,5,1,33,output,BBRYGRBBRYGRY,0.3846153846153846,1,0.46153846153846156
S1_D16_P2,S1_D16,2,5,2,34,output,RGBGRRRRYBGRY,0.6923076923076923,1,0.5384615384615384
S1_D16_P2,S1_D16,2,5,3,35,output,BBGRBYRRBGRBB,0.5384615384615384,2,0.5384615384615384
S1_D16_P2,S1_D16,2,5,4,36,output,RGBRRRRBYBGRR,0.7692307692307692,1,0.6153846153846154
S1_D16_P2,S1_D16,2,5,5,37,output,BGRBYBGRBYBGR,0.6153846153846154,2,0.3076923076923077
S1_D16_P2,S1_D16,2,5,6,38,output,RGBYRBRGRRRRR,0.8461538461538461,1,0.5384615384615384
S1_D16_P2,S1_D16,2,5,7,39,output,BGRBYRGRBBBBY,0.6153846153846154,1,0.5384615384615384
S1_D16_P2,S1_D16,2,5,8,40,output,BYRBGRYGRYBYB,0.5384615384615384,1,0.6153846153846154
S1_D16_P2,S1_D16,2,6,0,,seed,RBRBGRBYRGYGR,,1,0.7692307692307693
S1_D16_P2,S1_D16,2,6,1,41,output,RBRRGRYGBYGYY,0.5384615384615384,1,0.7692307692307693
S1_D16_P2,S1_D16,2,6,2,42,output,RYBGYBRGYRRRY,0.6153846153846154,1,0.7692307692307693
S1_D16_P2,S1_D16,2,6,3,43,output,BYRBBYYGRGYRR,0.5384615384615384,1,0.7692307692307693
S1_D16_P2,S1_D16,2,6,4,44,output,BYRBYGBRBBBYY,0.6923076923076923,1,0.7692307692307693
S1_D16_P2,S1_D16,2,6,5,45,output,BYRBGYBRRGBBY,0.5384615384615384,1,0.7692307692307693
S1_D16_P2,S1_D16,2,6,6,46,output,BYRBGYBBRRGGY,0.6153846153846154,1,0.7692307692307693
S1_D16_P2,S1_D16,2,6,7,47,output,BYRBRBRGBYGRY,0.5384615384615384,1,0.6153846153846154
S1_D16_P2,S1_D16,2,6,8,48,output,RBRBYGRBYBGBB,0.6153846153846154,2,0.6153846153846154
S1_D16_P2,S1_D16,2,7,0,,seed,BGYBYRGGRYRYR,,1,0.6153846153846154
S1_D16_P2,S1_D16,2,7,1,49,output,BGYBRYBGBRYRY,0.6923076923076923,1,0.6153846153846154
S1_D16_P2,S1_D16,2,7,2,50,output,BYRBYRRBBGBYR,0.46153846153846156,1,0.6153846153846154
S1_D16_P2,S1_D16,2,7,3,51,output,BRYBGYBRRBBYB,0.6153846153846154,1,0.7692307692307693
S1_D16_P2,S1_D16,2,7,4,52,output,BGYBRYGRBYGBR,0.5384615384615384,1,0.7692307692307693
S1_D16_P2,S1_D16,2,7,5,53,output,RBYBRGYGRRBBY,0.46153846153846156,1,0.7692307692307693
S1_D16_P2,S1_D16,2,7,6,54,output,RBYBYRBGYRGYB,0.46153846153846156,1,0.7692307692307693
S1_D16_P2,S1_D16,2,7,7,55,output,YRGBYRGYBGRBY,0.5384615384615384,1,0.7692307692307693
S1_D16_P2,S1_D16,2,7,8,56,output,YRBYRBYRGBRBY,0.7692307692307692,2,0.46153846153846156
S1_D16_P2,S1_D16,2,8,0,,seed,RBBGYYBYBYGGY,,1,0.6153846153846154
S1_D16_P2,S1_D16,2,8,1,57,output,RBBGYYBYBYBGY,0.9230769230769231,1,0.5384615384615384
S1_D16_P2,S1_D16,2,8,2,58,output,RYBRGYBGRYRGB,0.6153846153846154,1,0.7692307692307693
S1_D16_P2,S1_D16,2,8,3,59,output,RYBGYRGGBBGBG,0.46153846153846156,1,0.7692307692307693
S1_D16_P2,S1_D16,2,8,4,60,output,RBYRGYBGRBGBY,0.6923076923076923,1,0.7692307692307693
S1_D16_P2,S1_D16,2,8,5,61,output,RBYBRBBBGRYGR,0.6153846153846154,1,0.7692307692307693
S1_D16_P2,S1_D16,2,8,6,62,output,RBYRGYRBBYGRB,0.7692307692307692,1,0.7692307692307693
S1_D16_P2,S1_D16,2,8,7,63,output,RBGRGRBYGRYGR,0.46153846153846156,2,0.6153846153846154
S1_D16_P2,S1_D16,2,8,8,64,output,YRBYGRGBYGRBY,0.6153846153846154,2,0.5384615384615384
S1_D16_P2,S1_D16,2,9,0,,seed,YYRYYYBBRGGYG,,1,0.7692307692307693
S1_D16_P2,S1_D16,2,9,1,65,output,YRYYBYYYBRGYY,0.5384615384615384,1,0.6153846153846154
S1_D16_P2,S1_D16,2,9,2,66,output,BRGBYGRYRGBGR,0.6153846153846154,1,0.6153846153846154
S1_D16_P2,S1_D16,2,9,3,67,output,YBRYBYYYYGBGY,0.5384615384615384,1,0.6153846153846154
S1_D16_P2,S1_D16,2,9,4,68,output,BGYBRYBGBYBYB,0.5384615384615384,1,0.6153846153846154
S1_D16_P2,S1_D16,2,9,5,69,output,YBRGBYBRGYYYG,0.5384615384615384,1,0.6153846153846154
S1_D16_P2,S1_D16,2,9,6,70,output,YBYRBYRYGYRYY,0.6923076923076923,1,0.5384615384615384
S1_D16_P2,S1_D16,2,9,7,71,output,YRBGYBGBYYGYY,0.5384615384615384,1,0.7692307692307693
S1_D16_P2,S1_D16,2,9,8,72,output,YRBYYGRGYBYGY,0.6153846153846154,1,0.7692307692307693
S1_D16_P2,S1_D16,2,10,0,,seed,RGBYBRYBRGRGR,,1,0.5384615384615384
S1_D16_P2,S1_D16,2,10,1,73,output,RYBRGBYRGRGRG,0.6153846153846154,1,0.5384615384615384
S1_D16_P2,S1_D16,2,10,2,74,output,YYGYBRBGRYGYG,0.6923076923076923,1,0.6153846153846154
S1_D16_P2,S1_D16,2,10,3,75,output,YRBYGBYRBRGYG,0.6153846153846154,1,0.7692307692307693
S1_D16_P2,S1_D16,2,10,4,76,output,YYGYBRGBRGBGY,0.7692307692307692,1,0.5384615384615384
S1_D16_P2,S1_D16,2,10,5,77,output,YGRYBRYRGYRBY,0.6153846153846154,1,0.7692307692307693
S1_D16_P2,S1_D16,2,10,6,78,output,YGRYBRRRGGBYY,0.6153846153846154,0,0.7692307692307693
S1_D16_P2,S1_D16,2,10,7,79,output,YRGYBRYRGYBYY,0.6153846153846154,1,0.5384615384615384
S1_D16_P2,S1_D16,2,10,8,80,output,BYRRYBYYYYYYY,0.8461538461538461,1,0.38461538461538464
S1_D16_P2,S1_D16,2,11,0,,seed,YBYRGGGRGBGYR,,1,0.7692307692307693
S1_D16_P2,S1_D16,2,11,1,81,output,YBYYYBRGRGBYG,0.5384615384615384,1,0.7692307692307693
S1_D16_P2,S1_D16,2,11,2,82,output,BYGBYRGBRYYYY,0.6153846153846154,1,0.6153846153846154
S1_D16_P2,S1_D16,2,11,3,83,output,YRYGBGRBGYYYB,0.5384615384615384,1,0.7692307692307693
S1_D16_P2,S1_D16,2,11,4,84,output,BGYBRYGBGRRRY,0.46153846153846156,1,0.7692307692307693
S1_D16_P2,S1_D16,2,11,5,85,output,BYGBYRGBBBRBR,0.5384615384615384,1,0.7692307692307693
S1_D16_P2,S1_D16,2,11,6,86,output,RYGBYBRGYRGBY,0.5384615384615384,1,0.6153846153846154
S1_D16_P2,S1_D16,2,11,7,87,output,YBGRGBYRGBYYY,0.3846153846153846,1,0.5384615384615384
S1_D16_P2,S1_D16,2,11,8,88,output,RGYBYBGYBBYGR,0.6923076923076923,2,0.6153846153846154
S1_D16_P2,S1_D16,2,12,0,,seed,RRGGGRGYGGRRB,,1,0.6153846153846154
S1_D16_P2,S1_D16,2,12,1,89,output,RRGGGYGGBGBGB,0.6153846153846154,1,0.5384615384615384
S1_D16_P2,S1_D16,2,12,2,90,output,GGGYYYGGGYBYY,0.8461538461538461,1,0.6153846153846154
S1_D16_P2,S1_D16,2,12,3,91,output,RGYBRYBRRRRRR,0.6153846153846154,1,0.38461538461538464
S1_D16_P2,S1_D16,2,12,4,92,output,YBGYBRYYBGBYY,0.6923076923076923,2,0.7692307692307693
S1_D16_P2,S1_D16,2,12,5,93,output,GYBYBGRYRRRRR,0.6923076923076923,1,0.5384615384615384
S1_D16_P2,S1_D16,2,12,6,94,output,BYRBGYBRYBYYY,0.9230769230769231,1,0.7692307692307693
S1_D16_P2,S1_D16,2,12,7,95,output,BYRGBYRGRBYGY,0.6153846153846154,2,0.6153846153846154
S1_D16_P2,S1_D16,2,12,8,96,output,BRGBYBRBYBBBB,0.46153846153846156,1,0.5384615384615384
S1_D16_P2,S1_D16,2,13,0,,seed,BRBRRYGRRRBGB,,1,0.7692307692307693
S1_D16_P2,S1_D16,2,13,1,97,output,BRBRRRYGRBGBB,0.6923076923076923,1,0.7692307692307693
S1_D16_P2,S1_D16,2,13,2,98,output,BRGBYGRRRYYYB,0.5384615384615384,0,0.7692307692307693
S1_D16_P2,S1_D16,2,13,3,99,output,RBYGRYBGRYBBB,0.6923076923076923,1,0.5384615384615384
S1_D16_P2,S1_D16,2,13,4,100,output,RYBRGYBGRBYRG,0.6153846153846154,1,0.7692307692307693
S1_D16_P2,S1_D16,2,13,5,101,output,RYGBGRBGRYBGY,0.5384615384615384,2,0.6153846153846154
S1_D16_P2,S1_D16,2,13,6,102,output,RGYBRGYBGRYRG,0.5384615384615384,2,0.6153846153846154
S1_D16_P2,S1_D16,2,13,7,103,output,RYBRGYRRBYGRY,0.6153846153846154,1,0.7692307692307693
S1_D16_P2,S1_D16,2,13,8,104,output,BRGBBYGRYBBBB,0.3846153846153846,1,0.6153846153846154
S1_D16_P2,S1_D16,2,14,0,,seed,RRYRBRRRYYBBR,,1,0.7692307692307693
S1_D16_P2,S1_D16,2,14,1,105,output,RYBRRBBYRBYRR,0.46153846153846156,1,0.6153846153846154
S1_D16_P2,S1_D16,2,14,2,106,output,RYBRGYRRBYRGR,0.6923076923076923,1,0.7692307692307693
S1_D16_P2,S1_D16,2,14,3,107,output,RYBGRYGRBYGBY,0.5384615384615384,1,0.7692307692307693
S1_D16_P2,S1_D16,2,14,4,108,output,YBRYBRYGRYBRY,0.46153846153846156,2,0.38461538461538464
S1_D16_P2,S1_D16,2,14,5,109,output,RBYGRBYBYBYBY,0.6923076923076923,1,0.38461538461538464
S1_D16_P2,S1_D16,2,14,6,110,output,YBRYBRYGRYBRY,1.0,2,0.38461538461538464
S1_D16_P2,S1_D16,2,14,7,111,output,RBYGRBYBYBYBY,1.0,1,0.38461538461538464
S1_D16_P2,S1_D16,2,14,8,112,output,YBRYBRYBRYBRY,0.9230769230769231,2,0.15384615384615385
S1_D16_P2,S1_D16,2,15,0,,seed,YGYBYRYRYRRYY,,1,0.5384615384615384
S1_D16_P2,S1_D16,2,15,1,113,output,YGYYBYYRYRRYY,0.8461538461538461,1,0.7692307692307693
S1_D16_P2,S1_D16,2,15,2,114,output,RGYRGRBYBRBBG,0.6153846153846154,1,0.7692307692307693
S1_D16_P2,S1_D16,2,15,3,115,output,YGYYYBYYRYBGY,0.6923076923076923,1,0.7692307692307693
S1_D16_P2,S1_D16,2,15,4,116,output,RGYBRBYGYBRRY,0.5384615384615384,1,0.5384615384615384
S1_D16_P2,S1_D16,2,15,5,117,output,YGYYYYYRBGRYY,0.7692307692307692,1,0.5384615384615384
S1_D16_P2,S1_D16,2,15,6,118,output,YGRBYBRGRYYYY,0.6153846153846154,1,0.6153846153846154
S1_D16_P2,S1_D16,2,15,7,119,output,YGYYYYYBRGRBY,0.8461538461538461,1,0.5384615384615384
S1_D16_P2,S1_D16,2,15,8,120,output,YRBYRBRRBYRBG,0.6153846153846154,1,0.46153846153846156
S1_D17_P1,S1_D17,1,1,0,,seed,RRBRYGRBBYRYG,,1,0.6153846153846154
S1_D17_P1,S1_D17,1,1,1,1,output,RRBYGYBRBYGRB,0.5384615384615384,2,0.5384615384615384
S1_D17_P1,S1_D17,1,1,2,2,output,RYYGRYYGYRYGG,0.7692307692307692,2,0.6153846153846154
S1_D17_P1,S1_D17,1,1,3,3,output,RRBYGYBRRBYYB,0.5384615384615384,1,0.6153846153846154
S1_D17_P1,S1_D17,1,1,4,4,output,RYYGYBRYGYRBG,0.6923076923076923,1,0.6153846153846154
S1_D17_P1,S1_D17,1,1,5,5,output,RRBYGYBRRRBYG,0.8461538461538461,1,0.5384615384615384
S1_D17_P1,S1_D17,1,1,6,6,output,RRYGYRRRYGYRY,0.6153846153846154,1,0.46153846153846156
S1_D17_P1,S1_D17,1,1,7,7,output,RRBYGYBRRBYGY,0.8461538461538461,1,0.46153846153846156
S1_D17_P1,S1_D17,1,1,8,8,output,RRYGYRRRYGYRY,1.0,1,0.46153846153846156
S1_D17_P1,S1_D17,1,2,0,,seed,BBBYYGBBYGGGG,,1,0.5384615384615384
S1_D17_P1,S1_D17,1,2,1,9,output,BBBYGBYGGGGGG,0.6923076923076923,1,0.38461538461538464
S1_D17_P1,S1_D17,1,2,2,10,output,BBBYGYBBBBYGG,0.46153846153846156,1,0.5384615384615384
S1_D17_P1,S1_D17,1,2,3,11,output,BBYYBGGGGGGGG,0.7692307692307692,2,0.3076923076923077
S1_D17_P1,S1_D17,1,2,4,12,output,BBYGBBBBYGGGG,0.8461538461538461,2,0.5384615384615384
S1_D17_P1,S1_D17,1,2,5,13,output,BBYBYGGGGGGGG,0.8461538461538461,2,0.3076923076923077
S1_D17_P1,S1_D17,1,2,6,14,output,BBBYGBBYGGGGG,0.7692307692307692,1,0.38461538461538464
S1_D17_P1,S1_D17,1,2,7,15,output,BBBYBBYGGGGGG,0.7692307692307692,1,0.38461538461538464
S1_D17_P1,S1_D17,1,2,8,16,output,BBBYGYBYGGGGG,0.8461538461538461,1,0.46153846153846156
S1_D17_P1,S1_D17,1,3,0,,seed,YYBYRYBGRGRGR,,1,0.5384615384615384
S1_D17_P1,S1_D17,1,3,1,17,output,YYBRGRGRGRGRG,0.6923076923076923,2,0.23076923076923078
S1_D17_P1,S1_D17,1,3,2,18,output,GGYBBYGGBRGYB,0.46153846153846156,1,0.6153846153846154
S1_D17_P1,S1_D17,1,3,3,19,output,YYBRBYBRGRGRG,0.7692307692307692,1,0.46153846153846156
S1_D17_P1,S1_D17,1,3,4,20,output,GGYBRBYGYBRGR,0.6923076923076923,1,0.5384615384615384
S1_D17_P1,S1_D17,1,3,5,21,output,YYBRGRGRGRGRG,0.7692307692307692,2,0.23076923076923078
S1_D17_P1,S1_D17,1,3,6,22,output,GGYBRGRGRGRGR,0.8461538461538461,2,0.3076923076923077
S1_D17_P1,S1_D17,1,3,7,23,output,YYBRGRGRGRGRG,1.0,2,0.23076923076923078
S1_D17_P1,S1_D17,1,3,8,24,output,YYBRGRGRGRGRG,0.7692307692307692,2,0.23076923076923078
S1_D17_P1,S1_D17,1,4,0,,seed,GRRYYRBYBGYRR,,1,0.7692307692307693
S1_D17_P1,S1_D17,1,4,1,25,output,GGYRYGBGYRGRR,0.46153846153846156,1,0.6153846153846154
S1_D17_P1,S1_D17,1,4,2,26,output,RRYRYBYBYBBRY,0.5384615384615384,1,0.5384615384615384
S1_D17_P1,S1_D17,1,4,3,27,output,GYRYGYBGRYRGR,0.6153846153846154,1,0.7692307692307693
S1_D17_P1,S1_D17,1,4,4,28,output,RRBYBRYBRYYBY,0.7692307692307692,2,0.5384615384615384
S1_D17_P1,S1_D17,1,4,5,29,output,YYRGRBRYGYBRY,0.3846153846153846,1,0.6153846153846154
S1_D17_P1,S1_D17,1,4,6,30,output,YYBRYRYBGBYRY,0.46153846153846156,1,0.6153846153846154
S1_D17_P1,S1_D17,1,4,7,31,output,YYBYRGYBGRYBR,0.46153846153846156,1,0.7692307692307693
S1_D17_P1,S1_D17,1,4,8,32,output,YYRYBRYBYRYBY,0.5384615384615384,2,0.46153846153846156
S1_D17_P1,S1_D17,1,5,0,,seed,BRRYRYRBBRBYR,,1,0.6153846153846154
S1_D17_P1,S1_D17,1,5,1,33,output,BBRYBRBBYRBYB,0.6153846153846154,1,0.7692307692307693
S1_D17_P1,S1_D17,1,5,2,34,output,GGYGYRGBYRGYG,0.6923076923076923,1,0.6153846153846154
S1_D17_P1,S1_D17,1,5,3,35,output,GGYRBYRRGYRBY,0.46153846153846156,2,0.46153846153846156
S1_D17_P1,S1_D17,1,5,4,36,output,GGYRYGGYRBGYR,0.3846153846153846,1,0.5384615384615384
S1_D17_P1,S1_D17,1,5,5,37,output,GYRRYGBYRGYRG,0.6153846153846154,2,0.6153846153846154
S1_D17_P1,S1_D17,1,5,6,38,output,GGYRYGYRYGYBG,0.6153846153846154,2,0.38461538461538464
S1_D17_P1,S1_D17,1,5,7,39,output,GYGRRRGYBBGYB,0.6153846153846154,2,0.6153846153846154
S1_D17_P1,S1_D17,1,5,8,40,output,GGYGYRGYBYGYG,0.6153846153846154,1,0.6153846153846154
S1_D17_P1,S1_D17,1,6,0,,seed,GYRGBBRGYRRRB,,1,0.7692307692307693
S1_D17_P1,S1_D17,1,6,1,41,output,GYRYYGBGYGYRG,0.46153846153846156,2,0.7692307692307693
S1_D17_P1,S1_D17,1,6,2,42,output,GRGBGRGRBGBBB,0.7692307692307692,1,0.7692307692307693
S1_D17_P1,S1_D17,1,6,3,43,output,GYBGRGBGYRGBY,0.5384615384615384,1,0.6153846153846154
S1_D17_P1,S1_D17,1,6,4,44,output,GRGBGRGBGBBGB,0.8461538461538461,1,0.46153846153846156
S1_D17_P1,S1_D17,1,6,5,45,output,GGBYGYBGYBGBY,0.46153846153846156,1,0.5384615384615384
S1_D17_P1,S1_D17,1,6,6,46,output,GBGRGGBGRYBYB,0.46153846153846156,1,0.6153846153846154
S1_D17_P1,S1_D17,1,6,7,47,output,GGYBYGGGYBGGY,0.5384615384615384,1,0.5384615384615384
S1_D17_P1,S1_D17,1,6,8,48,output,BBYBYGYBYBYYG,0.46153846153846156,2,0.5384615384615384
S1_D17_P1,S1_D17,1,7,0,,seed,GYGGRYRRGBGRY,,1,0.6153846153846154
S1_D17_P1,S1_D17,1,7,1,49,output,GGRYGBYRYGYGG,0.3846153846153846,1,0.6153846153846154
S1_D17_P1,S1_D17,1,7,2,50,output,YYYYYYGYBYRYG,0.6153846153846154,1,0.5384615384615384
S1_D17_P1,S1_D17,1,7,3,51,output,GGYRYGYRBYGGG,0.6923076923076923,1,0.6153846153846154
S1_D17_P1,S1_D17,1,7,4,52,output,YYYYGYRYGYGYR,0.6153846153846154,2,0.5384615384615384
S1_D17_P1,S1_D17,1,7,5,53,output,GGGGYRGYRBYGY,0.5384615384615384,1,0.6153846153846154
S1_D17_P1,S1_D17,1,7,6,54,output,YYYYRYGYGYRYY,0.7692307692307692,1,0.6153846153846154
S1_D17_P1,S1_D17,1,7,7,55,output,GGGYGYRYGYRRG,0.6153846153846154,2,0.5384615384615384
S1_D17_P1,S1_D17,1,7,8,56,output,YYYYRYGYGGYRY,0.7692307692307692,1,0.6153846153846154
S1_D17_P1,S1_D17,1,8,0,,seed,BGRGBGYRRYGRY,,1,0.7692307692307693
S1_D17_P1,S1_D17,1,8,1,57,output,YYYRYGYRYGYYR,0.3846153846153846,1,0.46153846153846156
S1_D17_P1,S1_D17,1,8,2,58,output,GYRYGYRGYBBBB,0.7692307692307692,2,0.6153846153846154
S1_D17_P1,S1_D17,1,8,3,59,output,GGGYGRRGYGYGB,0.3076923076923077,1,0.6153846153846154
S1_D17_P1,S1_D17,1,8,4,60,output,GYRYGYRGGYBBB,0.6923076923076923,2,0.7692307692307693
S1_D17_P1,S1_D17,1,8,5,61,output,GGYRYGYYBBBBB,0.7692307692307692,1,0.5384615384615384
S1_D17_P1,S1_D17,1,8,6,62,output,GGYRYGBYGGYGY,0.46153846153846156,1,0.7692307692307693
S1_D17_P1,S1_D17,1,8,7,63,output,GGYRYGYBBBBBB,0.8461538461538461,1,0.46153846153846156
S1_D17_P1,S1_D17,1,8,8,64,output,GGYRYGYYGYRRY,0.6923076923076923,2,0.6153846153846154
S1_D17_P1,S1_D17,1,9,0,,seed,RRRRYRYBGGYRY,,1,0.6153846153846154
S1_D17_P1,S1_D17,1,9,1,65,output,RRRYRRBGGBGGG,0.5384615384615384,1,0.6153846153846154
S1_D17_P1,S1_D17,1,9,2,66,output,RYRYYGGGGYGYG,0.5384615384615384,1,0.5384615384615384
S1_D17_P1,S1_D17,1,9,3,67,output,GGYRYGYYRYGYG,0.3076923076923077,2,0.46153846153846156
S1_D17_P1,S1_D17,1,9,4,68,output,RRYGYBYGYRYBY,0.6153846153846154,1,0.5384615384615384
S1_D17_P1,S1_D17,1,9,5,69,output,GYRYYGYGYRYGG,0.6923076923076923,2,0.6153846153846154
S1_D17_P1,S1_D17,1,9,6,70,output,RRBYGYRBYYBYB,0.6923076923076923,1,0.6153846153846154
S1_D17_P1,S1_D17,1,9,7,71,output,GGYRYGBYGBYGY,0.5384615384615384,2,0.46153846153846156
S1_D17_P1,S1_D17,1,9,8,72,output,RRBYBRBYBRBYB,0.6153846153846154,1,0.23076923076923078
S1_D17_P1,S1_D17,1,10,0,,seed,RRBYRYBYGGRBB,,1,0.7692307692307693
S1_D17_P1,S1_D17,1,10,1,73,output,RRBYBRBBYBBGG,0.46153846153846156,1,0.6153846153846154
S1_D17_P1,S1_D17,1,10,2,74,output,GGRYRRYBBBRRG,0.5384615384615384,1,0.7692307692307693
S1_D17_P1,S1_D17,1,10,3,75,output,RRBYBRBBYGYBR,0.6153846153846154,1,0.6153846153846154
S1_D17_P1,S1_D17,1,10,4,76,output,GGYRYGYYBRYGY,0.3076923076923077,2,0.5384615384615384
S1_D17_P1,S1_D17,1,10,5,77,output,RRBYYRBYGYYRB,0.6153846153846154,2,0.46153846153846156
S1_D17_P1,S1_D17,1,10,6,78,output,RRYGYRGYYRYGY,0.6923076923076923,2,0.5384615384615384
S1_D17_P1,S1_D17,1,10,7,79,output,RRBYBBYGYBRRB,0.6153846153846154,1,0.7692307692307693
S1_D17_P1,S1_D17,1,10,8,80,output,RRYGYYYRYYRYR,0.5384615384615384,2,0.5384615384615384
S1_D17_P1,S1_D17,1,11,0,,seed,GGBBGRGRRGGGG,,1,0.6153846153846154
S1_D17_P1,S1_D17,1,11,1,81,output,GGBBGRGRRGRGB,0.8461538461538461,1,0.6153846153846154
S1_D17_P1,S1_D17,1,11,2,82,output,RRBYYBRRBYBRB,0.5384615384615384,1,0.6153846153846154
S1_D17_P1,S1_D17,1,11,3,83,output,GGRGBGRGBGBBG,0.7692307692307692,1,0.46153846153846156
S1_D17_P1,S1_D17,1,11,4,84,output,RRBYRRYBRBBBB,0.6153846153846154,1,0.6153846153846154
S1_D17_P1,S1_D17,1,11,5,85,output,GGRGBGRRRBGGB,0.7692307692307692,1,0.7692307692307693
S1_D17_P1,S1_D17,1,11,6,86,output,RRBYYBRBYBBBB,0.6923076923076923,1,0.5384615384615384
S1_D17_P1,S1_D17,1,11,7,87,output,GGRGBBGBRGBRG,0.5384615384615384,2,0.5384615384615384
S1_D17_P1,S1_D17,1,11,8,88,output,RRBYBBRYBRYBG,0.6153846153846154,2,0.5384615384615384
S1_D17_P1,S1_D17,1,12,0,,seed,GYYRYYGYRBYRG,,1,0.7692307692307693
S1_D17_P1,S1_D17,1,12,1,89,output,GGRGBYGYBRYYG,0.46153846153846156,1,0.7692307692307693
S1_D17_P1,S1_D17,1,12,2,90,output,GGRYGGBYGBYGR,0.3076923076923077,1,0.5384615384615384
S1_D17_P1,S1_D17,1,12,3,91,output,RRBYGYBRYBYGG,0.6153846153846154,1,0.6153846153846154
S1_D17_P1,S1_D17,1,12,4,92,output,GRGYYGGRBYYBB,0.5384615384615384,1,0.7692307692307693
S1_D17_P1,S1_D17,1,12,5,93,output,RRBYBRRBBBGYR,0.3846153846153846,1,0.7692307692307693
S1_D17_P1,S1_D17,1,12,6,94,output,GGYBYYGYRBYGG,0.3846153846153846,1,0.7692307692307693
S1_D17_P1,S1_D17,1,12,7,95,output,RRYGRRGBYGRRR,0.3846153846153846,2,0.5384615384615384
S1_D17_P1,S1_D17,1,12,8,96,output,GGBRBYGGYBRGR,0.5384615384615384,1,0.7692307692307693
S1_D17_P1,S1_D17,1,13,0,,seed,BRRYBGBGRRBYR,,1,0.7692307692307693
S1_D17_P1,S1_D17,1,13,1,97,output,GGBBYGBRBYGBR,0.3076923076923077,2,0.46153846153846156
S1_D17_P1,S1_D17,1,13,2,98,output,BBYRYBBBBBBYB,0.46153846153846156,2,0.46153846153846156
S1_D17_P1,S1_D17,1,13,3,99,output,RRYBYGYBBGYBG,0.46153846153846156,2,0.6153846153846154
S1_D17_P1,S1_D17,1,13,4,100,output,RRBYBBBBBBBBY,0.6923076923076923,2,0.3076923076923077
S1_D17_P1,S1_D17,1,13,5,101,output,RRYGYBYGYYBYG,0.46153846153846156,2,0.46153846153846156
S1_D17_P1,S1_D17,1,13,6,102,output,BBYGYBYGYBRBY,0.3076923076923077,2,0.46153846153846156
S1_D17_P1,S1_D17,1,13,7,103,output,GGYBYRBBYGYBY,0.3846153846153846,2,0.5384615384615384
S1_D17_P1,S1_D17,1,13,8,104,output,BBYGYBYGYYBRR,0.6153846153846154,1,0.5384615384615384
S1_D17_P1,S1_D17,1,14,0,,seed,YBGRGYBYRBGRY,,1,0.6153846153846154
S1_D17_P1,S1_D17,1,14,1,105,output,YYRGRGYBYBRYB,0.6153846153846154,1,0.7692307692307693
S1_D17_P1,S1_D17,1,14,2,106,output,YYBYGGBYGBBYR,0.3846153846153846,2,0.6153846153846154
S1_D17_P1,S1_D17,1,14,3,107,output,GGYRYGYYRYGYB,0.6153846153846154,2,0.46153846153846156
S1_D17_P1,S1_D17,1,14,4,108,output,BBYRYBYGYYBYG,0.3846153846153846,2,0.5384615384615384
S1_D17_P1,S1_D17,1,14,5,109,output,YGYYYGYYBBBBB,0.6923076923076923,1,0.46153846153846156
S1_D17_P1,S1_D17,1,14,6,110,output,YYGYBYGYRRYGB,0.46153846153846156,2,0.6153846153846154
S1_D17_P1,S1_D17,1,14,7,111,output,BYYBYYGYBYBGY,0.5384615384615384,2,0.6153846153846154
S1_D17_P1,S1_D17,1,14,8,112,output,YYYRYBYGGYRBY,0.5384615384615384,1,0.7692307692307693
S1_D17_P1,S1_D17,1,15,0,,seed,GYBBYGYYBGGRR,,1,0.7692307692307693
S1_D17_P1,S1_D17,1,15,1,113,output,GYBYGYRYYGGYB,0.6153846153846154,2,0.7692307692307693
S1_D17_P1,S1_D17,1,15,2,114,output,YRYYBYYRYGGGG,0.5384615384615384,1,0.6153846153846154
S1_D17_P1,S1_D17,1,15,3,115,output,GBGGYBGYRGYBG,0.46153846153846156,2,0.5384615384615384
S1_D17_P1,S1_D17,1,15,4,116,output,YGYYRYYYBYGYY,0.5384615384615384,2,0.6153846153846154
S1_D17_P1,S1_D17,1,15,5,117,output,GGYRYGGBYGGYR,0.3846153846153846,2,0.6153846153846154
S1_D17_P1,S1_D17,1,15,6,118,output,GGYRYGGYRYYGB,0.3846153846153846,1,0.5384615384615384
S1_D17_P1,S1_D17,1,15,7,119,output,GGYRYGGYBYYGY,0.46153846153846156,1,0.7692307692307693
S1_D17_P1,S1_D17,1,15,8,120,output,GGYGGYBYGGYRG,0.5384615384615384,1,0.5384615384615384
S1_D17_P2,S1_D17,2,1,0,,seed,RYGGRYYGGBYGR,,1,0.6153846153846154
S1_D17_P2,S1_D17,2,1,1,1,output,RYGGRYYGGRYRG,0.7692307692307692,2,0.46153846153846156
S1_D17_P2,S1_D17,2,1,2,2,output,RRBYGRBYGYBRB,0.6923076923076923,2,0.5384615384615384
S1_D17_P2,S1_D17,2,1,3,3,output,RYYGRYBRYGRYR,0.6153846153846154,2,0.5384615384615384
S1_D17_P2,S1_D17,2,1,4,4,output,RRBYGYBRRBYGY,0.8461538461538461,1,0.46153846153846156
S1_D17_P2,S1_D17,2,1,5,5,output,RYYGYRBRYYGRG,0.6923076923076923,1,0.6153846153846154
S1_D17_P2,S1_D17,2,1,6,6,output,RRBYGYBRRRBYG,1.0,1,0.5384615384615384
S1_D17_P2,S1_D17,2,1,7,7,output,RRYGYRRRYGYRY,1.0,1,0.46153846153846156
S1_D17_P2,S1_D17,2,1,8,8,output,RRBYGYBRRBYGY,1.0,1,0.46153846153846156
S1_D17_P2,S1_D17,2,2,0,,seed,BBRYRRRRRYBGY,,1,0.5384615384615384
S1_D17_P2,S1_D17,2,2,1,9,output,BYBRRRRRRBYGG,0.6153846153846154,1,0.46153846153846156
S1_D17_P2,S1_D17,2,2,2,10,output,BBYGYBYGGGGGG,0.8461538461538461,1,0.38461538461538464
S1_D17_P2,S1_D17,2,2,3,11,output,BBYGYBBBBYGGG,0.8461538461538461,2,0.6153846153846154
S1_D17_P2,S1_D17,2,2,4,12,output,BBYBBYGGGGGGG,0.8461538461538461,1,0.38461538461538464
S1_D17_P2,S1_D17,2,2,5,13,output,BBYBGYBYGGGGG,0.6923076923076923,1,0.5384615384615384
S1_D17_P2,S1_D17,2,2,6,14,output,BBYBYGYGGGGGG,0.9230769230769231,1,0.46153846153846156
S1_D17_P2,S1_D17,2,2,7,15,output,BBBYGBYGGGGGG,0.8461538461538461,1,0.38461538461538464
S1_D17_P2,S1_D17,2,2,8,16,output,BBBYBBYGGGGGG,1.0,1,0.38461538461538464
S1_D17_P2,S1_D17,2,3,0,,seed,GBYGBBBYRRGGB,,1,0.7692307692307693
S1_D17_P2,S1_D17,2,3,1,17,output,GGBGYBBYYRRBB,0.5384615384615384,1,0.7692307692307693
S1_D17_P2,S1_D17,2,3,2,18,output,YYBYBRGRGRGRG,0.8461538461538461,2,0.38461538461538464
S1_D17_P2,S1_D17,2,3,3,19,output,GGYBBYGBYRRGY,0.6923076923076923,1,0.7692307692307693
S1_D17_P2,S1_D17,2,3,4,20,output,YYBRBYBRGRGRG,1.0,1,0.46153846153846156
S1_D17_P2,S1_D17,2,3,5,21,output,GGYBRBYGRGRGR,0.8461538461538461,1,0.5384615384615384
S1_D17_P2,S1_D17,2,3,6,22,output,YYBRGRGRGRGRG,1.0,2,0.23076923076923078
S1_D17_P2,S1_D17,2,3,7,23,output,GGYBRGRGRGRGR,1.0,2,0.3076923076923077
S1_D17_P2,S1_D17,2,3,8,24,output,YYBRGRGRGRGRG,1.0,2,0.23076923076923078
S1_D17_P2,S1_D17,2,4,0,,seed,RYYBRBRYBBBYY,,1,0.7692307692307693
S1_D17_P2,S1_D17,2,4,1,25,output,RYYBRYBBBYBYB,0.6923076923076923,1,0.6153846153846154
S1_D17_P2,S1_D17,2,4,2,26,output,GYRGBYRYRGRGR,0.6153846153846154,2,0.5384615384615384
S1_D17_P2,S1_D17,2,4,3,27,output,RRBYBYBRBYBYB,0.5384615384615384,2,0.3076923076923077
S1_D17_P2,S1_D17,2,4,4,28,output,YRYBGYRGYGRGB,0.5384615384615384,1,0.7692307692307693
S1_D17_P2,S1_D17,2,4,5,29,output,RRYBRBYYBRYRB,0.6153846153846154,1,0.6153846153846154
S1_D17_P2,S1_D17,2,4,6,30,output,YYRGYBBYYRGYB,0.5384615384615384,1,0.46153846153846156
S1_D17_P2,S1_D17,2,4,7,31,output,YBYYBRYGYBRYR,0.5384615384615384,2,0.5384615384615384
S1_D17_P2,S1_D17,2,4,8,32,output,YYRGYBRGRYGRY,0.6153846153846154,1,0.6153846153846154
S1_D17_P2,S1_D17,2,5,0,,seed,GBBGYGYRRBGYR,,2,0.6153846153846154
S1_D17_P2,S1_D17,2,5,1,33,output,GGYBGYRGYGYGY,0.46153846153846156,1,0.5384615384615384
S1_D17_P2,S1_D17,2,5,2,34,output,BRYYBRBBYRBYB,0.8461538461538461,1,0.7692307692307693
S1_D17_P2,S1_D17,2,5,3,35,output,GYGGRGYRGBRGG,0.6153846153846154,1,0.7692307692307693
S1_D17_P2,S1_D17,2,5,4,36,output,GYRBYBRGYBRYG,0.6153846153846154,1,0.6153846153846154
S1_D17_P2,S1_D17,2,5,5,37,output,GGYRBRYGGYRBG,0.6923076923076923,1,0.5384615384615384
S1_D17_P2,S1_D17,2,5,6,38,output,GYRRRRGYRBYRG,0.6923076923076923,1,0.6153846153846154
S1_D17_P2,S1_D17,2,5,7,39,output,GYRYGBYRGYGYG,0.6923076923076923,1,0.6153846153846154
S1_D17_P2,S1_D17,2,5,8,40,output,GYRRGGBBYBYGG,0.46153846153846156,1,0.7692307692307693
S1_D17_P2,S1_D17,2,6,0,,seed,GBBRGRRRBRBBB,,1,0.7692307692307693
S1_D17_P2,S1_D17,2,6,1,41,output,GBRRGRGRBGBBB,0.7692307692307692,1,0.6153846153846154
S1_D17_P2,S1_D17,2,6,2,42,output,GYRGYGBYGBYRG,0.7692307692307692,1,0.5384615384615384
S1_D17_P2,S1_D17,2,6,3,43,output,GRGBGRGBBBGBB,0.7692307692307692,1,0.5384615384615384
S1_D17_P2,S1_D17,2,6,4,44,output,GRGYBGBRGBYYY,0.46153846153846156,1,0.7692307692307693
S1_D17_P2,S1_D17,2,6,5,45,output,GRGBGRGBYBGYR,0.6923076923076923,1,0.6153846153846154
S1_D17_P2,S1_D17,2,6,6,46,output,GGYRGBYGBYGGG,0.3846153846153846,1,0.5384615384615384
S1_D17_P2,S1_D17,2,6,7,47,output,BGRGGBGYBYBYB,0.7692307692307692,1,0.5384615384615384
S1_D17_P2,S1_D17,2,6,8,48,output,GGYBGYGGBYBGG,0.7692307692307692,1,0.6153846153846154
S1_D17_P2,S1_D17,2,7,0,,seed,YYYYYGBYRYBRY,,1,0.6153846153846154
S1_D17_P2,S1_D17,2,7,1,49,output,YYYYYGBYRBRYY,0.8461538461538461,1,0.6153846153846154
S1_D17_P2,S1_D17,2,7,2,50,output,GGYRRYRGGYGGG,0.6153846153846154,1,0.7692307692307693
S1_D17_P2,S1_D17,2,7,3,51,output,YYYYYYGYBYRYG,1.0,1,0.5384615384615384
S1_D17_P2,S1_D17,2,7,4,52,output,GGYRBGYRBRYBG,0.6923076923076923,1,0.5384615384615384
S1_D17_P2,S1_D17,2,7,5,53,output,YYYYGYRYGYRYG,0.8461538461538461,1,0.38461538461538464
S1_D17_P2,S1_D17,2,7,6,54,output,GGGGYRGYBRYGY,0.8461538461538461,1,0.7692307692307693
S1_D17_P2,S1_D17,2,7,7,55,output,YYYYRYGYRYGYY,0.8461538461538461,1,0.46153846153846156
S1_D17_P2,S1_D17,2,7,8,56,output,GGGYRYGYRYRGG,0.6923076923076923,1,0.5384615384615384
S1_D17_P2,S1_D17,2,8,0,,seed,YGRGRYRGGRBBR,,1,0.7692307692307693
S1_D17_P2,S1_D17,2,8,1,57,output,GYRGRYRGRBBBB,0.6153846153846154,1,0.46153846153846156
S1_D17_P2,S1_D17,2,8,2,58,output,YYYRYGYGYRYYY,0.7692307692307692,1,0.6153846153846154
S1_D17_P2,S1_D17,2,8,3,59,output,GYRYGYGYRYGBB,0.6923076923076923,2,0.5384615384615384
S1_D17_P2,S1_D17,2,8,4,60,output,GGGYRYGYGBBBB,0.6153846153846154,1,0.6153846153846154
S1_D17_P2,S1_D17,2,8,5,61,output,GYRGGYGYGGBBB,0.6923076923076923,1,0.6153846153846154
S1_D17_P2,S1_D17,2,8,6,62,output,GGYRYGGYBBBBB,0.9230769230769231,1,0.5384615384615384
S1_D17_P2,S1_D17,2,8,7,63,output,GGYRYGBYGYYGG,0.8461538461538461,1,0.7692307692307693
S1_D17_P2,S1_D17,2,8,8,64,output,GYRYGGYBBBBBB,0.8461538461538461,1,0.46153846153846156
S1_D17_P2,S1_D17,2,9,0,,seed,RGRYYBBRBGGGB,,0,0.7692307692307693
S1_D17_P2,S1_D17,2,9,1,65,output,RGRYRBYRGGGGG,0.6923076923076923,1,0.5384615384615384
S1_D17_P2,S1_D17,2,9,2,66,output,RRRYRYRBGGGGG,0.8461538461538461,1,0.46153846153846156
S1_D17_P2,S1_D17,2,9,3,67,output,RRYRYBGYGYGYG,0.6923076923076923,1,0.46153846153846156
S1_D17_P2,S1_D17,2,9,4,68,output,GGYRYGGYRYGGG,0.8461538461538461,2,0.38461538461538464
S1_D17_P2,S1_D17,2,9,5,69,output,RRYBYGRBYBYBY,0.6153846153846154,1,0.5384615384615384
S1_D17_P2,S1_D17,2,9,6,70,output,GRYGRYBYGGGGG,0.46153846153846156,1,0.5384615384615384
S1_D17_P2,S1_D17,2,9,7,71,output,RRBYGYBRYBYBY,0.7692307692307692,1,0.6153846153846154
S1_D17_P2,S1_D17,2,9,8,72,output,GGYBRYGYBYYGY,0.6923076923076923,2,0.5384615384615384
S1_D17_P2,S1_D17,2,10,0,,seed,GRBGRRRYRRYRR,,2,0.46153846153846156
S1_D17_P2,S1_D17,2,10,1,73,output,GRBRGRRYRBYRR,0.7692307692307692,1,0.7692307692307693
S1_D17_P2,S1_D17,2,10,2,74,output,RBYBRBBYBYGGG,0.7692307692307692,1,0.6153846153846154
S1_D17_P2,S1_D17,2,10,3,75,output,RRYGYBRYBBBRR,0.5384615384615384,1,0.7692307692307693
S1_D17_P2,S1_D17,2,10,4,76,output,RRBYBRBBYGYBG,0.9230769230769231,1,0.7692307692307693
S1_D17_P2,S1_D17,2,10,5,77,output,RRYGYRBBRYGYY,0.5384615384615384,1,0.5384615384615384
S1_D17_P2,S1_D17,2,10,6,78,output,RRBYRBYYGYYBB,0.7692307692307692,1,0.6153846153846154
S1_D17_P2,S1_D17,2,10,7,79,output,RRYGRYRYGYGGY,0.6153846153846154,2,0.6153846153846154
S1_D17_P2,S1_D17,2,10,8,80,output,RRBYBBRBYGYRB,0.6923076923076923,2,0.6153846153846154
S1_D17_P2,S1_D17,2,11,0,,seed,RRBBBRYRYRRRY,,1,0.6153846153846154
S1_D17_P2,S1_D17,2,11,1,81,output,RRBBRYRYBYRRR,0.6923076923076923,1,0.7692307692307693
S1_D17_P2,S1_D17,2,11,2,82,output,GRGRGBRGRGBBG,0.5384615384615384,2,0.46153846153846156
S1_D17_P2,S1_D17,2,11,3,83,output,RRBYBYBRRYBBR,0.6923076923076923,1,0.6153846153846154
S1_D17_P2,S1_D17,2,11,4,84,output,GGRGBGRGBGRGB,0.7692307692307692,1,0.23076923076923078
S1_D17_P2,S1_D17,2,11,5,85,output,RRBYRRYBRBBBB,1.0,1,0.6153846153846154
S1_D17_P2,S1_D17,2,11,6,86,output,GGGBRRRGBGBBG,0.6153846153846154,1,0.7692307692307693
S1_D17_P2,S1_D17,2,11,7,87,output,RRBYYBRBYBBBB,1.0,1,0.5384615384615384
S1_D17_P2,S1_D17,2,11,8,88,output,RRGRGGBGRGBGB,0.5384615384615384,1,0.6153846153846154
S1_D17_P2,S1_D17,2,12,0,,seed,RBRRYRYRBGRGG,,1,0.6153846153846154
S1_D17_P2,S1_D17,2,12,1,89,output,RRBRYYRYRBRGG,0.7692307692307692,1,0.6153846153846154
S1_D17_P2,S1_D17,2,12,2,90,output,RRGRGYRBBRYGG,0.5384615384615384,1,0.7692307692307693
S1_D17_P2,S1_D17,2,12,3,91,output,GGRYGGYBGGYGB,0.6923076923076923,2,0.6153846153846154
S1_D17_P2,S1_D17,2,12,4,92,output,RRBRGYBRGYGGG,0.6923076923076923,1,0.5384615384615384
S1_D17_P2,S1_D17,2,12,5,93,output,GGYRGGRBYBRBB,0.6923076923076923,1,0.7692307692307693
S1_D17_P2,S1_D17,2,12,6,94,output,RRBRRYBBRRGGG,0.46153846153846156,2,0.6153846153846154
S1_D17_P2,S1_D17,2,12,7,95,output,GYGYYBRYGYBRG,0.5384615384615384,1,0.6153846153846154
S1_D17_P2,S1_D17,2,12,8,96,output,RRYGRRYBRYGRR,0.7692307692307692,2,0.46153846153846156
S1_D17_P2,S1_D17,2,13,0,,seed,BYYBBRRGBYGBB,,1,0.7692307692307693
S1_D17_P2,S1_D17,2,13,1,97,output,BBYBBRGGBRYBG,0.6153846153846154,1,0.7692307692307693
S1_D17_P2,S1_D17,2,13,2,98,output,RYBRYGBRYGBRG,0.6153846153846154,2,0.38461538461538464
S1_D17_P2,S1_D17,2,13,3,99,output,BBYRBYBBBBBBY,0.8461538461538461,1,0.46153846153846156
S1_D17_P2,S1_D17,2,13,4,100,output,BBRYBYGBBGYYY,0.6153846153846154,1,0.7692307692307693
S1_D17_P2,S1_D17,2,13,5,101,output,RYBBBBBBBBBYY,0.7692307692307692,2,0.23076923076923078
S1_D17_P2,S1_D17,2,13,6,102,output,BBRYGYRBYYRYG,0.5384615384615384,1,0.6153846153846154
S1_D17_P2,S1_D17,2,13,7,103,output,BBYBYGYBYGYRY,0.6923076923076923,2,0.46153846153846156
S1_D17_P2,S1_D17,2,13,8,104,output,BBYBYYRBRYBYY,0.5384615384615384,2,0.5384615384615384
S1_D17_P2,S1_D17,2,14,0,,seed,GYRBRGBYGGBBG,,1,0.7692307692307693
S1_D17_P2,S1_D17,2,14,1,105,output,GYRBBRGGGBBGG,0.6923076923076923,1,0.7692307692307693
S1_D17_P2,S1_D17,2,14,2,106,output,GYRGBRGYYRGYB,0.6153846153846154,2,0.6153846153846154
S1_D17_P2,S1_D17,2,14,3,107,output,YYRGYYBYYYRGB,0.3076923076923077,1,0.6153846153846154
S1_D17_P2,S1_D17,2,14,4,108,output,YYGYYGYGYYBBB,0.46153846153846156,2,0.5384615384615384
S1_D17_P2,S1_D17,2,14,5,109,output,YYBYYBRYYYGYB,0.46153846153846156,2,0.7692307692307693
S1_D17_P2,S1_D17,2,14,6,110,output,YYGYYYGYBBBBB,0.8461538461538461,1,0.46153846153846156
S1_D17_P2,S1_D17,2,14,7,111,output,YYGYBYGYYBRGB,0.7692307692307692,1,0.6153846153846154
S1_D17_P2,S1_D17,2,14,8,112,output,YYGYYYBYBGYGY,0.6153846153846154,1,0.6153846153846154
S1_D17_P2,S1_D17,2,15,0,,seed,BYBRBGBRYBGGB,,1,0.7692307692307693
S1_D17_P2,S1_D17,2,15,1,113,output,BBYRYGYRBGGGG,0.46153846153846156,1,0.6153846153846154
S1_D17_P2,S1_D17,2,15,2,114,output,BYGBYRGYGYGBY,0.46153846153846156,2,0.5384615384615384
S1_D17_P2,S1_D17,2,15,3,115,output,YRGYBYYYRYGGG,0.7692307692307692,1,0.7692307692307693
S1_D17_P2,S1_D17,2,15,4,116,output,GYGGYBRYBYGRG,0.5384615384615384,1,0.7692307692307693
S1_D17_P2,S1_D17,2,15,5,117,output,YGYYYBRYYRGYY,0.6153846153846154,2,0.6153846153846154
S1_D17_P2,S1_D17,2,15,6,118,output,GGYGGRGBYGRYG,0.6153846153846154,1,0.7692307692307693
S1_D17_P2,S1_D17,2,15,7,119,output,GYGGYRGYYGYYB,0.5384615384615384,2,0.6153846153846154
S1_D17_P2,S1_D17,2,15,8,120,output,GGGYYRYYBRGYY,0.46153846153846156,2,0.6153846153846154
S1_D18_P1,S1_D18,1,1,0,,seed,GYYRGYBYBBYGR,,1,0.7692307692307693
S1_D18_P1,S1_D18,1,1,1,1,output,GYYRRGYRBBGYY,0.5384615384615384,2,0.7692307692307693
S1_D18_P1,S1_D18,1,1,2,2,output,YGBBBBBYGBRYB,0.5384615384615384,1,0.5384615384615384
S1_D18_P1,S1_D18,1,1,3,3,output,GYYRBGYYBRBYB,0.5384615384615384,1,0.7692307692307693
S1_D18_P1,S1_D18,1,1,4,4,output,YGBBBRYGBGBYY,0.6153846153846154,1,0.7692307692307693
S1_D18_P1,S1_D18,1,1,5,5,output,GYRBBBYGBRGYB,0.7692307692307692,1,0.7692307692307693
S1_D18_P1,S1_D18,1,1,6,6,output,YGBRBBYGRBGGY,0.5384615384615384,1,0.7692307692307693
S1_D18_P1,S1_D18,1,1,7,7,output,GYBRGBRGYYBRG,0.46153846153846156,2,0.46153846153846156
S1_D18_P1,S1_D18,1,1,8,8,output,YGBRGYRRBGBRR,0.5384615384615384,1,0.6153846153846154
S1_D18_P1,S1_D18,1,2,0,,seed,YBRBRYGYYRGBB,,1,0.7692307692307693
S1_D18_P1,S1_D18,1,2,1,9,output,YRBGYRRBYGRBB,0.46153846153846156,1,0.7692307692307693
S1_D18_P1,S1_D18,1,2,2,10,output,BGRBBBGRYBGRB,0.5384615384615384,2,0.6153846153846154
S1_D18_P1,S1_D18,1,2,3,11,output,YRBYRGBYGRRBY,0.5384615384615384,1,0.6153846153846154
S1_D18_P1,S1_D18,1,2,4,12,output,YRGYGRBBGYRBG,0.46153846153846156,1,0.7692307692307693
S1_D18_P1,S1_D18,1,2,5,13,output,YRGYBRGYBRRGY,0.5384615384615384,2,0.38461538461538464
S1_D18_P1,S1_D18,1,2,6,14,output,YRGYRBBYRBGYR,0.6153846153846154,2,0.5384615384615384
S1_D18_P1,S1_D18,1,2,7,15,output,YRGYRGYYBGRBG,0.6923076923076923,1,0.6153846153846154
S1_D18_P1,S1_D18,1,2,8,16,output,YRBYYRGYBGGBR,0.6153846153846154,1,0.7692307692307693
S1_D18_P1,S1_D18,1,3,0,,seed,BYBYGBYBYRBBB,,2,0.6153846153846154
S1_D18_P1,S1_D18,1,3,1,17,output,BYRBBGYBRRYBG,0.5384615384615384,1,0.7692307692307693
S1_D18_P1,S1_D18,1,3,2,18,output,YRGYBRGYBGGRB,0.3846153846153846,1,0.5384615384615384
S1_D18_P1,S1_D18,1,3,3,19,output,BYGRBYRGYYRGY,0.46153846153846156,1,0.5384615384615384
S1_D18_P1,S1_D18,1,3,4,20,output,RYBGRYBRBGGRY,0.6153846153846154,2,0.6153846153846154
S1_D18_P1,S1_D18,1,3,5,21,output,BYGRBYRBYYGRG,0.7692307692307692,2,0.5384615384615384
S1_D18_P1,S1_D18,1,3,6,22,output,RYBGRBYGYBGRY,0.7692307692307692,1,0.5384615384615384
S1_D18_P1,S1_D18,1,3,7,23,output,RBYGRBYGYYGRY,0.6923076923076923,1,0.5384615384615384
S1_D18_P1,S1_D18,1,3,8,24,output,RYBGYBRGRYBRG,0.7692307692307692,2,0.5384615384615384
S1_D18_P1,S1_D18,1,4,0,,seed,BBRYYBBBYGGBR,,1,0.7692307692307693
S1_D18_P1,S1_D18,1,4,1,25,output,BBRYYRBBBYGRB,0.7692307692307692,1,0.7692307692307693
S1_D18_P1,S1_D18,1,4,2,26,output,BRBRGBGRBGRYY,0.6923076923076923,1,0.6153846153846154
S1_D18_P1,S1_D18,1,4,3,27,output,BBRBRYBRGYBRG,0.6153846153846154,2,0.5384615384615384
S1_D18_P1,S1_D18,1,4,4,28,output,GBRGBRGBYGRYY,0.6153846153846154,2,0.5384615384615384
S1_D18_P1,S1_D18,1,4,5,29,output,YRBBYRYRBBYGR,0.46153846153846156,2,0.5384615384615384
S1_D18_P1,S1_D18,1,4,6,30,output,BGRBGRBYYRGYY,0.6923076923076923,1,0.6153846153846154
S1_D18_P1,S1_D18,1,4,7,31,output,YRBGRRYBGYRRB,0.3846153846153846,1,0.7692307692307693
S1_D18_P1,S1_D18,1,4,8,32,output,BGRBGRBGYRBYY,0.8461538461538461,2,0.5384615384615384
S1_D18_P1,S1_D18,1,5,0,,seed,BRYRGBBBGBBYG,,1,0.6153846153846154
S1_D18_P1,S1_D18,1,5,1,33,output,BGRBYBBRGYRBY,0.3846153846153846,1,0.6153846153846154
S1_D18_P1,S1_D18,1,5,2,34,output,BRYRBBRYBRYBG,0.7692307692307692,1,0.5384615384615384
S1_D18_P1,S1_D18,1,5,3,35,output,YRBRYRBRYRBYR,0.7692307692307692,3,0.38461538461538464
S1_D18_P1,S1_D18,1,5,4,36,output,BRYRBBYRBRYRB,0.6923076923076923,2,0.46153846153846156
S1_D18_P1,S1_D18,1,5,5,37,output,YRBRYRBYRBGYR,0.8461538461538461,2,0.6153846153846154
S1_D18_P1,S1_D18,1,5,6,38,output,BRYRBYYRBRYRB,0.7692307692307692,2,0.46153846153846156
S1_D18_P1,S1_D18,1,5,7,39,output,YRBRYRYBRGYYY,0.6923076923076923,1,0.7692307692307693
S1_D18_P1,S1_D18,1,5,8,40,output,BRYRBYYRBYRBB,0.6923076923076923,1,0.5384615384615384
S1_D18_P1,S1_D18,1,6,0,,seed,GRBYBGYGGYRYY,,1,0.7692307692307693
S1_D18_P1,S1_D18,1,6,1,41,output,GYRGYBRGYRYYG,0.5384615384615384,2,0.6153846153846154
S1_D18_P1,S1_D18,1,6,2,42,output,GYGGYGBRGYRBG,0.46153846153846156,2,0.7692307692307693
S1_D18_P1,S1_D18,1,6,3,43,output,YRGYRYGYRGYRG,0.5384615384615384,2,0.46153846153846156
S1_D18_P1,S1_D18,1,6,4,44,output,YRGYRGYRYYBRG,0.8461538461538461,2,0.5384615384615384
S1_D18_P1,S1_D18,1,6,5,45,output,YRGYGRYGRYGRY,0.6923076923076923,1,0.3076923076923077
S1_D18_P1,S1_D18,1,6,6,46,output,YRGYRGYBGRGYB,0.6923076923076923,1,0.46153846153846156
S1_D18_P1,S1_D18,1,6,7,47,output,YRGYRGYBGRYGR,0.5384615384615384,1,0.6153846153846154
S1_D18_P1,S1_D18,1,6,8,48,output,YGRYBGRYBGRYG,0.6153846153846154,2,0.3076923076923077
S1_D18_P1,S1_D18,1,7,0,,seed,BRYBGGYYYRYGG,,1,0.7692307692307693
S1_D18_P1,S1_D18,1,7,1,49,output,BRGYBRYYYRGYR,0.5384615384615384,1,0.6153846153846154
S1_D18_P1,S1_D18,1,7,2,50,output,YYYYBYRBYRYGG,0.6923076923076923,1,0.6153846153846154
S1_D18_P1,S1_D18,1,7,3,51,output,RGRBYYRGBYBBR,0.5384615384615384,1,0.7692307692307693
S1_D18_P1,S1_D18,1,7,4,52,output,YYYYBYRBGRYGG,0.6923076923076923,1,0.7692307692307693
S1_D18_P1,S1_D18,1,7,5,53,output,BGYRBBGYRBGYY,0.46153846153846156,1,0.5384615384615384
S1_D18_P1,S1_D18,1,7,6,54,output,YYYYBYBGRBGGG,0.8461538461538461,1,0.7692307692307693
S1_D18_P1,S1_D18,1,7,7,55,output,YYYBYRBYYBRYY,0.6923076923076923,1,0.6153846153846154
S1_D18_P1,S1_D18,1,7,8,56,output,YYYYBYRBYRGGG,0.7692307692307692,1,0.6153846153846154
S1_D18_P1,S1_D18,1,8,0,,seed,GYBGRRRGGYBRB,,1,0.7692307692307693
S1_D18_P1,S1_D18,1,8,1,57,output,GYRGYBBRGYRBG,0.46153846153846156,2,0.6153846153846154
S1_D18_P1,S1_D18,1,8,2,58,output,BBBBYBYGBYRGB,0.6153846153846154,1,0.7692307692307693
S1_D18_P1,S1_D18,1,8,3,59,output,YYYYYRGRYGRBB,0.6923076923076923,1,0.6153846153846154
S1_D18_P1,S1_D18,1,8,4,60,output,YYYYYRGBRBBBB,0.6923076923076923,1,0.5384615384615384
S1_D18_P1,S1_D18,1,8,5,61,output,YYYYRGYRGYBBB,0.9230769230769231,1,0.5384615384615384
S1_D18_P1,S1_D18,1,8,6,62,output,YYYYYRGYRBBBB,0.7692307692307692,1,0.5384615384615384
S1_D18_P1,S1_D18,1,8,7,63,output,YYYYRGRYGBBBB,0.8461538461538461,1,0.6153846153846154
S1_D18_P1,S1_D18,1,8,8,64,output,YYYYRGYRGBBBB,0.9230769230769231,1,0.5384615384615384
S1_D18_P1,S1_D18,1,9,0,,seed,RBYRBYGBGRBYG,,2,0.5384615384615384
S1_D18_P1,S1_D18,1,9,1,65,output,RBYRBYRBGRBGB,0.7692307692307692,2,0.46153846153846156
S1_D18_P1,S1_D18,1,9,2,66,output,GGGRGBYRBYGRB,0.7692307692307692,1,0.7692307692307693
S1_D18_P1,S1_D18,1,9,3,67,output,RBYRBYRBGYRBY,0.5384615384615384,2,0.38461538461538464
S1_D18_P1,S1_D18,1,9,4,68,output,GYRGYRGYBRGYR,0.5384615384615384,2,0.38461538461538464
S1_D18_P1,S1_D18,1,9,5,69,output,RBYRBRBYGRBYR,0.7692307692307692,2,0.6153846153846154
S1_D18_P1,S1_D18,1,9,6,70,output,GYRGYRGYBRGYR,1.0,2,0.38461538461538464
S1_D18_P1,S1_D18,1,9,7,71,output,RBYRBRGBRGYRB,0.6923076923076923,2,0.5384615384615384
S1_D18_P1,S1_D18,1,9,8,72,output,GYRGYBRGYRGYB,0.7692307692307692,3,0.46153846153846156
S1_D18_P1,S1_D18,1,10,0,,seed,GBBRYYRBRRYRR,,1,0.7692307692307693
S1_D18_P1,S1_D18,1,10,1,73,output,GYRBGYRBGYRRB,0.46153846153846156,2,0.38461538461538464
S1_D18_P1,S1_D18,1,10,2,74,output,GYRGYRRBYBRGR,0.46153846153846156,1,0.7692307692307693
S1_D18_P1,S1_D18,1,10,3,75,output,GYRGYBRGYRBGB,0.6153846153846154,2,0.6153846153846154
S1_D18_P1,S1_D18,1,10,4,76,output,GYRGYBRGBYGRB,0.6923076923076923,1,0.7692307692307693
S1_D18_P1,S1_D18,1,10,5,77,output,YRGYRBYRYGGBB,0.6153846153846154,1,0.7692307692307693
S1_D18_P1,S1_D18,1,10,6,78,output,YRBGRYGRRBYBR,0.3846153846153846,1,0.7692307692307693
S1_D18_P1,S1_D18,1,10,7,79,output,YRGYRGBRGRBGR,0.5384615384615384,1,0.7692307692307693
S1_D18_P1,S1_D18,1,10,8,80,output,YRGYBRGYRGBBB,0.7692307692307692,2,0.6153846153846154
S1_D18_P1,S1_D18,1,11,0,,seed,BBYGRGBRBBYRR,,1,0.7692307692307693
S1_D18_P1,S1_D18,1,11,1,81,output,BYGRGBYGRBYRR,0.6923076923076923,2,0.6153846153846154
S1_D18_P1,S1_D18,1,11,2,82,output,YRBYRRBGRBYGR,0.3846153846153846,1,0.6153846153846154
S1_D18_P1,S1_D18,1,11,3,83,output,BYGRBYGGRBYRB,0.9230769230769231,2,0.5384615384615384
S1_D18_P1,S1_D18,1,11,4,84,output,YRBGRBRRGYRBB,0.5384615384615384,2,0.7692307692307693
S1_D18_P1,S1_D18,1,11,5,85,output,BYGRBYGGRBYGR,0.8461538461538461,2,0.46153846153846156
S1_D18_P1,S1_D18,1,11,6,86,output,RGRBGGRBYRGBR,0.5384615384615384,1,0.6153846153846154
S1_D18_P1,S1_D18,1,11,7,87,output,YGRBYRGBBRGYR,0.6153846153846154,1,0.7692307692307693
S1_D18_P1,S1_D18,1,11,8,88,output,YBRGGYRBGRBYY,0.3076923076923077,1,0.7692307692307693
S1_D18_P1,S1_D18,1,12,0,,seed,RBYRGGRGBBGGB,,1,0.7692307692307693
S1_D18_P1,S1_D18,1,12,1,89,output,RBYRGGBYRGBRY,0.5384615384615384,1,0.5384615384615384
S1_D18_P1,S1_D18,1,12,2,90,output,RBYRGBRGYRBYB,0.46153846153846156,1,0.7692307692307693
S1_D18_P1,S1_D18,1,12,3,91,output,RBYRYBRYGRBGR,0.6153846153846154,1,0.7692307692307693
S1_D18_P1,S1_D18,1,12,4,92,output,RBYRBGRYBRGYR,0.46153846153846156,1,0.7692307692307693
S1_D18_P1,S1_D18,1,12,5,93,output,RBYRYBRGRBYGB,0.8461538461538461,1,0.7692307692307693
S1_D18_P1,S1_D18,1,12,6,94,output,BRYBRYGBRGYRG,0.6923076923076923,2,0.7692307692307693
S1_D18_P1,S1_D18,1,12,7,95,output,RBYRYRGRBGRBY,0.6923076923076923,2,0.6153846153846154
S1_D18_P1,S1_D18,1,12,8,96,output,BRYBRYRBGRBYG,0.6923076923076923,1,0.7692307692307693
S1_D18_P1,S1_D18,1,13,0,,seed,BBGYYBYGRGYYG,,1,0.6153846153846154
S1_D18_P1,S1_D18,1,13,1,97,output,BRGYRBBGRYBGR,0.5384615384615384,1,0.6153846153846154
S1_D18_P1,S1_D18,1,13,2,98,output,GBRGBRYRGBGBB,0.6923076923076923,2,0.6153846153846154
S1_D18_P1,S1_D18,1,13,3,99,output,BGRGBYRGBRGRY,0.3846153846153846,2,0.6153846153846154
S1_D18_P1,S1_D18,1,13,4,100,output,GBRGBRGYRBGYB,0.7692307692307692,1,0.6153846153846154
S1_D18_P1,S1_D18,1,13,5,101,output,YBRGBRGYRBGRB,0.46153846153846156,1,0.6153846153846154
S1_D18_P1,S1_D18,1,13,6,102,output,YRBGRYYBGRBYR,0.3846153846153846,1,0.6153846153846154
S1_D18_P1,S1_D18,1,13,7,103,output,YBRGBYRBGRYBR,0.6153846153846154,1,0.7692307692307693
S1_D18_P1,S1_D18,1,13,8,104,output,YRGBYGYBRGRYB,0.46153846153846156,1,0.7692307692307693
S1_D18_P1,S1_D18,1,14,0,,seed,RGRYGBBBGBGGY,,1,0.7692307692307693
S1_D18_P1,S1_D18,1,14,1,105,output,RYGRYGRYBRGYR,0.46153846153846156,2,0.5384615384615384
S1_D18_P1,S1_D18,1,14,2,106,output,RYBGYRBGRBGRY,0.7692307692307692,2,0.5384615384615384
S1_D18_P1,S1_D18,1,14,3,107,output,RYGRYGRBYGRYG,0.6923076923076923,1,0.38461538461538464
S1_D18_P1,S1_D18,1,14,4,108,output,RYBGYRBGRYBRY,0.8461538461538461,1,0.7692307692307693
S1_D18_P1,S1_D18,1,14,5,109,output,RYGRYGRBGRYBG,0.7692307692307692,2,0.5384615384615384
S1_D18_P1,S1_D18,1,14,6,110,output,RYGRYBRGYRBYG,0.46153846153846156,1,0.7692307692307693
S1_D18_P1,S1_D18,1,14,7,111,output,RYGRYGRBYGRYG,1.0,1,0.38461538461538464
S1_D18_P1,S1_D18,1,14,8,112,output,RYGRYBRGYRGRY,0.8461538461538461,1,0.6153846153846154
S1_D18_P1,S1_D18,1,15,0,,seed,RYRGGRBYRRRYG,,1,0.7692307692307693
S1_D18_P1,S1_D18,1,15,1,113,output,YRGYRBGRYRGYR,0.5384615384615384,2,0.5384615384615384
S1_D18_P1,S1_D18,1,15,2,114,output,RYBRGBBBYRGGG,0.8461538461538461,1,0.7692307692307693
S1_D18_P1,S1_D18,1,15,3,115,output,YRGBYRRBGRYBR,0.5384615384615384,1,0.7692307692307693
S1_D18_P1,S1_D18,1,15,4,116,output,RYBRYBRYBGGGG,0.7692307692307692,1,0.38461538461538464
S1_D18_P1,S1_D18,1,15,5,117,output,YRBGYRBGYBRRR,0.5384615384615384,1,0.5384615384615384
S1_D18_P1,S1_D18,1,15,6,118,output,YRBYRBYRGGGGG,0.6153846153846154,2,0.38461538461538464
S1_D18_P1,S1_D18,1,15,7,119,output,YRBGYRBBGRYRB,0.6153846153846154,1,0.6153846153846154
S1_D18_P1,S1_D18,1,15,8,120,output,YRBYRBYRGGGGG,1.0,2,0.38461538461538464
S1_D18_P2,S1_D18,2,1,0,,seed,BYGBBBBBBYBGG,,1,0.46153846153846156
S1_D18_P2,S1_D18,2,1,1,1,output,BYGBBBBBBYBGG,1.0,1,0.46153846153846156
S1_D18_P2,S1_D18,2,1,2,2,output,GYYRRRBGBYYBY,0.6153846153846154,1,0.7692307692307693
S1_D18_P2,S1_D18,2,1,3,3,output,YGBBBYBRBYGYB,0.6923076923076923,1,0.7692307692307693
S1_D18_P2,S1_D18,2,1,4,4,output,GYRBBBYGYRBGY,0.46153846153846156,2,0.6153846153846154
S1_D18_P2,S1_D18,2,1,5,5,output,YGBBBRBGGBRBG,0.6153846153846154,1,0.5384615384615384
S1_D18_P2,S1_D18,2,1,6,6,output,GYRBBBGYRBGYY,0.6923076923076923,2,0.6153846153846154
S1_D18_P2,S1_D18,2,1,7,7,output,YGBRBBGYGBRRG,0.6153846153846154,1,0.6153846153846154
S1_D18_P2,S1_D18,2,1,8,8,output,GYBRGBRGBRGYR,0.6923076923076923,1,0.38461538461538464
S1_D18_P2,S1_D18,2,2,0,,seed,BGRRYYYYYBBRG,,1,0.5384615384615384
S1_D18_P2,S1_D18,2,2,1,9,output,BGRBYYYYYBRGB,0.7692307692307692,1,0.5384615384615384
S1_D18_P2,S1_D18,2,2,2,10,output,YRBYRRYGBGBBB,0.6153846153846154,1,0.7692307692307693
S1_D18_P2,S1_D18,2,2,3,11,output,BGRBBBGYRYBBG,0.6923076923076923,1,0.6153846153846154
S1_D18_P2,S1_D18,2,2,4,12,output,YRGYRBGRYBBGR,0.46153846153846156,1,0.6153846153846154
S1_D18_P2,S1_D18,2,2,5,13,output,YRGYGRBBGRYGB,0.7692307692307692,1,0.7692307692307693
S1_D18_P2,S1_D18,2,2,6,14,output,YRGYGYYBRGBGG,0.5384615384615384,1,0.7692307692307693
S1_D18_P2,S1_D18,2,2,7,15,output,YRBYRGYRBBGRY,0.5384615384615384,2,0.7692307692307693
S1_D18_P2,S1_D18,2,2,8,16,output,YRGRGYYBGRYGB,0.7692307692307692,1,0.7692307692307693
S1_D18_P2,S1_D18,2,3,0,,seed,GBRYBBBBRGGBB,,1,0.6153846153846154
S1_D18_P2,S1_D18,2,3,1,17,output,GBYRGBYRBBBGR,0.3846153846153846,1,0.6153846153846154
S1_D18_P2,S1_D18,2,3,2,18,output,BRYBRYBBYRGRY,0.3846153846153846,1,0.6153846153846154
S1_D18_P2,S1_D18,2,3,3,19,output,YRGYBRGYBGGRY,0.9230769230769231,1,0.5384615384615384
S1_D18_P2,S1_D18,2,3,4,20,output,BYGRBYRGYYRGR,0.9230769230769231,1,0.6153846153846154
S1_D18_P2,S1_D18,2,3,5,21,output,RYBGRYBRYBGRY,0.8461538461538461,3,0.46153846153846156
S1_D18_P2,S1_D18,2,3,6,22,output,BYGRBYGRYYRYG,0.6923076923076923,1,0.6153846153846154
S1_D18_P2,S1_D18,2,3,7,23,output,RYBGYBRGYBGRY,0.8461538461538461,2,0.6153846153846154
S1_D18_P2,S1_D18,2,3,8,24,output,RBYGRBGYRYYYB,0.6153846153846154,1,0.7692307692307693
S1_D18_P2,S1_D18,2,4,0,,seed,BRBRRGRBGRGYY,,1,0.7692307692307693
S1_D18_P2,S1_D18,2,4,1,25,output,BRBRGRBRGRRYY,0.7692307692307692,2,0.46153846153846156
S1_D18_P2,S1_D18,2,4,2,26,output,BBRBBYBBRYGRY,0.6153846153846154,2,0.7692307692307693
S1_D18_P2,S1_D18,2,4,3,27,output,BGBGRBGRYGRYY,0.6923076923076923,2,0.5384615384615384
S1_D18_P2,S1_D18,2,4,4,28,output,BRBRYBBRYBBRG,0.6923076923076923,2,0.38461538461538464
S1_D18_P2,S1_D18,2,4,5,29,output,GBGBRGBYYRGYY,0.7692307692307692,1,0.7692307692307693
S1_D18_P2,S1_D18,2,4,6,30,output,YYRBBYRRYYBBG,0.6153846153846154,1,0.7692307692307693
S1_D18_P2,S1_D18,2,4,7,31,output,BGRBGRBYYRGYY,1.0,1,0.6153846153846154
S1_D18_P2,S1_D18,2,4,8,32,output,YRBRYRBGRYYBB,0.5384615384615384,1,0.7692307692307693
S1_D18_P2,S1_D18,2,5,0,,seed,RRBBRGBRGYBRG,,1,0.5384615384615384
S1_D18_P2,S1_D18,2,5,1,33,output,BRYRBBRYYRBRG,0.5384615384615384,1,0.6153846153846154
S1_D18_P2,S1_D18,2,5,2,34,output,YRBRYRBGRYYBY,0.46153846153846156,1,0.7692307692307693
S1_D18_P2,S1_D18,2,5,3,35,output,BRYRBRYBBRYBG,0.8461538461538461,2,0.5384615384615384
S1_D18_P2,S1_D18,2,5,4,36,output,YRBRYRBRYRBYR,1.0,3,0.38461538461538464
S1_D18_P2,S1_D18,2,5,5,37,output,BRYRBBYRBRYYR,0.8461538461538461,2,0.6153846153846154
S1_D18_P2,S1_D18,2,5,6,38,output,YRBRYRBYGBRYY,0.7692307692307692,1,0.6153846153846154
S1_D18_P2,S1_D18,2,5,7,39,output,BRYRBRYYRRYYB,0.7692307692307692,1,0.6153846153846154
S1_D18_P2,S1_D18,2,5,8,40,output,YRBRYRYBRYGYY,0.8461538461538461,1,0.6153846153846154
S1_D18_P2,S1_D18,2,6,0,,seed,BGGBGYBBGGBRB,,2,0.6153846153846154
S1_D18_P2,S1_D18,2,6,1,41,output,BGGYGGBBRYBBB,0.6153846153846154,1,0.7692307692307693
S1_D18_P2,S1_D18,2,6,2,42,output,YRYRGYGYYBGGG,0.46153846153846156,1,0.7692307692307693
S1_D18_P2,S1_D18,2,6,3,43,output,YRGYRGYRYRYBG,0.5384615384615384,2,0.46153846153846156
S1_D18_P2,S1_D18,2,6,4,44,output,YRGYGRGYRGYGY,0.6923076923076923,2,0.46153846153846156
S1_D18_P2,S1_D18,2,6,5,45,output,YRGYRGYYBRGGG,0.6923076923076923,1,0.6153846153846154
S1_D18_P2,S1_D18,2,6,6,46,output,YRGRYGRYRYGRY,0.8461538461538461,1,0.38461538461538464
S1_D18_P2,S1_D18,2,6,7,47,output,YRGYBGRYGRRYY,0.6153846153846154,1,0.7692307692307693
S1_D18_P2,S1_D18,2,6,8,48,output,YRGYBGRYRGYBB,0.5384615384615384,1,0.5384615384615384
S1_D18_P2,S1_D18,2,7,0,,seed,YYYYBYBRRRBRG,,1,0.7692307692307693
S1_D18_P2,S1_D18,2,7,1,49,output,YYYYBYBRRRBGG,0.9230769230769231,1,0.7692307692307693
S1_D18_P2,S1_D18,2,7,2,50,output,RGBRGBYYYGYYR,0.5384615384615384,1,0.7692307692307693
S1_D18_P2,S1_D18,2,7,3,51,output,YYYYBYBRGYRGG,0.7692307692307692,1,0.7692307692307693
S1_D18_P2,S1_D18,2,7,4,52,output,RGRBYYRGBYYBY,0.8461538461538461,2,0.6153846153846154
S1_D18_P2,S1_D18,2,7,5,53,output,YYYYBYBGYGGGG,0.6923076923076923,1,0.6153846153846154
S1_D18_P2,S1_D18,2,7,6,54,output,YYYBYRYBGRYYY,0.3846153846153846,1,0.7692307692307693
S1_D18_P2,S1_D18,2,7,7,55,output,YYYYBYBRYBGGG,0.8461538461538461,1,0.7692307692307693
S1_D18_P2,S1_D18,2,7,8,56,output,YYYYBYBRRBYYY,0.6153846153846154,1,0.6153846153846154
S1_D18_P2,S1_D18,2,8,0,,seed,BBYBBGYGYBBGB,,1,0.5384615384615384
S1_D18_P2,S1_D18,2,8,1,57,output,BBBYBBGBBYBBB,0.6923076923076923,2,0.46153846153846156
S1_D18_P2,S1_D18,2,8,2,58,output,YYYYYRGGRYBBR,0.3076923076923077,1,0.6153846153846154
S1_D18_P2,S1_D18,2,8,3,59,output,YYYYBRGBYRGBB,0.5384615384615384,1,0.6153846153846154
S1_D18_P2,S1_D18,2,8,4,60,output,YYYYRGYRGBBBB,0.6153846153846154,1,0.5384615384615384
S1_D18_P2,S1_D18,2,8,5,61,output,YYYYRGRYRYBBB,0.6923076923076923,1,0.7692307692307693
S1_D18_P2,S1_D18,2,8,6,62,output,YYYYRGYRGBBBB,0.9230769230769231,1,0.5384615384615384
S1_D18_P2,S1_D18,2,8,7,63,output,YYYYRGYRRBBBB,0.8461538461538461,1,0.6153846153846154
S1_D18_P2,S1_D18,2,8,8,64,output,YYYYRGRYGBBBB,1.0,1,0.6153846153846154
S1_D18_P2,S1_D18,2,9,0,,seed,GGGRGBRGYGRBG,,1,0.7692307692307693
S1_D18_P2,S1_D18,2,9,1,65,output,GGGRGBRGYGRBG,1.0,1,0.7692307692307693
S1_D18_P2,S1_D18,2,9,2,66,output,RBYRBYGRYBRGB,0.6923076923076923,1,0.7692307692307693
S1_D18_P2,S1_D18,2,9,3,67,output,GGGRGBYRGBRYY,0.6153846153846154,1,0.6153846153846154
S1_D18_P2,S1_D18,2,9,4,68,output,RBYRBRBGYRBYY,0.8461538461538461,2,0.6153846153846154
S1_D18_P2,S1_D18,2,9,5,69,output,GYRGYRGYBRGYR,1.0,2,0.38461538461538464
S1_D18_P2,S1_D18,2,9,6,70,output,RBYRBRBYRBGYR,0.8461538461538461,2,0.5384615384615384
S1_D18_P2,S1_D18,2,9,7,71,output,GYRGYRGYBRGYR,1.0,2,0.38461538461538464
S1_D18_P2,S1_D18,2,9,8,72,output,RBYRBYRBGYRGB,0.6923076923076923,2,0.5384615384615384
S1_D18_P2,S1_D18,2,10,0,,seed,GRYGGBRBRGRRY,,1,0.7692307692307693
S1_D18_P2,S1_D18,2,10,1,73,output,GRYGBRGBGRRYR,0.6923076923076923,1,0.7692307692307693
S1_D18_P2,S1_D18,2,10,2,74,output,GYRBGYRBGYRRB,1.0,2,0.38461538461538464
S1_D18_P2,S1_D18,2,10,3,75,output,GYRGYBRGYRGGR,0.6923076923076923,2,0.6153846153846154
S1_D18_P2,S1_D18,2,10,4,76,output,GYRGBRGYRRGBB,0.7692307692307692,2,0.6153846153846154
S1_D18_P2,S1_D18,2,10,5,77,output,GYRGYRGBYRGRR,0.7692307692307692,1,0.5384615384615384
S1_D18_P2,S1_D18,2,10,6,78,output,YRGYRBGGYRGBB,0.7692307692307692,2,0.6153846153846154
S1_D18_P2,S1_D18,2,10,7,79,output,YRGYBRRYYRGBB,0.46153846153846156,1,0.7692307692307693
S1_D18_P2,S1_D18,2,10,8,80,output,YRGYRGYBGRYGR,0.7692307692307692,1,0.6153846153846154
S1_D18_P2,S1_D18,2,11,0,,seed,YBRYYGYBRRRBR,,1,0.7692307692307693
S1_D18_P2,S1_D18,2,11,1,81,output,YBRYBRYYRRRBR,0.7692307692307692,1,0.6153846153846154
S1_D18_P2,S1_D18,2,11,2,82,output,BYGRBYGGRBYRR,0.8461538461538461,2,0.5384615384615384
S1_D18_P2,S1_D18,2,11,3,83,output,YRBYRBYGRBYRR,0.7692307692307692,2,0.46153846153846156
S1_D18_P2,S1_D18,2,11,4,84,output,BYGRBYGGRBYRB,1.0,2,0.5384615384615384
S1_D18_P2,S1_D18,2,11,5,85,output,RGBGRGRRGYRBB,0.7692307692307692,1,0.7692307692307693
S1_D18_P2,S1_D18,2,11,6,86,output,BYGRBYGGRBGRR,0.8461538461538461,1,0.6153846153846154
S1_D18_P2,S1_D18,2,11,7,87,output,RGRYBYGGBYGRG,0.5384615384615384,1,0.6153846153846154
S1_D18_P2,S1_D18,2,11,8,88,output,YGRYRGBBGRRBY,0.6153846153846154,1,0.7692307692307693
S1_D18_P2,S1_D18,2,12,0,,seed,GGYBYBYGRBYRY,,1,0.6153846153846154
S1_D18_P2,S1_D18,2,12,1,89,output,RGRYRBYGRBYRY,0.6923076923076923,1,0.6153846153846154
S1_D18_P2,S1_D18,2,12,2,90,output,RBYRYRBYGRGBY,0.6923076923076923,1,0.7692307692307693
S1_D18_P2,S1_D18,2,12,3,91,output,RYBYRGRGRBYBB,0.6923076923076923,1,0.6153846153846154
S1_D18_P2,S1_D18,2,12,4,92,output,RBYRYBRBGRYGB,0.7692307692307692,1,0.7692307692307693
S1_D18_P2,S1_D18,2,12,5,93,output,BRYBRGYGRYRGG,0.3846153846153846,1,0.7692307692307693
S1_D18_P2,S1_D18,2,12,6,94,output,RBYRYRGYBYGBB,0.7692307692307692,1,0.7692307692307693
S1_D18_P2,S1_D18,2,12,7,95,output,BRYBRYGBRGYRG,1.0,2,0.7692307692307693
S1_D18_P2,S1_D18,2,12,8,96,output,RBYRYRGBRGRBY,0.8461538461538461,1,0.7692307692307693
S1_D18_P2,S1_D18,2,13,0,,seed,GBGRBRBGBBGBB,,2,0.5384615384615384
S1_D18_P2,S1_D18,2,13,1,97,output,GBGRBRGBGBGBB,0.8461538461538461,2,0.5384615384615384
S1_D18_P2,S1_D18,2,13,2,98,output,BRGRYBGRYRRBB,0.5384615384615384,1,0.6153846153846154
S1_D18_P2,S1_D18,2,13,3,99,output,GBRGBRGYGRGBB,0.7692307692307692,2,0.5384615384615384
S1_D18_P2,S1_D18,2,13,4,100,output,BGRGBYRGBGRGY,0.8461538461538461,2,0.5384615384615384
S1_D18_P2,S1_D18,2,13,5,101,output,GBRGBRGYGRGYB,0.8461538461538461,1,0.5384615384615384
S1_D18_P2,S1_D18,2,13,6,102,output,YBRGBRGBRYGRB,0.8461538461538461,2,0.46153846153846156
S1_D18_P2,S1_D18,2,13,7,103,output,RYRGYRGYGRGBG,0.3846153846153846,1,0.5384615384615384
S1_D18_P2,S1_D18,2,13,8,104,output,YBRGBYRBGRYBG,0.9230769230769231,1,0.7692307692307693
S1_D18_P2,S1_D18,2,14,0,,seed,RYBRYRGBBYBRR,,1,0.6153846153846154
S1_D18_P2,S1_D18,2,14,1,105,output,RYBGYBGBRYGRY,0.6153846153846154,1,0.6153846153846154
S1_D18_P2,S1_D18,2,14,2,106,output,RYGRYGRYBYRGR,0.8461538461538461,2,0.5384615384615384
S1_D18_P2,S1_D18,2,14,3,107,output,RYBGYBGRYBGRY,0.8461538461538461,2,0.38461538461538464
S1_D18_P2,S1_D18,2,14,4,108,output,RYGRYGRBRYGRG,0.8461538461538461,2,0.46153846153846156
S1_D18_P2,S1_D18,2,14,5,109,output,RYBGYRBGRGRYY,0.7692307692307692,1,0.7692307692307693
S1_D18_P2,S1_D18,2,14,6,110,output,RYGRYGRBYGRYG,0.8461538461538461,1,0.38461538461538464
S1_D18_P2,S1_D18,2,14,7,111,output,RYGRYBRGYRBRG,0.9230769230769231,1,0.6153846153846154
S1_D18_P2,S1_D18,2,14,8,112,output,RYGRYGRBYGRYG,1.0,1,0.38461538461538464
S1_D18_P2,S1_D18,2,15,0,,seed,RYYGBRRBYBRRG,,1,0.6153846153846154
S1_D18_P2,S1_D18,2,15,1,113,output,RYGRRBBBYRGGG,0.5384615384615384,0,0.7692307692307693
S1_D18_P2,S1_D18,2,15,2,114,output,YRGYBGRYRGGRR,0.7692307692307692,1,0.7692307692307693
S1_D18_P2,S1_D18,2,15,3,115,output,RYBRYBRBYRGGG,0.8461538461538461,1,0.6153846153846154
S1_D18_P2,S1_D18,2,15,4,116,output,YRGBYRGBYRGRR,0.6923076923076923,2,0.38461538461538464
S1_D18_P2,S1_D18,2,15,5,117,output,YBRYBRYBGGGGG,0.8461538461538461,2,0.38461538461538464
S1_D18_P2,S1_D18,2,15,6,118,output,YRBGYRBGYBRRR,1.0,1,0.5384615384615384
S1_D18_P2,S1_D18,2,15,7,119,output,YRBYRBYRGGGGG,1.0,2,0.38461538461538464
S1_D18_P2,S1_D18,2,15,8,120,output,YRBGRBYRGRYRB,0.7692307692307692,1,0.7692307692307693
S1_D19_P1,S1_D19,1,1,0,,seed,BBGGBGGYRYRRY,,1,0.6153846153846154
S1_D19_P1,S1_D19,1,1,1,1,output,BBGGBBBBYYRRY,0.6923076923076923,1,0.6153846153846154
S1_D19_P1,S1_D19,1,1,2,2,output,RYYRYGRBGGGGG,0.6923076923076923,1,0.5384615384615384
S1_D19_P1,S1_D19,1,1,3,3,output,BBGGBBBBRYRBB,0.8461538461538461,1,0.6153846153846154
S1_D19_P1,S1_D19,1,1,4,4,output,RYYRRBYBGGGGG,0.6153846153846154,1,0.5384615384615384
S1_D19_P1,S1_D19,1,1,5,5,output,BBGGBBBBYRBBB,0.7692307692307692,1,0.5384615384615384
S1_D19_P1,S1_D19,1,1,6,6,output,RRYYBYYBGGGGG,0.6923076923076923,1,0.46153846153846156
S1_D19_P1,S1_D19,1,1,7,7,output,BBGGBBBBYRBBB,1.0,1,0.5384615384615384
S1_D19_P1,S1_D19,1,1,8,8,output,RRYYBYBYBGGGG,1.0,1,0.46153846153846156
S1_D19_P1,S1_D19,1,2,0,,seed,GGBRRGRRBRRBR,,2,0.5384615384615384
S1_D19_P1,S1_D19,1,2,1,9,output,GBRBRBRBRRRRR,0.5384615384615384,2,0.23076923076923078
S1_D19_P1,S1_D19,1,2,2,10,output,RBGYYGBRYYGGG,0.6923076923076923,1,0.6153846153846154
S1_D19_P1,S1_D19,1,2,3,11,output,GBRBRBRRRRRRR,0.9230769230769231,1,0.23076923076923078
S1_D19_P1,S1_D19,1,2,4,12,output,RBGYYGBRYYGGG,1.0,1,0.6153846153846154
S1_D19_P1,S1_D19,1,2,5,13,output,GBRBRBRRRRRRR,1.0,1,0.23076923076923078
S1_D19_P1,S1_D19,1,2,6,14,output,RBGYYGBRYYGGG,1.0,1,0.6153846153846154
S1_D19_P1,S1_D19,1,2,7,15,output,BRBRBRRRRRRRR,1.0,1,0.23076923076923078
S1_D19_P1,S1_D19,1,2,8,16,output,RBGYYGBRYYGGG,1.0,1,0.6153846153846154
S1_D19_P1,S1_D19,1,3,0,,seed,RRYYYRYYRBGBY,,1,0.6153846153846154
S1_D19_P1,S1_D19,1,3,1,17,output,RRYYRRYYYBYRB,0.6153846153846154,1,0.6153846153846154
S1_D19_P1,S1_D19,1,3,2,18,output,BGYBRYRYRYRYY,0.6153846153846154,2,0.38461538461538464
S1_D19_P1,S1_D19,1,3,3,19,output,RRYYRRYYYBRYB,1.0,1,0.6153846153846154
S1_D19_P1,S1_D19,1,3,4,20,output,BGYBRYRYRYRRY,0.7692307692307692,1,0.46153846153846156
S1_D19_P1,S1_D19,1,3,5,21,output,RRYYRRYYYBRYB,1.0,1,0.6153846153846154
S1_D19_P1,S1_D19,1,3,6,22,output,BGYBRYRYRRYRR,0.8461538461538461,2,0.46153846153846156
S1_D19_P1,S1_D19,1,3,7,23,output,RRYYRRYYBRYBB,0.8461538461538461,1,0.6153846153846154
S1_D19_P1,S1_D19,1,3,8,24,output,BGYBRYRRYRYRR,0.8461538461538461,1,0.5384615384615384
S1_D19_P1,S1_D19,1,4,0,,seed,BYRGGRRYRYYGY,,1,0.7692307692307693
S1_D19_P1,S1_D19,1,4,1,25,output,BYRGGBYRGRGRG,0.5384615384615384,1,0.46153846153846156
S1_D19_P1,S1_D19,1,4,2,26,output,YYYGBRYGRYGRG,0.46153846153846156,2,0.5384615384615384
S1_D19_P1,S1_D19,1,4,3,27,output,BYRGGBYRGRGRG,1.0,1,0.46153846153846156
S1_D19_P1,S1_D19,1,4,4,28,output,YYYBRGBRYYYYY,0.5384615384615384,2,0.5384615384615384
S1_D19_P1,S1_D19,1,4,5,29,output,GBYGGBYRRGRGR,0.6923076923076923,1,0.6153846153846154
S1_D19_P1,S1_D19,1,4,6,30,output,YYYBRGBRGYYYY,1.0,1,0.5384615384615384
S1_D19_P1,S1_D19,1,4,7,31,output,GGGBYGBRBRGRG,0.6153846153846154,1,0.7692307692307693
S1_D19_P1,S1_D19,1,4,8,32,output,YYYBRGBRGYYYY,1.0,1,0.5384615384615384
S1_D19_P1,S1_D19,1,5,0,,seed,RBYYGBYYGYBRB,,1,0.5384615384615384
S1_D19_P1,S1_D19,1,5,1,33,output,RBYGBGYYYYYRR,0.6153846153846154,1,0.5384615384615384
S1_D19_P1,S1_D19,1,5,2,34,output,BBGBRYYRGGBBB,0.9230769230769231,1,0.7692307692307693
S1_D19_P1,S1_D19,1,5,3,35,output,RBYGRBYYYYRBR,1.0,2,0.6153846153846154
S1_D19_P1,S1_D19,1,5,4,36,output,BBGBRYYRGBGBB,0.9230769230769231,1,0.6153846153846154
S1_D19_P1,S1_D19,1,5,5,37,output,RBYGRBYYYRBGB,0.8461538461538461,2,0.7692307692307693
S1_D19_P1,S1_D19,1,5,6,38,output,BBGBRYYRGBGBB,0.8461538461538461,1,0.6153846153846154
S1_D19_P1,S1_D19,1,5,7,39,output,RBYGRBYYYRBGB,0.9230769230769231,2,0.7692307692307693
S1_D19_P1,S1_D19,1,5,8,40,output,BBGBRYYRBGBGB,0.8461538461538461,1,0.6153846153846154
S1_D19_P1,S1_D19,1,6,0,,seed,GRGGGGRBGYYGG,,1,0.6153846153846154
S1_D19_P1,S1_D19,1,6,1,41,output,GRGGGGGGBGYGG,0.7692307692307692,1,0.46153846153846156
S1_D19_P1,S1_D19,1,6,2,42,output,GBBBGYBGGRGYG,0.7692307692307692,1,0.7692307692307693
S1_D19_P1,S1_D19,1,6,3,43,output,GBGGGGGGBYGGG,0.8461538461538461,1,0.38461538461538464
S1_D19_P1,S1_D19,1,6,4,44,output,GBBGYBGRBGGGG,0.6923076923076923,1,0.6153846153846154
S1_D19_P1,S1_D19,1,6,5,45,output,GBGGGGGGBYGGG,1.0,1,0.38461538461538464
S1_D19_P1,S1_D19,1,6,6,46,output,GBBGBYRGGGGGG,0.8461538461538461,1,0.46153846153846156
S1_D19_P1,S1_D19,1,6,7,47,output,BGGGGGGBYGGGG,0.8461538461538461,2,0.3076923076923077
S1_D19_P1,S1_D19,1,6,8,48,output,GBBGBRGBGGGGG,1.0,1,0.5384615384615384
S1_D19_P1,S1_D19,1,7,0,,seed,YBBBGGYBBBYBG,,2,0.6153846153846154
S1_D19_P1,S1_D19,1,7,1,49,output,YBBBGYYGYBGYB,0.6153846153846154,2,0.6153846153846154
S1_D19_P1,S1_D19,1,7,2,50,output,BBBYBRYBRGBBB,0.6153846153846154,1,0.6153846153846154
S1_D19_P1,S1_D19,1,7,3,51,output,YBBBGYBGBGBBB,0.6153846153846154,1,0.6153846153846154
S1_D19_P1,S1_D19,1,7,4,52,output,YBBBRYBGGYGYB,0.6923076923076923,1,0.7692307692307693
S1_D19_P1,S1_D19,1,7,5,53,output,YBBBGYBGGBBGB,0.8461538461538461,1,0.6153846153846154
S1_D19_P1,S1_D19,1,7,6,54,output,YBBBRYBGGYRBB,0.7692307692307692,1,0.7692307692307693
S1_D19_P1,S1_D19,1,7,7,55,output,YBBBGBBBBGGBG,0.6153846153846154,1,0.5384615384615384
S1_D19_P1,S1_D19,1,7,8,56,output,YBBBBGBRGYYYY,0.5384615384615384,1,0.5384615384615384
S1_D19_P1,S1_D19,1,8,0,,seed,BBBGGBBBBBGYR,,2,0.5384615384615384
S1_D19_P1,S1_D19,1,8,1,57,output,BBBGBBBBBBGYR,0.9230769230769231,2,0.46153846153846156
S1_D19_P1,S1_D19,1,8,2,58,output,BBRBBBGYBRRBB,0.6153846153846154,2,0.6153846153846154
S1_D19_P1,S1_D19,1,8,3,59,output,BBBGBBBBBBRGY,0.8461538461538461,1,0.46153846153846156
S1_D19_P1,S1_D19,1,8,4,60,output,BBBRBBBBGYRBR,0.6153846153846154,1,0.6153846153846154
S1_D19_P1,S1_D19,1,8,5,61,output,GBBBGBBBBBBGG,0.9230769230769231,1,0.46153846153846156
S1_D19_P1,S1_D19,1,8,6,62,output,RBBRBBBBRGBRR,0.6923076923076923,1,0.6153846153846154
S1_D19_P1,S1_D19,1,8,7,63,output,GBBBGBBBBBGGB,0.8461538461538461,2,0.5384615384615384
S1_D19_P1,S1_D19,1,8,8,64,output,RBBRBBBRRRRGR,0.7692307692307692,1,0.5384615384615384
S1_D19_P1,S1_D19,1,9,0,,seed,GGRBBBYYBRBRR,,1,0.7692307692307693
S1_D19_P1,S1_D19,1,9,1,65,output,GGRRBBGRBYGRR,0.6153846153846154,2,0.6153846153846154
S1_D19_P1,S1_D19,1,9,2,66,output,RBYBRGGYRGBRR,0.8461538461538461,1,0.7692307692307693
S1_D19_P1,S1_D19,1,9,3,67,output,GGBBBBRGRRRRR,0.5384615384615384,1,0.46153846153846156
S1_D19_P1,S1_D19,1,9,4,68,output,RBYBRGGYRGYBB,0.8461538461538461,1,0.7692307692307693
S1_D19_P1,S1_D19,1,9,5,69,output,GGBBBBGBGRRRR,0.8461538461538461,1,0.5384615384615384
S1_D19_P1,S1_D19,1,9,6,70,output,RYBRRBGRGYBBB,0.6153846153846154,1,0.7692307692307693
S1_D19_P1,S1_D19,1,9,7,71,output,GGBBBBGBRBGBR,0.7692307692307692,1,0.46153846153846156
S1_D19_P1,S1_D19,1,9,8,72,output,RYBYRGRGRGYBB,0.8461538461538461,1,0.5384615384615384
S1_D19_P1,S1_D19,1,10,0,,seed,GYGRRGBBBGBRR,,1,0.7692307692307693
S1_D19_P1,S1_D19,1,10,1,73,output,GYGYBGBBBGRYR,0.6923076923076923,1,0.7692307692307693
S1_D19_P1,S1_D19,1,10,2,74,output,BGGYYBGGYYBBB,0.7692307692307692,1,0.46153846153846156
S1_D19_P1,S1_D19,1,10,3,75,output,BGYGYGBBBBBBB,0.6923076923076923,1,0.3076923076923077
S1_D19_P1,S1_D19,1,10,4,76,output,BGGYYBGYBGYBB,0.6923076923076923,2,0.46153846153846156
S1_D19_P1,S1_D19,1,10,5,77,output,BGYGYBBBGBBBB,0.8461538461538461,1,0.6153846153846154
S1_D19_P1,S1_D19,1,10,6,78,output,BGYYYBGYBGBBB,0.8461538461538461,2,0.6153846153846154
S1_D19_P1,S1_D19,1,10,7,79,output,BGYGBBGBBBBBB,0.8461538461538461,1,0.46153846153846156
S1_D19_P1,S1_D19,1,10,8,80,output,BGYYBBGYBGBBB,0.8461538461538461,2,0.7692307692307693
S1_D19_P1,S1_D19,1,11,0,,seed,BYBYGYYBGRGBB,,1,0.7692307692307693
S1_D19_P1,S1_D19,1,11,1,81,output,BGBYYBGBRRRRR,0.3846153846153846,1,0.5384615384615384
S1_D19_P1,S1_D19,1,11,2,82,output,BYGYGYRYRYRYB,0.6923076923076923,1,0.38461538461538464
S1_D19_P1,S1_D19,1,11,3,83,output,BGYBYBGYBRBBB,0.6923076923076923,2,0.6153846153846154
S1_D19_P1,S1_D19,1,11,4,84,output,BGYGRYRYRYBGY,0.8461538461538461,1,0.5384615384615384
S1_D19_P1,S1_D19,1,11,5,85,output,BGYBRGYRBBBBB,0.7692307692307692,1,0.5384615384615384
S1_D19_P1,S1_D19,1,11,6,86,output,BGYRBGYRRYBBB,0.6153846153846154,1,0.6153846153846154
S1_D19_P1,S1_D19,1,11,7,87,output,BGYRGRGYRGBBB,0.6923076923076923,2,0.5384615384615384
S1_D19_P1,S1_D19,1,11,8,88,output,BGYBBGYRGRRRR,0.6153846153846154,1,0.6153846153846154
S1_D19_P1,S1_D19,1,12,0,,seed,GBGYGRYBBGYBB,,1,0.6153846153846154
S1_D19_P1,S1_D19,1,12,1,89,output,GBGYGRYBBGYBB,1.0,1,0.6153846153846154
S1_D19_P1,S1_D19,1,12,2,90,output,RYRRGBBGGRBGR,0.6153846153846154,1,0.7692307692307693
S1_D19_P1,S1_D19,1,12,3,91,output,GYGYGRYGGBRGB,0.6923076923076923,1,0.7692307692307693
S1_D19_P1,S1_D19,1,12,4,92,output,RYRRGBGBGGRYR,0.8461538461538461,1,0.6153846153846154
S1_D19_P1,S1_D19,1,12,5,93,output,GYGGGRGGBYRYR,0.6923076923076923,1,0.7692307692307693
S1_D19_P1,S1_D19,1,12,6,94,output,RYRRGBGBRYGGG,0.6923076923076923,1,0.7692307692307693
S1_D19_P1,S1_D19,1,12,7,95,output,GYGGGRGGRBYRB,0.7692307692307692,1,0.6153846153846154
S1_D19_P1,S1_D19,1,12,8,96,output,RYRRGBGGRYGRY,0.6923076923076923,2,0.6153846153846154
S1_D19_P1,S1_D19,1,13,0,,seed,GGGRYYYRYBBBG,,1,0.7692307692307693
S1_D19_P1,S1_D19,1,13,1,97,output,GGGYRRRYGBGBB,0.5384615384615384,1,0.7692307692307693
S1_D19_P1,S1_D19,1,13,2,98,output,BYRGGGGBYRGBB,0.7692307692307692,1,0.5384615384615384
S1_D19_P1,S1_D19,1,13,3,99,output,GGGYRRBBGGRBB,0.8461538461538461,1,0.6153846153846154
S1_D19_P1,S1_D19,1,13,4,100,output,BRGGGGBRYBRGG,0.7692307692307692,2,0.5384615384615384
S1_D19_P1,S1_D19,1,13,5,101,output,GGGYRRBBRBRBG,0.7692307692307692,1,0.6153846153846154
S1_D19_P1,S1_D19,1,13,6,102,output,BRRGBRYGYRGBB,0.6153846153846154,1,0.6153846153846154
S1_D19_P1,S1_D19,1,13,7,103,output,GGGYRRBRBRBGR,0.7692307692307692,1,0.5384615384615384
S1_D19_P1,S1_D19,1,13,8,104,output,BRRGBRRYBRGYB,1.0,2,0.7692307692307693
S1_D19_P1,S1_D19,1,14,0,,seed,GYYBYGRBBRBYB,,1,0.7692307692307693
S1_D19_P1,S1_D19,1,14,1,105,output,GYYBYGRBRYGBB,0.6923076923076923,1,0.7692307692307693
S1_D19_P1,S1_D19,1,14,2,106,output,GGBYRYRYYGRBB,0.6153846153846154,1,0.6153846153846154
S1_D19_P1,S1_D19,1,14,3,107,output,GYYBYBGRBRGYY,1.0,1,0.7692307692307693
S1_D19_P1,S1_D19,1,14,4,108,output,GGBYRYRYRYGRB,0.8461538461538461,1,0.46153846153846156
S1_D19_P1,S1_D19,1,14,5,109,output,GYYBYBGRBRGYB,0.8461538461538461,1,0.7692307692307693
S1_D19_P1,S1_D19,1,14,6,110,output,GGBYRYRYRYGRB,1.0,1,0.46153846153846156
S1_D19_P1,S1_D19,1,14,7,111,output,GGYYBYBGRBGYY,0.8461538461538461,1,0.6153846153846154
S1_D19_P1,S1_D19,1,14,8,112,output,GGBYRYRYRYGRB,1.0,1,0.46153846153846156
S1_D19_P1,S1_D19,1,15,0,,seed,GGBGRBGBYYRBY,,1,0.7692307692307693
S1_D19_P1,S1_D19,1,15,1,113,output,GGBGRBGYRGRBB,0.6923076923076923,1,0.6153846153846154
S1_D19_P1,S1_D19,1,15,2,114,output,RBGYRBGGGGRBB,0.46153846153846156,2,0.6153846153846154
S1_D19_P1,S1_D19,1,15,3,115,output,GGBGRBGYYBRRR,0.6923076923076923,1,0.7692307692307693
S1_D19_P1,S1_D19,1,15,4,116,output,RBGYRBGGBGYGR,0.7692307692307692,1,0.6153846153846154
S1_D19_P1,S1_D19,1,15,5,117,output,GGBGRBGYRBRBR,0.8461538461538461,1,0.6153846153846154
S1_D19_P1,S1_D19,1,15,6,118,output,RBGYRBGGRBYGR,0.6923076923076923,2,0.7692307692307693
S1_D19_P1,S1_D19,1,15,7,119,output,RBGYYRBGYRBBB,0.7692307692307692,2,0.6153846153846154
S1_D19_P1,S1_D19,1,15,8,120,output,RBGYRBGGRBYRB,1.0,2,0.6153846153846154
S1_D19_P2,S1_D19,2,1,0,,seed,RYYGRBBYGGYRG,,1,0.7692307692307693
S1_D19_P2,S1_D19,2,1,1,1,output,RYYGRBYGRBGGG,0.6153846153846154,1,0.5384615384615384
S1_D19_P2,S1_D19,2,1,2,2,output,BBGGBBBBYYRRB,0.9230769230769231,1,0.6153846153846154
S1_D19_P2,S1_D19,2,1,3,3,output,RYYRYRBGRBGGG,0.7692307692307692,1,0.6153846153846154
S1_D19_P2,S1_D19,2,1,4,4,output,BBGGBBBBRBYRB,0.8461538461538461,1,0.6153846153846154
S1_D19_P2,S1_D19,2,1,5,5,output,RYYRBYBGGGGGG,0.8461538461538461,1,0.46153846153846156
S1_D19_P2,S1_D19,2,1,6,6,output,BBGGBBBBYRBBB,1.0,1,0.5384615384615384
S1_D19_P2,S1_D19,2,1,7,7,output,RRYYBYBYBGGGG,0.8461538461538461,1,0.46153846153846156
S1_D19_P2,S1_D19,2,1,8,8,output,BBGGBBBBYRBBB,1.0,1,0.5384615384615384
S1_D19_P2,S1_D19,2,2,0,,seed,RBGYYGYBRGGYY,,2,0.6153846153846154
S1_D19_P2,S1_D19,2,2,1,9,output,RBGYYGYRBGGYG,0.7692307692307692,1,0.7692307692307693
S1_D19_P2,S1_D19,2,2,2,10,output,GBRBRBRBRRRRR,1.0,2,0.23076923076923078
S1_D19_P2,S1_D19,2,2,3,11,output,RBGYYGBRYYGGG,1.0,1,0.6153846153846154
S1_D19_P2,S1_D19,2,2,4,12,output,GBRBRBRRRRRRR,1.0,1,0.23076923076923078
S1_D19_P2,S1_D19,2,2,5,13,output,RBGYYGBRYYGGG,1.0,1,0.6153846153846154
S1_D19_P2,S1_D19,2,2,6,14,output,BRBRBRRRRRRRR,0.8461538461538461,1,0.23076923076923078
S1_D19_P2,S1_D19,2,2,7,15,output,RBGYYGBRYYGGG,1.0,1,0.6153846153846154
S1_D19_P2,S1_D19,2,2,8,16,output,BRBRBRRRRRRRR,1.0,1,0.23076923076923078
S1_D19_P2,S1_D19,2,3,0,,seed,BRGYRYBRRBYRY,,1,0.6153846153846154
S1_D19_P2,S1_D19,2,3,1,17,output,BRGYBYRRBYRYR,0.7692307692307692,1,0.6153846153846154
S1_D19_P2,S1_D19,2,3,2,18,output,RRYYRRYYYBRYB,0.8461538461538461,1,0.6153846153846154
S1_D19_P2,S1_D19,2,3,3,19,output,BGYBRYRRYYRYR,0.7692307692307692,2,0.6153846153846154
S1_D19_P2,S1_D19,2,3,4,20,output,RRYYRRYYYBRYB,1.0,1,0.6153846153846154
S1_D19_P2,S1_D19,2,3,5,21,output,BGYBRYRYRYRRY,1.0,1,0.46153846153846156
S1_D19_P2,S1_D19,2,3,6,22,output,RRYYRRYYYBRYB,1.0,1,0.6153846153846154
S1_D19_P2,S1_D19,2,3,7,23,output,BGYBRYRYRRYRR,1.0,2,0.46153846153846156
S1_D19_P2,S1_D19,2,3,8,24,output,RRYYRRYYYBRYR,0.7692307692307692,1,0.6153846153846154
S1_D19_P2,S1_D19,2,4,0,,seed,RYYGBGBBYRRRG,,1,0.7692307692307693
S1_D19_P2,S1_D19,2,4,1,25,output,RYYGBGBBRYYGB,0.6923076923076923,2,0.5384615384615384
S1_D19_P2,S1_D19,2,4,2,26,output,BYRGGBYRGRGRG,1.0,1,0.46153846153846156
S1_D19_P2,S1_D19,2,4,3,27,output,YYYGBRYGRBYYG,0.7692307692307692,1,0.6153846153846154
S1_D19_P2,S1_D19,2,4,4,28,output,BYRGGBRGRGRGR,0.8461538461538461,1,0.46153846153846156
S1_D19_P2,S1_D19,2,4,5,29,output,YYYBRGBRGYYYY,0.9230769230769231,1,0.5384615384615384
S1_D19_P2,S1_D19,2,4,6,30,output,GBYGGBRBYGRGR,0.7692307692307692,1,0.6153846153846154
S1_D19_P2,S1_D19,2,4,7,31,output,YYYBRGBRGYYYY,1.0,1,0.5384615384615384
S1_D19_P2,S1_D19,2,4,8,32,output,GGGBYGBRBRGRG,1.0,1,0.7692307692307693
S1_D19_P2,S1_D19,2,5,0,,seed,BBGBRYYRGGGGB,,1,0.6153846153846154
S1_D19_P2,S1_D19,2,5,1,33,output,BBGBRYYRGGGBB,0.9230769230769231,1,0.7692307692307693
S1_D19_P2,S1_D19,2,5,2,34,output,RBYGRBYYYYRBR,0.6923076923076923,2,0.6153846153846154
S1_D19_P2,S1_D19,2,5,3,35,output,BBGBRYYRGBGGB,0.7692307692307692,1,0.7692307692307693
S1_D19_P2,S1_D19,2,5,4,36,output,RBYGRBYYYRBYR,0.8461538461538461,1,0.6153846153846154
S1_D19_P2,S1_D19,2,5,5,37,output,BBGBRYYRYBGBG,0.8461538461538461,1,0.6153846153846154
S1_D19_P2,S1_D19,2,5,6,38,output,RBYGRBYYYRBGR,0.9230769230769231,2,0.7692307692307693
S1_D19_P2,S1_D19,2,5,7,39,output,BBGBRYYRGBGBB,1.0,1,0.6153846153846154
S1_D19_P2,S1_D19,2,5,8,40,output,RBYGRBYYYRBGB,1.0,2,0.7692307692307693
S1_D19_P2,S1_D19,2,6,0,,seed,GBBBGYGBGBRGY,,1,0.7692307692307693
S1_D19_P2,S1_D19,2,6,1,41,output,GBBBGYGBGBRGY,1.0,1,0.7692307692307693
S1_D19_P2,S1_D19,2,6,2,42,output,GRGGGGGGBYGGB,0.8461538461538461,2,0.38461538461538464
S1_D19_P2,S1_D19,2,6,3,43,output,GBBBGYBGGRBGG,0.8461538461538461,2,0.6153846153846154
S1_D19_P2,S1_D19,2,6,4,44,output,GBGGGGGGBYGGG,1.0,1,0.38461538461538464
S1_D19_P2,S1_D19,2,6,5,45,output,GBBGBYRGGGGBB,0.6153846153846154,1,0.6153846153846154
S1_D19_P2,S1_D19,2,6,6,46,output,GBGGGGGGBYGGG,1.0,1,0.38461538461538464
S1_D19_P2,S1_D19,2,6,7,47,output,GBBGBRGBGGGGG,0.8461538461538461,1,0.5384615384615384
S1_D19_P2,S1_D19,2,6,8,48,output,GBGGGGGGBYGGG,0.8461538461538461,1,0.38461538461538464
S1_D19_P2,S1_D19,2,7,0,,seed,BBBRYYRGRBGYR,,1,0.7692307692307693
S1_D19_P2,S1_D19,2,7,1,49,output,BBBRYYBGRGBBY,0.6923076923076923,1,0.7692307692307693
S1_D19_P2,S1_D19,2,7,2,50,output,YBBBGYGYYBGYB,0.8461538461538461,1,0.6153846153846154
S1_D19_P2,S1_D19,2,7,3,51,output,YBBBGYBRBGGYB,0.5384615384615384,1,0.6153846153846154
S1_D19_P2,S1_D19,2,7,4,52,output,YBBBGYBGBBGGB,0.7692307692307692,1,0.6153846153846154
S1_D19_P2,S1_D19,2,7,5,53,output,YBBBRYBGGYBRY,0.7692307692307692,1,0.6153846153846154
S1_D19_P2,S1_D19,2,7,6,54,output,YBBBGYBGGBGBB,0.8461538461538461,1,0.7692307692307693
S1_D19_P2,S1_D19,2,7,7,55,output,YBBBGBRYBRRGY,0.46153846153846156,1,0.7692307692307693
S1_D19_P2,S1_D19,2,7,8,56,output,YBBBGBGBBBGGB,0.8461538461538461,2,0.5384615384615384
S1_D19_P2,S1_D19,2,8,0,,seed,YRRBBBGYYBRYG,,0,0.7692307692307693
S1_D19_P2,S1_D19,2,8,1,57,output,YRRBBBGYYBRRY,0.8461538461538461,1,0.7692307692307693
S1_D19_P2,S1_D19,2,8,2,58,output,BBBGBBBBBBGRY,0.8461538461538461,2,0.46153846153846156
S1_D19_P2,S1_D19,2,8,3,59,output,BBRBBBGYBRRBB,1.0,2,0.6153846153846154
S1_D19_P2,S1_D19,2,8,4,60,output,GBBBGBBBBBBRG,0.8461538461538461,1,0.46153846153846156
S1_D19_P2,S1_D19,2,8,5,61,output,RBBBRBBBBGYRB,0.8461538461538461,2,0.6153846153846154
S1_D19_P2,S1_D19,2,8,6,62,output,GBBBBGBBBBBGG,0.8461538461538461,2,0.38461538461538464
S1_D19_P2,S1_D19,2,8,7,63,output,RBBRBBBRGBRRR,0.8461538461538461,1,0.6153846153846154
S1_D19_P2,S1_D19,2,8,8,64,output,GBBBGBBBBBGGB,1.0,2,0.5384615384615384
S1_D19_P2,S1_D19,2,9,0,,seed,RBYBGGGRYYGYR,,0,0.7692307692307693
S1_D19_P2,S1_D19,2,9,1,65,output,RBYBRGGYRBYRR,0.6153846153846154,1,0.7692307692307693
S1_D19_P2,S1_D19,2,9,2,66,output,GGRRBBGRBYGRR,1.0,2,0.6153846153846154
S1_D19_P2,S1_D19,2,9,3,67,output,RBYBRGGYRYBRB,0.8461538461538461,1,0.6153846153846154
S1_D19_P2,S1_D19,2,9,4,68,output,GGBBBBRGGRRRR,0.9230769230769231,1,0.5384615384615384
S1_D19_P2,S1_D19,2,9,5,69,output,RYBRGGRYBBRBB,0.6153846153846154,1,0.7692307692307693
S1_D19_P2,S1_D19,2,9,6,70,output,GGBBBBGBGBRRR,0.9230769230769231,1,0.5384615384615384
S1_D19_P2,S1_D19,2,9,7,71,output,RYBYRGRGRYBYB,0.6923076923076923,1,0.5384615384615384
S1_D19_P2,S1_D19,2,9,8,72,output,GGBBBBGBRBGRG,0.8461538461538461,1,0.6153846153846154
S1_D19_P2,S1_D19,2,10,0,,seed,BGGYYGGBBGGBY,,2,0.6153846153846154
S1_D19_P2,S1_D19,2,10,1,73,output,BGGYYBBGGYBRB,0.6153846153846154,1,0.6153846153846154
S1_D19_P2,S1_D19,2,10,2,74,output,BGYGYBGBBBGRB,0.7692307692307692,1,0.7692307692307693
S1_D19_P2,S1_D19,2,10,3,75,output,BGGYYBGGYYBGB,0.9230769230769231,2,0.38461538461538464
S1_D19_P2,S1_D19,2,10,4,76,output,BGYGYGBBBBBBB,1.0,1,0.3076923076923077
S1_D19_P2,S1_D19,2,10,5,77,output,BGGYYBGYBGYBB,1.0,2,0.46153846153846156
S1_D19_P2,S1_D19,2,10,6,78,output,BGYGYBGBGBBBB,0.9230769230769231,1,0.5384615384615384
S1_D19_P2,S1_D19,2,10,7,79,output,BGYYBGYBGBBBB,0.8461538461538461,2,0.5384615384615384
S1_D19_P2,S1_D19,2,10,8,80,output,BGYYBGYGBBBBB,0.6923076923076923,1,0.5384615384615384
S1_D19_P2,S1_D19,2,11,0,,seed,BYGYRYRYYBGBG,,1,0.6153846153846154
S1_D19_P2,S1_D19,2,11,1,81,output,BGYGYRYRYYBGR,0.7692307692307692,1,0.6153846153846154
S1_D19_P2,S1_D19,2,11,2,82,output,BGYBYYBGYBRRR,0.6923076923076923,2,0.6153846153846154
S1_D19_P2,S1_D19,2,11,3,83,output,BGYGRYRYRYBYB,0.7692307692307692,1,0.5384615384615384
S1_D19_P2,S1_D19,2,11,4,84,output,BGYBGYRYRBBBB,0.6153846153846154,1,0.6153846153846154
S1_D19_P2,S1_D19,2,11,5,85,output,BGYRGBRYRYRYB,0.6923076923076923,1,0.5384615384615384
S1_D19_P2,S1_D19,2,11,6,86,output,BGYRGBRGYBRBB,0.6153846153846154,1,0.7692307692307693
S1_D19_P2,S1_D19,2,11,7,87,output,BGYRRBGYRRRBY,0.6923076923076923,1,0.5384615384615384
S1_D19_P2,S1_D19,2,11,8,88,output,BGYRGRRYGRBBB,0.7692307692307692,1,0.7692307692307693
S1_D19_P2,S1_D19,2,12,0,,seed,RYRRGGRRBGBRB,,1,0.7692307692307693
S1_D19_P2,S1_D19,2,12,1,89,output,RYRRGGRRBGRBR,0.8461538461538461,1,0.7692307692307693
S1_D19_P2,S1_D19,2,12,2,90,output,GBGYGRGYGRBGB,0.6153846153846154,1,0.5384615384615384
S1_D19_P2,S1_D19,2,12,3,91,output,RYRRGBBGBGGRY,0.6923076923076923,1,0.7692307692307693
S1_D19_P2,S1_D19,2,12,4,92,output,GYGYGRGGBGRGY,0.7692307692307692,1,0.6153846153846154
S1_D19_P2,S1_D19,2,12,5,93,output,RYRRGBGBGGRYG,0.9230769230769231,1,0.6153846153846154
S1_D19_P2,S1_D19,2,12,6,94,output,GYGGGRGRBYBRY,0.7692307692307692,1,0.7692307692307693
S1_D19_P2,S1_D19,2,12,7,95,output,RYRRGBGBRYRBG,0.8461538461538461,1,0.7692307692307693
S1_D19_P2,S1_D19,2,12,8,96,output,GYGGGRGGRBYRB,1.0,1,0.6153846153846154
S1_D19_P2,S1_D19,2,13,0,,seed,BYRGGGGYBRGRB,,1,0.6153846153846154
S1_D19_P2,S1_D19,2,13,1,97,output,BYRGGGGYBRGRB,1.0,1,0.6153846153846154
S1_D19_P2,S1_D19,2,13,2,98,output,GGGYRRBGGRRBB,0.6923076923076923,1,0.6153846153846154
S1_D19_P2,S1_D19,2,13,3,99,output,BRGGGGBRGBYRG,0.6153846153846154,1,0.6153846153846154
S1_D19_P2,S1_D19,2,13,4,100,output,GGGYRRBBRBGGR,0.6923076923076923,1,0.7692307692307693
S1_D19_P2,S1_D19,2,13,5,101,output,BRGGGBRYBRGGB,0.8461538461538461,2,0.6153846153846154
S1_D19_P2,S1_D19,2,13,6,102,output,GGGYRBRBRBGGY,0.6923076923076923,1,0.46153846153846156
S1_D19_P2,S1_D19,2,13,7,103,output,BRRGBRRYBRGYB,0.6923076923076923,2,0.7692307692307693
S1_D19_P2,S1_D19,2,13,8,104,output,GGGYRRBRBRRBR,0.8461538461538461,2,0.5384615384615384
S1_D19_P2,S1_D19,2,14,0,,seed,GGBRRYYBBRYRR,,1,0.7692307692307693
S1_D19_P2,S1_D19,2,14,1,105,output,GGBRRYRYRRBYR,0.6153846153846154,1,0.6153846153846154
S1_D19_P2,S1_D19,2,14,2,106,output,GYYBYBGRBRGYY,0.6923076923076923,1,0.7692307692307693
S1_D19_P2,S1_D19,2,14,3,107,output,GGBYRYRYYGBRB,0.8461538461538461,1,0.6153846153846154
S1_D19_P2,S1_D19,2,14,4,108,output,GYYBYBGRBRBGY,0.8461538461538461,1,0.7692307692307693
S1_D19_P2,S1_D19,2,14,5,109,output,GGBYRYRYRYGRB,1.0,1,0.46153846153846156
S1_D19_P2,S1_D19,2,14,6,110,output,GGYYBYBGRBRGY,0.8461538461538461,1,0.7692307692307693
S1_D19_P2,S1_D19,2,14,7,111,output,GGBYRYRYRYGRB,1.0,1,0.46153846153846156
S1_D19_P2,S1_D19,2,14,8,112,output,GYYBBYBRGYYBR,0.5384615384615384,2,0.6153846153846154
S1_D19_P2,S1_D19,2,15,0,,seed,RBGGGRYBGYYYR,,1,0.7692307692307693
S1_D19_P2,S1_D19,2,15,1,113,output,RBGGGRBYRBGGR,0.6153846153846154,2,0.6153846153846154
S1_D19_P2,S1_D19,2,15,2,114,output,GGBGRBGYGGRBG,0.8461538461538461,2,0.5384615384615384
S1_D19_P2,S1_D19,2,15,3,115,output,RBGYRBGGGRBGR,0.7692307692307692,1,0.6153846153846154
S1_D19_P2,S1_D19,2,15,4,116,output,GGBGRBGYYRBRB,0.7692307692307692,1,0.7692307692307693
S1_D19_P2,S1_D19,2,15,5,117,output,RBGYRBGGBGYRB,0.8461538461538461,2,0.46153846153846156
S1_D19_P2,S1_D19,2,15,6,118,output,RBGGYRBGYRRBR,0.6153846153846154,2,0.6153846153846154
S1_D19_P2,S1_D19,2,15,7,119,output,RBGYRBGGRBYRB,0.8461538461538461,2,0.6153846153846154
S1_D19_P2,S1_D19,2,15,8,120,output,RBGYYRBYRBBBB,0.8461538461538461,2,0.5384615384615384
S1_D20_P1,S1_D20,1,1,0,,seed,BGBBYGGBYGYRR,,1,0.6153846153846154
S1_D20_P1,S1_D20,1,1,1,1,output,BGBBGGYBGYRRR,0.6923076923076923,1,0.7692307692307693
S1_D20_P1,S1_D20,1,1,2,2,output,RRYRYRYGRYRYR,0.6153846153846154,2,0.3076923076923077
S1_D20_P1,S1_D20,1,1,3,3,output,BGBGBYBRRRRRR,0.8461538461538461,1,0.46153846153846156
S1_D20_P1,S1_D20,1,1,4,4,output,RYRYRRGRYRRRR,0.7692307692307692,2,0.5384615384615384
S1_D20_P1,S1_D20,1,1,5,5,output,BGBGBGYRRRRRR,0.9230769230769231,1,0.38461538461538464
S1_D20_P1,S1_D20,1,1,6,6,output,RYRYRRYRRRRRR,1.0,2,0.38461538461538464
S1_D20_P1,S1_D20,1,1,7,7,output,BGBGBGYRRRRRR,1.0,1,0.38461538461538464
S1_D20_P1,S1_D20,1,1,8,8,output,RYRYRRRRRRRRR,0.9230769230769231,2,0.23076923076923078
S1_D20_P1,S1_D20,1,2,0,,seed,YYYYBYGGBYYBY,,1,0.5384615384615384
S1_D20_P1,S1_D20,1,2,1,9,output,YYYBYYGYBYYYB,0.6153846153846154,2,0.5384615384615384
S1_D20_P1,S1_D20,1,2,2,10,output,RGRGBBRGRYYBY,0.7692307692307692,1,0.7692307692307693
S1_D20_P1,S1_D20,1,2,3,11,output,YYYYYBYYGYYBY,0.6923076923076923,1,0.46153846153846156
S1_D20_P1,S1_D20,1,2,4,12,output,RGRGRRGYBRGRG,0.6923076923076923,2,0.6153846153846154
S1_D20_P1,S1_D20,1,2,5,13,output,YYYYYBYYGYYBY,1.0,1,0.46153846153846156
S1_D20_P1,S1_D20,1,2,6,14,output,RGRGRRYBRGRGR,0.9230769230769231,2,0.5384615384615384
S1_D20_P1,S1_D20,1,2,7,15,output,YYYYBYYGYYBYB,0.8461538461538461,2,0.5384615384615384
S1_D20_P1,S1_D20,1,2,8,16,output,RGRGRRYBRGRGR,1.0,2,0.5384615384615384
S1_D20_P1,S1_D20,1,3,0,,seed,RYGBRBGRGRBRY,,1,0.7692307692307693
S1_D20_P1,S1_D20,1,3,1,17,output,RYGBRBGRGRBGR,0.8461538461538461,2,0.5384615384615384
S1_D20_P1,S1_D20,1,3,2,18,output,GBRGYGBGGBGRB,0.7692307692307692,2,0.6153846153846154
S1_D20_P1,S1_D20,1,3,3,19,output,RYGBRBRGRGBRG,0.8461538461538461,2,0.6153846153846154
S1_D20_P1,S1_D20,1,3,4,20,output,GBRYGBGBGBGBB,0.7692307692307692,2,0.38461538461538464
S1_D20_P1,S1_D20,1,3,5,21,output,RYGBRBGRBRGRB,0.7692307692307692,2,0.6153846153846154
S1_D20_P1,S1_D20,1,3,6,22,output,GBRYGBGBGBGBB,1.0,2,0.38461538461538464
S1_D20_P1,S1_D20,1,3,7,23,output,YGBRBRBRGRBRG,0.6923076923076923,2,0.38461538461538464
S1_D20_P1,S1_D20,1,3,8,24,output,GBYRGBGBGBGBG,0.7692307692307692,2,0.3076923076923077
S1_D20_P1,S1_D20,1,4,0,,seed,RRBYGBYGBBBRB,,1,0.5384615384615384
S1_D20_P1,S1_D20,1,4,1,25,output,RRBYGBGBBRBRR,0.7692307692307692,1,0.7692307692307693
S1_D20_P1,S1_D20,1,4,2,26,output,YRBYBGYYBRYBG,0.5384615384615384,2,0.6153846153846154
S1_D20_P1,S1_D20,1,4,3,27,output,RBYGRGRBRBRBR,0.9230769230769231,1,0.46153846153846156
S1_D20_P1,S1_D20,1,4,4,28,output,YRBYGBYYRBYRY,0.7692307692307692,2,0.6153846153846154
S1_D20_P1,S1_D20,1,4,5,29,output,RBYGRGRGRBRBB,0.8461538461538461,1,0.5384615384615384
S1_D20_P1,S1_D20,1,4,6,30,output,YRBYGBYGYRBYB,0.6923076923076923,2,0.5384615384615384
S1_D20_P1,S1_D20,1,4,7,31,output,RBYGRGRBRBRBB,0.9230769230769231,1,0.5384615384615384
S1_D20_P1,S1_D20,1,4,8,32,output,YRBYGBYGYBBBB,0.7692307692307692,1,0.5384615384615384
S1_D20_P1,S1_D20,1,5,0,,seed,GYRGRGRBGGBBY,,1,0.6153846153846154
S1_D20_P1,S1_D20,1,5,1,33,output,GYRGGRGBGBBGB,0.6153846153846154,1,0.6153846153846154
S1_D20_P1,S1_D20,1,5,2,34,output,YYRYYYRYYRGBY,0.6923076923076923,2,0.5384615384615384
S1_D20_P1,S1_D20,1,5,3,35,output,GYRGRGBRGRGRR,0.8461538461538461,2,0.5384615384615384
S1_D20_P1,S1_D20,1,5,4,36,output,YYRYYYRYYRGBY,1.0,2,0.5384615384615384
S1_D20_P1,S1_D20,1,5,5,37,output,GBRYGGBGRYRYR,0.8461538461538461,1,0.6153846153846154
S1_D20_P1,S1_D20,1,5,6,38,output,YYRYYYRYYRYGB,0.8461538461538461,2,0.5384615384615384
S1_D20_P1,S1_D20,1,5,7,39,output,GRBYGBYGRBRBR,0.8461538461538461,1,0.5384615384615384
S1_D20_P1,S1_D20,1,5,8,40,output,GYBRRBYGGYBRR,1.0,1,0.5384615384615384
S1_D20_P1,S1_D20,1,6,0,,seed,RGGYBRBYRBYBG,,1,0.6153846153846154
S1_D20_P1,S1_D20,1,6,1,41,output,RBYGGYRBYBYGB,0.5384615384615384,1,0.6153846153846154
S1_D20_P1,S1_D20,1,6,2,42,output,RYBRRRRYGBRRR,0.7692307692307692,2,0.46153846153846156
S1_D20_P1,S1_D20,1,6,3,43,output,RYBRGYBRYBYBR,0.5384615384615384,2,0.5384615384615384
S1_D20_P1,S1_D20,1,6,4,44,output,RYBRRYBGYRRRR,0.6153846153846154,1,0.6153846153846154
S1_D20_P1,S1_D20,1,6,5,45,output,RYBRGBRRGBRRR,0.5384615384615384,2,0.46153846153846156
S1_D20_P1,S1_D20,1,6,6,46,output,RYBRGRRYBRRRR,0.7692307692307692,1,0.5384615384615384
S1_D20_P1,S1_D20,1,6,7,47,output,RYBGYRYBRRRRR,0.7692307692307692,1,0.5384615384615384
S1_D20_P1,S1_D20,1,6,8,48,output,RYBGYRRRBYRRR,0.46153846153846156,1,0.5384615384615384
S1_D20_P1,S1_D20,1,7,0,,seed,BBBGRBRRYGBBY,,1,0.7692307692307693
S1_D20_P1,S1_D20,1,7,1,49,output,BBBGBRGBRBBBB,0.5384615384615384,1,0.5384615384615384
S1_D20_P1,S1_D20,1,7,2,50,output,YRGYRRGRYRRRR,0.6923076923076923,2,0.6153846153846154
S1_D20_P1,S1_D20,1,7,3,51,output,BBGBBRBBBBBBB,0.7692307692307692,1,0.38461538461538464
S1_D20_P1,S1_D20,1,7,4,52,output,YRGYRRGRGRRRR,0.9230769230769231,1,0.5384615384615384
S1_D20_P1,S1_D20,1,7,5,53,output,BBGBBRBBBBBBB,1.0,1,0.38461538461538464
S1_D20_P1,S1_D20,1,7,6,54,output,RGYRRGRGRRRRR,0.7692307692307692,1,0.46153846153846156
S1_D20_P1,S1_D20,1,7,7,55,output,BGBBRBBBBBBBB,1.0,2,0.3076923076923077
S1_D20_P1,S1_D20,1,7,8,56,output,RGYRRGRGRRRRR,0.9230769230769231,1,0.46153846153846156
S1_D20_P1,S1_D20,1,8,0,,seed,GRYYGRRBBYBRY,,1,0.7692307692307693
S1_D20_P1,S1_D20,1,8,1,57,output,GYRRYRYBYBBBB,0.3846153846153846,1,0.6153846153846154
S1_D20_P1,S1_D20,1,8,2,58,output,YBBGRYBYBBBBB,0.8461538461538461,2,0.5384615384615384
S1_D20_P1,S1_D20,1,8,3,59,output,GYRYBRBRBBBRB,0.6153846153846154,2,0.5384615384615384
S1_D20_P1,S1_D20,1,8,4,60,output,YBGRYBYBBBBBB,1.0,1,0.46153846153846156
S1_D20_P1,S1_D20,1,8,5,61,output,GYRBBRBRBBRBB,0.6923076923076923,2,0.46153846153846156
S1_D20_P1,S1_D20,1,8,6,62,output,YBGRYBYBYBBBY,1.0,1,0.5384615384615384
S1_D20_P1,S1_D20,1,8,7,63,output,GYRBRBBRBBBBR,1.0,2,0.46153846153846156
S1_D20_P1,S1_D20,1,8,8,64,output,YBGRYBYBYBBYB,0.8461538461538461,1,0.46153846153846156
S1_D20_P1,S1_D20,1,9,0,,seed,GBGRYBGRYYYBB,,1,0.5384615384615384
S1_D20_P1,S1_D20,1,9,1,65,output,GBGBRYBYBYBBY,0.6153846153846154,1,0.5384615384615384
S1_D20_P1,S1_D20,1,9,2,66,output,GRBGYBRBRBRBR,0.7692307692307692,1,0.38461538461538464
S1_D20_P1,S1_D20,1,9,3,67,output,GBGBGBRYBGBYB,0.6923076923076923,1,0.5384615384615384
S1_D20_P1,S1_D20,1,9,4,68,output,GRBGYGBRRBRBR,0.7692307692307692,1,0.6153846153846154
S1_D20_P1,S1_D20,1,9,5,69,output,GBRBRBGYBYBRB,0.6153846153846154,1,0.5384615384615384
S1_D20_P1,S1_D20,1,9,6,70,output,GBRYGYBYBRBRB,0.8461538461538461,1,0.6153846153846154
S1_D20_P1,S1_D20,1,9,7,71,output,GBRGBRYBYBYBR,0.7692307692307692,1,0.5384615384615384
S1_D20_P1,S1_D20,1,9,8,72,output,GBRYGYBYBRBRB,0.8461538461538461,1,0.6153846153846154
S1_D20_P1,S1_D20,1,10,0,,seed,RBRRRGGRRBYRR,,1,0.7692307692307693
S1_D20_P1,S1_D20,1,10,1,73,output,RBRRGGRRBYRBR,0.8461538461538461,1,0.7692307692307693
S1_D20_P1,S1_D20,1,10,2,74,output,BRGBRGGBRGBRB,0.6153846153846154,2,0.5384615384615384
S1_D20_P1,S1_D20,1,10,3,75,output,RBRRGRBRYRGRG,0.7692307692307692,1,0.6153846153846154
S1_D20_P1,S1_D20,1,10,4,76,output,BRGBRGGBRGBRB,1.0,2,0.5384615384615384
S1_D20_P1,S1_D20,1,10,5,77,output,RBGRRBRBRYBRR,0.6923076923076923,1,0.6153846153846154
S1_D20_P1,S1_D20,1,10,6,78,output,BRGBRGGBRGBRB,1.0,2,0.5384615384615384
S1_D20_P1,S1_D20,1,10,7,79,output,RBGRGBRBBRBRR,0.7692307692307692,2,0.6153846153846154
S1_D20_P1,S1_D20,1,10,8,80,output,BRGBRGBBRGBRB,0.9230769230769231,2,0.46153846153846156
S1_D20_P1,S1_D20,1,11,0,,seed,GYRBRGBGGGBRG,,1,0.6153846153846154
S1_D20_P1,S1_D20,1,11,1,81,output,GYRGBRGGGGGGG,0.6923076923076923,1,0.38461538461538464
S1_D20_P1,S1_D20,1,11,2,82,output,RBGBRBGRRBYYY,0.6923076923076923,2,0.7692307692307693
S1_D20_P1,S1_D20,1,11,3,83,output,GBRBGGGGGGGGG,0.6923076923076923,2,0.23076923076923078
S1_D20_P1,S1_D20,1,11,4,84,output,GRYBRBRBRBRBR,0.7692307692307692,2,0.23076923076923078
S1_D20_P1,S1_D20,1,11,5,85,output,GRGRGRYBGRRGR,0.7692307692307692,1,0.5384615384615384
S1_D20_P1,S1_D20,1,11,6,86,output,GRRBRBRRBRBRB,0.8461538461538461,2,0.38461538461538464
S1_D20_P1,S1_D20,1,11,7,87,output,GRYRBGRRGRGRG,0.8461538461538461,1,0.5384615384615384
S1_D20_P1,S1_D20,1,11,8,88,output,GRBRBRBRRBRBR,0.8461538461538461,2,0.23076923076923078
S1_D20_P1,S1_D20,1,12,0,,seed,GGRYRGGYGBRRB,,1,0.7692307692307693
S1_D20_P1,S1_D20,1,12,1,89,output,GGRGRYBGGGGGG,0.3846153846153846,1,0.46153846153846156
S1_D20_P1,S1_D20,1,12,2,90,output,RYYGGBBRRGRGR,0.9230769230769231,1,0.6153846153846154
S1_D20_P1,S1_D20,1,12,3,91,output,GGRYGRBGGGGGG,0.7692307692307692,1,0.46153846153846156
S1_D20_P1,S1_D20,1,12,4,92,output,GGRGBRGGRGRGR,0.46153846153846156,2,0.5384615384615384
S1_D20_P1,S1_D20,1,12,5,93,output,GGRYRBGGGGGGG,1.0,1,0.38461538461538464
S1_D20_P1,S1_D20,1,12,6,94,output,GBGYGRGRGRGRG,0.6923076923076923,2,0.3076923076923077
S1_D20_P1,S1_D20,1,12,7,95,output,GGRYGBGGGGGGG,0.7692307692307692,1,0.38461538461538464
S1_D20_P1,S1_D20,1,12,8,96,output,GBYGGYGRGRRGR,0.6923076923076923,1,0.6153846153846154
S1_D20_P1,S1_D20,1,13,0,,seed,RRRGBRRYGYGGR,,1,0.7692307692307693
S1_D20_P1,S1_D20,1,13,1,97,output,RRRGBRRYGBYRR,0.7692307692307692,1,0.7692307692307693
S1_D20_P1,S1_D20,1,13,2,98,output,RRYRGRYRYRRRR,0.5384615384615384,1,0.5384615384615384
S1_D20_P1,S1_D20,1,13,3,99,output,RRRGBRRYGBYRR,0.8461538461538461,1,0.7692307692307693
S1_D20_P1,S1_D20,1,13,4,100,output,RYGBYRGRRRRRR,0.7692307692307692,1,0.46153846153846156
S1_D20_P1,S1_D20,1,13,5,101,output,GBRGRYBYRBGYR,0.6153846153846154,1,0.7692307692307693
S1_D20_P1,S1_D20,1,13,6,102,output,GYRBRBRYRYRYR,0.8461538461538461,1,0.38461538461538464
S1_D20_P1,S1_D20,1,13,7,103,output,GYRBYBYGRBRBR,0.6153846153846154,1,0.6153846153846154
S1_D20_P1,S1_D20,1,13,8,104,output,GBGYBGBRYRYRY,0.6153846153846154,1,0.5384615384615384
S1_D20_P1,S1_D20,1,14,0,,seed,YYBRYGBGBBYGG,,1,0.7692307692307693
S1_D20_P1,S1_D20,1,14,1,105,output,YYBRYYBBGGBGB,0.6153846153846154,1,0.7692307692307693
S1_D20_P1,S1_D20,1,14,2,106,output,BGYBGYRGRGRYB,0.6923076923076923,1,0.6153846153846154
S1_D20_P1,S1_D20,1,14,3,107,output,YBYBYRYBRYRGR,0.6923076923076923,1,0.7692307692307693
S1_D20_P1,S1_D20,1,14,4,108,output,BGYBGYBGRBYBR,0.6923076923076923,2,0.5384615384615384
S1_D20_P1,S1_D20,1,14,5,109,output,YBYRBGRYRBGRB,0.6923076923076923,1,0.46153846153846156
S1_D20_P1,S1_D20,1,14,6,110,output,BGYBGYGYRBRYB,0.6923076923076923,1,0.7692307692307693
S1_D20_P1,S1_D20,1,14,7,111,output,YBRYRYBRYRYBR,0.5384615384615384,2,0.3076923076923077
S1_D20_P1,S1_D20,1,14,8,112,output,BGYBGYBRYBGYB,0.7692307692307692,2,0.38461538461538464
S1_D20_P1,S1_D20,1,15,0,,seed,GGBYRBGBRRRYR,,1,0.7692307692307693
S1_D20_P1,S1_D20,1,15,1,113,output,GBGBGYRYRRRBY,0.46153846153846156,1,0.7692307692307693
S1_D20_P1,S1_D20,1,15,2,114,output,YBGYBGYGGYGRR,0.5384615384615384,1,0.5384615384615384
S1_D20_P1,S1_D20,1,15,3,115,output,GBGBGYRBGBRBR,0.5384615384615384,1,0.6153846153846154
S1_D20_P1,S1_D20,1,15,4,116,output,GYBGYBRRBRBRB,0.46153846153846156,1,0.5384615384615384
S1_D20_P1,S1_D20,1,15,5,117,output,GYBGYBRBRBRBR,0.6153846153846154,1,0.38461538461538464
S1_D20_P1,S1_D20,1,15,6,118,output,YBRYBRBRBRBRB,0.9230769230769231,1,0.3076923076923077
S1_D20_P1,S1_D20,1,15,7,119,output,GYBRYRBRBRBRR,0.7692307692307692,1,0.46153846153846156
S1_D20_P1,S1_D20,1,15,8,120,output,BRBRYBRYRRRBR,0.6153846153846154,2,0.5384615384615384
S1_D20_P2,S1_D20,2,1,0,,seed,RYRRYGGRGRYRY,,1,0.7692307692307693
S1_D20_P2,S1_D20,2,1,1,1,output,RYRRGRYRGYRYR,0.6153846153846154,1,0.6153846153846154
S1_D20_P2,S1_D20,2,1,2,2,output,BGBGBGYBRRRRR,0.6923076923076923,1,0.46153846153846156
S1_D20_P2,S1_D20,2,1,3,3,output,RYRYRRYGRYRRY,0.6923076923076923,2,0.46153846153846156
S1_D20_P2,S1_D20,2,1,4,4,output,BGBGBGYGRRRRR,0.7692307692307692,1,0.46153846153846156
S1_D20_P2,S1_D20,2,1,5,5,output,RYRYRRYRRRRRR,0.8461538461538461,2,0.38461538461538464
S1_D20_P2,S1_D20,2,1,6,6,output,BGBGBGYRRRRRR,1.0,1,0.38461538461538464
S1_D20_P2,S1_D20,2,1,7,7,output,RYRYRRYRRRRRR,1.0,2,0.38461538461538464
S1_D20_P2,S1_D20,2,1,8,8,output,BGBGBGYRRRRRR,1.0,1,0.38461538461538464
S1_D20_P2,S1_D20,2,2,0,,seed,RGRBBGRBBBGYR,,1,0.5384615384615384
S1_D20_P2,S1_D20,2,2,1,9,output,RGRGBBRGRGBYG,0.5384615384615384,2,0.5384615384615384
S1_D20_P2,S1_D20,2,2,2,10,output,YYYBYYGYYYBYB,0.8461538461538461,2,0.5384615384615384
S1_D20_P2,S1_D20,2,2,3,11,output,RGRGBRGRGYBRG,0.6923076923076923,2,0.5384615384615384
S1_D20_P2,S1_D20,2,2,4,12,output,YYYYYBYYGYYBY,1.0,1,0.46153846153846156
S1_D20_P2,S1_D20,2,2,5,13,output,RGRGRRYBRGRGY,0.8461538461538461,2,0.6153846153846154
S1_D20_P2,S1_D20,2,2,6,14,output,YYYYYBYYGYYBY,1.0,1,0.46153846153846156
S1_D20_P2,S1_D20,2,2,7,15,output,RGRGRRYBRGRGR,1.0,2,0.5384615384615384
S1_D20_P2,S1_D20,2,2,8,16,output,YYYYBYYGYYBYB,1.0,2,0.5384615384615384
S1_D20_P2,S1_D20,2,3,0,,seed,GBRGYYGYGBRBG,,1,0.7692307692307693
S1_D20_P2,S1_D20,2,3,1,17,output,GBRGYGBRGBYBB,0.6153846153846154,1,0.6153846153846154
S1_D20_P2,S1_D20,2,3,2,18,output,RYGBRBRGRBRGR,0.8461538461538461,2,0.46153846153846156
S1_D20_P2,S1_D20,2,3,3,19,output,GBRYGBGGBGRGB,0.8461538461538461,2,0.6153846153846154
S1_D20_P2,S1_D20,2,3,4,20,output,RYGBRGRBRGBRG,0.8461538461538461,1,0.5384615384615384
S1_D20_P2,S1_D20,2,3,5,21,output,GBRYGBGBGBGBB,1.0,2,0.38461538461538464
S1_D20_P2,S1_D20,2,3,6,22,output,YGBRBRGRBRGRB,0.8461538461538461,2,0.38461538461538464
S1_D20_P2,S1_D20,2,3,7,23,output,GBRYGBGBGBBBG,0.8461538461538461,1,0.5384615384615384
S1_D20_P2,S1_D20,2,3,8,24,output,YGBRBRBRGRBRG,1.0,2,0.38461538461538464
S1_D20_P2,S1_D20,2,4,0,,seed,YYRBYGGYGYBBR,,1,0.7692307692307693
S1_D20_P2,S1_D20,2,4,1,25,output,YRBRYGYRBYGYG,0.3846153846153846,1,0.6153846153846154
S1_D20_P2,S1_D20,2,4,2,26,output,RBYGRGRBRBRBB,0.6153846153846154,1,0.5384615384615384
S1_D20_P2,S1_D20,2,4,3,27,output,YRBYGYYRBYGYR,0.5384615384615384,1,0.46153846153846156
S1_D20_P2,S1_D20,2,4,4,28,output,RBYGRGRGRBBRB,0.7692307692307692,1,0.5384615384615384
S1_D20_P2,S1_D20,2,4,5,29,output,YRBYGYRBYGYRB,0.6153846153846154,2,0.3076923076923077
S1_D20_P2,S1_D20,2,4,6,30,output,RBYGRGRGRBRBB,1.0,1,0.5384615384615384
S1_D20_P2,S1_D20,2,4,7,31,output,YRBYGYRYBYBBB,0.6153846153846154,1,0.7692307692307693
S1_D20_P2,S1_D20,2,4,8,32,output,RBYGRGBRBRBBB,0.8461538461538461,1,0.6153846153846154
S1_D20_P2,S1_D20,2,5,0,,seed,YYRYYYYGYGRRB,,1,0.6153846153846154
S1_D20_P2,S1_D20,2,5,1,33,output,YYRYYYYRYGYRB,0.8461538461538461,2,0.6153846153846154
S1_D20_P2,S1_D20,2,5,2,34,output,GYRGRGRBGRGRR,0.5384615384615384,2,0.46153846153846156
S1_D20_P2,S1_D20,2,5,3,35,output,YYRYYYRYYRGBY,1.0,2,0.5384615384615384
S1_D20_P2,S1_D20,2,5,4,36,output,GBRYGBGGRYRYR,0.5384615384615384,1,0.6153846153846154
S1_D20_P2,S1_D20,2,5,5,37,output,YYRYYYRYYRGBY,1.0,2,0.5384615384615384
S1_D20_P2,S1_D20,2,5,6,38,output,GRBYGBGYRBRBR,0.5384615384615384,1,0.6153846153846154
S1_D20_P2,S1_D20,2,5,7,39,output,GYBRRBYGGYBRR,0.23076923076923073,1,0.5384615384615384
S1_D20_P2,S1_D20,2,5,8,40,output,GRBYGBGRBBRBR,0.8461538461538461,1,0.7692307692307693
S1_D20_P2,S1_D20,2,6,0,,seed,BYRRRRYBGRGBR,,1,0.6153846153846154
S1_D20_P2,S1_D20,2,6,1,41,output,RYBRRRRRYGRBR,0.6153846153846154,1,0.5384615384615384
S1_D20_P2,S1_D20,2,6,2,42,output,RYBGYGYRBRBRB,0.5384615384615384,1,0.5384615384615384
S1_D20_P2,S1_D20,2,6,3,43,output,RYBRRRRYGBRRR,1.0,2,0.46153846153846156
S1_D20_P2,S1_D20,2,6,4,44,output,RYBRGRYBRGRBB,0.6153846153846154,1,0.46153846153846156
S1_D20_P2,S1_D20,2,6,5,45,output,RYBRGRYBGRYRR,0.7692307692307692,2,0.6153846153846154
S1_D20_P2,S1_D20,2,6,6,46,output,RYBGRBYRRRRRR,0.6153846153846154,1,0.46153846153846156
S1_D20_P2,S1_D20,2,6,7,47,output,RYBRGRYBRRRYB,0.7692307692307692,2,0.5384615384615384
S1_D20_P2,S1_D20,2,6,8,48,output,RYBGYRYBRRRRR,1.0,1,0.5384615384615384
S1_D20_P2,S1_D20,2,7,0,,seed,YRRGGRGYGRYGR,,1,0.6153846153846154
S1_D20_P2,S1_D20,2,7,1,49,output,YRGRRGYRGRGRR,0.6153846153846154,2,0.5384615384615384
S1_D20_P2,S1_D20,2,7,2,50,output,BBBGBRBGBBBBB,0.8461538461538461,1,0.46153846153846156
S1_D20_P2,S1_D20,2,7,3,51,output,YRGYRRGRRRRRR,0.9230769230769231,1,0.46153846153846156
S1_D20_P2,S1_D20,2,7,4,52,output,BBGBBRBBBBBBB,1.0,1,0.38461538461538464
S1_D20_P2,S1_D20,2,7,5,53,output,YRGYRRGRGRGRR,0.9230769230769231,1,0.46153846153846156
S1_D20_P2,S1_D20,2,7,6,54,output,BGBBRBBBBBBBB,0.8461538461538461,2,0.3076923076923077
S1_D20_P2,S1_D20,2,7,7,55,output,RGYRRGRGRGRRR,0.9230769230769231,1,0.46153846153846156
S1_D20_P2,S1_D20,2,7,8,56,output,BBGBRBBBBBBBB,0.8461538461538461,2,0.3076923076923077
S1_D20_P2,S1_D20,2,8,0,,seed,YBBYGRRBYYBRY,,1,0.7692307692307693
S1_D20_P2,S1_D20,2,8,1,57,output,YBBGRYBBRBBBB,0.46153846153846156,1,0.6153846153846154
S1_D20_P2,S1_D20,2,8,2,58,output,GYGRBBRGYBBBR,0.5384615384615384,1,0.6153846153846154
S1_D20_P2,S1_D20,2,8,3,59,output,YBGRYBYBBBBBB,0.8461538461538461,1,0.46153846153846156
S1_D20_P2,S1_D20,2,8,4,60,output,GYRBRBBRBRBBB,0.6923076923076923,2,0.46153846153846156
S1_D20_P2,S1_D20,2,8,5,61,output,YBGRYBYBYBBBY,0.8461538461538461,1,0.5384615384615384
S1_D20_P2,S1_D20,2,8,6,62,output,GYRBRBBRBBBBR,0.6923076923076923,2,0.46153846153846156
S1_D20_P2,S1_D20,2,8,7,63,output,YBGRYBYBYBBBY,1.0,1,0.5384615384615384
S1_D20_P2,S1_D20,2,8,8,64,output,GYRBRBBRBBBBR,1.0,2,0.46153846153846156
S1_D20_P2,S1_D20,2,9,0,,seed,GRBGYRRYBBYBR,,1,0.7692307692307693
S1_D20_P2,S1_D20,2,9,1,65,output,GRBGYRRBYBYBR,0.8461538461538461,1,0.6153846153846154
S1_D20_P2,S1_D20,2,9,2,66,output,GBGRGBYBYBYBY,0.7692307692307692,1,0.38461538461538464
S1_D20_P2,S1_D20,2,9,3,67,output,GRBGYBGRBRBRB,0.8461538461538461,1,0.5384615384615384
S1_D20_P2,S1_D20,2,9,4,68,output,GBGBRYBYBGBBB,0.6923076923076923,1,0.6153846153846154
S1_D20_P2,S1_D20,2,9,5,69,output,GBRYGYBRBRBRR,0.6153846153846154,1,0.5384615384615384
S1_D20_P2,S1_D20,2,9,6,70,output,GBRBRBYBYBRBR,0.8461538461538461,2,0.38461538461538464
S1_D20_P2,S1_D20,2,9,7,71,output,GBRGYGYBYBRBR,0.8461538461538461,1,0.7692307692307693
S1_D20_P2,S1_D20,2,9,8,72,output,GBRYBYBRBRBRY,0.6153846153846154,1,0.5384615384615384
S1_D20_P2,S1_D20,2,10,0,,seed,YBBBRGRGBRGRB,,2,0.5384615384615384
S1_D20_P2,S1_D20,2,10,1,73,output,BRGRBGRGRBGBR,0.3846153846153846,2,0.46153846153846156
S1_D20_P2,S1_D20,2,10,2,74,output,RBRRGRGRYBRGR,0.6923076923076923,1,0.5384615384615384
S1_D20_P2,S1_D20,2,10,3,75,output,BRGBRGGBRGBRB,1.0,2,0.5384615384615384
S1_D20_P2,S1_D20,2,10,4,76,output,RBRRGRBRYRBRG,0.9230769230769231,1,0.6153846153846154
S1_D20_P2,S1_D20,2,10,5,77,output,BRGBRGGBRGBRB,1.0,2,0.5384615384615384
S1_D20_P2,S1_D20,2,10,6,78,output,RBGRBRBGRBRBR,0.6923076923076923,2,0.38461538461538464
S1_D20_P2,S1_D20,2,10,7,79,output,BRGBRGGBRGBRB,1.0,2,0.5384615384615384
S1_D20_P2,S1_D20,2,10,8,80,output,RBGRBGRBBBBRR,0.7692307692307692,2,0.46153846153846156
S1_D20_P2,S1_D20,2,11,0,,seed,RBGBBBYRBGGRR,,1,0.7692307692307693
S1_D20_P2,S1_D20,2,11,1,81,output,RBGRBRBGBRYYB,0.46153846153846156,2,0.7692307692307693
S1_D20_P2,S1_D20,2,11,2,82,output,GYRGBRGGGGGGG,1.0,1,0.38461538461538464
S1_D20_P2,S1_D20,2,11,3,83,output,GRYBRBGRGBRBR,0.46153846153846156,1,0.6153846153846154
S1_D20_P2,S1_D20,2,11,4,84,output,GRGRBRYBRGRRG,0.3076923076923077,1,0.6153846153846154
S1_D20_P2,S1_D20,2,11,5,85,output,GRYRBRBRBRBRB,0.8461538461538461,2,0.23076923076923078
S1_D20_P2,S1_D20,2,11,6,86,output,GRYGRBGRGRGRG,0.6153846153846154,1,0.46153846153846156
S1_D20_P2,S1_D20,2,11,7,87,output,GRBRRBRBRRBRB,0.6923076923076923,2,0.3076923076923077
S1_D20_P2,S1_D20,2,11,8,88,output,GRYRBRGRGGRRG,0.7692307692307692,1,0.7692307692307693
S1_D20_P2,S1_D20,2,12,0,,seed,RYYGGBBBRRGBR,,1,0.7692307692307693
S1_D20_P2,S1_D20,2,12,1,89,output,RYYGGBBRRGRBR,0.8461538461538461,1,0.7692307692307693
S1_D20_P2,S1_D20,2,12,2,90,output,GGRGRYBRGGGGG,0.9230769230769231,1,0.5384615384615384
S1_D20_P2,S1_D20,2,12,3,91,output,RYRGGRBRBRGRY,0.6153846153846154,1,0.6153846153846154
S1_D20_P2,S1_D20,2,12,4,92,output,GGRYRBGGGGGGG,0.8461538461538461,1,0.38461538461538464
S1_D20_P2,S1_D20,2,12,5,93,output,GBRBYBGRGRGRG,0.6153846153846154,1,0.46153846153846156
S1_D20_P2,S1_D20,2,12,6,94,output,GGRGYBRGGGGGG,0.7692307692307692,1,0.46153846153846156
S1_D20_P2,S1_D20,2,12,7,95,output,GBGYGRGRGRGRG,1.0,2,0.3076923076923077
S1_D20_P2,S1_D20,2,12,8,96,output,GRGYGBGRRGGGG,0.6923076923076923,1,0.6153846153846154
S1_D20_P2,S1_D20,2,13,0,,seed,RYYGGYRBGGYRY,,1,0.5384615384615384
S1_D20_P2,S1_D20,2,13,1,97,output,RYRYGGBRYRYRY,0.6153846153846154,2,0.5384615384615384
S1_D20_P2,S1_D20,2,13,2,98,output,RRRGBRRYGBGYR,0.8461538461538461,1,0.7692307692307693
S1_D20_P2,S1_D20,2,13,3,99,output,RYGYRBRYRRRRR,0.6923076923076923,1,0.5384615384615384
S1_D20_P2,S1_D20,2,13,4,100,output,GBRYRYRYBGBRY,0.3846153846153846,2,0.46153846153846156
S1_D20_P2,S1_D20,2,13,5,101,output,GYBRBRBYRYRYR,0.3846153846153846,1,0.46153846153846156
S1_D20_P2,S1_D20,2,13,6,102,output,GBRYBYBYBGRBR,0.6153846153846154,1,0.5384615384615384
S1_D20_P2,S1_D20,2,13,7,103,output,GYRBRBRYRYRYR,1.0,1,0.38461538461538464
S1_D20_P2,S1_D20,2,13,8,104,output,GYBRBBYBYBRBY,0.6153846153846154,2,0.5384615384615384
S1_D20_P2,S1_D20,2,14,0,,seed,RYGBRGGYBYYYB,,1,0.7692307692307693
S1_D20_P2,S1_D20,2,14,1,105,output,BYGYRGRGRYBYB,0.5384615384615384,1,0.6153846153846154
S1_D20_P2,S1_D20,2,14,2,106,output,YYBYBYRBYBYRG,0.3846153846153846,2,0.38461538461538464
S1_D20_P2,S1_D20,2,14,3,107,output,BGYBGYRGRGRBY,0.8461538461538461,1,0.6153846153846154
S1_D20_P2,S1_D20,2,14,4,108,output,YBYRBYBYRGGRR,0.5384615384615384,2,0.6153846153846154
S1_D20_P2,S1_D20,2,14,5,109,output,BGYBGYBGRBYBR,1.0,2,0.5384615384615384
S1_D20_P2,S1_D20,2,14,6,110,output,YBYRGRRGRBRYR,0.5384615384615384,1,0.6153846153846154
S1_D20_P2,S1_D20,2,14,7,111,output,BGYBGYRBYBRYB,0.7692307692307692,1,0.7692307692307693
S1_D20_P2,S1_D20,2,14,8,112,output,YBRYRBYBYRBYB,0.6923076923076923,2,0.46153846153846156
S1_D20_P2,S1_D20,2,15,0,,seed,YGBGYYRGGBGRR,,1,0.6153846153846154
S1_D20_P2,S1_D20,2,15,1,113,output,YGBYGGYGGRGBG,0.5384615384615384,2,0.6153846153846154
S1_D20_P2,S1_D20,2,15,2,114,output,GBGBYRYRYBYRB,0.6153846153846154,1,0.5384615384615384
S1_D20_P2,S1_D20,2,15,3,115,output,YBGYBGGYGRRBR,0.6923076923076923,1,0.7692307692307693
S1_D20_P2,S1_D20,2,15,4,116,output,GYGBYRBRRRYBR,0.6153846153846154,1,0.7692307692307693
S1_D20_P2,S1_D20,2,15,5,117,output,YBGYBRBRBRBRB,0.8461538461538461,2,0.3076923076923077
S1_D20_P2,S1_D20,2,15,6,118,output,GYBGYBRBRBRBR,1.0,1,0.38461538461538464
S1_D20_P2,S1_D20,2,15,7,119,output,YBRYBRBRBRBRB,1.0,1,0.3076923076923077
S1_D20_P2,S1_D20,2,15,8,120,output,GYBRYRBRBRBRB,0.9230769230769231,1,0.38461538461538464
S1_D22_P1,S1_D22,1,1,0,,seed,GBGBBRGBBRYGR,,2,0.5384615384615384
S1_D22_P1,S1_D22,1,1,1,1,output,GBGBBRGBRGYBB,0.6923076923076923,1,0.6153846153846154
S1_D22_P1,S1_D22,1,1,2,2,output,BRBGBGBYYBRBG,0.7692307692307692,2,0.5384615384615384
S1_D22_P1,S1_D22,1,1,3,3,output,GBGBBRGBRGYBB,1.0,1,0.6153846153846154
S1_D22_P1,S1_D22,1,1,4,4,output,BRBRGYBYBBYBR,0.6923076923076923,1,0.6153846153846154
S1_D22_P1,S1_D22,1,1,5,5,output,GBBBRGYBBBBRB,0.5384615384615384,1,0.5384615384615384
S1_D22_P1,S1_D22,1,1,6,6,output,GBGBYYBYBBYYB,0.9230769230769231,2,0.5384615384615384
S1_D22_P1,S1_D22,1,1,7,7,output,GBBBRGYBBBRBB,0.8461538461538461,2,0.5384615384615384
S1_D22_P1,S1_D22,1,1,8,8,output,GBGBYYBYBBYYB,1.0,2,0.5384615384615384
S1_D22_P1,S1_D22,1,2,0,,seed,YBRBRBBRBGRRY,,2,0.5384615384615384
S1_D22_P1,S1_D22,1,2,1,9,output,YBRBBRBRRBGRB,0.6923076923076923,1,0.6153846153846154
S1_D22_P1,S1_D22,1,2,2,10,output,GRGYGRGYYBGRB,0.6153846153846154,2,0.6153846153846154
S1_D22_P1,S1_D22,1,2,3,11,output,YBRBBRBBRGBBB,1.0,2,0.46153846153846156
S1_D22_P1,S1_D22,1,2,4,12,output,GYGGYBBRYBGBR,0.7692307692307692,1,0.7692307692307693
S1_D22_P1,S1_D22,1,2,5,13,output,YBRBBBRBGBBBB,0.7692307692307692,1,0.5384615384615384
S1_D22_P1,S1_D22,1,2,6,14,output,GYGGYBBRGYBRR,0.8461538461538461,2,0.6153846153846154
S1_D22_P1,S1_D22,1,2,7,15,output,YRBBBBBRBGBBB,0.8461538461538461,2,0.46153846153846156
S1_D22_P1,S1_D22,1,2,8,16,output,GYGGYBBYBRBRY,0.7692307692307692,1,0.7692307692307693
S1_D22_P1,S1_D22,1,3,0,,seed,YRGGYRYRYRGRB,,2,0.5384615384615384
S1_D22_P1,S1_D22,1,3,1,17,output,YRGGYRRYRYRBY,0.7692307692307692,1,0.6153846153846154
S1_D22_P1,S1_D22,1,3,2,18,output,RGRGYGGBYBBGR,0.7692307692307692,1,0.7692307692307693
S1_D22_P1,S1_D22,1,3,3,19,output,GYRRGYRGRRYRB,0.7692307692307692,1,0.7692307692307693
S1_D22_P1,S1_D22,1,3,4,20,output,RGRGYGYRBRBBB,0.9230769230769231,1,0.7692307692307693
S1_D22_P1,S1_D22,1,3,5,21,output,GYRRGYRGRRYBR,1.0,1,0.7692307692307693
S1_D22_P1,S1_D22,1,3,6,22,output,RGRGYRBRBBBRB,0.6923076923076923,1,0.6153846153846154
S1_D22_P1,S1_D22,1,3,7,23,output,GYRRGYRGRRYBR,0.9230769230769231,1,0.7692307692307693
S1_D22_P1,S1_D22,1,3,8,24,output,GRGRGYRRBRRBR,0.7692307692307692,1,0.5384615384615384
S1_D22_P1,S1_D22,1,4,0,,seed,BBBBGYBBGBRBR,,2,0.6153846153846154
S1_D22_P1,S1_D22,1,4,1,25,output,BBBBGYBGBBRBB,0.7692307692307692,1,0.7692307692307693
S1_D22_P1,S1_D22,1,4,2,26,output,GYYYRYGYYRBRB,0.8461538461538461,1,0.6153846153846154
S1_D22_P1,S1_D22,1,4,3,27,output,GBBBYGBBRBRBB,0.7692307692307692,1,0.6153846153846154
S1_D22_P1,S1_D22,1,4,4,28,output,GYYYRYYRBRBRB,0.7692307692307692,1,0.46153846153846156
S1_D22_P1,S1_D22,1,4,5,29,output,GBBBGYRBRBBRR,0.6153846153846154,1,0.7692307692307693
S1_D22_P1,S1_D22,1,4,6,30,output,GYYYRYYRBRBRB,1.0,1,0.46153846153846156
S1_D22_P1,S1_D22,1,4,7,31,output,GBBBGYRBGYBRR,1.0,1,0.6153846153846154
S1_D22_P1,S1_D22,1,4,8,32,output,GYYYRYYRBRBBR,0.8461538461538461,1,0.6153846153846154
S1_D22_P1,S1_D22,1,5,0,,seed,GBYYBGGRYRRRR,,1,0.6153846153846154
S1_D22_P1,S1_D22,1,5,1,33,output,GBYYGBYGBGRRR,0.6153846153846154,2,0.6153846153846154
S1_D22_P1,S1_D22,1,5,2,34,output,GGGYRRBRRBGGG,0.8461538461538461,1,0.6153846153846154
S1_D22_P1,S1_D22,1,5,3,35,output,GBYYGBYGBGRRR,1.0,2,0.6153846153846154
S1_D22_P1,S1_D22,1,5,4,36,output,GGGYRRBRRBGGG,1.0,1,0.6153846153846154
S1_D22_P1,S1_D22,1,5,5,37,output,GBYYGBYGBGBRR,0.9230769230769231,2,0.6153846153846154
S1_D22_P1,S1_D22,1,5,6,38,output,GGGYRRBRRBGGG,1.0,1,0.6153846153846154
S1_D22_P1,S1_D22,1,5,7,39,output,GBYYYGBYGBYRR,0.8461538461538461,1,0.5384615384615384
S1_D22_P1,S1_D22,1,5,8,40,output,GGGYRRBRBGGGG,0.8461538461538461,1,0.6153846153846154
S1_D22_P1,S1_D22,1,6,0,,seed,RBGYYYBGRGYBG,,2,0.6153846153846154
S1_D22_P1,S1_D22,1,6,1,41,output,RBGYYYBGRGRBY,0.8461538461538461,1,0.7692307692307693
S1_D22_P1,S1_D22,1,6,2,42,output,BYGBYYRBYRBYY,0.7692307692307692,2,0.5384615384615384
S1_D22_P1,S1_D22,1,6,3,43,output,BGRYYBGRBRGBY,0.6923076923076923,1,0.7692307692307693
S1_D22_P1,S1_D22,1,6,4,44,output,BYGBYRBRRBBRY,0.8461538461538461,1,0.7692307692307693
S1_D22_P1,S1_D22,1,6,5,45,output,BGYBYYRGRGRBR,0.6923076923076923,1,0.6153846153846154
S1_D22_P1,S1_D22,1,6,6,46,output,BGYBGYRRBRBBR,0.5384615384615384,1,0.7692307692307693
S1_D22_P1,S1_D22,1,6,7,47,output,BGYYRGRGRRBRB,0.5384615384615384,1,0.6153846153846154
S1_D22_P1,S1_D22,1,6,8,48,output,BGBYBGYRBRRBR,0.6153846153846154,1,0.6153846153846154
S1_D22_P1,S1_D22,1,7,0,,seed,GBRGBYYGBBBRR,,1,0.7692307692307693
S1_D22_P1,S1_D22,1,7,1,49,output,GBRYYGBBBRGBB,0.6153846153846154,2,0.6153846153846154
S1_D22_P1,S1_D22,1,7,2,50,output,YRGRGBRBRRRGB,0.6923076923076923,1,0.6153846153846154
S1_D22_P1,S1_D22,1,7,3,51,output,GYRGGYBBBRYBB,0.8461538461538461,1,0.6153846153846154
S1_D22_P1,S1_D22,1,7,4,52,output,GYGRBRRBRBRRR,0.8461538461538461,1,0.5384615384615384
S1_D22_P1,S1_D22,1,7,5,53,output,GYRGYGGRBRRBB,0.7692307692307692,1,0.7692307692307693
S1_D22_P1,S1_D22,1,7,6,54,output,GYGRBRRBRBRRR,1.0,1,0.5384615384615384
S1_D22_P1,S1_D22,1,7,7,55,output,GYRGYRGGRBBRR,0.6923076923076923,1,0.6153846153846154
S1_D22_P1,S1_D22,1,7,8,56,output,GYGBRBRRRRRRR,0.8461538461538461,1,0.38461538461538464
S1_D22_P1,S1_D22,1,8,0,,seed,RBBBGRYYGGRYG,,1,0.6153846153846154
S1_D22_P1,S1_D22,1,8,1,57,output,RBBBYGRYGGRYG,0.8461538461538461,2,0.5384615384615384
S1_D22_P1,S1_D22,1,8,2,58,output,YRBRBGRRRBRBR,0.6153846153846154,2,0.5384615384615384
S1_D22_P1,S1_D22,1,8,3,59,output,YBYGGYGYRYRBY,0.6923076923076923,1,0.7692307692307693
S1_D22_P1,S1_D22,1,8,4,60,output,YRBRBGRGGRBRR,0.9230769230769231,1,0.6153846153846154
S1_D22_P1,S1_D22,1,8,5,61,output,YBYYGGYRBYGYB,0.6153846153846154,1,0.7692307692307693
S1_D22_P1,S1_D22,1,8,6,62,output,YBRRBGRRGRRBR,0.7692307692307692,2,0.6153846153846154
S1_D22_P1,S1_D22,1,8,7,63,output,YRBYGGYYRBYGY,1.0,1,0.5384615384615384
S1_D22_P1,S1_D22,1,8,8,64,output,YRBRBGRBRGRBR,0.8461538461538461,2,0.46153846153846156
S1_D22_P1,S1_D22,1,9,0,,seed,YBGRBYGGGBYRY,,1,0.7692307692307693
S1_D22_P1,S1_D22,1,9,1,65,output,YBGRYBGGGBYRB,0.7692307692307692,1,0.7692307692307693
S1_D22_P1,S1_D22,1,9,2,66,output,GBGGGBYYBYGBY,0.46153846153846156,2,0.6153846153846154
S1_D22_P1,S1_D22,1,9,3,67,output,GBYRGYBYYGYRB,0.6153846153846154,1,0.7692307692307693
S1_D22_P1,S1_D22,1,9,4,68,output,YBBYGGBBYBYBB,0.6923076923076923,2,0.5384615384615384
S1_D22_P1,S1_D22,1,9,5,69,output,BYBYGRBRBYBGY,0.5384615384615384,1,0.7692307692307693
S1_D22_P1,S1_D22,1,9,6,70,output,YBBYGBBBRYBYB,0.8461538461538461,1,0.7692307692307693
S1_D22_P1,S1_D22,1,9,7,71,output,YBYYGRGRBYGYY,0.7692307692307692,1,0.7692307692307693
S1_D22_P1,S1_D22,1,9,8,72,output,YBYBGBBRYBYBB,1.0,2,0.6153846153846154
S1_D22_P1,S1_D22,1,10,0,,seed,YBYYGYRGYYRGG,,1,0.6153846153846154
S1_D22_P1,S1_D22,1,10,1,73,output,YBYYGYRGGYYRG,0.8461538461538461,1,0.6153846153846154
S1_D22_P1,S1_D22,1,10,2,74,output,GBGBYYGRBYGBR,0.6153846153846154,1,0.7692307692307693
S1_D22_P1,S1_D22,1,10,3,75,output,GBYYGYRGYYBGY,0.6923076923076923,1,0.7692307692307693
S1_D22_P1,S1_D22,1,10,4,76,output,GBYYBYYYGBRBY,0.6153846153846154,2,0.6153846153846154
S1_D22_P1,S1_D22,1,10,5,77,output,YBRYBGYBRGYYB,0.5384615384615384,2,0.7692307692307693
S1_D22_P1,S1_D22,1,10,6,78,output,YGBYGBYYBGRBY,0.6153846153846154,1,0.6153846153846154
S1_D22_P1,S1_D22,1,10,7,79,output,YRBYRBGGYRBGY,0.6153846153846154,2,0.5384615384615384
S1_D22_P1,S1_D22,1,10,8,80,output,YGBBGBYYRBYBY,0.6153846153846154,1,0.7692307692307693
S1_D22_P1,S1_D22,1,11,0,,seed,BYRYRGBGYRBGB,,1,0.7692307692307693
S1_D22_P1,S1_D22,1,11,1,81,output,BYRYRBGYBGYRB,0.6923076923076923,1,0.6153846153846154
S1_D22_P1,S1_D22,1,11,2,82,output,BGBGBYRYRGBGY,0.6153846153846154,1,0.6153846153846154
S1_D22_P1,S1_D22,1,11,3,83,output,BGRYRGYBGYBGG,0.5384615384615384,2,0.5384615384615384
S1_D22_P1,S1_D22,1,11,4,84,output,BGBGBRYRYRGBG,1.0,1,0.5384615384615384
S1_D22_P1,S1_D22,1,11,5,85,output,BGRYBGRYGGRRY,0.8461538461538461,1,0.6153846153846154
S1_D22_P1,S1_D22,1,11,6,86,output,BGBGRYRYRGBGR,0.8461538461538461,1,0.46153846153846156
S1_D22_P1,S1_D22,1,11,7,87,output,BBRYBGYGGRRYG,0.8461538461538461,1,0.7692307692307693
S1_D22_P1,S1_D22,1,11,8,88,output,BGBGRYRYRBGBG,0.8461538461538461,2,0.5384615384615384
S1_D22_P1,S1_D22,1,12,0,,seed,GBGGYGYYRBBRR,,1,0.7692307692307693
S1_D22_P1,S1_D22,1,12,1,89,output,GBGYGYYRRBGGB,0.6153846153846154,1,0.7692307692307693
S1_D22_P1,S1_D22,1,12,2,90,output,BBYBYBGGYRBYB,0.6153846153846154,2,0.5384615384615384
S1_D22_P1,S1_D22,1,12,3,91,output,GBGYYBBGYGBRB,0.5384615384615384,1,0.6153846153846154
S1_D22_P1,S1_D22,1,12,4,92,output,BBYBYBGYBYBRB,0.6923076923076923,2,0.46153846153846156
S1_D22_P1,S1_D22,1,12,5,93,output,YBBYGRBGYBBGY,0.3846153846153846,1,0.6153846153846154
S1_D22_P1,S1_D22,1,12,6,94,output,BYBYBGYBYBRYB,0.8461538461538461,2,0.5384615384615384
S1_D22_P1,S1_D22,1,12,7,95,output,YBBYYRYYBGYYB,0.6923076923076923,2,0.6153846153846154
S1_D22_P1,S1_D22,1,12,8,96,output,YBBYGYRBYBRYB,0.8461538461538461,1,0.7692307692307693
S1_D22_P1,S1_D22,1,13,0,,seed,RGGYBBYYGGYBG,,1,0.5384615384615384
S1_D22_P1,S1_D22,1,13,1,97,output,RGYBYYBRGYBGY,0.6153846153846154,2,0.6153846153846154
S1_D22_P1,S1_D22,1,13,2,98,output,YYBRRBRGBYYYY,0.9230769230769231,1,0.6153846153846154
S1_D22_P1,S1_D22,1,13,3,99,output,RGYBYYBGYRGYB,1.0,2,0.6153846153846154
S1_D22_P1,S1_D22,1,13,4,100,output,YYBRRBRGBYYYY,1.0,1,0.6153846153846154
S1_D22_P1,S1_D22,1,13,5,101,output,RGYBYBRGYGYYY,0.7692307692307692,1,0.7692307692307693
S1_D22_P1,S1_D22,1,13,6,102,output,YYBRRBRRBGRYB,0.6923076923076923,1,0.5384615384615384
S1_D22_P1,S1_D22,1,13,7,103,output,YBRGRGBYGYYYY,0.8461538461538461,1,0.6153846153846154
S1_D22_P1,S1_D22,1,13,8,104,output,YBBRRBRBBGRBB,0.8461538461538461,1,0.6153846153846154
S1_D22_P1,S1_D22,1,14,0,,seed,YRGRBGGBGRBYY,,1,0.6153846153846154
S1_D22_P1,S1_D22,1,14,1,105,output,YRGRBGRBGRGRY,0.7692307692307692,2,0.46153846153846156
S1_D22_P1,S1_D22,1,14,2,106,output,RYYYYYBRYBRYB,0.8461538461538461,2,0.3076923076923077
S1_D22_P1,S1_D22,1,14,3,107,output,YRGGRGRBYGYRG,0.5384615384615384,2,0.7692307692307693
S1_D22_P1,S1_D22,1,14,4,108,output,RYYYYYBRYBRYB,1.0,2,0.3076923076923077
S1_D22_P1,S1_D22,1,14,5,109,output,GYRRGGYRRGYBR,0.7692307692307692,1,0.5384615384615384
S1_D22_P1,S1_D22,1,14,6,110,output,RYYYYYBRYBRYB,1.0,2,0.3076923076923077
S1_D22_P1,S1_D22,1,14,7,111,output,RYYYRGYRGBRGY,0.6923076923076923,1,0.5384615384615384
S1_D22_P1,S1_D22,1,14,8,112,output,RYYYYYBRYBRYB,1.0,2,0.3076923076923077
S1_D22_P1,S1_D22,1,15,0,,seed,RYBRRRYBRGGGR,,1,0.6153846153846154
S1_D22_P1,S1_D22,1,15,1,113,output,RYBRYBRRYGGRB,0.6153846153846154,2,0.6153846153846154
S1_D22_P1,S1_D22,1,15,2,114,output,YGYYRYRRGYRBR,0.8461538461538461,1,0.7692307692307693
S1_D22_P1,S1_D22,1,15,3,115,output,RYGYYBYBRYGRY,0.7692307692307692,2,0.7692307692307693
S1_D22_P1,S1_D22,1,15,4,116,output,YGYYYRGYBRBGY,0.6923076923076923,1,0.7692307692307693
S1_D22_P1,S1_D22,1,15,5,117,output,RGYYYGYBRGYYB,0.5384615384615384,2,0.6153846153846154
S1_D22_P1,S1_D22,1,15,6,118,output,YRYYYRYRYGGYR,0.6923076923076923,2,0.6153846153846154
S1_D22_P1,S1_D22,1,15,7,119,output,RGYYYRGBGYYRY,0.6153846153846154,1,0.6153846153846154
S1_D22_P1,S1_D22,1,15,8,120,output,YRYRYGGYGYRYR,0.5384615384615384,2,0.6153846153846154
S1_D22_P2,S1_D22,2,1,0,,seed,BRBGRBRYGBRBB,,2,0.7692307692307693
S1_D22_P2,S1_D22,2,1,1,1,output,BRBGBRBYGBRBB,0.8461538461538461,2,0.5384615384615384
S1_D22_P2,S1_D22,2,1,2,2,output,GBGBBRGBRGYBB,1.0,1,0.6153846153846154
S1_D22_P2,S1_D22,2,1,3,3,output,BRBRGYBBYBRGB,0.5384615384615384,1,0.6153846153846154
S1_D22_P2,S1_D22,2,1,4,4,output,GBGBBRGBRGYBB,1.0,1,0.6153846153846154
S1_D22_P2,S1_D22,2,1,5,5,output,GBGBYYBYBBYBB,0.6153846153846154,2,0.5384615384615384
S1_D22_P2,S1_D22,2,1,6,6,output,GBBBRGYBBBBRB,1.0,1,0.5384615384615384
S1_D22_P2,S1_D22,2,1,7,7,output,GBGBYYBYBBYYB,1.0,2,0.5384615384615384
S1_D22_P2,S1_D22,2,1,8,8,output,GBBBRGYBBYBBB,0.8461538461538461,2,0.6153846153846154
S1_D22_P2,S1_D22,2,2,0,,seed,GRGYGBYYGGRBB,,1,0.7692307692307693
S1_D22_P2,S1_D22,2,2,1,9,output,GRGYGBYYGYRBB,0.9230769230769231,1,0.7692307692307693
S1_D22_P2,S1_D22,2,2,2,10,output,YBRBBRBBRGBBB,0.6923076923076923,2,0.46153846153846156
S1_D22_P2,S1_D22,2,2,3,11,output,GYGRGYBGRYBBR,0.5384615384615384,1,0.7692307692307693
S1_D22_P2,S1_D22,2,2,4,12,output,YBRBBRBBBGBBB,0.9230769230769231,1,0.46153846153846156
S1_D22_P2,S1_D22,2,2,5,13,output,GYGGYBBRYGBRR,0.8461538461538461,1,0.7692307692307693
S1_D22_P2,S1_D22,2,2,6,14,output,YRBBBBBRGBBBB,0.7692307692307692,2,0.38461538461538464
S1_D22_P2,S1_D22,2,2,7,15,output,GYGGYBYBRBRGB,0.6153846153846154,1,0.7692307692307693
S1_D22_P2,S1_D22,2,2,8,16,output,YRBBRBBBBGBBB,0.8461538461538461,1,0.5384615384615384
S1_D22_P2,S1_D22,2,3,0,,seed,RGRGYGRGYGBBR,,2,0.46153846153846156
S1_D22_P2,S1_D22,2,3,1,17,output,RGRGYGGYBGBBR,0.8461538461538461,1,0.7692307692307693
S1_D22_P2,S1_D22,2,3,2,18,output,GYRRGYRYRRYBR,0.5384615384615384,1,0.6153846153846154
S1_D22_P2,S1_D22,2,3,3,19,output,RGRGYGYRBRBBG,0.6923076923076923,1,0.7692307692307693
S1_D22_P2,S1_D22,2,3,4,20,output,GYRRGYRGRRYBR,0.8461538461538461,1,0.7692307692307693
S1_D22_P2,S1_D22,2,3,5,21,output,RGRGYGYRBRBBB,1.0,1,0.7692307692307693
S1_D22_P2,S1_D22,2,3,6,22,output,GYRRGYRYRRYBR,0.9230769230769231,1,0.6153846153846154
S1_D22_P2,S1_D22,2,3,7,23,output,RGRGYRRBRBRBB,0.7692307692307692,1,0.5384615384615384
S1_D22_P2,S1_D22,2,3,8,24,output,GYRRGYRYRRYBR,0.9230769230769231,1,0.6153846153846154
S1_D22_P2,S1_D22,2,4,0,,seed,YGGGRYGYGYBGR,,1,0.6153846153846154
S1_D22_P2,S1_D22,2,4,1,25,output,GYYYRYGRYRYRB,0.3076923076923077,1,0.6153846153846154
S1_D22_P2,S1_D22,2,4,2,26,output,BBBYBGBBRBBBB,0.6923076923076923,2,0.6153846153846154
S1_D22_P2,S1_D22,2,4,3,27,output,GYYYRYYBRYRBR,0.6923076923076923,1,0.7692307692307693
S1_D22_P2,S1_D22,2,4,4,28,output,GBBBYGBRBRRBB,0.8461538461538461,1,0.7692307692307693
S1_D22_P2,S1_D22,2,4,5,29,output,GYYYRYYRBRBRB,1.0,1,0.46153846153846156
S1_D22_P2,S1_D22,2,4,6,30,output,GBBBGYRBGYBRR,0.8461538461538461,1,0.6153846153846154
S1_D22_P2,S1_D22,2,4,7,31,output,GYYYRYYRBRBRB,1.0,1,0.46153846153846156
S1_D22_P2,S1_D22,2,4,8,32,output,GBBGYRBRYBRRR,0.7692307692307692,1,0.7692307692307693
S1_D22_P2,S1_D22,2,5,0,,seed,GGGYRRBRBGGGR,,1,0.7692307692307693
S1_D22_P2,S1_D22,2,5,1,33,output,GGGYRRBRBGGGR,1.0,1,0.7692307692307693
S1_D22_P2,S1_D22,2,5,2,34,output,GBYYGBYGBGRRR,1.0,2,0.6153846153846154
S1_D22_P2,S1_D22,2,5,3,35,output,GGGYRRBRRBGGG,1.0,1,0.6153846153846154
S1_D22_P2,S1_D22,2,5,4,36,output,GBYYGBYGBGRRR,1.0,2,0.6153846153846154
S1_D22_P2,S1_D22,2,5,5,37,output,GGGYRRBRRBGGG,1.0,1,0.6153846153846154
S1_D22_P2,S1_D22,2,5,6,38,output,GBYYGBYGBYGRR,0.8461538461538461,1,0.46153846153846156
S1_D22_P2,S1_D22,2,5,7,39,output,GGGYRRBRRBGGG,1.0,1,0.6153846153846154
S1_D22_P2,S1_D22,2,5,8,40,output,GBYYYGBYGBYRR,1.0,1,0.5384615384615384
S1_D22_P2,S1_D22,2,6,0,,seed,GGYYBRBYYGBYY,,2,0.6153846153846154
S1_D22_P2,S1_D22,2,6,1,41,output,BYGBYRBYYBYYY,0.5384615384615384,2,0.6153846153846154
S1_D22_P2,S1_D22,2,6,2,42,output,BGRYYYBGRGRBR,0.7692307692307692,1,0.7692307692307693
S1_D22_P2,S1_D22,2,6,3,43,output,BYGBYRBYRBBYY,0.8461538461538461,2,0.5384615384615384
S1_D22_P2,S1_D22,2,6,4,44,output,BYGYYBBGRGRBR,0.5384615384615384,1,0.7692307692307693
S1_D22_P2,S1_D22,2,6,5,45,output,BYGBYRBRRBBRY,1.0,1,0.7692307692307693
S1_D22_P2,S1_D22,2,6,6,46,output,BGYBYYRGRBGRR,0.8461538461538461,1,0.7692307692307693
S1_D22_P2,S1_D22,2,6,7,47,output,BYBGYRRBRBBRR,0.8461538461538461,1,0.7692307692307693
S1_D22_P2,S1_D22,2,6,8,48,output,BGYGYRRRBRBRB,0.6923076923076923,1,0.5384615384615384
S1_D22_P2,S1_D22,2,7,0,,seed,YRGBRGBGRBBRR,,1,0.6153846153846154
S1_D22_P2,S1_D22,2,7,1,49,output,YRGRGBGBRRBRR,0.7692307692307692,1,0.6153846153846154
S1_D22_P2,S1_D22,2,7,2,50,output,GYRGYYBBBRBBB,0.6923076923076923,1,0.6153846153846154
S1_D22_P2,S1_D22,2,7,3,51,output,GYGRBRBRRBRRR,0.5384615384615384,2,0.46153846153846156
S1_D22_P2,S1_D22,2,7,4,52,output,GYRGYGGBBBRBR,0.6923076923076923,1,0.7692307692307693
S1_D22_P2,S1_D22,2,7,5,53,output,GYGRBRRBRBRRR,1.0,1,0.5384615384615384
S1_D22_P2,S1_D22,2,7,6,54,output,GYRGYGGRBRRBB,1.0,1,0.7692307692307693
S1_D22_P2,S1_D22,2,7,7,55,output,GYGRBRRBRRRRR,0.9230769230769231,1,0.46153846153846156
S1_D22_P2,S1_D22,2,7,8,56,output,GYRGYRGGRRBBR,0.8461538461538461,1,0.6153846153846154
S1_D22_P2,S1_D22,2,8,0,,seed,BBYRRGBRRRYGB,,1,0.7692307692307693
S1_D22_P2,S1_D22,2,8,1,57,output,YRBRGBRRRBGYB,0.6153846153846154,1,0.7692307692307693
S1_D22_P2,S1_D22,2,8,2,58,output,YRBYGGYGRRYBB,0.46153846153846156,1,0.7692307692307693
S1_D22_P2,S1_D22,2,8,3,59,output,YRBRBGRGRRBRR,0.8461538461538461,1,0.6153846153846154
S1_D22_P2,S1_D22,2,8,4,60,output,YBYYGGYYRYBGR,0.6153846153846154,1,0.7692307692307693
S1_D22_P2,S1_D22,2,8,5,61,output,YRBRRGRGGRRBR,0.7692307692307692,1,0.6153846153846154
S1_D22_P2,S1_D22,2,8,6,62,output,YRBYGGYYRBYGY,0.6923076923076923,1,0.5384615384615384
S1_D22_P2,S1_D22,2,8,7,63,output,YRBRBGRBRBGRB,0.5384615384615384,2,0.3076923076923077
S1_D22_P2,S1_D22,2,8,8,64,output,YRBBGRYGRBYGY,0.7692307692307692,1,0.7692307692307693
S1_D22_P2,S1_D22,2,9,0,,seed,GGBYYYGGBYBYB,,1,0.5384615384615384
S1_D22_P2,S1_D22,2,9,1,65,output,GGBYYYGBYBYBB,0.8461538461538461,1,0.5384615384615384
S1_D22_P2,S1_D22,2,9,2,66,output,GBYRYBGYYBRYB,0.5384615384615384,2,0.6153846153846154
S1_D22_P2,S1_D22,2,9,3,67,output,YBBYGBBYBBYYG,0.3846153846153846,1,0.5384615384615384
S1_D22_P2,S1_D22,2,9,4,68,output,BYGYGRBYYGYRB,0.6923076923076923,1,0.6153846153846154
S1_D22_P2,S1_D22,2,9,5,69,output,YBBYGBBBRBYRB,0.7692307692307692,1,0.7692307692307693
S1_D22_P2,S1_D22,2,9,6,70,output,YBYYGRGRBBYGB,0.5384615384615384,1,0.7692307692307693
S1_D22_P2,S1_D22,2,9,7,71,output,YBYBGBBRYBYBB,0.6923076923076923,2,0.6153846153846154
S1_D22_P2,S1_D22,2,9,8,72,output,GYBGRYBYGYBYG,0.46153846153846156,2,0.5384615384615384
S1_D22_P2,S1_D22,2,10,0,,seed,YBGBBYGGRYRBB,,1,0.7692307692307693
S1_D22_P2,S1_D22,2,10,1,73,output,GBGBBYGRYBGYB,0.6153846153846154,1,0.7692307692307693
S1_D22_P2,S1_D22,2,10,2,74,output,GBYYGYRRGYGYR,0.6923076923076923,2,0.5384615384615384
S1_D22_P2,S1_D22,2,10,3,75,output,GBYBYYYBBGBRR,0.6153846153846154,1,0.7692307692307693
S1_D22_P2,S1_D22,2,10,4,76,output,YBRYRYBGYGBYY,0.5384615384615384,1,0.7692307692307693
S1_D22_P2,S1_D22,2,10,5,77,output,YGBYBYYYGBYGR,0.6153846153846154,2,0.6153846153846154
S1_D22_P2,S1_D22,2,10,6,78,output,YRBYGBYRBGYYB,0.5384615384615384,1,0.7692307692307693
S1_D22_P2,S1_D22,2,10,7,79,output,YGBYBBYYBGRBY,0.9230769230769231,1,0.7692307692307693
S1_D22_P2,S1_D22,2,10,8,80,output,YRBYRBGGYRBGY,1.0,2,0.5384615384615384
S1_D22_P2,S1_D22,2,11,0,,seed,BGBGBRRYRGYRR,,1,0.7692307692307693
S1_D22_P2,S1_D22,2,11,1,81,output,BGBGBRYRGYRRR,0.8461538461538461,1,0.7692307692307693
S1_D22_P2,S1_D22,2,11,2,82,output,BYRYRBYGBGGYB,0.6923076923076923,1,0.7692307692307693
S1_D22_P2,S1_D22,2,11,3,83,output,BGBGBRYRYRGBG,0.8461538461538461,1,0.5384615384615384
S1_D22_P2,S1_D22,2,11,4,84,output,BGRRYGRYGGRRY,0.3846153846153846,2,0.46153846153846156
S1_D22_P2,S1_D22,2,11,5,85,output,BGBGBRYRYRGBG,1.0,1,0.5384615384615384
S1_D22_P2,S1_D22,2,11,6,86,output,BBRYBGRYGGRRY,0.9230769230769231,1,0.7692307692307693
S1_D22_P2,S1_D22,2,11,7,87,output,BGBGRYRYRBGRR,0.8461538461538461,1,0.5384615384615384
S1_D22_P2,S1_D22,2,11,8,88,output,BYRBYYYGRGYBY,0.46153846153846156,1,0.7692307692307693
S1_D22_P2,S1_D22,2,12,0,,seed,BBGBYRYBBRRBR,,1,0.7692307692307693
S1_D22_P2,S1_D22,2,12,1,89,output,BBYBYGYRGYBYR,0.46153846153846156,1,0.6153846153846154
S1_D22_P2,S1_D22,2,12,2,90,output,GBGYGYYGBBRRB,0.6923076923076923,1,0.7692307692307693
S1_D22_P2,S1_D22,2,12,3,91,output,BBYBYBYGBYRBR,0.6923076923076923,1,0.5384615384615384
S1_D22_P2,S1_D22,2,12,4,92,output,GYGBBYYGYGBRB,0.6153846153846154,2,0.6153846153846154
S1_D22_P2,S1_D22,2,12,5,93,output,BBYBYBGYBYBRY,0.9230769230769231,2,0.46153846153846156
S1_D22_P2,S1_D22,2,12,6,94,output,YBBYYRBYYGBYG,0.6153846153846154,2,0.6153846153846154
S1_D22_P2,S1_D22,2,12,7,95,output,YBBYGYBYGBRYB,0.6923076923076923,1,0.6153846153846154
S1_D22_P2,S1_D22,2,12,8,96,output,YYBYYRYYBGYYB,0.9230769230769231,2,0.6153846153846154
S1_D22_P2,S1_D22,2,13,0,,seed,YYBBYRBYYRGBG,,1,0.7692307692307693
S1_D22_P2,S1_D22,2,13,1,97,output,YYBRRBYGBYYYY,0.46153846153846156,1,0.6153846153846154
S1_D22_P2,S1_D22,2,13,2,98,output,RGYBYYBGYRGYB,0.7692307692307692,2,0.6153846153846154
S1_D22_P2,S1_D22,2,13,3,99,output,YYBRRBRGBYYYY,1.0,1,0.6153846153846154
S1_D22_P2,S1_D22,2,13,4,100,output,RGYBYBGRGYYGY,0.6153846153846154,1,0.7692307692307693
S1_D22_P2,S1_D22,2,13,5,101,output,YYBRRBRGBYYYY,1.0,1,0.6153846153846154
S1_D22_P2,S1_D22,2,13,6,102,output,YBRGRGYBGYYYY,0.5384615384615384,1,0.6153846153846154
S1_D22_P2,S1_D22,2,13,7,103,output,YBBRRBRRBGRYB,0.9230769230769231,1,0.5384615384615384
S1_D22_P2,S1_D22,2,13,8,104,output,YBRGRGBYGYYYY,1.0,1,0.6153846153846154
S1_D22_P2,S1_D22,2,14,0,,seed,RYYYYYBRYRRBG,,1,0.5384615384615384
S1_D22_P2,S1_D22,2,14,1,105,output,RYYYYYBRYBRGG,0.8461538461538461,1,0.46153846153846156
S1_D22_P2,S1_D22,2,14,2,106,output,YRGRBBYGGRGYR,0.6153846153846154,1,0.7692307692307693
S1_D22_P2,S1_D22,2,14,3,107,output,RYYYYYBRYBRYB,1.0,2,0.3076923076923077
S1_D22_P2,S1_D22,2,14,4,108,output,GYRRGRGYRRGGR,0.46153846153846156,2,0.5384615384615384
S1_D22_P2,S1_D22,2,14,5,109,output,RYYYYYBRYBRYB,1.0,2,0.3076923076923077
S1_D22_P2,S1_D22,2,14,6,110,output,RYYYRGGYRGYBR,0.6923076923076923,1,0.6153846153846154
S1_D22_P2,S1_D22,2,14,7,111,output,RYYYYYBRYBRYB,1.0,2,0.3076923076923077
S1_D22_P2,S1_D22,2,14,8,112,output,RYYRGYRGBYRGB,0.7692307692307692,2,0.46153846153846156
S1_D22_P2,S1_D22,2,15,0,,seed,YRYGYRGYYRRBR,,1,0.7692307692307693
S1_D22_P2,S1_D22,2,15,1,113,output,YGYYRYRGYRBRB,0.5384615384615384,1,0.7692307692307693
S1_D22_P2,S1_D22,2,15,2,114,output,RYGRYYBYGRYGR,0.5384615384615384,2,0.5384615384615384
S1_D22_P2,S1_D22,2,15,3,115,output,YGYYYRRGYRBRR,0.8461538461538461,1,0.7692307692307693
S1_D22_P2,S1_D22,2,15,4,116,output,RYGYYBYBRYGRB,0.9230769230769231,1,0.7692307692307693
S1_D22_P2,S1_D22,2,15,5,117,output,YYYRYRYGYRGYR,0.5384615384615384,2,0.5384615384615384
S1_D22_P2,S1_D22,2,15,6,118,output,RGYYYGBYGRYYB,0.7692307692307692,1,0.7692307692307693
S1_D22_P2,S1_D22,2,15,7,119,output,YRYYYRYRYGGYR,1.0,2,0.6153846153846154
S1_D22_P2,S1_D22,2,15,8,120,output,RGYYYGRGYBGBR,0.6153846153846154,1,0.7692307692307693
S1_D23_P1,S1_D23,1,1,0,,seed,GRGYRYGGGYBRY,,1,0.7692307692307693
S1_D23_P1,S1_D23,1,1,1,1,output,GRGYRYGGGYRBR,0.8461538461538461,1,0.6153846153846154
S1_D23_P1,S1_D23,1,1,2,2,output,GRYRGYRGGYRGY,0.6923076923076923,1,0.46153846153846156
S1_D23_P1,S1_D23,1,1,3,3,output,GGYGGYRYYYBBG,0.7692307692307692,1,0.7692307692307693
S1_D23_P1,S1_D23,1,1,4,4,output,GYGGRGRGGYRGG,0.6923076923076923,1,0.5384615384615384
S1_D23_P1,S1_D23,1,1,5,5,output,RYYYGYBGRRRRG,1.0,1,0.6153846153846154
S1_D23_P1,S1_D23,1,1,6,6,output,GGYGGGYYYYYYG,1.0,1,0.46153846153846156
S1_D23_P1,S1_D23,1,1,7,7,output,GGYRGYRRRRGGB,0.6923076923076923,1,0.5384615384615384
S1_D23_P1,S1_D23,1,1,8,8,output,GGGYGGGYYGYGY,1.0,1,0.5384615384615384
S1_D23_P1,S1_D23,1,2,0,,seed,RRGYBYBRYRBRB,,1,0.7692307692307693
S1_D23_P1,S1_D23,1,2,1,9,output,RRGYBYBYRBYRB,0.8461538461538461,1,0.46153846153846156
S1_D23_P1,S1_D23,1,2,2,10,output,GGRGBBBBBBBYB,1.0,1,0.38461538461538464
S1_D23_P1,S1_D23,1,2,3,11,output,GRYRYGYBRYRYR,0.6923076923076923,2,0.5384615384615384
S1_D23_P1,S1_D23,1,2,4,12,output,GRGRGBBBBBBBB,0.9230769230769231,2,0.3076923076923077
S1_D23_P1,S1_D23,1,2,5,13,output,GYBGGYRRYRYRY,0.8461538461538461,1,0.5384615384615384
S1_D23_P1,S1_D23,1,2,6,14,output,GRGRGBBBBBBBB,0.9230769230769231,2,0.3076923076923077
S1_D23_P1,S1_D23,1,2,7,15,output,GYGYBRYRYRYRY,1.0,2,0.38461538461538464
S1_D23_P1,S1_D23,1,2,8,16,output,RGRGBBBBBBBBB,1.0,2,0.23076923076923078
S1_D23_P1,S1_D23,1,3,0,,seed,GYRRRGRRGBYYG,,1,0.6153846153846154
S1_D23_P1,S1_D23,1,3,1,17,output,GYRRRGRRBYGYY,0.7692307692307692,1,0.7692307692307693
S1_D23_P1,S1_D23,1,3,2,18,output,GGBGBRYRYRYYR,0.8461538461538461,1,0.5384615384615384
S1_D23_P1,S1_D23,1,3,3,19,output,GRYGRRRYGYYYG,0.6923076923076923,1,0.6153846153846154
S1_D23_P1,S1_D23,1,3,4,20,output,GBGGBGRYRYYRY,0.6923076923076923,1,0.6153846153846154
S1_D23_P1,S1_D23,1,3,5,21,output,GRYRGYGRGYGYR,0.7692307692307692,1,0.5384615384615384
S1_D23_P1,S1_D23,1,3,6,22,output,GBGYRRRRRYYRY,0.7692307692307692,1,0.5384615384615384
S1_D23_P1,S1_D23,1,3,7,23,output,GRYGRRRYRGYGY,0.8461538461538461,1,0.7692307692307693
S1_D23_P1,S1_D23,1,3,8,24,output,GBGBRYRRYRYRY,0.8461538461538461,2,0.5384615384615384
S1_D23_P1,S1_D23,1,4,0,,seed,BGBGYGYRGRGRB,,1,0.6153846153846154
S1_D23_P1,S1_D23,1,4,1,25,output,BGBGYGYGRGBGY,0.6923076923076923,1,0.46153846153846156
S1_D23_P1,S1_D23,1,4,2,26,output,YRGBGBYRBRYBY,0.46153846153846156,1,0.7692307692307693
S1_D23_P1,S1_D23,1,4,3,27,output,GBGBGYRRYRBYG,0.6923076923076923,1,0.7692307692307693
S1_D23_P1,S1_D23,1,4,4,28,output,GRRYRYGYBGYBY,0.8461538461538461,1,0.6153846153846154
S1_D23_P1,S1_D23,1,4,5,29,output,GBGBGYRYRGBRG,1.0,1,0.7692307692307693
S1_D23_P1,S1_D23,1,4,6,30,output,GRGRYBYBBBYBY,0.6923076923076923,1,0.6153846153846154
S1_D23_P1,S1_D23,1,4,7,31,output,RYRYRRGYBGYBB,0.8461538461538461,1,0.6153846153846154
S1_D23_P1,S1_D23,1,4,8,32,output,GRGRGRGYBYBYB,1.0,1,0.38461538461538464
S1_D23_P1,S1_D23,1,5,0,,seed,GBBBYGGGGGRYY,,1,0.5384615384615384
S1_D23_P1,S1_D23,1,5,1,33,output,GBBBYGGGGGRYG,0.9230769230769231,1,0.5384615384615384
S1_D23_P1,S1_D23,1,5,2,34,output,GRYYBRGRBBBBB,0.9230769230769231,1,0.5384615384615384
S1_D23_P1,S1_D23,1,5,3,35,output,GBGYGGGGYBYRB,0.8461538461538461,1,0.6153846153846154
S1_D23_P1,S1_D23,1,5,4,36,output,RGRYRGRBBBBBB,0.8461538461538461,1,0.46153846153846156
S1_D23_P1,S1_D23,1,5,5,37,output,GBGBGYGGGRBGY,0.8461538461538461,1,0.6153846153846154
S1_D23_P1,S1_D23,1,5,6,38,output,RGYRGBBBBBBBB,0.8461538461538461,2,0.3076923076923077
S1_D23_P1,S1_D23,1,5,7,39,output,GBGBGYGGGYGRY,0.6923076923076923,1,0.6153846153846154
S1_D23_P1,S1_D23,1,5,8,40,output,GRGBBBBBBBBBB,0.9230769230769231,2,0.15384615384615385
S1_D23_P1,S1_D23,1,6,0,,seed,GGYYBBBGYGYYB,,2,0.5384615384615384
S1_D23_P1,S1_D23,1,6,1,41,output,GGYYBBBGYYGGY,0.7692307692307692,2,0.6153846153846154
S1_D23_P1,S1_D23,1,6,2,42,output,RRYYRYBBRRYYB,0.6923076923076923,2,0.6153846153846154
S1_D23_P1,S1_D23,1,6,3,43,output,GGYYBBBBGGYGY,0.8461538461538461,1,0.6153846153846154
S1_D23_P1,S1_D23,1,6,4,44,output,BRYYBBRYYBBRY,0.6923076923076923,2,0.3076923076923077
S1_D23_P1,S1_D23,1,6,5,45,output,GGYYBBBBGGGGG,0.9230769230769231,1,0.46153846153846156
S1_D23_P1,S1_D23,1,6,6,46,output,RYBRYRBBRYYRY,0.6923076923076923,2,0.6153846153846154
S1_D23_P1,S1_D23,1,6,7,47,output,GGYYBBBGGGGGG,1.0,1,0.46153846153846156
S1_D23_P1,S1_D23,1,6,8,48,output,RYBRYBRYRRYYY,0.8461538461538461,2,0.5384615384615384
S1_D23_P1,S1_D23,1,7,0,,seed,RGYRYGYBRYRRR,,1,0.7692307692307693
S1_D23_P1,S1_D23,1,7,1,49,output,RGYGYBYBRYRRR,0.8461538461538461,1,0.7692307692307693
S1_D23_P1,S1_D23,1,7,2,50,output,GRYRBRRBBBRGR,0.6923076923076923,1,0.7692307692307693
S1_D23_P1,S1_D23,1,7,3,51,output,GRYBYYBYBYRRR,0.8461538461538461,1,0.6153846153846154
S1_D23_P1,S1_D23,1,7,4,52,output,GRYRRYRRYBRYR,0.7692307692307692,2,0.38461538461538464
S1_D23_P1,S1_D23,1,7,5,53,output,GRYBYBYYBYRRR,1.0,2,0.5384615384615384
S1_D23_P1,S1_D23,1,7,6,54,output,GRYRRYRRYYYBR,0.7692307692307692,2,0.46153846153846156
S1_D23_P1,S1_D23,1,7,7,55,output,GRYBYBYYBYRRR,0.9230769230769231,2,0.5384615384615384
S1_D23_P1,S1_D23,1,7,8,56,output,GRYRRYRYYRYBR,0.7692307692307692,2,0.5384615384615384
S1_D23_P1,S1_D23,1,8,0,,seed,YYGRBBGGBGYRR,,1,0.7692307692307693
S1_D23_P1,S1_D23,1,8,1,57,output,YYGRBGBBGGYGR,0.6923076923076923,1,0.6153846153846154
S1_D23_P1,S1_D23,1,8,2,58,output,GYBGGYBRYRBRG,0.6153846153846154,1,0.7692307692307693
S1_D23_P1,S1_D23,1,8,3,59,output,GYBGGYBGYRRYR,0.6153846153846154,1,0.6153846153846154
S1_D23_P1,S1_D23,1,8,4,60,output,GYRYGYRBGYRYR,0.5384615384615384,2,0.6153846153846154
S1_D23_P1,S1_D23,1,8,5,61,output,GYBGGBGYRBRRR,0.8461538461538461,1,0.7692307692307693
S1_D23_P1,S1_D23,1,8,6,62,output,GRYBGYBGYRBYR,0.7692307692307692,1,0.5384615384615384
S1_D23_P1,S1_D23,1,8,7,63,output,GBGYBGYGYRRRR,0.6923076923076923,1,0.5384615384615384
S1_D23_P1,S1_D23,1,8,8,64,output,GRBGGYBRYRBRY,0.6923076923076923,1,0.6153846153846154
S1_D23_P1,S1_D23,1,9,0,,seed,YYYRBYGYRGGYR,,2,0.6153846153846154
S1_D23_P1,S1_D23,1,9,1,65,output,YYYGBRRGRBYYR,0.5384615384615384,1,0.7692307692307693
S1_D23_P1,S1_D23,1,9,2,66,output,RYBBBGYRYBRBY,0.6153846153846154,1,0.7692307692307693
S1_D23_P1,S1_D23,1,9,3,67,output,GYYYYBGYBYRRR,1.0,1,0.6153846153846154
S1_D23_P1,S1_D23,1,9,4,68,output,RYBBGGYRBRRYY,0.7692307692307692,1,0.7692307692307693
S1_D23_P1,S1_D23,1,9,5,69,output,GYBGBYRRRRRRR,0.9230769230769231,1,0.38461538461538464
S1_D23_P1,S1_D23,1,9,6,70,output,RBBBRGYBBRRBB,0.7692307692307692,2,0.6153846153846154
S1_D23_P1,S1_D23,1,9,7,71,output,GYBGYBYRRRRRR,1.0,1,0.46153846153846156
S1_D23_P1,S1_D23,1,9,8,72,output,RYBBBGYRGYBRB,0.7692307692307692,1,0.7692307692307693
S1_D23_P1,S1_D23,1,10,0,,seed,BRBYGYRBRYYBG,,1,0.7692307692307693
S1_D23_P1,S1_D23,1,10,1,73,output,BRBYGYRBYRBGY,0.7692307692307692,2,0.6153846153846154
S1_D23_P1,S1_D23,1,10,2,74,output,RYYRGGYGRRRRR,0.6923076923076923,1,0.5384615384615384
S1_D23_P1,S1_D23,1,10,3,75,output,GRGRRBRYBRRBR,0.6923076923076923,2,0.5384615384615384
S1_D23_P1,S1_D23,1,10,4,76,output,GRYRBYRGBRRRR,0.7692307692307692,1,0.6153846153846154
S1_D23_P1,S1_D23,1,10,5,77,output,GYRGYRRYGGYRB,0.6153846153846154,1,0.6153846153846154
S1_D23_P1,S1_D23,1,10,6,78,output,GRYBRRGGRYBRR,0.8461538461538461,1,0.46153846153846156
S1_D23_P1,S1_D23,1,10,7,79,output,GRYGRGYGGRRRY,0.5384615384615384,1,0.7692307692307693
S1_D23_P1,S1_D23,1,10,8,80,output,GRYBRYYRBRYBR,0.5384615384615384,2,0.5384615384615384
S1_D23_P1,S1_D23,1,11,0,,seed,YYYBBRRYGYYGB,,1,0.7692307692307693
S1_D23_P1,S1_D23,1,11,1,81,output,YYYBBRRYGYBRY,0.7692307692307692,1,0.7692307692307693
S1_D23_P1,S1_D23,1,11,2,82,output,GRYBGRRGRGRGB,0.7692307692307692,1,0.5384615384615384
S1_D23_P1,S1_D23,1,11,3,83,output,GBYBYYBYBBYRR,0.8461538461538461,1,0.6153846153846154
S1_D23_P1,S1_D23,1,11,4,84,output,GRYGRGYGYRGYR,0.6153846153846154,2,0.6153846153846154
S1_D23_P1,S1_D23,1,11,5,85,output,GGBYBBYBYBBYB,0.9230769230769231,1,0.38461538461538464
S1_D23_P1,S1_D23,1,11,6,86,output,GYRGYRRRGYRRG,1.0,2,0.46153846153846156
S1_D23_P1,S1_D23,1,11,7,87,output,BGYBGYBBYBBBY,0.6923076923076923,1,0.5384615384615384
S1_D23_P1,S1_D23,1,11,8,88,output,GYRGRRGGYYRGY,0.8461538461538461,1,0.6153846153846154
S1_D23_P1,S1_D23,1,12,0,,seed,GGYYRYGRYRYRY,,1,0.5384615384615384
S1_D23_P1,S1_D23,1,12,1,89,output,GGYYRGYRYRYRR,0.7692307692307692,1,0.5384615384615384
S1_D23_P1,S1_D23,1,12,2,90,output,GRYYGGRBBBRGY,0.6923076923076923,1,0.7692307692307693
S1_D23_P1,S1_D23,1,12,3,91,output,GYRGYGYGGYRRR,0.8461538461538461,2,0.6153846153846154
S1_D23_P1,S1_D23,1,12,4,92,output,GRRRRBBGYBRRY,0.6923076923076923,1,0.6153846153846154
S1_D23_P1,S1_D23,1,12,5,93,output,GYRYYYRGRRRRR,0.7692307692307692,1,0.5384615384615384
S1_D23_P1,S1_D23,1,12,6,94,output,BBRYBRRBBBRRB,0.7692307692307692,2,0.5384615384615384
S1_D23_P1,S1_D23,1,12,7,95,output,GRYRRGRYRRGYR,0.7692307692307692,1,0.46153846153846156
S1_D23_P1,S1_D23,1,12,8,96,output,RYYRRYBRYYBRR,0.7692307692307692,2,0.6153846153846154
S1_D23_P1,S1_D23,1,13,0,,seed,BRGBYYBGBGGYG,,1,0.7692307692307693
S1_D23_P1,S1_D23,1,13,1,97,output,BRBRYYBRGBGBG,0.6153846153846154,1,0.6153846153846154
S1_D23_P1,S1_D23,1,13,2,98,output,GYBYBYRYRBGYG,0.6923076923076923,1,0.6153846153846154
S1_D23_P1,S1_D23,1,13,3,99,output,GYRBGYRRYRBGY,0.6153846153846154,2,0.46153846153846156
S1_D23_P1,S1_D23,1,13,4,100,output,GRYRYBRYBRGYR,0.7692307692307692,2,0.5384615384615384
S1_D23_P1,S1_D23,1,13,5,101,output,GRYRYRYRGGGRR,0.8461538461538461,1,0.46153846153846156
S1_D23_P1,S1_D23,1,13,6,102,output,GRRBYRRBYGGRR,0.5384615384615384,2,0.5384615384615384
S1_D23_P1,S1_D23,1,13,7,103,output,GYRYRRYRGGGGG,0.8461538461538461,1,0.46153846153846156
S1_D23_P1,S1_D23,1,13,8,104,output,GYBBGRYBRGGYG,0.7692307692307692,1,0.7692307692307693
S1_D23_P1,S1_D23,1,14,0,,seed,BYBGGYYYBYYGG,,1,0.7692307692307693
S1_D23_P1,S1_D23,1,14,1,105,output,BYBGGYYBYYYBG,0.7692307692307692,2,0.6153846153846154
S1_D23_P1,S1_D23,1,14,2,106,output,GRYRGRGRYBGYG,0.8461538461538461,2,0.6153846153846154
S1_D23_P1,S1_D23,1,14,3,107,output,GRYBYBYBBGYBR,1.0,1,0.5384615384615384
S1_D23_P1,S1_D23,1,14,4,108,output,GRYRRRYBGYRRB,0.6153846153846154,1,0.6153846153846154
S1_D23_P1,S1_D23,1,14,5,109,output,GRBRBYBBYBGRB,0.6923076923076923,2,0.6153846153846154
S1_D23_P1,S1_D23,1,14,6,110,output,GRBGRBYGBGBYB,0.46153846153846156,1,0.7692307692307693
S1_D23_P1,S1_D23,1,14,7,111,output,GYBYYBYYGRBBY,0.8461538461538461,1,0.5384615384615384
S1_D23_P1,S1_D23,1,14,8,112,output,GRBGRBYGRYBYG,0.6923076923076923,2,0.6153846153846154
S1_D23_P1,S1_D23,1,15,0,,seed,BRBYBGRYGYYGB,,1,0.7692307692307693
S1_D23_P1,S1_D23,1,15,1,113,output,BRBYBYGRGYYYG,0.6923076923076923,1,0.7692307692307693
S1_D23_P1,S1_D23,1,15,2,114,output,GRYBGGGYYYYYY,1.0,1,0.46153846153846156
S1_D23_P1,S1_D23,1,15,3,115,output,GRYBBYRYBBBYR,0.8461538461538461,1,0.46153846153846156
S1_D23_P1,S1_D23,1,15,4,116,output,GRYBGGBGGYBYY,1.0,1,0.6153846153846154
S1_D23_P1,S1_D23,1,15,5,117,output,GRYBGBGBYRYRR,0.8461538461538461,1,0.6153846153846154
S1_D23_P1,S1_D23,1,15,6,118,output,GRYBGGBYBYBYB,0.8461538461538461,1,0.46153846153846156
S1_D23_P1,S1_D23,1,15,7,119,output,GRYBGBGBRYBRB,0.7692307692307692,1,0.5384615384615384
S1_D23_P1,S1_D23,1,15,8,120,output,GRYBGGGGBYBYB,0.8461538461538461,1,0.5384615384615384
S1_D23_P2,S1_D23,2,1,0,,seed,GRYRYRGRRGRRY,,1,0.46153846153846156
S1_D23_P2,S1_D23,2,1,1,1,output,GRYRGRYRGGYYR,0.5384615384615384,1,0.5384615384615384
S1_D23_P2,S1_D23,2,1,2,2,output,GGYGGRYYYBGRG,0.3846153846153846,1,0.7692307692307693
S1_D23_P2,S1_D23,2,1,3,3,output,GYGRRGGRGRYGG,0.46153846153846156,1,0.7692307692307693
S1_D23_P2,S1_D23,2,1,4,4,output,RYYYGYBGRRRRG,0.3076923076923077,1,0.6153846153846154
S1_D23_P2,S1_D23,2,1,5,5,output,GGYGGGYYYYYYG,0.46153846153846156,1,0.46153846153846156
S1_D23_P2,S1_D23,2,1,6,6,output,GYYRGGYRRRRBB,0.46153846153846156,1,0.6153846153846154
S1_D23_P2,S1_D23,2,1,7,7,output,GGGYGGGYYGYGY,0.6923076923076923,1,0.5384615384615384
S1_D23_P2,S1_D23,2,1,8,8,output,GGGYYRGGGBYBG,0.3846153846153846,1,0.7692307692307693
S1_D23_P2,S1_D23,2,2,0,,seed,GRRGGYBYYGGBB,,1,0.7692307692307693
S1_D23_P2,S1_D23,2,2,1,9,output,GGRGBBBBBBBYB,0.3846153846153846,1,0.38461538461538464
S1_D23_P2,S1_D23,2,2,2,10,output,GRYRRYGYYBRYR,0.3846153846153846,2,0.6153846153846154
S1_D23_P2,S1_D23,2,2,3,11,output,GRGRGRBBBBBBB,0.7692307692307692,1,0.3076923076923077
S1_D23_P2,S1_D23,2,2,4,12,output,GYBGGYRYRYRYR,0.6153846153846154,1,0.38461538461538464
S1_D23_P2,S1_D23,2,2,5,13,output,GRGRBBBBBBBBB,0.9230769230769231,2,0.23076923076923078
S1_D23_P2,S1_D23,2,2,6,14,output,GYGYBRYRYRYRY,0.6923076923076923,2,0.38461538461538464
S1_D23_P2,S1_D23,2,2,7,15,output,RGRGBBBBBBBBB,0.8461538461538461,2,0.23076923076923078
S1_D23_P2,S1_D23,2,2,8,16,output,GYGYGBRYRYYRY,0.8461538461538461,1,0.6153846153846154
S1_D23_P2,S1_D23,2,3,0,,seed,BGBRRRBGRRBYR,,1,0.6153846153846154
S1_D23_P2,S1_D23,2,3,1,17,output,GGBGBRYRYRYRY,0.3846153846153846,2,0.38461538461538464
S1_D23_P2,S1_D23,2,3,2,18,output,GRYGGRRRYYGYY,0.6153846153846154,1,0.7692307692307693
S1_D23_P2,S1_D23,2,3,3,19,output,GGBGBGRYYRYRY,0.6923076923076923,1,0.5384615384615384
S1_D23_P2,S1_D23,2,3,4,20,output,GRYRGRYYRGYYR,0.5384615384615384,1,0.5384615384615384
S1_D23_P2,S1_D23,2,3,5,21,output,GBGYRYRRRYRYY,0.5384615384615384,1,0.6153846153846154
S1_D23_P2,S1_D23,2,3,6,22,output,GRYGRRRYGRYGY,0.6153846153846154,2,0.5384615384615384
S1_D23_P2,S1_D23,2,3,7,23,output,GBGBRYRRRYRYR,0.6923076923076923,1,0.6153846153846154
S1_D23_P2,S1_D23,2,3,8,24,output,GRYGRRRYGRYRG,0.6923076923076923,2,0.5384615384615384
S1_D23_P2,S1_D23,2,4,0,,seed,RGBYYRBGGYBGY,,1,0.7692307692307693
S1_D23_P2,S1_D23,2,4,1,25,output,GRYBBGBRYYRYB,0.3076923076923077,2,0.6153846153846154
S1_D23_P2,S1_D23,2,4,2,26,output,GBGBGYRYRRBBY,0.6153846153846154,1,0.7692307692307693
S1_D23_P2,S1_D23,2,4,3,27,output,GRRYRYBGYBYBY,0.46153846153846156,1,0.6153846153846154
S1_D23_P2,S1_D23,2,4,4,28,output,GBGBGYRYRGBRG,0.7692307692307692,1,0.7692307692307693
S1_D23_P2,S1_D23,2,4,5,29,output,GRGRYBBBYBYYB,0.5384615384615384,1,0.7692307692307693
S1_D23_P2,S1_D23,2,4,6,30,output,RYRYRGYBGYBBG,0.3076923076923077,1,0.6153846153846154
S1_D23_P2,S1_D23,2,4,7,31,output,GRGRGRGYBYBYB,0.6153846153846154,1,0.38461538461538464
S1_D23_P2,S1_D23,2,4,8,32,output,RRYRRBGBGBYRY,0.5384615384615384,1,0.6153846153846154
S1_D23_P2,S1_D23,2,5,0,,seed,RYBGYYYGRYRBB,,1,0.7692307692307693
S1_D23_P2,S1_D23,2,5,1,33,output,GRYYBRGBBBBBB,0.3076923076923077,1,0.46153846153846156
S1_D23_P2,S1_D23,2,5,2,34,output,GBGYGGGGYBGYR,0.5384615384615384,1,0.5384615384615384
S1_D23_P2,S1_D23,2,5,3,35,output,RGRYRBBBBBBBB,0.6153846153846154,2,0.3076923076923077
S1_D23_P2,S1_D23,2,5,4,36,output,GBGBGYGGGYRBG,0.6153846153846154,1,0.7692307692307693
S1_D23_P2,S1_D23,2,5,5,37,output,GRGYRGBBBBBBB,0.7692307692307692,1,0.38461538461538464
S1_D23_P2,S1_D23,2,5,6,38,output,GBGBGYGGGRYBG,0.8461538461538461,1,0.7692307692307693
S1_D23_P2,S1_D23,2,5,7,39,output,GRGRBBBBBBBBB,0.7692307692307692,2,0.23076923076923078
S1_D23_P2,S1_D23,2,5,8,40,output,GBGBGYGGYGRGG,0.7692307692307692,1,0.6153846153846154
S1_D23_P2,S1_D23,2,6,0,,seed,RRYYBBYYBYBBR,,1,0.5384615384615384
S1_D23_P2,S1_D23,2,6,1,41,output,RRYYRBBRYBYBB,0.7692307692307692,1,0.7692307692307693
S1_D23_P2,S1_D23,2,6,2,42,output,GGYYBBBBGYGGY,0.8461538461538461,2,0.6153846153846154
S1_D23_P2,S1_D23,2,6,3,43,output,BRYBBRYRYYBYY,0.46153846153846156,1,0.7692307692307693
S1_D23_P2,S1_D23,2,6,4,44,output,GGYYBBBGGGGGG,0.7692307692307692,1,0.46153846153846156
S1_D23_P2,S1_D23,2,6,5,45,output,RYBRBRYRBRYRY,0.5384615384615384,2,0.46153846153846156
S1_D23_P2,S1_D23,2,6,6,46,output,GGYYBBBGGGGGG,0.9230769230769231,1,0.46153846153846156
S1_D23_P2,S1_D23,2,6,7,47,output,RYBRYRRYRYYYY,0.7692307692307692,2,0.5384615384615384
S1_D23_P2,S1_D23,2,6,8,48,output,GGYYBBBGGGGGG,1.0,1,0.46153846153846156
S1_D23_P2,S1_D23,2,7,0,,seed,BRGGYGYRRBRBG,,1,0.7692307692307693
S1_D23_P2,S1_D23,2,7,1,49,output,GRYRBBRBRBGGG,0.3846153846153846,1,0.6153846153846154
S1_D23_P2,S1_D23,2,7,2,50,output,GRYBYYBYYRRRR,0.5384615384615384,1,0.46153846153846156
S1_D23_P2,S1_D23,2,7,3,51,output,GRYRRYRYBRRRB,0.5384615384615384,1,0.6153846153846154
S1_D23_P2,S1_D23,2,7,4,52,output,GRYBYBYYBYRRR,0.8461538461538461,2,0.5384615384615384
S1_D23_P2,S1_D23,2,7,5,53,output,GRYRYRRYYRBYR,0.7692307692307692,1,0.6153846153846154
S1_D23_P2,S1_D23,2,7,6,54,output,GRYBYBYYBRRRR,0.9230769230769231,1,0.5384615384615384
S1_D23_P2,S1_D23,2,7,7,55,output,GRYRRYRYRYYBB,0.7692307692307692,2,0.5384615384615384
S1_D23_P2,S1_D23,2,7,8,56,output,GRYBYYBYBYBBR,0.6923076923076923,2,0.5384615384615384
S1_D23_P2,S1_D23,2,8,0,,seed,YGBRYBRGRBRRB,,1,0.7692307692307693
S1_D23_P2,S1_D23,2,8,1,57,output,GYBGBYYBGRBRR,0.6153846153846154,1,0.6153846153846154
S1_D23_P2,S1_D23,2,8,2,58,output,GYBGBGGYRYRRY,0.3846153846153846,1,0.7692307692307693
S1_D23_P2,S1_D23,2,8,3,59,output,GYRYRYGGRYRBG,0.5384615384615384,1,0.5384615384615384
S1_D23_P2,S1_D23,2,8,4,60,output,GYBGGBGYYRBRR,0.6923076923076923,1,0.7692307692307693
S1_D23_P2,S1_D23,2,8,5,61,output,GRYBBGYBGBRYR,0.6153846153846154,1,0.7692307692307693
S1_D23_P2,S1_D23,2,8,6,62,output,GYBGYGYBRRRRR,0.6923076923076923,2,0.5384615384615384
S1_D23_P2,S1_D23,2,8,7,63,output,GRYBGYGYBRYRR,0.6923076923076923,1,0.7692307692307693
S1_D23_P2,S1_D23,2,8,8,64,output,GBGYBYRRRRRRR,0.6923076923076923,1,0.38461538461538464
S1_D23_P2,S1_D23,2,9,0,,seed,RYBBYRBRBBYGR,,1,0.6153846153846154
S1_D23_P2,S1_D23,2,9,1,65,output,GRYBBBGYBYGRR,0.5384615384615384,1,0.7692307692307693
S1_D23_P2,S1_D23,2,9,2,66,output,GYYYYBGYBYRRR,0.46153846153846156,1,0.6153846153846154
S1_D23_P2,S1_D23,2,9,3,67,output,RYBBGGBRYRRYR,0.6153846153846154,2,0.6153846153846154
S1_D23_P2,S1_D23,2,9,4,68,output,GYBGYYRRRRRRR,0.46153846153846156,1,0.38461538461538464
S1_D23_P2,S1_D23,2,9,5,69,output,RBBBRGYBBRYRR,0.5384615384615384,1,0.6153846153846154
S1_D23_P2,S1_D23,2,9,6,70,output,GYBGYBYRRRRRR,0.8461538461538461,1,0.46153846153846156
S1_D23_P2,S1_D23,2,9,7,71,output,RYBBBGYRBBYBB,0.6153846153846154,2,0.6153846153846154
S1_D23_P2,S1_D23,2,9,8,72,output,GBGYYYRRRRRRR,0.7692307692307692,1,0.38461538461538464
S1_D23_P2,S1_D23,2,10,0,,seed,RYGYBGGGGGRRB,,1,0.5384615384615384
S1_D23_P2,S1_D23,2,10,1,73,output,RYRYRGGGYGRRR,0.6923076923076923,1,0.7692307692307693
S1_D23_P2,S1_D23,2,10,2,74,output,GRGRRYBBRRBRR,0.3846153846153846,1,0.6153846153846154
S1_D23_P2,S1_D23,2,10,3,75,output,GRYRBYGRRRRRR,0.6153846153846154,1,0.46153846153846156
S1_D23_P2,S1_D23,2,10,4,76,output,GRYRYRGYRGGRB,0.3846153846153846,1,0.5384615384615384
S1_D23_P2,S1_D23,2,10,5,77,output,GRYBRRGRYBRRR,0.6153846153846154,1,0.46153846153846156
S1_D23_P2,S1_D23,2,10,6,78,output,GYRGRYYGYGBRY,0.6153846153846154,1,0.7692307692307693
S1_D23_P2,S1_D23,2,10,7,79,output,GRYBGRYGRYYRY,0.6923076923076923,1,0.6153846153846154
S1_D23_P2,S1_D23,2,10,8,80,output,GRYBBYGYRYRRY,0.6153846153846154,1,0.7692307692307693
S1_D23_P2,S1_D23,2,11,0,,seed,BYRGBYGBGRGRR,,1,0.7692307692307693
S1_D23_P2,S1_D23,2,11,1,81,output,GRYBGRRGRGYRR,0.46153846153846156,1,0.7692307692307693
S1_D23_P2,S1_D23,2,11,2,82,output,GBYBYYBBYBYRR,0.3846153846153846,2,0.5384615384615384
S1_D23_P2,S1_D23,2,11,3,83,output,GRYRGGRYGGBYR,0.46153846153846156,1,0.7692307692307693
S1_D23_P2,S1_D23,2,11,4,84,output,GGBYBBYBYBBYR,0.7692307692307692,2,0.46153846153846156
S1_D23_P2,S1_D23,2,11,5,85,output,GYRGYRRRGYRRG,0.5384615384615384,2,0.46153846153846156
S1_D23_P2,S1_D23,2,11,6,86,output,BGYBYBYBBYBYB,0.6153846153846154,2,0.3076923076923077
S1_D23_P2,S1_D23,2,11,7,87,output,GYRGYRRGGYYRG,0.8461538461538461,2,0.6153846153846154
S1_D23_P2,S1_D23,2,11,8,88,output,GYGBBBBBYBBBB,0.6153846153846154,2,0.38461538461538464
S1_D23_P2,S1_D23,2,12,0,,seed,RGYYYRGYBGBBB,,1,0.7692307692307693
S1_D23_P2,S1_D23,2,12,1,89,output,GRYYGGYRYBBGG,0.46153846153846156,1,0.7692307692307693
S1_D23_P2,S1_D23,2,12,2,90,output,GYRGYGYGYRRRR,0.5384615384615384,2,0.46153846153846156
S1_D23_P2,S1_D23,2,12,3,91,output,GRYRRRBBGYYBY,0.46153846153846156,0,0.7692307692307693
S1_D23_P2,S1_D23,2,12,4,92,output,GYRGYGYGRRRRR,0.8461538461538461,1,0.46153846153846156
S1_D23_P2,S1_D23,2,12,5,93,output,BBRYRRBBBRBBB,0.3846153846153846,2,0.5384615384615384
S1_D23_P2,S1_D23,2,12,6,94,output,GRYRRYRYRRRGR,0.6153846153846154,1,0.5384615384615384
S1_D23_P2,S1_D23,2,12,7,95,output,RYYRRYBYRRYBR,0.46153846153846156,2,0.46153846153846156
S1_D23_P2,S1_D23,2,12,8,96,output,GGRYRRGYGRGRY,0.6153846153846154,2,0.6153846153846154
S1_D23_P2,S1_D23,2,13,0,,seed,RBBRBBRGBRRBG,,2,0.6153846153846154
S1_D23_P2,S1_D23,2,13,1,97,output,GYBYRYBRRBGBG,0.46153846153846156,1,0.7692307692307693
S1_D23_P2,S1_D23,2,13,2,98,output,GYRYBYRBYRRBY,0.23076923076923073,2,0.5384615384615384
S1_D23_P2,S1_D23,2,13,3,99,output,GRYRYBYBYRGYG,0.6923076923076923,1,0.6153846153846154
S1_D23_P2,S1_D23,2,13,4,100,output,GRYRYRYGGGGGR,0.3076923076923077,1,0.38461538461538464
S1_D23_P2,S1_D23,2,13,5,101,output,GRRBYRYRRGRGG,0.46153846153846156,1,0.7692307692307693
S1_D23_P2,S1_D23,2,13,6,102,output,GYRYRYRRGGGGG,0.6923076923076923,1,0.38461538461538464
S1_D23_P2,S1_D23,2,13,7,103,output,GYBBGRYBBGGGY,0.46153846153846156,1,0.5384615384615384
S1_D23_P2,S1_D23,2,13,8,104,output,GYRYRRRGGGGGG,0.8461538461538461,1,0.46153846153846156
S1_D23_P2,S1_D23,2,14,0,,seed,RGGRGRGYBYBGR,,1,0.6153846153846154
S1_D23_P2,S1_D23,2,14,1,105,output,GRYRGRGRYBRGG,0.46153846153846156,2,0.6153846153846154
S1_D23_P2,S1_D23,2,14,2,106,output,GRYBYBYBBGYBR,0.3846153846153846,1,0.5384615384615384
S1_D23_P2,S1_D23,2,14,3,107,output,GRYRRGRYBYGYG,0.8461538461538461,1,0.7692307692307693
S1_D23_P2,S1_D23,2,14,4,108,output,GRBRYBYBYBYGB,0.6153846153846154,1,0.46153846153846156
S1_D23_P2,S1_D23,2,14,5,109,output,GRYBRYRYBGGYG,0.5384615384615384,2,0.6153846153846154
S1_D23_P2,S1_D23,2,14,6,110,output,GRYBYYBYYGRBB,0.6153846153846154,1,0.5384615384615384
S1_D23_P2,S1_D23,2,14,7,111,output,GRBGRBYRBGYBY,0.7692307692307692,1,0.6153846153846154
S1_D23_P2,S1_D23,2,14,8,112,output,GYBYBYBGYBBYB,0.6923076923076923,2,0.46153846153846156
S1_D23_P2,S1_D23,2,15,0,,seed,BYRBRYGGGYYYY,,1,0.6153846153846154
S1_D23_P2,S1_D23,2,15,1,113,output,GRYBGGGYYYYYY,0.46153846153846156,1,0.46153846153846156
S1_D23_P2,S1_D23,2,15,2,114,output,GRYBBYRYBBYBY,0.3076923076923077,1,0.46153846153846156
S1_D23_P2,S1_D23,2,15,3,115,output,GRYBGGBGGYBYY,0.6923076923076923,1,0.6153846153846154
S1_D23_P2,S1_D23,2,15,4,116,output,GRYBGBGBYYRYR,0.5384615384615384,1,0.6153846153846154
S1_D23_P2,S1_D23,2,15,5,117,output,GRYBGGBGYBYBY,0.8461538461538461,1,0.6153846153846154
S1_D23_P2,S1_D23,2,15,6,118,output,GRYBBGBRYBYRR,0.7692307692307692,1,0.6153846153846154
S1_D23_P2,S1_D23,2,15,7,119,output,GRYBGGGBYBYBY,0.8461538461538461,1,0.5384615384615384
S1_D23_P2,S1_D23,2,15,8,120,output,GRYBGGBGBYRBY,0.6923076923076923,1,0.7692307692307693
S1_D30_P1,S1_D30,1,1,0,,seed,RRYGBBRYRGYGY,,1,0.7692307692307693
S1_D30_P1,S1_D30,1,1,1,1,output,RRYYGBRGBRRBY,0.46153846153846156,1,0.6153846153846154
S1_D30_P1,S1_D30,1,1,2,2,output,YRBBGYRRBGYGB,0.5384615384615384,1,0.6153846153846154
S1_D30_P1,S1_D30,1,1,3,3,output,RYYBGGGRYYGBR,0.3846153846153846,1,0.7692307692307693
S1_D30_P1,S1_D30,1,1,4,4,output,RYGBYGYBRRYGY,0.5384615384615384,2,0.6153846153846154
S1_D30_P1,S1_D30,1,1,5,5,output,RYYGBYGYBRGRB,0.46153846153846156,1,0.7692307692307693
S1_D30_P1,S1_D30,1,1,6,6,output,RYRBGYRBRGYRB,0.46153846153846156,2,0.46153846153846156
S1_D30_P1,S1_D30,1,1,7,7,output,RYGBYGBRGBRYG,0.46153846153846156,2,0.5384615384615384
S1_D30_P1,S1_D30,1,1,8,8,output,RYRBGRBRGYGYB,0.6153846153846154,1,0.7692307692307693
S1_D30_P1,S1_D30,1,2,0,,seed,YRRRYBRBRRRRG,,1,0.6153846153846154
S1_D30_P1,S1_D30,1,2,1,9,output,YRRRBYRBGRRRR,0.6923076923076923,1,0.6153846153846154
S1_D30_P1,S1_D30,1,2,2,10,output,YRYGGBYRYGYBG,0.6153846153846154,1,0.6153846153846154
S1_D30_P1,S1_D30,1,2,3,11,output,YRYBYGYBGYRBR,0.5384615384615384,1,0.7692307692307693
S1_D30_P1,S1_D30,1,2,4,12,output,YRYBGGGGYBGBR,0.5384615384615384,1,0.5384615384615384
S1_D30_P1,S1_D30,1,2,5,13,output,YRBGYGYRYBYBY,0.46153846153846156,1,0.6153846153846154
S1_D30_P1,S1_D30,1,2,6,14,output,YRYBBYGYRBGYR,0.5384615384615384,2,0.6153846153846154
S1_D30_P1,S1_D30,1,2,7,15,output,YRGYBYBYBYBYB,0.7692307692307692,2,0.23076923076923078
S1_D30_P1,S1_D30,1,2,8,16,output,YRYGBGBYBYBYG,0.46153846153846156,1,0.5384615384615384
S1_D30_P1,S1_D30,1,3,0,,seed,RYGRBGGRRRGBY,,1,0.7692307692307693
S1_D30_P1,S1_D30,1,3,1,17,output,YRGRRGYBYRGBY,0.5384615384615384,2,0.7692307692307693
S1_D30_P1,S1_D30,1,3,2,18,output,RBRGGGRYRGRBG,0.6153846153846154,1,0.7692307692307693
S1_D30_P1,S1_D30,1,3,3,19,output,RGRBRYRGBGBRY,0.46153846153846156,1,0.6153846153846154
S1_D30_P1,S1_D30,1,3,4,20,output,RGRRYRGBYGRBG,0.46153846153846156,1,0.7692307692307693
S1_D30_P1,S1_D30,1,3,5,21,output,RGBRYGGRBGRGR,0.7692307692307692,1,0.7692307692307693
S1_D30_P1,S1_D30,1,3,6,22,output,RGBRYRGRYBRBR,0.7692307692307692,1,0.7692307692307693
S1_D30_P1,S1_D30,1,3,7,23,output,RGBYRRGRBRYBY,0.5384615384615384,1,0.7692307692307693
S1_D30_P1,S1_D30,1,3,8,24,output,RGBYRGRRYRGYB,0.6153846153846154,2,0.6153846153846154
S1_D30_P1,S1_D30,1,4,0,,seed,GYBRGRRGRGYRG,,2,0.6153846153846154
S1_D30_P1,S1_D30,1,4,1,25,output,GYGBRRYGBYGRG,0.5384615384615384,2,0.6153846153846154
S1_D30_P1,S1_D30,1,4,2,26,output,BRGYBBYYBYYBB,0.8461538461538461,2,0.5384615384615384
S1_D30_P1,S1_D30,1,4,3,27,output,GYGRGYGBYGRGY,0.46153846153846156,2,0.46153846153846156
S1_D30_P1,S1_D30,1,4,4,28,output,BRGYBBYYBYBBY,0.8461538461538461,2,0.5384615384615384
S1_D30_P1,S1_D30,1,4,5,29,output,GYBRGYYGRGYBG,0.6153846153846154,2,0.6153846153846154
S1_D30_P1,S1_D30,1,4,6,30,output,BRGYBBYBYYBBY,0.8461538461538461,2,0.5384615384615384
S1_D30_P1,S1_D30,1,4,7,31,output,BYGYBGYYGBYGR,0.3846153846153846,1,0.7692307692307693
S1_D30_P1,S1_D30,1,4,8,32,output,YBGRYBBYBGBGR,0.7692307692307692,2,0.6153846153846154
S1_D30_P1,S1_D30,1,5,0,,seed,RBGRYGRRYBBGY,,1,0.7692307692307693
S1_D30_P1,S1_D30,1,5,1,33,output,RYGRBBRYGRYBG,0.46153846153846156,1,0.6153846153846154
S1_D30_P1,S1_D30,1,5,2,34,output,RRGRYRGRBGRRB,0.46153846153846156,1,0.6153846153846154
S1_D30_P1,S1_D30,1,5,3,35,output,RGYBRYYRGYBGR,0.5384615384615384,1,0.6153846153846154
S1_D30_P1,S1_D30,1,5,4,36,output,RGYBRGRYGYBRG,0.5384615384615384,2,0.46153846153846156
S1_D30_P1,S1_D30,1,5,5,37,output,RGYBRYRGGBGRY,0.7692307692307692,1,0.7692307692307693
S1_D30_P1,S1_D30,1,5,6,38,output,RGYBRGRGRYBRG,0.7692307692307692,2,0.46153846153846156
S1_D30_P1,S1_D30,1,5,7,39,output,RGYBRYYRBYGRG,0.5384615384615384,1,0.7692307692307693
S1_D30_P1,S1_D30,1,5,8,40,output,RYBRYYRGRBYGR,0.5384615384615384,1,0.7692307692307693
S1_D30_P1,S1_D30,1,6,0,,seed,RYBYRRYGRYGYR,,2,0.6153846153846154
S1_D30_P1,S1_D30,1,6,1,41,output,RBYRYRYGYYRBY,0.5384615384615384,1,0.6153846153846154
S1_D30_P1,S1_D30,1,6,2,42,output,RBYRYYBRBGRYB,0.6153846153846154,1,0.7692307692307693
S1_D30_P1,S1_D30,1,6,3,43,output,RBYRYRBYGRBRY,0.6923076923076923,1,0.7692307692307693
S1_D30_P1,S1_D30,1,6,4,44,output,RYRYRGRBRYGRB,0.5384615384615384,1,0.6153846153846154
S1_D30_P1,S1_D30,1,6,5,45,output,RBRYRGRBRYRBG,0.6153846153846154,1,0.5384615384615384
S1_D30_P1,S1_D30,1,6,6,46,output,RYYRGRYRBRGRY,0.6153846153846154,2,0.5384615384615384
S1_D30_P1,S1_D30,1,6,7,47,output,RBRYRGRBRYGRB,0.8461538461538461,2,0.5384615384615384
S1_D30_P1,S1_D30,1,6,8,48,output,RYRGRYYRBGYGB,0.6153846153846154,1,0.7692307692307693
S1_D30_P1,S1_D30,1,7,0,,seed,RRGGBYGGYBRRY,,1,0.7692307692307693
S1_D30_P1,S1_D30,1,7,1,49,output,RRGGBBYGRBYGY,0.6153846153846154,1,0.6153846153846154
S1_D30_P1,S1_D30,1,7,2,50,output,GGRRBGRYGRGRY,0.46153846153846156,2,0.6153846153846154
S1_D30_P1,S1_D30,1,7,3,51,output,GGRRBBYGYGRBY,0.7692307692307692,1,0.7692307692307693
S1_D30_P1,S1_D30,1,7,4,52,output,GRBGRGBGRGRGR,0.7692307692307692,2,0.46153846153846156
S1_D30_P1,S1_D30,1,7,5,53,output,GGRRBBYGGRYBY,0.7692307692307692,1,0.7692307692307693
S1_D30_P1,S1_D30,1,7,6,54,output,GBGYGRGBGRYGR,0.6153846153846154,1,0.6153846153846154
S1_D30_P1,S1_D30,1,7,7,55,output,GGRRBBYGRYRGY,0.7692307692307692,1,0.7692307692307693
S1_D30_P1,S1_D30,1,7,8,56,output,GBYGYGRGBYGYY,0.7692307692307692,2,0.5384615384615384
S1_D30_P1,S1_D30,1,8,0,,seed,YRGRYYGYGYYRG,,1,0.6153846153846154
S1_D30_P1,S1_D30,1,8,1,57,output,YGRYRGGYBYGRY,0.5384615384615384,1,0.6153846153846154
S1_D30_P1,S1_D30,1,8,2,58,output,GYRRBGRYBYGRG,0.46153846153846156,1,0.7692307692307693
S1_D30_P1,S1_D30,1,8,3,59,output,GRRYGYRYRBBYG,0.46153846153846156,1,0.7692307692307693
S1_D30_P1,S1_D30,1,8,4,60,output,GGYRBGRYGYBYG,0.7692307692307692,1,0.7692307692307693
S1_D30_P1,S1_D30,1,8,5,61,output,RRYBGRYBGRYGY,0.3846153846153846,2,0.38461538461538464
S1_D30_P1,S1_D30,1,8,6,62,output,GGYRBRGYGRYBR,0.7692307692307692,1,0.7692307692307693
S1_D30_P1,S1_D30,1,8,7,63,output,RRYBRBRGBRYRB,0.46153846153846156,1,0.7692307692307693
S1_D30_P1,S1_D30,1,8,8,64,output,GGYRBRYRBGRBG,0.6923076923076923,1,0.5384615384615384
S1_D30_P1,S1_D30,1,9,0,,seed,BBBRGRGRRRBBG,,1,0.6153846153846154
S1_D30_P1,S1_D30,1,9,1,65,output,RRGRBRBBRGGBR,0.3076923076923077,1,0.7692307692307693
S1_D30_P1,S1_D30,1,9,2,66,output,RYGBRYYGRBGBY,0.6923076923076923,1,0.7692307692307693
S1_D30_P1,S1_D30,1,9,3,67,output,RBRBRGYBRGBRG,0.5384615384615384,2,0.5384615384615384
S1_D30_P1,S1_D30,1,9,4,68,output,RYYRGRBGBGYRG,0.3846153846153846,1,0.6153846153846154
S1_D30_P1,S1_D30,1,9,5,69,output,RBRBYGRRBRYRB,0.6153846153846154,1,0.7692307692307693
S1_D30_P1,S1_D30,1,9,6,70,output,RGYRYRGYBRGRY,0.5384615384615384,1,0.7692307692307693
S1_D30_P1,S1_D30,1,9,7,71,output,RRGGRBRGYGRBB,0.46153846153846156,1,0.6153846153846154
S1_D30_P1,S1_D30,1,9,8,72,output,RGYRYGYRBYGRG,0.6153846153846154,1,0.6153846153846154
S1_D30_P1,S1_D30,1,10,0,,seed,RRBGYYRRRGYGR,,1,0.7692307692307693
S1_D30_P1,S1_D30,1,10,1,73,output,RRBGYRGRBRYRG,0.5384615384615384,1,0.6153846153846154
S1_D30_P1,S1_D30,1,10,2,74,output,GYRBGRYBGRYGY,0.46153846153846156,1,0.5384615384615384
S1_D30_P1,S1_D30,1,10,3,75,output,RYGRYRGRYRBRG,0.5384615384615384,2,0.5384615384615384
S1_D30_P1,S1_D30,1,10,4,76,output,YBGRGRBYGBGYR,0.6153846153846154,1,0.7692307692307693
S1_D30_P1,S1_D30,1,10,5,77,output,RGRYGYBYRGYGB,0.3846153846153846,1,0.7692307692307693
S1_D30_P1,S1_D30,1,10,6,78,output,BYRGRBRYRGYBG,0.6153846153846154,1,0.6153846153846154
S1_D30_P1,S1_D30,1,10,7,79,output,RGYRGYGRBGGRY,0.6153846153846154,1,0.7692307692307693
S1_D30_P1,S1_D30,1,10,8,80,output,BYRGGRYBRBRYR,0.6153846153846154,1,0.7692307692307693
S1_D30_P1,S1_D30,1,11,0,,seed,BRRYBGYYYYGGG,,1,0.6153846153846154
S1_D30_P1,S1_D30,1,11,1,81,output,BRYRBRYYGYGBG,0.6153846153846154,1,0.7692307692307693
S1_D30_P1,S1_D30,1,11,2,82,output,RGRYRBRRBRGRY,0.3076923076923077,1,0.5384615384615384
S1_D30_P1,S1_D30,1,11,3,83,output,RBYYRBGRYBYRG,0.46153846153846156,1,0.7692307692307693
S1_D30_P1,S1_D30,1,11,4,84,output,RGRYGYGRRBBYB,0.5384615384615384,1,0.7692307692307693
S1_D30_P1,S1_D30,1,11,5,85,output,RBRRBGRGRYRBR,0.6153846153846154,2,0.7692307692307693
S1_D30_P1,S1_D30,1,11,6,86,output,RGYBRGRYRBYGR,0.6923076923076923,1,0.7692307692307693
S1_D30_P1,S1_D30,1,11,7,87,output,RYGRBRGRYBYGR,0.3846153846153846,2,0.6153846153846154
S1_D30_P1,S1_D30,1,11,8,88,output,RGBYRBYGYGRBR,0.5384615384615384,1,0.7692307692307693
S1_D30_P1,S1_D30,1,12,0,,seed,YGYBBGRRBGYBB,,1,0.5384615384615384
S1_D30_P1,S1_D30,1,12,1,89,output,YGGYBGRGYRBGR,0.46153846153846156,1,0.6153846153846154
S1_D30_P1,S1_D30,1,12,2,90,output,GRBGRYBGRYGRB,0.46153846153846156,2,0.5384615384615384
S1_D30_P1,S1_D30,1,12,3,91,output,YGYBYRGYBGRYB,0.46153846153846156,1,0.6153846153846154
S1_D30_P1,S1_D30,1,12,4,92,output,RGRBYGRGYGRBY,0.5384615384615384,2,0.5384615384615384
S1_D30_P1,S1_D30,1,12,5,93,output,YGYBYRYGYBGBG,0.6153846153846154,1,0.6153846153846154
S1_D30_P1,S1_D30,1,12,6,94,output,RBRBGYRYGYBYG,0.3846153846153846,1,0.7692307692307693
S1_D30_P1,S1_D30,1,12,7,95,output,GYBGRBGYGBRGY,0.3846153846153846,1,0.7692307692307693
S1_D30_P1,S1_D30,1,12,8,96,output,RBRBRGRBGRGBR,0.6923076923076923,1,0.7692307692307693
S1_D30_P1,S1_D30,1,13,0,,seed,GBGYRGGYRGYGR,,1,0.5384615384615384
S1_D30_P1,S1_D30,1,13,1,97,output,GRGBRGRGYBYGR,0.6153846153846154,1,0.7692307692307693
S1_D30_P1,S1_D30,1,13,2,98,output,GYBRGBYGRGBYG,0.6153846153846154,1,0.46153846153846156
S1_D30_P1,S1_D30,1,13,3,99,output,GYGRBGRGYRYGB,0.5384615384615384,1,0.7692307692307693
S1_D30_P1,S1_D30,1,13,4,100,output,GYBRGBYGYBRGB,0.6153846153846154,1,0.46153846153846156
S1_D30_P1,S1_D30,1,13,5,101,output,GYBGYGYBYRGBG,0.46153846153846156,2,0.7692307692307693
S1_D30_P1,S1_D30,1,13,6,102,output,GYBRGBGYBYGRY,0.6153846153846154,1,0.7692307692307693
S1_D30_P1,S1_D30,1,13,7,103,output,GYBGYGRGYBRGR,0.6923076923076923,2,0.7692307692307693
S1_D30_P1,S1_D30,1,13,8,104,output,GRBGRGYGBGRYG,0.6153846153846154,2,0.6153846153846154
S1_D30_P1,S1_D30,1,14,0,,seed,YRGYGRYYRRGYY,,1,0.6153846153846154
S1_D30_P1,S1_D30,1,14,1,105,output,YRGYGRGYRGBGR,0.6153846153846154,2,0.6153846153846154
S1_D30_P1,S1_D30,1,14,2,106,output,YGGBRGYBYGRBY,0.46153846153846156,1,0.7692307692307693
S1_D30_P1,S1_D30,1,14,3,107,output,GYRGYBYRGRGRG,0.6153846153846154,1,0.46153846153846156
S1_D30_P1,S1_D30,1,14,4,108,output,YBGRGYRGBYGRG,0.5384615384615384,2,0.6153846153846154
S1_D30_P1,S1_D30,1,14,5,109,output,GYBGRGYGRYGRB,0.5384615384615384,1,0.6153846153846154
S1_D30_P1,S1_D30,1,14,6,110,output,YGRGRYGRBGRYG,0.7692307692307692,2,0.5384615384615384
S1_D30_P1,S1_D30,1,14,7,111,output,RGBYGYGRBRGBY,0.46153846153846156,1,0.6153846153846154
S1_D30_P1,S1_D30,1,14,8,112,output,YGRYGRGYRBYRG,0.6923076923076923,1,0.7692307692307693
S1_D30_P1,S1_D30,1,15,0,,seed,BGRYRYRRGRYBB,,2,0.5384615384615384
S1_D30_P1,S1_D30,1,15,1,113,output,GRBGRGRBYRGRB,0.46153846153846156,2,0.5384615384615384
S1_D30_P1,S1_D30,1,15,2,114,output,RGYRGRYBGRYGB,0.3846153846153846,1,0.6153846153846154
S1_D30_P1,S1_D30,1,15,3,115,output,GRBGRGYGBRGBG,0.6153846153846154,1,0.7692307692307693
S1_D30_P1,S1_D30,1,15,4,116,output,GYRGYBYBRRGRG,0.6153846153846154,1,0.7692307692307693
S1_D30_P1,S1_D30,1,15,5,117,output,GRBGRYRGYGRBY,0.7692307692307692,2,0.7692307692307693
S1_D30_P1,S1_D30,1,15,6,118,output,GYBGYGBRGRRGR,0.46153846153846156,1,0.6153846153846154
S1_D30_P1,S1_D30,1,15,7,119,output,GRBGRYYGRBGBR,0.6923076923076923,2,0.6153846153846154
S1_D30_P1,S1_D30,1,15,8,120,output,GRBYRBBRGRGYR,0.5384615384615384,1,0.7692307692307693
S1_D30_P2,S1_D30,2,1,0,,seed,YRRRBRGGGRGGG,,1,0.5384615384615384
S1_D30_P2,S1_D30,2,1,1,1,output,YRRBGRBRBGRBY,0.46153846153846156,2,0.46153846153846156
S1_D30_P2,S1_D30,2,1,2,2,output,RRYYGBRGBRGRB,0.8461538461538461,1,0.5384615384615384
S1_D30_P2,S1_D30,2,1,3,3,output,YRBBGYBGGYBGY,0.6153846153846154,2,0.5384615384615384
S1_D30_P2,S1_D30,2,1,4,4,output,RYYBGGGRYYBGB,0.8461538461538461,1,0.5384615384615384
S1_D30_P2,S1_D30,2,1,5,5,output,RYBGRYYGBRYBR,0.46153846153846156,2,0.7692307692307693
S1_D30_P2,S1_D30,2,1,6,6,output,RYYGBRBGRYBRB,0.6153846153846154,1,0.6153846153846154
S1_D30_P2,S1_D30,2,1,7,7,output,RYRBYGRBGBBYR,0.5384615384615384,1,0.7692307692307693
S1_D30_P2,S1_D30,2,1,8,8,output,RYBGYGBRGRBGR,0.6153846153846154,1,0.7692307692307693
S1_D30_P2,S1_D30,2,2,0,,seed,RGGGGYBRBRGRG,,1,0.6153846153846154
S1_D30_P2,S1_D30,2,2,1,9,output,RYGGGGYRBGRBG,0.6923076923076923,1,0.5384615384615384
S1_D30_P2,S1_D30,2,2,2,10,output,YRBGYRBGRRRBB,0.6153846153846154,1,0.6153846153846154
S1_D30_P2,S1_D30,2,2,3,11,output,YRBYGGRBGGYGB,0.5384615384615384,1,0.7692307692307693
S1_D30_P2,S1_D30,2,2,4,12,output,RYBYBGYBYBRBR,0.6923076923076923,2,0.5384615384615384
S1_D30_P2,S1_D30,2,2,5,13,output,YRBGGGYRBYRBY,0.5384615384615384,1,0.5384615384615384
S1_D30_P2,S1_D30,2,2,6,14,output,YRBGYRBYBYBYB,0.6923076923076923,1,0.46153846153846156
S1_D30_P2,S1_D30,2,2,7,15,output,YRBYYBGRBGRBY,0.46153846153846156,2,0.5384615384615384
S1_D30_P2,S1_D30,2,2,8,16,output,YRGYBYBYBYBYB,1.0,2,0.23076923076923078
S1_D30_P2,S1_D30,2,3,0,,seed,RGGGBYGRRBRRY,,1,0.7692307692307693
S1_D30_P2,S1_D30,2,3,1,17,output,RBGGGRGYBRBRB,0.46153846153846156,1,0.6153846153846154
S1_D30_P2,S1_D30,2,3,2,18,output,RGRRGYBYRGYBR,0.7692307692307692,2,0.5384615384615384
S1_D30_P2,S1_D30,2,3,3,19,output,RBRGGGRYRGRBR,0.9230769230769231,1,0.7692307692307693
S1_D30_P2,S1_D30,2,3,4,20,output,RGBRYRGBRGRGR,0.6153846153846154,2,0.5384615384615384
S1_D30_P2,S1_D30,2,3,5,21,output,RGRRYBRGRBRBR,0.6153846153846154,1,0.6153846153846154
S1_D30_P2,S1_D30,2,3,6,22,output,RGBYRYBRGRGRG,0.6153846153846154,1,0.5384615384615384
S1_D30_P2,S1_D30,2,3,7,23,output,RGBRYRGRBRGBY,0.7692307692307692,1,0.7692307692307693
S1_D30_P2,S1_D30,2,3,8,24,output,RGBYRRGRBRYBY,1.0,1,0.7692307692307693
S1_D30_P2,S1_D30,2,4,0,,seed,BRRGYBYBBBYYB,,1,0.7692307692307693
S1_D30_P2,S1_D30,2,4,1,25,output,BRRGYBBYYBYYB,0.7692307692307692,2,0.5384615384615384
S1_D30_P2,S1_D30,2,4,2,26,output,GYGGBRYGYRBYG,0.5384615384615384,1,0.7692307692307693
S1_D30_P2,S1_D30,2,4,3,27,output,BRGYBBYYBYYBB,1.0,2,0.5384615384615384
S1_D30_P2,S1_D30,2,4,4,28,output,GYGGRGYBGYGBG,0.6153846153846154,2,0.7692307692307693
S1_D30_P2,S1_D30,2,4,5,29,output,BRGYBBYYBYBBY,1.0,2,0.5384615384615384
S1_D30_P2,S1_D30,2,4,6,30,output,BGYYYGRGYBRBG,0.5384615384615384,1,0.7692307692307693
S1_D30_P2,S1_D30,2,4,7,31,output,YBGRYBBYBBRGY,0.46153846153846156,2,0.6153846153846154
S1_D30_P2,S1_D30,2,4,8,32,output,BYGYBYGRBYBYG,0.6153846153846154,2,0.5384615384615384
S1_D30_P2,S1_D30,2,5,0,,seed,BBGRRYYBRGBGG,,1,0.7692307692307693
S1_D30_P2,S1_D30,2,5,1,33,output,BRGGBGGRYBRGB,0.46153846153846156,1,0.7692307692307693
S1_D30_P2,S1_D30,2,5,2,34,output,RGYBBRYBYGRGY,0.46153846153846156,1,0.7692307692307693
S1_D30_P2,S1_D30,2,5,3,35,output,RRGYRYRGRBGYR,0.7692307692307692,2,0.6153846153846154
S1_D30_P2,S1_D30,2,5,4,36,output,RGYBRYRGYBGYB,0.7692307692307692,1,0.5384615384615384
S1_D30_P2,S1_D30,2,5,5,37,output,RGYBRGGRYBRBR,0.6923076923076923,1,0.6153846153846154
S1_D30_P2,S1_D30,2,5,6,38,output,RGYBRYRGGBRBR,0.7692307692307692,1,0.7692307692307693
S1_D30_P2,S1_D30,2,5,7,39,output,RGYBRGRGRGRBY,0.6923076923076923,1,0.46153846153846156
S1_D30_P2,S1_D30,2,5,8,40,output,RGYBRYRBRGRBR,0.6923076923076923,2,0.6153846153846154
S1_D30_P2,S1_D30,2,6,0,,seed,GRRYRBRRGBRGY,,1,0.7692307692307693
S1_D30_P2,S1_D30,2,6,1,41,output,RGYBRYYRBRGRB,0.3846153846153846,1,0.7692307692307693
S1_D30_P2,S1_D30,2,6,2,42,output,RBYYRBYGRBYBR,0.5384615384615384,1,0.6153846153846154
S1_D30_P2,S1_D30,2,6,3,43,output,RBYYRBGRBYRGB,0.6153846153846154,2,0.7692307692307693
S1_D30_P2,S1_D30,2,6,4,44,output,RBYRGRBGRBYBR,0.6153846153846154,2,0.6153846153846154
S1_D30_P2,S1_D30,2,6,5,45,output,RYRYRGRBRGYRB,0.8461538461538461,1,0.7692307692307693
S1_D30_P2,S1_D30,2,6,6,46,output,RBRYRGRBRYRGR,0.8461538461538461,1,0.38461538461538464
S1_D30_P2,S1_D30,2,6,7,47,output,RYYRGRYRBRGBG,0.8461538461538461,1,0.7692307692307693
S1_D30_P2,S1_D30,2,6,8,48,output,RBRYRGRBRYRGR,0.8461538461538461,1,0.38461538461538464
S1_D30_P2,S1_D30,2,7,0,,seed,YGGRRRRRGBGRG,,1,0.5384615384615384
S1_D30_P2,S1_D30,2,7,1,49,output,YGGRRBYRGBYBR,0.6153846153846154,1,0.7692307692307693
S1_D30_P2,S1_D30,2,7,2,50,output,GGRRBBYGRBRGY,0.6153846153846154,1,0.7692307692307693
S1_D30_P2,S1_D30,2,7,3,51,output,GRBGYBGRGRGRG,0.5384615384615384,1,0.46153846153846156
S1_D30_P2,S1_D30,2,7,4,52,output,GGRRBBYGYBRYB,0.7692307692307692,1,0.7692307692307693
S1_D30_P2,S1_D30,2,7,5,53,output,GRBGRGRBGRGRG,0.8461538461538461,2,0.38461538461538464
S1_D30_P2,S1_D30,2,7,6,54,output,GGRRBBYGGRYBY,1.0,1,0.7692307692307693
S1_D30_P2,S1_D30,2,7,7,55,output,GBYGYBGRGBGYG,0.6923076923076923,1,0.7692307692307693
S1_D30_P2,S1_D30,2,7,8,56,output,RGYBRYRGBRBYB,0.3076923076923077,1,0.7692307692307693
S1_D30_P2,S1_D30,2,8,0,,seed,RYGBRBRYGRGYR,,1,0.7692307692307693
S1_D30_P2,S1_D30,2,8,1,57,output,RYGBRBRRYRGRB,0.6923076923076923,1,0.7692307692307693
S1_D30_P2,S1_D30,2,8,2,58,output,YGRYRRGYGRBYB,0.6153846153846154,1,0.7692307692307693
S1_D30_P2,S1_D30,2,8,3,59,output,GGYRBGRBYGRBY,0.6153846153846154,2,0.5384615384615384
S1_D30_P2,S1_D30,2,8,4,60,output,GRRYGYRYRRBYB,0.8461538461538461,1,0.7692307692307693
S1_D30_P2,S1_D30,2,8,5,61,output,GGYRBGYGGYRBR,0.6153846153846154,2,0.5384615384615384
S1_D30_P2,S1_D30,2,8,6,62,output,RRYBGRYBGRGYG,0.8461538461538461,1,0.46153846153846156
S1_D30_P2,S1_D30,2,8,7,63,output,GGYRBRGYBGYBR,0.8461538461538461,2,0.6153846153846154
S1_D30_P2,S1_D30,2,8,8,64,output,RRYGRYRBGRBRB,0.6153846153846154,1,0.7692307692307693
S1_D30_P2,S1_D30,2,9,0,,seed,RYGRBGBYGBRBB,,1,0.7692307692307693
S1_D30_P2,S1_D30,2,9,1,65,output,RYGBRYGRYGRBR,0.6153846153846154,1,0.5384615384615384
S1_D30_P2,S1_D30,2,9,2,66,output,RRBGRBGYGRBRB,0.46153846153846156,2,0.5384615384615384
S1_D30_P2,S1_D30,2,9,3,67,output,RYGBRYYGRBGYB,0.8461538461538461,1,0.7692307692307693
S1_D30_P2,S1_D30,2,9,4,68,output,RBRBRGYBRGBRB,0.9230769230769231,1,0.5384615384615384
S1_D30_P2,S1_D30,2,9,5,69,output,RGYRGYRBGRBYB,0.5384615384615384,1,0.6153846153846154
S1_D30_P2,S1_D30,2,9,6,70,output,RBRBYYGRBGYRB,0.7692307692307692,1,0.7692307692307693
S1_D30_P2,S1_D30,2,9,7,71,output,RGYRGYBRGYRGB,0.6153846153846154,2,0.5384615384615384
S1_D30_P2,S1_D30,2,9,8,72,output,RGRGGRBYGRBRB,0.6923076923076923,1,0.6153846153846154
S1_D30_P2,S1_D30,2,10,0,,seed,GYYRRRRBYYBRY,,1,0.6153846153846154
S1_D30_P2,S1_D30,2,10,1,73,output,GYYRBRGRBYRBR,0.6923076923076923,2,0.5384615384615384
S1_D30_P2,S1_D30,2,10,2,74,output,RRYGYRBGRGBRY,0.6153846153846154,1,0.7692307692307693
S1_D30_P2,S1_D30,2,10,3,75,output,YGBRGRBYRYGYG,0.5384615384615384,1,0.7692307692307693
S1_D30_P2,S1_D30,2,10,4,76,output,RYRGYRBRBGRBY,0.46153846153846156,1,0.7692307692307693
S1_D30_P2,S1_D30,2,10,5,77,output,BYRGGRBYYGRBB,0.3846153846153846,1,0.6153846153846154
S1_D30_P2,S1_D30,2,10,6,78,output,RGYYGRYGRBYRB,0.5384615384615384,1,0.6153846153846154
S1_D30_P2,S1_D30,2,10,7,79,output,BYRGGRBRYBGRB,0.6923076923076923,1,0.6153846153846154
S1_D30_P2,S1_D30,2,10,8,80,output,RGYRGGRBGRBRY,0.7692307692307692,1,0.6153846153846154
S1_D30_P2,S1_D30,2,11,0,,seed,GBBRRRBYGBGGB,,1,0.7692307692307693
S1_D30_P2,S1_D30,2,11,1,81,output,GBBRRBYGGBBRB,0.6923076923076923,1,0.6153846153846154
S1_D30_P2,S1_D30,2,11,2,82,output,BRYYRBYRBGGRB,0.46153846153846156,1,0.6153846153846154
S1_D30_P2,S1_D30,2,11,3,83,output,RGRYRBGRYBRBR,0.6923076923076923,1,0.6153846153846154
S1_D30_P2,S1_D30,2,11,4,84,output,RBYYRBGRBYRBG,0.8461538461538461,2,0.5384615384615384
S1_D30_P2,S1_D30,2,11,5,85,output,RGGYBRGRBYGRB,0.46153846153846156,1,0.6153846153846154
S1_D30_P2,S1_D30,2,11,6,86,output,RBRRBGRRYRBRB,0.8461538461538461,2,0.7692307692307693
S1_D30_P2,S1_D30,2,11,7,87,output,RBGYRBYGRBYRB,0.46153846153846156,2,0.6153846153846154
S1_D30_P2,S1_D30,2,11,8,88,output,RBGYRGRYBYYBG,0.5384615384615384,1,0.7692307692307693
S1_D30_P2,S1_D30,2,12,0,,seed,YYBGGBRRYGRYG,,1,0.6153846153846154
S1_D30_P2,S1_D30,2,12,1,89,output,YYBGGBRRBYGRY,0.8461538461538461,0,0.7692307692307693
S1_D30_P2,S1_D30,2,12,2,90,output,YYGYBGRBRBRGR,0.6923076923076923,1,0.6153846153846154
S1_D30_P2,S1_D30,2,12,3,91,output,GRBGRBYRBYRBG,0.6153846153846154,1,0.46153846153846156
S1_D30_P2,S1_D30,2,12,4,92,output,YGBYGYGRYBYBR,0.5384615384615384,1,0.7692307692307693
S1_D30_P2,S1_D30,2,12,5,93,output,RGBYYBRGYGRBB,0.6923076923076923,1,0.7692307692307693
S1_D30_P2,S1_D30,2,12,6,94,output,YGBYGBRGYBRBG,0.6153846153846154,1,0.7692307692307693
S1_D30_P2,S1_D30,2,12,7,95,output,RBRBGRGYRBGRB,0.5384615384615384,2,0.5384615384615384
S1_D30_P2,S1_D30,2,12,8,96,output,GYBGRBGYGYBGY,0.8461538461538461,2,0.6153846153846154
S1_D30_P2,S1_D30,2,13,0,,seed,GYBRRGYBRBRGY,,2,0.5384615384615384
S1_D30_P2,S1_D30,2,13,1,97,output,GYBRRGYBRGYBG,0.6923076923076923,2,0.5384615384615384
S1_D30_P2,S1_D30,2,13,2,98,output,GYGBRGRBYGRBY,0.6153846153846154,1,0.5384615384615384
S1_D30_P2,S1_D30,2,13,3,99,output,GRBYGBYGRBGRB,0.5384615384615384,1,0.5384615384615384
S1_D30_P2,S1_D30,2,13,4,100,output,GYGRBGRBRGYGY,0.6923076923076923,1,0.6153846153846154
S1_D30_P2,S1_D30,2,13,5,101,output,GYBRGRBYRYBGR,0.6923076923076923,1,0.7692307692307693
S1_D30_P2,S1_D30,2,13,6,102,output,GYBGYGYBRYBGR,0.7692307692307692,2,0.6153846153846154
S1_D30_P2,S1_D30,2,13,7,103,output,GRBYGBGYGBYRB,0.6153846153846154,1,0.6153846153846154
S1_D30_P2,S1_D30,2,13,8,104,output,GYBGYBRGYRBYG,0.6923076923076923,2,0.7692307692307693
S1_D30_P2,S1_D30,2,14,0,,seed,YRGGYBYYGGYYB,,1,0.6153846153846154
S1_D30_P2,S1_D30,2,14,1,105,output,YRGGBYGGYYBYG,0.6923076923076923,1,0.6153846153846154
S1_D30_P2,S1_D30,2,14,2,106,output,YRGYGRYGRGYRG,0.6153846153846154,1,0.6153846153846154
S1_D30_P2,S1_D30,2,14,3,107,output,YGGRBRGBRYBRY,0.6153846153846154,2,0.6153846153846154
S1_D30_P2,S1_D30,2,14,4,108,output,GYRGYRGBRYBRG,0.6153846153846154,1,0.6153846153846154
S1_D30_P2,S1_D30,2,14,5,109,output,YRGRYGRBGRGRG,0.5384615384615384,1,0.6153846153846154
S1_D30_P2,S1_D30,2,14,6,110,output,RRGYRBGRBYGRB,0.46153846153846156,2,0.6153846153846154
S1_D30_P2,S1_D30,2,14,7,111,output,YGRYRGYGRBYGR,0.6153846153846154,1,0.6153846153846154
S1_D30_P2,S1_D30,2,14,8,112,output,RGBYGYGRBRGYB,0.8461538461538461,1,0.7692307692307693
S1_D30_P2,S1_D30,2,15,0,,seed,RYGBBYBGGGGYG,,1,0.6153846153846154
S1_D30_P2,S1_D30,2,15,1,113,output,RYGBBYGRBGGGY,0.6923076923076923,1,0.7692307692307693
S1_D30_P2,S1_D30,2,15,2,114,output,GRBGRYYRGBGRB,0.6153846153846154,2,0.6153846153846154
S1_D30_P2,S1_D30,2,15,3,115,output,RGYRGBYBGRRGY,0.7692307692307692,2,0.7692307692307693
S1_D30_P2,S1_D30,2,15,4,116,output,GRBGRYGRBYGRB,0.6153846153846154,3,0.5384615384615384
S1_D30_P2,S1_D30,2,15,5,117,output,GYRGYBBYBYGYR,0.6153846153846154,2,0.7692307692307693
S1_D30_P2,S1_D30,2,15,6,118,output,GRBGRYRRYGRBG,0.8461538461538461,2,0.6153846153846154
S1_D30_P2,S1_D30,2,15,7,119,output,GRBYGRRBRBYRG,0.46153846153846156,1,0.6153846153846154
S1_D30_P2,S1_D30,2,15,8,120,output,GRBGRYYGRBBGR,0.8461538461538461,2,0.6153846153846154
