participant_id,dyad_id,member,block,trial_in_block,global_trial,presented_sequence,reproduced_sequence,logged_accuracy
S1_D01_P1,S1_D01,1,1,1,1,BRRBBYYYGRBYY,RRBBYYYGRBBBR,0.6923076923076923
S1_D01_P1,S1_D01,1,1,2,2,YYYGRRRBRRRGY,GYYYGRRBRRGGG,0.6923076923076923
S1_D01_P1,S1_D01,1,1,3,3,RRRBBBGGYYBRR,RRRBBBGYYYRGG,0.6923076923076923
S1_D01_P1,S1_D01,1,1,4,4,GGRBBRGGGYYYG,GGRBGGYYRYGRR,0.5384615384615384
S1_D01_P1,S1_D01,1,1,5,5,RRBYYGRRBGGGY,RRBBGYYGBRGYR,0.4615384615384615
S1_D01_P1,S1_D01,1,1,6,6,RRBGGRYYBRRBB,RRBYYRBBYRRRR,0.4615384615384615
S1_D01_P1,S1_D01,1,1,7,7,RRBGGYRRBBGGG,RRGYGGGRRGGGG,0.6153846153846154
S1_D01_P1,S1_D01,1,1,8,8,RRBYYRRBRRRRR,RRBYYRRRRRRRR,0.9230769230769232
S1_D01_P1,S1_D01,1,2,1,9,YBYYRYRYRBBYB,YYBRYYBYBYRRR,0.3846153846153846
S1_D01_P1,S1_D01,1,2,2,10,RRYGGBBRYGGGG,YYBRRRYBGGGGG,0.3846153846153846
S1_D01_P1,S1_D01,1,2,3,11,RRYYBBYBRRRRR,RRYYBYBYRRRRR,0.8461538461538461
S1_D01_P1,S1_D01,1,2,4,12,RRYYBBGGGGGGG,RRYYBBGGGGGGG,1.0
S1_D01_P1,S1_D01,1,2,5,13,RRYBYBYRRRRRR,RRYBYBYRRRRRR,1.0
S1_D01_P1,S1_D01,1,2,6,14,RRYYBBGGGGGGG,RRYYBBGGGGGGG,1.0
S1_D01_P1,S1_D01,1,2,7,15,BYBRRRRRRRRRR,YBYRRRRRRRRRR,0.8461538461538461
S1_D01_P1,S1_D01,1,2,8,16,RRYYBBGGGGGGG,RRYYBBGGGGGGG,1.0
S1_D01_P1,S1_D01,1,3,1,17,GRGYRGGGGYYBG,GGRYGRBGGGGGG,0.4615384615384615
S1_D01_P1,S1_D01,1,3,2,18,YBYRBRBGYGYRB,YRYRBYGYGYRYR,0.6153846153846154
S1_D01_P1,S1_D01,1,3,3,19,YRRBYRBGGGGGG,YRRBYGGGGGGGG,0.8461538461538461
S1_D01_P1,S1_D01,1,3,4,20,RBRYRBGRBRBRB,RBYRBGBRBRBRB,0.8461538461538461
S1_D01_P1,S1_D01,1,3,5,21,YYRYBBRYGGGGG,YYRBYRGYGGGGG,0.7692307692307692
S1_D01_P1,S1_D01,1,3,6,22,GYRBYRYRYRYRY,GYBBYRYRYRYRY,0.9230769230769232
S1_D01_P1,S1_D01,1,3,7,23,YYRYBBYRGGGGG,YYRBYRYGGGGGG,0.6923076923076923
S1_D01_P1,S1_D01,1,3,8,24,YBBRYRYRYRYRY,YBBRYRYRYRYRY,1.0
S1_D01_P1,S1_D01,1,4,1,25,RYGGRBYBYGGYR,RYGGBYRYGRYGB,0.6153846153846154
S1_D01_P1,S1_D01,1,4,2,26,YYRBYGRYGGBGG,YYRBYGBGYRGBG,0.6923076923076923
S1_D01_P1,S1_D01,1,4,3,27,YYRYBGBYRYGBG,YYRBYGBGYRGGB,0.6153846153846154
S1_D01_P1,S1_D01,1,4,4,28,YRRYBGYBBRYGB,YYRBGYRBGYYGB,0.6153846153846154
S1_D01_P1,S1_D01,1,4,5,29,YYRYBGBYRYGBG,YYRBYGBGBYYGB,0.6923076923076923
S1_D01_P1,S1_D01,1,4,6,30,YYRYBGBYRYYGB,YYRBYGBYGYYGB,0.7692307692307692
S1_D01_P1,S1_D01,1,4,7,31,YYYBGYGGBBRGB,YYYBGYBBGYRGB,0.6923076923076923
S1_D01_P1,S1_D01,1,4,8,32,YYRYBGYBYRBBB,YYYRYGBGBRRBB,0.6153846153846154
S1_D01_P1,S1_D01,1,5,1,33,RRGRRRGGBBRGB,RRRGRGGBRGBRR,0.6153846153846154
S1_D01_P1,S1_D01,1,5,2,34,YYYBBBGYYRRBR,YYYBBBGYBRRRR,0.8461538461538461
S1_D01_P1,S1_D01,1,5,3,35,RRBBRBGBRGBRB,RRRBBBGRBRBRR,0.6153846153846154
S1_D01_P1,S1_D01,1,5,4,36,YYYBBBGYBRRRR,YYYBBBGYBRRRR,1.0
S1_D01_P1,S1_D01,1,5,5,37,RRRBGBRBRRRRR,RRRGBBRRRRRRR,0.7692307692307692
S1_D01_P1,S1_D01,1,5,6,38,YYYBGYBRRRRRR,YYYBGYRBRRRRR,0.8461538461538461
S1_D01_P1,S1_D01,1,5,7,39,RRGBGRRRRRRRR,RRRBGRRRRRRRR,0.9230769230769232
S1_D01_P1,S1_D01,1,5,8,40,YYBGYGBRRRRRR,YGYBGYRRRRRRR,0.7692307692307692
S1_D01_P1,S1_D01,1,6,1,41,BGGRBRBBGRGBR,BBGRBRBRRGRGR,0.6923076923076923
S1_D01_P1,S1_D01,1,6,2,42,GGGBRRBYGGGGB,GGGBRBBYGRRRG,0.6153846153846154
S1_D01_P1,S1_D01,1,6,3,43,RRBGBRGBRBRRR,GBGRRBRRRRRRR,0.4615384615384615
S1_D01_P1,S1_D01,1,6,4,44,GGBYRBBRRBRRR,YGBYBGRBRRBRR,0.6153846153846154
S1_D01_P1,S1_D01,1,6,5,45,RRBGGBRRRRRRR,RRBGBGRRRRRRR,0.8461538461538461
S1_D01_P1,S1_D01,1,6,6,46,YYGBBRYBRBYRR,YGBRBYYRRRRRR,0.5384615384615384
S1_D01_P1,S1_D01,1,6,7,47,RRBGBRYBRRRRR,RGBYBRYGBRRRR,0.6923076923076923
S1_D01_P1,S1_D01,1,6,8,48,YYGBYRYGBRRRR,YGGRYRBGYRRRR,0.6923076923076923
S1_D01_P1,S1_D01,1,7,1,49,RYYYYYBYGRRRY,YRYYYBYGBYRYR,0.6153846153846154
S1_D01_P1,S1_D01,1,7,2,50,GBYBGRBRYRRRR,YGBBRYBRRRRRR,0.6153846153846154
S1_D01_P1,S1_D01,1,7,3,51,YYYYBGBRYBGBR,YYYYBGYRYRRRG,0.6153846153846154
S1_D01_P1,S1_D01,1,7,4,52,YYGBRYGBRRRRR,YYGYGYRBYGRRR,0.6153846153846154
S1_D01_P1,S1_D01,1,7,5,53,YYGGYRBRRRGRG,YYGBGRRGRGRGG,0.6153846153846154
S1_D01_P1,S1_D01,1,7,6,54,YYGBGYRBRRRRR,YYGBYGRRBRRRR,0.7692307692307692
S1_D01_P1,S1_D01,1,7,7,55,YRYRGRRGRGGRR,YRYRGRRRGGRGR,0.8461538461538461
S1_D01_P1,S1_D01,1,7,8,56,GGYBGRYRRRRRR,GGYBGRRRYRRRR,0.8461538461538461
S1_D01_P1,S1_D01,1,8,1,57,BBBBRYBYRBYGB,BBBRBRBYRBGYR,0.6153846153846154
S1_D01_P1,S1_D01,1,8,2,58,YYGYGRBYRYRBR,YYGBGYYBRYBRR,0.5384615384615384
S1_D01_P1,S1_D01,1,8,3,59,RBYBRBGBYGBRY,YYGBRYYGBYRBB,0.3846153846153846
S1_D01_P1,S1_D01,1,8,4,60,YYGBGYBYRRRRR,YYGBGGBYRRRRR,0.9230769230769232
S1_D01_P1,S1_D01,1,8,5,61,YYGBBYRYGBRYR,YYGBYBBGYRYRR,0.6153846153846154
S1_D01_P1,S1_D01,1,8,6,62,YYGGYRRRRRRRR,YYGGRYRRRRRRR,0.8461538461538461
S1_D01_P1,S1_D01,1,8,7,63,YYBGYRBBYRYRY,YYYBGYRYRYRYR,0.6923076923076923
S1_D01_P1,S1_D01,1,8,8,64,YGGYRYBRRRRRR,YGGYRYRRRRRRR,0.9230769230769232
S1_D01_P1,S1_D01,1,9,1,65,YBGBYYBYYGBRR,YYBYBGYBRRYBR,0.4615384615384615
S1_D01_P1,S1_D01,1,9,2,66,YYRBGYRRBRYRY,YYGYGBRYRYRYR,0.5384615384615384
S1_D01_P1,S1_D01,1,9,3,67,YYBGYBRRYGYRY,YGBYBRGYRYRYR,0.6153846153846154
S1_D01_P1,S1_D01,1,9,4,68,YYGBYRYRYRYRY,YYGYBGBGYRYRY,0.6153846153846154
S1_D01_P1,S1_D01,1,9,5,69,YGBYGYRYRYRYR,YGYBGYRYRYRYR,0.8461538461538461
S1_D01_P1,S1_D01,1,9,6,70,YYGBGYRYRYRYR,YYGBGYRYRRYRY,0.8461538461538461
S1_D01_P1,S1_D01,1,9,7,71,YGBYGYRYRYRYR,GBYYGYRYRYRYR,0.8461538461538461
S1_D01_P1,S1_D01,1,9,8,72,YYGBYGYRYRYRR,YYGGBYRYRYRRR,0.7692307692307692
S1_D01_P1,S1_D01,1,10,1,73,GBBRRBRRGYYYB,BGBBRBRGBRYRR,0.4615384615384615
S1_D01_P1,S1_D01,1,10,2,74,YYRYBGBRYRYRY,YYRBGYYRBRYRR,0.6153846153846154
S1_D01_P1,S1_D01,1,10,3,75,GBGBGBYRYRRRY,GBGGBGYRYYYYR,0.5384615384615384
S1_D01_P1,S1_D01,1,10,4,76,YYRBYGYRBBRYR,YYRBGYRYBRYRR,0.7692307692307692
S1_D01_P1,S1_D01,1,10,5,77,BGGBGYRYGYRYR,BGGBGYRYRYRYY,0.8461538461538461
S1_D01_P1,S1_D01,1,10,6,78,YYBGBYRYYRYRY,YYBBGYRYRYRYY,0.6923076923076923
S1_D01_P1,S1_D01,1,10,7,79,BGGBYRYRGGRBR,BGGGYRRBGRBRR,0.6923076923076923
S1_D01_P1,S1_D01,1,10,8,80,YYRBGBYRYRYRR,BGGYRYRYRYRRR,0.4615384615384615
S1_D01_P1,S1_D01,1,11,1,81,BBBRBYGBGRYRB,BBGRBYRGBRRRR,0.6153846153846154
S1_D01_P1,S1_D01,1,11,2,82,RRYRYGYYRYRBR,RRYRYGRBRRRRR,0.6923076923076923
S1_D01_P1,S1_D01,1,11,3,83,BGBYRBGGRRRRR,BGBYRRBGRRRRR,0.8461538461538461
S1_D01_P1,S1_D01,1,11,4,84,RRYBGYRYRRRRR,RRYBGYRYRRRRR,1.0
S1_D01_P1,S1_D01,1,11,5,85,BBGBGYRBGBRRR,RRYBGYRBRBRRR,0.6923076923076923
S1_D01_P1,S1_D01,1,11,6,86,RRYGBYRRRRRRR,RRYGBYRRRRRRR,1.0
S1_D01_P1,S1_D01,1,11,7,87,RRYBGBYBRRRRR,RRYGYRBYRRRRR,0.6923076923076923
S1_D01_P1,S1_D01,1,11,8,88,RRYBGYRRRRRRR,RRYBGYRRRRRRR,1.0
S1_D01_P1,S1_D01,1,12,1,89,BRGYGYBYRRYBY,RGBBGYBYBYBYB,0.5384615384615384
S1_D01_P1,S1_D01,1,12,2,90,YYBGBYRYYRYYY,YYRBGYRYYYYYY,0.7692307692307692
S1_D01_P1,S1_D01,1,12,3,91,RRBYGRBYBYBYB,RRBRBGYBYBYBB,0.6923076923076923
S1_D01_P1,S1_D01,1,12,4,92,YYRYBGYRYYYYY,YRYBGYYRYYYYY,0.8461538461538461
S1_D01_P1,S1_D01,1,12,5,93,RRBGBRYRBRBBB,RGBYGBRBRBBBB,0.6923076923076923
S1_D01_P1,S1_D01,1,12,6,94,YYRBBYRYYYYYY,YRYBRYYRYYYYY,0.6153846153846154
S1_D01_P1,S1_D01,1,12,7,95,RRGBGBRBBBBBB,RRBBGBRBRBBBB,0.8461538461538461
S1_D01_P1,S1_D01,1,12,8,96,YYBRYYYRYYYYY,YRYYBYYRYYYYY,0.6923076923076923
S1_D01_P1,S1_D01,1,13,1,97,GRYBGBYRRBYRY,YGRRBRBGBRBYY,0.5384615384615384
S1_D01_P1,S1_D01,1,13,2,98,GBBRRYRYBYRRR,GBGRBYYRRBRRR,0.6153846153846154
S1_D01_P1,S1_D01,1,13,3,99,YYRYGBRYBRYYY,YYRYBGRYRYYYY,0.6923076923076923
S1_D01_P1,S1_D01,1,13,4,100,GBYYRBYRRRRRR,GBYYRBRBRRRRR,0.8461538461538461
S1_D01_P1,S1_D01,1,13,5,101,YYRYBYGYYRRYY,YYRYBYGBGRRYY,0.8461538461538461
S1_D01_P1,S1_D01,1,13,6,102,GBYRYBYRRRRRR,GBYRYBRYRRRRR,0.8461538461538461
S1_D01_P1,S1_D01,1,13,7,103,YYRYBYBGYYYRY,YYRYBYBGYYYRY,1.0
S1_D01_P1,S1_D01,1,13,8,104,GGBYRYBYRRRRR,GGBYBYRYBRRRR,0.7692307692307692
S1_D01_P1,S1_D01,1,14,1,105,BGRRRGYYBGRBR,GGBRBYYGRRGBR,0.4615384615384615
S1_D01_P1,S1_D01,1,14,2,106,YYRYGYRYBGYBB,YYRGBRRYBYGBB,0.6153846153846154
S1_D01_P1,S1_D01,1,14,3,107,GBYRYBRYYRBBB,GBYRYBRGYRBBB,0.9230769230769232
S1_D01_P1,S1_D01,1,14,4,108,YYRBGBRBYRRYB,YYRBGRRYBRRYB,0.7692307692307692
S1_D01_P1,S1_D01,1,14,5,109,YYBGYBGYBBBBB,YBYGYBGYBBBBB,0.8461538461538461
S1_D01_P1,S1_D01,1,14,6,110,YYRBYGRBYRRYR,YYRGBYRBYRRYR,0.8461538461538461
S1_D01_P1,S1_D01,1,14,7,111,YYBGYBGYBBBBB,YYBGYBGYBBBBB,1.0
S1_D01_P1,S1_D01,1,14,8,112,YBGBRYYRYRYRR,YYRBGYRYRRYRR,0.6153846153846154
S1_D01_P1,S1_D01,1,15,1,113,GRRGYRGGBYYYG,GGRGBYRBYYYYG,0.6153846153846154
S1_D01_P1,S1_D01,1,15,2,114,YYBYBBGBGGBGG,YYBYBYGBGGBGG,0.9230769230769232
S1_D01_P1,S1_D01,1,15,3,115,GGBRBYRYGYYYG,GGBRBYRBYYYYG,0.8461538461538461
S1_D01_P1,S1_D01,1,15,4,116,YYBGBGBYBGGBG,YBYGBGYYBYYYG,0.5384615384615384
S1_D01_P1,S1_D01,1,15,5,117,GGBRYRBGYGGGG,GGBRYRRBYGGGG,0.8461538461538461
S1_D01_P1,S1_D01,1,15,6,118,YYBGBYYBYYGGY,YYBGBGYBYYYGG,0.7692307692307692
S1_D01_P1,S1_D01,1,15,7,119,GGGGGGGGGGGGG,GGGGGGGGGGGGG,1.0
S1_D01_P1,S1_D01,1,15,8,120,YYBGBGBGGBYGG,YYBGBGGBYGGGG,0.6923076923076923
S1_D01_P2,S1_D01,2,1,1,1,YYYGRRRRBBBRG,YYYGRRRBRRRGY,0.6923076923076923
S1_D01_P2,S1_D01,2,1,2,2,RRBBYYYGRBBBR,RRRBBBGGYYBRR,0.4615384615384615
S1_D01_P2,S1_D01,2,1,3,3,GYYYGRRBRRGGG,GGRBBRGGGYYYG,0.3846153846153846
S1_D01_P2,S1_D01,2,1,4,4,RRRBBBGYYYRGG,RRBYYGRRBGGGY,0.3846153846153846
S1_D01_P2,S1_D01,2,1,5,5,GGRBGGYYRYGRR,RRBGGRYYBRRBB,0.4615384615384615
S1_D01_P2,S1_D01,2,1,6,6,RRBBGYYGBRGYR,RRBGGYRRBBGGG,0.5384615384615384
S1_D01_P2,S1_D01,2,1,7,7,RRBYYRBBYRRRR,RRBYYRRBRRRRR,0.8461538461538461
S1_D01_P2,S1_D01,2,1,8,8,RRGYGGGRRGGGG,RRGYRRGGGGGGG,0.6923076923076923
S1_D01_P2,S1_D01,2,2,1,9,GYYRGYYYGGBBG,RRYGGBBRYGGGG,0.3846153846153846
S1_D01_P2,S1_D01,2,2,2,10,YYBRYYBYBYRRR,RRYYBBYBRRRRR,0.5384615384615384
S1_D01_P2,S1_D01,2,2,3,11,YYBRRRYBGGGGG,RRYYBBGGGGGGG,0.4615384615384615
S1_D01_P2,S1_D01,2,2,4,12,RRYYBYBYRRRRR,RRYBYBYRRRRRR,0.8461538461538461
S1_D01_P2,S1_D01,2,2,5,13,RRYYBBGGGGGGG,RRYYBBGGGGGGG,1.0
S1_D01_P2,S1_D01,2,2,6,14,RRYBYBYRRRRRR,BYBRRRRRRRRRR,0.5384615384615384
S1_D01_P2,S1_D01,2,2,7,15,RRYYBBGGGGGGG,RRYYBBGGGGGGG,1.0
S1_D01_P2,S1_D01,2,2,8,16,YBYRRRRRRRRRR,BYBYRRRRRRRRR,0.8461538461538461
S1_D01_P2,S1_D01,2,3,1,17,GYBRBRGBRGYGR,YBYRBRBGYGYRB,0.5384615384615384
S1_D01_P2,S1_D01,2,3,2,18,GGRYGRBGGGGGG,YRRBYRBGGGGGG,0.6923076923076923
S1_D01_P2,S1_D01,2,3,3,19,YRYRBYGYGYRYR,RBRYRBGRBRBRB,0.3846153846153846
S1_D01_P2,S1_D01,2,3,4,20,YRRBYGGGGGGGG,YYRYBBRYGGGGG,0.5384615384615384
S1_D01_P2,S1_D01,2,3,5,21,RBYRBGBRBRBRB,GYRBYRYRYRYRY,0.3846153846153846
S1_D01_P2,S1_D01,2,3,6,22,YYRBYRGYGGGGG,YYRYBBYRGGGGG,0.6923076923076923
S1_D01_P2,S1_D01,2,3,7,23,GYBBYRYRYRYRY,YBBRYRYRYRYRY,0.8461538461538461
S1_D01_P2,S1_D01,2,3,8,24,YYRBYRYGGGGGG,YYRYBYGGGGGGG,0.7692307692307692
S1_D01_P2,S1_D01,2,4,1,25,YYRYBGYYGYYBG,YYRBYGRYGGBGG,0.5384615384615384
S1_D01_P2,S1_D01,2,4,2,26,RYGGBYRYGRYGB,YYRYBGBYRYGBG,0.5384615384615384
S1_D01_P2,S1_D01,2,4,3,27,YYRBYGBGYRGBG,YRRYBGYBBRYGB,0.4615384615384615
S1_D01_P2,S1_D01,2,4,4,28,YYRBYGBGYRGGB,YYRYBGBYRYGBG,0.6153846153846154
S1_D01_P2,S1_D01,2,4,5,29,YYRBGYRBGYYGB,YYRYBGBYRYYGB,0.6923076923076923
S1_D01_P2,S1_D01,2,4,6,30,YYRBYGBGBYYGB,YYYBGYGGBBRGB,0.6153846153846154
S1_D01_P2,S1_D01,2,4,7,31,YYRBYGBYGYYGB,YYRYBGYBYRBBB,0.4615384615384615
S1_D01_P2,S1_D01,2,4,8,32,YYYBGYBBGYRGB,YYRBGBBYRGBGB,0.6153846153846154
S1_D01_P2,S1_D01,2,5,1,33,YYBBBBYGGYYYR,YYYBBBGYYRRBR,0.5384615384615384
S1_D01_P2,S1_D01,2,5,2,34,RRRGRGGBRGBRR,RRBBRBGBRGBRB,0.6923076923076923
S1_D01_P2,S1_D01,2,5,3,35,YYYBBBGYBRRRR,YYYBBBGYBRRRR,1.0
S1_D01_P2,S1_D01,2,5,4,36,RRRBBBGRBRBRR,RRRBGBRBRRRRR,0.6923076923076923
S1_D01_P2,S1_D01,2,5,5,37,YYYBBBGYBRRRR,YYYBGYBRRRRRR,0.6923076923076923
S1_D01_P2,S1_D01,2,5,6,38,RRRGBBRRRRRRR,RRGBGRRRRRRRR,0.7692307692307692
S1_D01_P2,S1_D01,2,5,7,39,YYYBGYRBRRRRR,YYBGYGBRRRRRR,0.7692307692307692
S1_D01_P2,S1_D01,2,5,8,40,RRRBGRRRRRRRR,RRGRRRRRRRRRR,0.7692307692307692
S1_D01_P2,S1_D01,2,6,1,41,GYBBBBRRBGGGY,GGGBRRBYGGGGB,0.4615384615384615
S1_D01_P2,S1_D01,2,6,2,42,BBGRBRBRRGRGR,RRBGBRGBRBRRR,0.4615384615384615
S1_D01_P2,S1_D01,2,6,3,43,GGGBRBBYGRRRG,GGBYRBBRRBRRR,0.5384615384615384
S1_D01_P2,S1_D01,2,6,4,44,GBGRRBRRRRRRR,RRBGGBRRRRRRR,0.6923076923076923
S1_D01_P2,S1_D01,2,6,5,45,YGBYBGRBRRBRR,YYGBBRYBRBYRR,0.5384615384615384
S1_D01_P2,S1_D01,2,6,6,46,RRBGBGRRRRRRR,RRBGBRYBRRRRR,0.7692307692307692
S1_D01_P2,S1_D01,2,6,7,47,YGBRBYYRRRRRR,YYGBYRYGBRRRR,0.5384615384615384
S1_D01_P2,S1_D01,2,6,8,48,RGBYBRYGBRRRR,RYBGBYRBGBRRR,0.6153846153846154
S1_D01_P2,S1_D01,2,7,1,49,GBBYRYYYRGGRG,GBYBGRBRYRRRR,0.4615384615384615
S1_D01_P2,S1_D01,2,7,2,50,YRYYYBYGBYRYR,YYYYBGBRYBGBR,0.5384615384615384
S1_D01_P2,S1_D01,2,7,3,51,YGBBRYBRRRRRR,YYGBRYGBRRRRR,0.6923076923076923
S1_D01_P2,S1_D01,2,7,4,52,YYYYBGYRYRRRG,YYGGYRBRRRGRG,0.5384615384615384
S1_D01_P2,S1_D01,2,7,5,53,YYGYGYRBYGRRR,YYGBGYRBRRRRR,0.7692307692307692
S1_D01_P2,S1_D01,2,7,6,54,YYGBGRRGRGRGG,YRYRGRRGRGGRR,0.5384615384615384
S1_D01_P2,S1_D01,2,7,7,55,YYGBYGRRBRRRR,GGYBGRYRRRRRR,0.5384615384615384
S1_D01_P2,S1_D01,2,7,8,56,YRYRGRRRGGRGR,RYRYRRGRGRGGR,0.6153846153846154
S1_D01_P2,S1_D01,2,8,1,57,YYGYRRGRBGYRB,YYGYGRBYRYRBR,0.6153846153846154
S1_D01_P2,S1_D01,2,8,2,58,BBBRBRBYRBGYR,RBYBRBGBYGBRY,0.5384615384615384
S1_D01_P2,S1_D01,2,8,3,59,YYGBGYYBRYBRR,YYGBGYBYRRRRR,0.6923076923076923
S1_D01_P2,S1_D01,2,8,4,60,YYGBRYYGBYRBB,YYGBBYRYGBRYR,0.6153846153846154
S1_D01_P2,S1_D01,2,8,5,61,YYGBGGBYRRRRR,YYGGYRRRRRRRR,0.6153846153846154
S1_D01_P2,S1_D01,2,8,6,62,YYGBYBBGYRYRR,YYBGYRBBYRYRY,0.6153846153846154
S1_D01_P2,S1_D01,2,8,7,63,YYGGRYRRRRRRR,YGGYRYBRRRRRR,0.7692307692307692
S1_D01_P2,S1_D01,2,8,8,64,YYYBGYRYRYRYR,YYGBYRYRYYRYR,0.7692307692307692
S1_D01_P2,S1_D01,2,9,1,65,RBRGRYGRBRRBR,YYRBGYRRBRYRY,0.3846153846153846
S1_D01_P2,S1_D01,2,9,2,66,YYBYBGYBRRYBR,YYBGYBRRYGYRY,0.6153846153846154
S1_D01_P2,S1_D01,2,9,3,67,YYGYGBRYRYRYR,YYGBYRYRYRYRY,0.6923076923076923
S1_D01_P2,S1_D01,2,9,4,68,YGBYBRGYRYRYR,YGBYGYRYRYRYR,0.7692307692307692
S1_D01_P2,S1_D01,2,9,5,69,YYGYBGBGYRYRY,YYGBGYRYRYRYR,0.6923076923076923
S1_D01_P2,S1_D01,2,9,6,70,YGYBGYRYRYRYR,YGBYGYRYRYRYR,0.8461538461538461
S1_D01_P2,S1_D01,2,9,7,71,YYGBGYRYRRYRY,YYGBYGYRYRYRR,0.7692307692307692
S1_D01_P2,S1_D01,2,9,8,72,GBYYGYRYRYRYR,GGBYGYYRYYRYR,0.6923076923076923
S1_D01_P2,S1_D01,2,10,1,73,BBYRGYGBYGBBR,YYRYBGBRYRYRY,0.3076923076923077
S1_D01_P2,S1_D01,2,10,2,74,BGBBRBRGBRYRR,GBGBGBYRYRRRY,0.4615384615384615
S1_D01_P2,S1_D01,2,10,3,75,YYRBGYYRBRYRR,YYRBYGYRBBRYR,0.6923076923076923
S1_D01_P2,S1_D01,2,10,4,76,GBGGBGYRYYYYR,BGGBGYRYGYRYR,0.7692307692307692
S1_D01_P2,S1_D01,2,10,5,77,YYRBGYRYBRYRR,YYBGBYRYYRYRY,0.6923076923076923
S1_D01_P2,S1_D01,2,10,6,78,BGGBGYRYRYRYY,BGGBYRYRGGRBR,0.6153846153846154
S1_D01_P2,S1_D01,2,10,7,79,YYBBGYRYRYRYY,YYRBGBYRYRYRR,0.6923076923076923
S1_D01_P2,S1_D01,2,10,8,80,BGGGYRRBGRBRR,YBGGGYRYBYRYR,0.6153846153846154
S1_D01_P2,S1_D01,2,11,1,81,RGYRRRGRRYBGY,RRYRYGYYRYRBR,0.3846153846153846
S1_D01_P2,S1_D01,2,11,2,82,BBGRBYRGBRRRR,BGBYRBGGRRRRR,0.6153846153846154
S1_D01_P2,S1_D01,2,11,3,83,RRYRYGRBRRRRR,RRYBGYRYRRRRR,0.6923076923076923
S1_D01_P2,S1_D01,2,11,4,84,BGBYRRBGRRRRR,BBGBGYRBGBRRR,0.6153846153846154
S1_D01_P2,S1_D01,2,11,5,85,RRYBGYRYRRRRR,RRYGBYRRRRRRR,0.7692307692307692
S1_D01_P2,S1_D01,2,11,6,86,RRYBGYRBRBRRR,RRYBGBYBRRRRR,0.7692307692307692
S1_D01_P2,S1_D01,2,11,7,87,RRYGBYRRRRRRR,RRYBGYRRRRRRR,0.8461538461538461
S1_D01_P2,S1_D01,2,11,8,88,RRYGYRBYRRRRR,RRYBYRYRRRRRR,0.7692307692307692
S1_D01_P2,S1_D01,2,12,1,89,BBYYBYBRBRGYY,YYBGBYRYYRYYY,0.4615384615384615
S1_D01_P2,S1_D01,2,12,2,90,RGBBGYBYBYBYB,RRBYGRBYBYBYB,0.7692307692307692
S1_D01_P2,S1_D01,2,12,3,91,YYRBGYRYYYYYY,YYRYBGYRYYYYY,0.8461538461538461
S1_D01_P2,S1_D01,2,12,4,92,RRBRBGYBYBYBB,RRBGBRYRBRBBB,0.6153846153846154
S1_D01_P2,S1_D01,2,12,5,93,YRYBGYYRYYYYY,YYRBBYRYYYYYY,0.6153846153846154
S1_D01_P2,S1_D01,2,12,6,94,RGBYGBRBRBBBB,RRGBGBRBBBBBB,0.7692307692307692
S1_D01_P2,S1_D01,2,12,7,95,YRYBRYYRYYYYY,YYBRYYYRYYYYY,0.8461538461538461
S1_D01_P2,S1_D01,2,12,8,96,RRBBGBRBRBBBB,RRBGBRBBBBBBB,0.7692307692307692
S1_D01_P2,S1_D01,2,13,1,97,GBBRRYBYYYRRR,GBBRRYRYBYRRR,0.8461538461538461
S1_D01_P2,S1_D01,2,13,2,98,YGRRBRBGBRBYY,YYRYGBRYBRYYY,0.5384615384615384
S1_D01_P2,S1_D01,2,13,3,99,GBGRBYYRRBRRR,GBYYRBYRRRRRR,0.6923076923076923
S1_D01_P2,S1_D01,2,13,4,100,YYRYBGRYRYYYY,YYRYBYGYYRRYY,0.6923076923076923
S1_D01_P2,S1_D01,2,13,5,101,GBYYRBRBRRRRR,GBYRYBYRRRRRR,0.6923076923076923
S1_D01_P2,S1_D01,2,13,6,102,YYRYBYGBGRRYY,YYRYBYBGYYYRY,0.6923076923076923
S1_D01_P2,S1_D01,2,13,7,103,GBYRYBRYRRRRR,GGBYRYBYRRRRR,0.8461538461538461
S1_D01_P2,S1_D01,2,13,8,104,YYRYBYBGYYYRY,YYBGBYRYRRYRY,0.5384615384615384
S1_D01_P2,S1_D01,2,14,1,105,RRRYRYBYGGYBY,YYRYGYRYBGYBB,0.5384615384615384
S1_D01_P2,S1_D01,2,14,2,106,GGBRBYYGRRGBR,GBYRYBRYYRBBB,0.3846153846153846
S1_D01_P2,S1_D01,2,14,3,107,YYRGBRRYBYGBB,YYRBGBRBYRRYB,0.5384615384615384
S1_D01_P2,S1_D01,2,14,4,108,GBYRYBRGYRBBB,YYBGYBGYBBBBB,0.4615384615384615
S1_D01_P2,S1_D01,2,14,5,109,YYRBGRRYBRRYB,YYRBYGRBYRRYR,0.6923076923076923
S1_D01_P2,S1_D01,2,14,6,110,YBYGYBGYBBBBB,YYBGYBGYBBBBB,0.8461538461538461
S1_D01_P2,S1_D01,2,14,7,111,YYRGBYRBYRRYR,YBGBRYYRYRYRR,0.5384615384615384
S1_D01_P2,S1_D01,2,14,8,112,YYBGYBGYBBBBB,YYBGYBBBBBBBB,0.8461538461538461
S1_D01_P2,S1_D01,2,15,1,113,YBYBGBYBYGGBG,YYBYBBGBGGBGG,0.6153846153846154
S1_D01_P2,S1_D01,2,15,2,114,GGRGBYRBYYYYG,GGBRBYRYGYYYG,0.6923076923076923
S1_D01_P2,S1_D01,2,15,3,115,YYBYBYGBGGBGG,YYBGBGBYBGGBG,0.6153846153846154
S1_D01_P2,S1_D01,2,15,4,116,GGBRBYRBYYYYG,GGBRYRBGYGGGG,0.6153846153846154
S1_D01_P2,S1_D01,2,15,5,117,YBYGBGYYBYYYG,YYBGBYYBYYGGY,0.6153846153846154
S1_D01_P2,S1_D01,2,15,6,118,GGBRYRRBYGGGG,GGGGGGGGGGGGG,0.4615384615384615
S1_D01_P2,S1_D01,2,15,7,119,YYBGBGYBYYYGG,YYBGBGBGGBYGG,0.6923076923076923
S1_D01_P2,S1_D01,2,15,8,120,GGGGGGGGGGGGG,GGGGGGGGGGGGG,1.0
S1_D02_P1,S1_D02,1,1,1,1,RYRGRGRGBBRYY,RYRYRYRRGRBRY,0.6153846153846154
S1_D02_P1,S1_D02,1,1,2,2,GGBYRRRYBRBBY,RYRYRGRBGBRGR,0.3076923076923077
S1_D02_P1,S1_D02,1,1,3,3,RYRYRYRRGRBRY,RYRYRYRYRYRGR,0.6923076923076923
S1_D02_P1,S1_D02,1,1,4,4,RYRRBGBRYBRRR,RYRYRBRGRBGBG,0.4615384615384615
S1_D02_P1,S1_D02,1,1,5,5,RYRYRYRYRGRYR,RYRYRYRYRGRYR,1.0
S1_D02_P1,S1_D02,1,1,6,6,RRYYRBBRYRBGB,RYRYRRYRGBRBR,0.4615384615384615
S1_D02_P1,S1_D02,1,1,7,7,RYRYRRYRRRYRR,RYRYRYRRRYRRY,0.8461538461538461
S1_D02_P1,S1_D02,1,1,8,8,RRRRRBRBRYRBR,RRRRRRBRBRYRY,0.7692307692307692
S1_D02_P1,S1_D02,1,2,1,9,YYGBYRBRRRBRR,YYYGBRBRGRRYR,0.6153846153846154
S1_D02_P1,S1_D02,1,2,2,10,BBBBBRBYBRBRR,BBBBBRBYBRBRB,0.9230769230769232
S1_D02_P1,S1_D02,1,2,3,11,YBYBYBBGBYRBG,YYYYYBYBGYBYG,0.5384615384615384
S1_D02_P1,S1_D02,1,2,4,12,BBBBBBBBYRYBR,BBBBBBBBYRYBR,1.0
S1_D02_P1,S1_D02,1,2,5,13,YYYYYYYBYYBYB,YYYYYYYBYBYBB,0.8461538461538461
S1_D02_P1,S1_D02,1,2,6,14,BBBBBBBBYRBYB,BBBBBBBBYRYBR,0.8461538461538461
S1_D02_P1,S1_D02,1,2,7,15,YYYYYYYBBBBBB,YYYYYYYBBBBBB,1.0
S1_D02_P1,S1_D02,1,2,8,16,BBBBBBBBRRBRB,BBBBBBBBRRBRB,1.0
S1_D02_P1,S1_D02,1,3,1,17,BBGGYGBBYYYGY,BBGGYBYGBYGYG,0.6153846153846154
S1_D02_P1,S1_D02,1,3,2,18,YGRYRYGRBBRBB,YRYRGYRBGYRGB,0.5384615384615384
S1_D02_P1,S1_D02,1,3,3,19,BYGBYBGBYBBBB,BYBYBGYBYBYBB,0.7692307692307692
S1_D02_P1,S1_D02,1,3,4,20,YRYRYRGBRGYRY,YRYRYRGBRGRYR,0.8461538461538461
S1_D02_P1,S1_D02,1,3,5,21,BBYBYBYBGYBYB,BBYBYBYBGYBYB,1.0
S1_D02_P1,S1_D02,1,3,6,22,YRRYRYRYRGYRY,YRYRYRRGYRGYR,0.6923076923076923
S1_D02_P1,S1_D02,1,3,7,23,BYBYBYBYBGYBY,YBYBYBYBGBYBY,0.8461538461538461
S1_D02_P1,S1_D02,1,3,8,24,YRYRYRYRYRGYR,YRYRYRYRYRGYR,1.0
S1_D02_P1,S1_D02,1,4,1,25,GGRGYBBYGRGYY,GGRYRGYRYBGYB,0.4615384615384615
S1_D02_P1,S1_D02,1,4,2,26,YBRYRBYBBBRGB,YRYRYBRGBGRYB,0.5384615384615384
S1_D02_P1,S1_D02,1,4,3,27,GRGYRGBYRGYRG,GGRYRYGYBGBYR,0.4615384615384615
S1_D02_P1,S1_D02,1,4,4,28,YRRYRYRYRGBYR,YRRYRYRYGYBGY,0.6923076923076923
S1_D02_P1,S1_D02,1,4,5,29,GRYGRYRGBYRGB,YGRYRRGBGYRBY,0.5384615384615384
S1_D02_P1,S1_D02,1,4,6,30,GBGBYBGYBGRYB,GBGBGBGYBGYBG,0.7692307692307692
S1_D02_P1,S1_D02,1,4,7,31,YRGYRRGRYBGRY,YRYRRGYBGRGYB,0.6923076923076923
S1_D02_P1,S1_D02,1,4,8,32,GBGBGBGYBYBGY,GGBGBGYBYGBYG,0.6923076923076923
S1_D02_P1,S1_D02,1,5,1,33,GRBGYGBYGRRRG,GRBGRYBRRGRGR,0.5384615384615384
S1_D02_P1,S1_D02,1,5,2,34,BBBGGBGRYBGRY,BBBGRYRYGBGRB,0.6153846153846154
S1_D02_P1,S1_D02,1,5,3,35,GRBGRYYBRGRGR,GRBGRBGGRYRYG,0.5384615384615384
S1_D02_P1,S1_D02,1,5,4,36,BBBRGBYRGBYRB,BBBRGRYGYRYRG,0.6153846153846154
S1_D02_P1,S1_D02,1,5,5,37,GRRRBGRBGRBYR,GRRRBGRBRGRBG,0.7692307692307692
S1_D02_P1,S1_D02,1,5,6,38,GGRBGRBRYRYRG,GGRBGRBGYRBBG,0.7692307692307692
S1_D02_P1,S1_D02,1,5,7,39,GRBGRBGBGRBGR,GRBGRBGBGBRGR,0.8461538461538461
S1_D02_P1,S1_D02,1,5,8,40,GRBGRRGRBGRYB,GRBGRBRRYRBRG,0.5384615384615384
S1_D02_P1,S1_D02,1,6,1,41,BRYYYGBRGRYGG,BRYYYGBRYRBYR,0.6923076923076923
S1_D02_P1,S1_D02,1,6,2,42,GGRRBYRGBYRGG,GGRGRGBYGRYGR,0.5384615384615384
S1_D02_P1,S1_D02,1,6,3,43,BRYYYGBRGBYRG,BRBBBYRYRGBBR,0.4615384615384615
S1_D02_P1,S1_D02,1,6,4,44,GGRGRYBGRBYGR,GGRGRYBYBGRYB,0.6153846153846154
S1_D02_P1,S1_D02,1,6,5,45,BRBRBBYRYBGBR,BRBRBBYGBRYBG,0.6923076923076923
S1_D02_P1,S1_D02,1,6,6,46,GRGRGRYRBGRYB,GRGRGRYBRGBRY,0.6923076923076923
S1_D02_P1,S1_D02,1,6,7,47,GBGBGBYRBGRYB,GBGBGBYRBYGBR,0.6923076923076923
S1_D02_P1,S1_D02,1,6,8,48,GRGRGBYRGBYRG,GRGRGRBGYRYRG,0.6923076923076923
S1_D02_P1,S1_D02,1,7,1,49,RGRGGYRRYGYGB,GRGRGRYGGRGRY,0.3846153846153846
S1_D02_P1,S1_D02,1,7,2,50,GRGRBGBYRGRBY,GRGRGRBYGRYRY,0.6153846153846154
S1_D02_P1,S1_D02,1,7,3,51,GRGRGRGYGGRYG,GRGRGRYGGRGGR,0.7692307692307692
S1_D02_P1,S1_D02,1,7,4,52,GRGRGRBGRYGBG,GRGRGRBGYGRGR,0.7692307692307692
S1_D02_P1,S1_D02,1,7,5,53,GRGRGRGYBGYRG,GRGRGRGYBGBRG,0.9230769230769232
S1_D02_P1,S1_D02,1,7,6,54,GRGRGRGRGBYGR,GRGRGRGRGBYGR,1.0
S1_D02_P1,S1_D02,1,7,7,55,GRGRGRGYBGYRG,GRGRGRGYBGRGR,0.8461538461538461
S1_D02_P1,S1_D02,1,7,8,56,GRGRGRGRGBYGR,GRGRGRRGBGRGR,0.7692307692307692
S1_D02_P1,S1_D02,1,8,1,57,GGYBBRYYYBBRR,GGYGGYBBBRYYY,0.3846153846153846
S1_D02_P1,S1_D02,1,8,2,58,BYBYBGRYBRGRY,BYBYBBGGRRYRG,0.5384615384615384
S1_D02_P1,S1_D02,1,8,3,59,GYGGGYBRBYRBY,GYGGGYGBYBRBG,0.6923076923076923
S1_D02_P1,S1_D02,1,8,4,60,BYBYBRBYGRBYB,BYBYBRBYGRBYG,0.9230769230769232
S1_D02_P1,S1_D02,1,8,5,61,GYGYGBGYRGYBG,GGYGBYGGRYBGY,0.6153846153846154
S1_D02_P1,S1_D02,1,8,6,62,BYBYBYBRGBYBR,BYBYBYBRGYRYY,0.6923076923076923
S1_D02_P1,S1_D02,1,8,7,63,GGYGGGYBGYRBG,GGYGYBYGBGRGG,0.6153846153846154
S1_D02_P1,S1_D02,1,8,8,64,YBYBYRGBYRBYR,YBYBYRGBYRRBB,0.7692307692307692
S1_D02_P1,S1_D02,1,9,1,65,RBRGBBRGBBYYY,BRRGRBYRBYYYY,0.5384615384615384
S1_D02_P1,S1_D02,1,9,2,66,YGYGGRBYRYGBY,YGGYGGYBYRYBR,0.6923076923076923
S1_D02_P1,S1_D02,1,9,3,67,BRBRBRYBRYRBG,RBRBRBYBRYBRB,0.6923076923076923
S1_D02_P1,S1_D02,1,9,4,68,YGYYGGYBRYBYG,YYGYGYBYBYGYB,0.5384615384615384
S1_D02_P1,S1_D02,1,9,5,69,RBRBRBRBYRBRB,BRBRRBRBYRBRB,0.8461538461538461
S1_D02_P1,S1_D02,1,9,6,70,YGYGYYBYGYBYG,GYYGYBYGYYBYG,0.6923076923076923
S1_D02_P1,S1_D02,1,9,7,71,RBRBRBRYBRYRB,BRBRBRBRYBRYB,0.8461538461538461
S1_D02_P1,S1_D02,1,9,8,72,GYGYGYBGYBYGY,GYGYGYGYBGYBY,0.7692307692307692
S1_D02_P1,S1_D02,1,10,1,73,GYRGBRBGRGBGB,GYRGYRGGBGBGB,0.7692307692307692
S1_D02_P1,S1_D02,1,10,2,74,YRYYYRBYYRBGR,YRYYYYYBYRBYB,0.6153846153846154
S1_D02_P1,S1_D02,1,10,3,75,GYRGYRGGBGBGB,GYRGRGGBGBGGB,0.8461538461538461
S1_D02_P1,S1_D02,1,10,4,76,YRYYYYYYYBYBR,YRYYYYYYYBYBY,0.9230769230769232
S1_D02_P1,S1_D02,1,10,5,77,YRGGGBYGRYBGR,YRYRGGGBYGRYR,0.6923076923076923
S1_D02_P1,S1_D02,1,10,6,78,YRYYYYYYYYYYB,YRYYYYYYYYYBB,0.9230769230769232
S1_D02_P1,S1_D02,1,10,7,79,GYGYYYRGYYRGB,GYGYGYYYRYGRG,0.6153846153846154
S1_D02_P1,S1_D02,1,10,8,80,YRYYYYYYYYYYB,YRYYYYYYYYYYB,1.0
S1_D02_P1,S1_D02,1,11,1,81,YRBYYRYYBYBYB,YRYYBYYYRBYBY,0.6153846153846154
S1_D02_P1,S1_D02,1,11,2,82,GRBGRBGRBYBGR,GRBGRBGRBYRGB,0.8461538461538461
S1_D02_P1,S1_D02,1,11,3,83,YRYRYBBYBYGBY,YRYRYBGYBYGYG,0.7692307692307692
S1_D02_P1,S1_D02,1,11,4,84,GRBGRBGRBYRGB,GRBGRBGRBYRGB,1.0
S1_D02_P1,S1_D02,1,11,5,85,YGBYGBYRYBGYR,YGBGBYRYRGBGB,0.6153846153846154
S1_D02_P1,S1_D02,1,11,6,86,GRBGRBGYRGYRB,GBRGBGYRYRGBR,0.5384615384615384
S1_D02_P1,S1_D02,1,11,7,87,GYBGBGRRGBYRG,GYBGYBGRBYGBY,0.6153846153846154
S1_D02_P1,S1_D02,1,11,8,88,GBGBYGBYRGBYR,GBGBYBYRYRGRG,0.6153846153846154
S1_D02_P1,S1_D02,1,12,1,89,BRBGBRBYGBRRY,BRBRGRYRYBRRR,0.5384615384615384
S1_D02_P1,S1_D02,1,12,2,90,GRBGRBYRGBRYR,GBRGBRYBRGBRR,0.5384615384615384
S1_D02_P1,S1_D02,1,12,3,91,RBRBRBGRYRBGR,RBRBRGRYRBRGR,0.8461538461538461
S1_D02_P1,S1_D02,1,12,4,92,GYBGYBRGRBYRG,GYBGYBRGRGRBY,0.6923076923076923
S1_D02_P1,S1_D02,1,12,5,93,RBRBRGBRBYRBG,BRBRGBRYBYRGB,0.6923076923076923
S1_D02_P1,S1_D02,1,12,6,94,GYBGYBRGRGYRG,GYBGYBRYBRGRG,0.7692307692307692
S1_D02_P1,S1_D02,1,12,7,95,RBRBRGBYRBGRB,RBRBRGBRYGRGR,0.6923076923076923
S1_D02_P1,S1_D02,1,12,8,96,GYBGYBRGYRGRG,GYBGYBRGYRYRB,0.8461538461538461
S1_D02_P1,S1_D02,1,13,1,97,BYBGYBGYRGYBR,YBYBGYGYGYGYG,0.5384615384615384
S1_D02_P1,S1_D02,1,13,2,98,YYBYBYGGYBGYR,YBYBYYBGYGYGY,0.5384615384615384
S1_D02_P1,S1_D02,1,13,3,99,YBYBYGYGYGYGY,YBYBYGYGYGYGY,1.0
S1_D02_P1,S1_D02,1,13,4,100,YBYBYBBYGYGYG,YBYBYBBYGYGYG,1.0
S1_D02_P1,S1_D02,1,13,5,101,YBYBYBYGYGYGY,YBYBYBYGYGYGY,1.0
S1_D02_P1,S1_D02,1,13,6,102,YBYBYBBYGYGYG,YBYBYBBYGYGYG,1.0
S1_D02_P1,S1_D02,1,13,7,103,YBYBYGYGYGYGY,YBYBYGYGYGYGY,1.0
S1_D02_P1,S1_D02,1,13,8,104,YBYBBYYGYGYGY,YBYBBYYGYGYGY,1.0
S1_D02_P1,S1_D02,1,14,1,105,RRBRBYBRRYBRG,RRBYYBRRGRGRG,0.6153846153846154
S1_D02_P1,S1_D02,1,14,2,106,BRBRGYRGGGRGR,RBRBRYRYRGRYG,0.5384615384615384
S1_D02_P1,S1_D02,1,14,3,107,BRGBRGRGRBYRR,RBGRBGRRRGRYR,0.4615384615384615
S1_D02_P1,S1_D02,1,14,4,108,RBRBRYRYRRBRG,RBRRRYGRGBBYR,0.4615384615384615
S1_D02_P1,S1_D02,1,14,5,109,RBGRBGRRYYRGR,RBRBRGRGRGRGB,0.5384615384615384
S1_D02_P1,S1_D02,1,14,6,110,RBRBRYGRBRYGR,RRBRYGRBGRRRY,0.6153846153846154
S1_D02_P1,S1_D02,1,14,7,111,RBRBRGRGRBRGR,RBRBRGRGRBRGR,1.0
S1_D02_P1,S1_D02,1,14,8,112,RBRBGRBRRGBRR,RBRBRGRBGRBGR,0.6923076923076923
S1_D02_P1,S1_D02,1,15,1,113,RGBYBBRBRRRGY,RGRGRBGRBGRYR,0.3846153846153846
S1_D02_P1,S1_D02,1,15,2,114,BGYYBGYBRYRGB,BYBGYYBRYBRBY,0.5384615384615384
S1_D02_P1,S1_D02,1,15,3,115,RGRGRGRBYRGBY,RGRGRGRBYRBYG,0.8461538461538461
S1_D02_P1,S1_D02,1,15,4,116,BYBYBRBYBRGBY,BYBYBYBRGBRBY,0.6923076923076923
S1_D02_P1,S1_D02,1,15,5,117,RGRGRGRBRYRGR,RGRGRGRGRBYBY,0.6153846153846154
S1_D02_P1,S1_D02,1,15,6,118,BYBYBYBRGBRYB,BYBYBYBRGBRYB,1.0
S1_D02_P1,S1_D02,1,15,7,119,RGRGRGRBYRBGR,RGRGRGRBYRGRB,0.8461538461538461
S1_D02_P1,S1_D02,1,15,8,120,BYBYBYBRGBRYR,BYBYBYBRYBRYR,0.9230769230769232
S1_D02_P2,S1_D02,2,1,1,1,GBYRRBBYGBYYR,GGBYRRRYBRBBY,0.4615384615384615
S1_D02_P2,S1_D02,2,1,2,2,RYRYRYRRGRBRY,RYRYRYRRGRBRY,1.0
S1_D02_P2,S1_D02,2,1,3,3,RYRYRGRBGBRGR,RYRRBGBRYBRRR,0.5384615384615384
S1_D02_P2,S1_D02,2,1,4,4,RYRYRYRYRYRGR,RYRYRYRYRGRYR,0.8461538461538461
S1_D02_P2,S1_D02,2,1,5,5,RYRYRBRGRBGBG,RRYYRBBRYRBGB,0.6153846153846154
S1_D02_P2,S1_D02,2,1,6,6,RYRYRYRYRGRYR,RYRYRRYRRRYRR,0.7692307692307692
S1_D02_P2,S1_D02,2,1,7,7,RYRYRRYRGBRBR,RRRRRBRBRYRBR,0.5384615384615384
S1_D02_P2,S1_D02,2,1,8,8,RYRYRYRRRYRRY,RRYRYRRRRRRRR,0.6923076923076923
S1_D02_P2,S1_D02,2,2,1,9,YBBYYGBBBRGRY,BBBBBRBYBRBRR,0.4615384615384615
S1_D02_P2,S1_D02,2,2,2,10,YYYGBRBRGRRYR,YBYBYBBGBYRBG,0.3846153846153846
S1_D02_P2,S1_D02,2,2,3,11,BBBBBRBYBRBRB,BBBBBBBBYRYBR,0.6153846153846154
S1_D02_P2,S1_D02,2,2,4,12,YYYYYBYBGYBYG,YYYYYYYBYYBYB,0.7692307692307692
S1_D02_P2,S1_D02,2,2,5,13,BBBBBBBBYRYBR,BBBBBBBBYRBYB,0.8461538461538461
S1_D02_P2,S1_D02,2,2,6,14,YYYYYYYBYBYBB,YYYYYYYBBBBBB,0.8461538461538461
S1_D02_P2,S1_D02,2,2,7,15,BBBBBBBBYRYBR,BBBBBBBBRRBRB,0.7692307692307692
S1_D02_P2,S1_D02,2,2,8,16,YYYYYYYBBBBBB,BBBBBBBBBBBBB,0.4615384615384615
S1_D02_P2,S1_D02,2,3,1,17,YGYRGYBBRRRBG,YGRYRYGRBBRBB,0.5384615384615384
S1_D02_P2,S1_D02,2,3,2,18,BBGGYBYGBYGYG,BYGBYBGBYBBBB,0.4615384615384615
S1_D02_P2,S1_D02,2,3,3,19,YRYRGYRBGYRGB,YRYRYRGBRGYRY,0.6153846153846154
S1_D02_P2,S1_D02,2,3,4,20,BYBYBGYBYBYBB,BBYBYBYBGYBYB,0.6923076923076923
S1_D02_P2,S1_D02,2,3,5,21,YRYRYRGBRGRYR,YRRYRYRYRGYRY,0.6153846153846154
S1_D02_P2,S1_D02,2,3,6,22,BBYBYBYBGYBYB,BYBYBYBYBGYBY,0.8461538461538461
S1_D02_P2,S1_D02,2,3,7,23,YRYRYRRGYRGYR,YRYRYRYRYRGYR,0.8461538461538461
S1_D02_P2,S1_D02,2,3,8,24,YBYBYBYBGBYBY,YBYBYBYBGBYBY,1.0
S1_D02_P2,S1_D02,2,4,1,25,YRBRYRBBYBGBR,YBRYRBYBBBRGB,0.6153846153846154
S1_D02_P2,S1_D02,2,4,2,26,GGRYRGYRYBGYB,GRGYRGBYRGYRG,0.4615384615384615
S1_D02_P2,S1_D02,2,4,3,27,YRYRYBRGBGRYB,YRRYRYRYRGBYR,0.5384615384615384
S1_D02_P2,S1_D02,2,4,4,28,GGRYRYGYBGBYR,GRYGRYRGBYRGB,0.4615384615384615
S1_D02_P2,S1_D02,2,4,5,29,YRRYRYRYGYBGY,GBGBYBGYBGRYB,0.3076923076923077
S1_D02_P2,S1_D02,2,4,6,30,YGRYRRGBGYRBY,YRGYRRGRYBGRY,0.5384615384615384
S1_D02_P2,S1_D02,2,4,7,31,GBGBGBGYBGYBG,GBGBGBGYBYBGY,0.8461538461538461
S1_D02_P2,S1_D02,2,4,8,32,YRYRRGYBGRGYB,YRYRYRBRYRRBY,0.4615384615384615
S1_D02_P2,S1_D02,2,5,1,33,BBBGGBBRBBYRG,BBBGGBGRYBGRY,0.6923076923076923
S1_D02_P2,S1_D02,2,5,2,34,GRBGRYBRRGRGR,GRBGRYYBRGRGR,0.8461538461538461
S1_D02_P2,S1_D02,2,5,3,35,BBBGRYRYGBGRB,BBBRGBYRGBYRB,0.6923076923076923
S1_D02_P2,S1_D02,2,5,4,36,GRBGRBGGRYRYG,GRRRBGRBGRBYR,0.5384615384615384
S1_D02_P2,S1_D02,2,5,5,37,BBBRGRYGYRYRG,GGRBGRBRYRYRG,0.5384615384615384
S1_D02_P2,S1_D02,2,5,6,38,GRRRBGRBRGRBG,GRBGRBGBGRBGR,0.6153846153846154
S1_D02_P2,S1_D02,2,5,7,39,GGRBGRBGYRBBG,GRBGRRGRBGRYB,0.5384615384615384
S1_D02_P2,S1_D02,2,5,8,40,GRBGRBGBGBRGR,GRBGRBGBGRBRG,0.8461538461538461
S1_D02_P2,S1_D02,2,6,1,41,GGRRYGRBYRRRB,GGRRBYRGBYRGG,0.5384615384615384
S1_D02_P2,S1_D02,2,6,2,42,BRYYYGBRYRBYR,BRYYYGBRGBYRG,0.7692307692307692
S1_D02_P2,S1_D02,2,6,3,43,GGRGRGBYGRYGR,GGRGRYBGRBYGR,0.7692307692307692
S1_D02_P2,S1_D02,2,6,4,44,BRBBBYRYRGBBR,BRBRBBYRYBGBR,0.7692307692307692
S1_D02_P2,S1_D02,2,6,5,45,GGRGRYBYBGRYB,GRGRGRYRBGRYB,0.7692307692307692
S1_D02_P2,S1_D02,2,6,6,46,BRBRBBYGBRYBG,GBGBGBYRBGRYB,0.4615384615384615
S1_D02_P2,S1_D02,2,6,7,47,GRGRGRYBRGBRY,GRGRGBYRGBYRG,0.6923076923076923
S1_D02_P2,S1_D02,2,6,8,48,GBGBGBYRBYGBR,GBGBGBGRBYRGB,0.7692307692307692
S1_D02_P2,S1_D02,2,7,1,49,RGGRYYGRBBGYG,GRGRBGBYRGRBY,0.3846153846153846
S1_D02_P2,S1_D02,2,7,2,50,GRGRGRYGGRGRY,GRGRGRGYGGRYG,0.6923076923076923
S1_D02_P2,S1_D02,2,7,3,51,GRGRGRBYGRYRY,GRGRGRBGRYGBG,0.6923076923076923
S1_D02_P2,S1_D02,2,7,4,52,GRGRGRYGGRGGR,GRGRGRGYBGYRG,0.6153846153846154
S1_D02_P2,S1_D02,2,7,5,53,GRGRGRBGYGRGR,GRGRGRGRGBYGR,0.6923076923076923
S1_D02_P2,S1_D02,2,7,6,54,GRGRGRGYBGBRG,GRGRGRGYBGYRG,0.9230769230769232
S1_D02_P2,S1_D02,2,7,7,55,GRGRGRGRGBYGR,GRGRGRGRGBYGR,1.0
S1_D02_P2,S1_D02,2,7,8,56,GRGRGRGYBGRGR,GRGRGRGYBGYGR,0.9230769230769232
S1_D02_P2,S1_D02,2,8,1,57,BYBGRRYRYBGBR,BYBYBGRYBRGRY,0.4615384615384615
S1_D02_P2,S1_D02,2,8,2,58,GGYGGYBBBRYYY,GYGGGYBRBYRBY,0.5384615384615384
S1_D02_P2,S1_D02,2,8,3,59,BYBYBBGGRRYRG,BYBYBRBYGRBYB,0.6153846153846154
S1_D02_P2,S1_D02,2,8,4,60,GYGGGYGBYBRBG,GYGYGBGYRGYBG,0.5384615384615384
S1_D02_P2,S1_D02,2,8,5,61,BYBYBRBYGRBYG,BYBYBYBRGBYBR,0.6153846153846154
S1_D02_P2,S1_D02,2,8,6,62,GGYGBYGGRYBGY,GGYGGGYBGYRBG,0.5384615384615384
S1_D02_P2,S1_D02,2,8,7,63,BYBYBYBRGYRYY,YBYBYRGBYRBYR,0.6153846153846154
S1_D02_P2,S1_D02,2,8,8,64,GGYGYBYGBGRGG,GBGYGYGBYRBYG,0.5384615384615384
S1_D02_P2,S1_D02,2,9,1,65,YGGBBGRYYBGYY,YGYGGRBYRYGBY,0.4615384615384615
S1_D02_P2,S1_D02,2,9,2,66,BRRGRBYRBYYYY,BRBRBRYBRYRBG,0.3846153846153846
S1_D02_P2,S1_D02,2,9,3,67,YGGYGGYBYRYBR,YGYYGGYBRYBYG,0.6923076923076923
S1_D02_P2,S1_D02,2,9,4,68,RBRBRBYBRYBRB,RBRBRBRBYRBRB,0.7692307692307692
S1_D02_P2,S1_D02,2,9,5,69,YYGYGYBYBYGYB,YGYGYYBYGYBYG,0.6923076923076923
S1_D02_P2,S1_D02,2,9,6,70,BRBRRBRBYRBRB,RBRBRBRYBRYRB,0.6153846153846154
S1_D02_P2,S1_D02,2,9,7,71,GYYGYBYGYYBYG,GYGYGYBGYBYGY,0.6923076923076923
S1_D02_P2,S1_D02,2,9,8,72,BRBRBRBRYBRYB,BRBRBRBRBYBRB,0.8461538461538461
S1_D02_P2,S1_D02,2,10,1,73,YYRBYRRYRRRGR,YRYYYRBYYRBGR,0.5384615384615384
S1_D02_P2,S1_D02,2,10,2,74,GYRGYRGGBGBGB,GYRGYRGGBGBGB,1.0
S1_D02_P2,S1_D02,2,10,3,75,YRYYYYYBYRBYB,YRYYYYYYYBYBR,0.7692307692307692
S1_D02_P2,S1_D02,2,10,4,76,GYRGRGGBGBGGB,YRGGGBYGRYBGR,0.4615384615384615
S1_D02_P2,S1_D02,2,10,5,77,YRYYYYYYYBYBY,YRYYYYYYYYYYB,0.7692307692307692
S1_D02_P2,S1_D02,2,10,6,78,YRYRGGGBYGRYR,GYGYYYRGYYRGB,0.3076923076923077
S1_D02_P2,S1_D02,2,10,7,79,YRYYYYYYYYYBB,YRYYYYYYYYYYB,0.9230769230769232
S1_D02_P2,S1_D02,2,10,8,80,GYGYGYYYRYGRG,GYYYYYYYYRGRR,0.6153846153846154
S1_D02_P2,S1_D02,2,11,1,81,RGBGGRGBYGRBB,GRBGRBGRBYBGR,0.3846153846153846
S1_D02_P2,S1_D02,2,11,2,82,YRYYBYYYRBYBY,YRYRYBBYBYGBY,0.6153846153846154
S1_D02_P2,S1_D02,2,11,3,83,GRBGRBGRBYRGB,GRBGRBGRBYRGB,1.0
S1_D02_P2,S1_D02,2,11,4,84,YRYRYBGYBYGYG,YGBYGBYRYBGYR,0.3846153846153846
S1_D02_P2,S1_D02,2,11,5,85,GRBGRBGRBYRGB,GRBGRBGYRGYRB,0.7692307692307692
S1_D02_P2,S1_D02,2,11,6,86,YGBGBYRYRGBGB,GYBGBGRRGBYRG,0.4615384615384615
S1_D02_P2,S1_D02,2,11,7,87,GBRGBGYRYRGBR,GBGBYGBYRGBYR,0.6153846153846154
S1_D02_P2,S1_D02,2,11,8,88,GYBGYBGRBYGBY,GYBGYBGRBGRYR,0.7692307692307692
S1_D02_P2,S1_D02,2,12,1,89,RYRGGGRBYGGGB,GRBGRBYRGBRYR,0.3076923076923077
S1_D02_P2,S1_D02,2,12,2,90,BRBRGRYRYBRRR,RBRBRBGRYRBGR,0.6153846153846154
S1_D02_P2,S1_D02,2,12,3,91,GBRGBRYBRGBRR,GYBGYBRGRBYRG,0.4615384615384615
S1_D02_P2,S1_D02,2,12,4,92,RBRBRGRYRBRGR,RBRBRGBRBYRBG,0.6923076923076923
S1_D02_P2,S1_D02,2,12,5,93,GYBGYBRGRGRBY,GYBGYBRGRGYRG,0.7692307692307692
S1_D02_P2,S1_D02,2,12,6,94,BRBRGBRYBYRGB,RBRBRGBYRBGRB,0.6153846153846154
S1_D02_P2,S1_D02,2,12,7,95,GYBGYBRYBRGRG,GYBGYBRGYRGRG,0.8461538461538461
S1_D02_P2,S1_D02,2,12,8,96,RBRBRGBRYGRGR,RBRBRBRGRGYRB,0.6923076923076923
S1_D02_P2,S1_D02,2,13,1,97,YYBYYGBYGRBYY,YYBYBYGGYBGYR,0.5384615384615384
S1_D02_P2,S1_D02,2,13,2,98,YBYBGYGYGYGYG,YBYBYGYGYGYGY,0.8461538461538461
S1_D02_P2,S1_D02,2,13,3,99,YBYBYYBGYGYGY,YBYBYBBYGYGYG,0.7692307692307692
S1_D02_P2,S1_D02,2,13,4,100,YBYBYGYGYGYGY,YBYBYBYGYGYGY,0.9230769230769232
S1_D02_P2,S1_D02,2,13,5,101,YBYBYBBYGYGYG,YBYBYBBYGYGYG,1.0
S1_D02_P2,S1_D02,2,13,6,102,YBYBYBYGYGYGY,YBYBYGYGYGYGY,0.9230769230769232
S1_D02_P2,S1_D02,2,13,7,103,YBYBYBBYGYGYG,YBYBBYYGYGYGY,0.7692307692307692
S1_D02_P2,S1_D02,2,13,8,104,YBYBYGYGYGYGY,YBYBYBYGYGYGY,0.9230769230769232
S1_D02_P2,S1_D02,2,14,1,105,BBRBGYGGGGBRB,BRBRGYRGGGRGR,0.5384615384615384
S1_D02_P2,S1_D02,2,14,2,106,RRBYYBRRGRGRG,BRGBRGRGRBYRR,0.3846153846153846
S1_D02_P2,S1_D02,2,14,3,107,RBRBRYRYRGRYG,RBRBRYRYRRBRG,0.7692307692307692
S1_D02_P2,S1_D02,2,14,4,108,RBGRBGRRRGRYR,RBGRBGRRYYRGR,0.7692307692307692
S1_D02_P2,S1_D02,2,14,5,109,RBRRRYGRGBBYR,RBRBRYGRBRYGR,0.6923076923076923
S1_D02_P2,S1_D02,2,14,6,110,RBRBRGRGRGRGB,RBRBRGRGRBRGR,0.8461538461538461
S1_D02_P2,S1_D02,2,14,7,111,RRBRYGRBGRRRY,RBRBGRBRRGBRR,0.5384615384615384
S1_D02_P2,S1_D02,2,14,8,112,RBRBRGRGRBRGR,RBRBRBGRBRGBR,0.7692307692307692
S1_D02_P2,S1_D02,2,15,1,113,BGYYBYRRGYGBG,BGYYBGYBRYRGB,0.6153846153846154
S1_D02_P2,S1_D02,2,15,2,114,RGRGRBGRBGRYR,RGRGRGRBYRGBY,0.6153846153846154
S1_D02_P2,S1_D02,2,15,3,115,BYBGYYBRYBRBY,BYBYBRBYBRGBY,0.6923076923076923
S1_D02_P2,S1_D02,2,15,4,116,RGRGRGRBYRBYG,RGRGRGRBRYRGR,0.6923076923076923
S1_D02_P2,S1_D02,2,15,5,117,BYBYBYBRGBRBY,BYBYBYBRGBRYB,0.8461538461538461
S1_D02_P2,S1_D02,2,15,6,118,RGRGRGRGRBYBY,RGRGRGRBYRBGR,0.6153846153846154
S1_D02_P2,S1_D02,2,15,7,119,BYBYBYBRGBRYB,BYBYBYBRGBRYR,0.9230769230769232
S1_D02_P2,S1_D02,2,15,8,120,RGRGRGRBYRGRB,RGRGRGRYBRGBR,0.6923076923076923
S1_D03_P1,S1_D03,1,1,1,1,GYBBYRRGBRYYG,GYBRYGBRGBBBY,0.5384615384615384
S1_D03_P1,S1_D03,1,1,2,2,BYGRYRGYGBBRY,GBYRRGBBBYRGB,0.3846153846153846
S1_D03_P1,S1_D03,1,1,3,3,GYBRYGYBBRYGB,GBYRGYBRYGBRY,0.5384615384615384
S1_D03_P1,S1_D03,1,1,4,4,GBRYYGBBRRYGY,GBYRGYBRRGYYB,0.5384615384615384
S1_D03_P1,S1_D03,1,1,5,5,GBRYGBRYBGYGB,GBRYRGBBYGRBY,0.5384615384615384
S1_D03_P1,S1_D03,1,1,6,6,GBYRGYRBRGYGY,GRYBGRBYGYGGY,0.6153846153846154
S1_D03_P1,S1_D03,1,1,7,7,GBRYRGYBGGYGR,GRGRBYGRBYGYG,0.4615384615384615
S1_D03_P1,S1_D03,1,1,8,8,GRYBGRYYGBGGY,GRYBGYRBGYYRG,0.5384615384615384
S1_D03_P1,S1_D03,1,2,1,9,BRYGGRRGRBYBB,GRYBYGRBGGYYR,0.3846153846153846
S1_D03_P1,S1_D03,1,2,2,10,RRGGYYYBGRGYB,RBYGGYBRRRBGY,0.3846153846153846
S1_D03_P1,S1_D03,1,2,3,11,GRYBYGGBGGRGY,GYBRGGYYBRYGG,0.4615384615384615
S1_D03_P1,S1_D03,1,2,4,12,RRBYRGYBYGRYB,RGBYYRRGBYGRB,0.6153846153846154
S1_D03_P1,S1_D03,1,2,5,13,GYBRGGYYGBRGY,GGYBRGGYBGYGY,0.6923076923076923
S1_D03_P1,S1_D03,1,2,6,14,RGYBYRRYBRGBY,YGRBYYGRBYGBY,0.5384615384615384
S1_D03_P1,S1_D03,1,2,7,15,GGYYBRGGBYGGY,GRYBYYGGGYGYG,0.4615384615384615
S1_D03_P1,S1_D03,1,2,8,16,YGRBYYGRBGBBG,GYGRBYGRBBGBG,0.6923076923076923
S1_D03_P1,S1_D03,1,3,1,17,RRRYBYYGBBBGG,RRYYGBGYRGBYG,0.4615384615384615
S1_D03_P1,S1_D03,1,3,2,18,GYYGRRBRRYRGY,GGYYRBYGGGYGR,0.3076923076923077
S1_D03_P1,S1_D03,1,3,3,19,RRYYGBGBYRGBG,RYGBYYGBGYGYG,0.5384615384615384
S1_D03_P1,S1_D03,1,3,4,20,GYYYRBRYGBYGR,GYRYGBYGGYGRG,0.6153846153846154
S1_D03_P1,S1_D03,1,3,5,21,GRYBYYGBGYGYG,GRBYRBYGYGYGG,0.6153846153846154
S1_D03_P1,S1_D03,1,3,6,22,GYRGRYGBGYGRG,GRYBRBGRGRYGR,0.4615384615384615
S1_D03_P1,S1_D03,1,3,7,23,GRBYBRYGGYGRG,GRBYRBGRGGGGB,0.5384615384615384
S1_D03_P1,S1_D03,1,3,8,24,GRYBRBGRGRYGR,GRYBGYRGRYRGY,0.6153846153846154
S1_D03_P1,S1_D03,1,4,1,25,BGGBYGYYBGGRB,BGYRBGYRYGRBY,0.4615384615384615
S1_D03_P1,S1_D03,1,4,2,26,BBYRGGYGGGRGB,YGRBYYGGYRGYB,0.4615384615384615
S1_D03_P1,S1_D03,1,4,3,27,BGYRYGBRYGRBY,YGRBYGRBYGRBB,0.5384615384615384
S1_D03_P1,S1_D03,1,4,4,28,YGRBYYGGYRGYB,GYGRBGRBYRBYG,0.4615384615384615
S1_D03_P1,S1_D03,1,4,5,29,YGRBYGRBYGRBG,YGRBYGRBYGRBY,0.9230769230769232
S1_D03_P1,S1_D03,1,4,6,30,GYGRBGRBYRGBY,GYRBGYRBYGGYG,0.6153846153846154
S1_D03_P1,S1_D03,1,4,7,31,YGRBYGRBYGRBY,YGRBYGRBYGYRB,0.8461538461538461
S1_D03_P1,S1_D03,1,4,8,32,GYRBGYRBGYYGG,GYRBGYRBGYGYB,0.7692307692307692
S1_D03_P1,S1_D03,1,5,1,33,BBBYBGGRBYYRY,BGRBYGRYGRYGR,0.3846153846153846
S1_D03_P1,S1_D03,1,5,2,34,RBRBBBRGYGRBB,RBYGRBRBYGRBR,0.6153846153846154
S1_D03_P1,S1_D03,1,5,3,35,BGRBGRYGRYGRY,GYGRBRYGRBYGY,0.6153846153846154
S1_D03_P1,S1_D03,1,5,4,36,RBYGRBYGRBRYG,RBGRBGRBGYRBG,0.6153846153846154
S1_D03_P1,S1_D03,1,5,5,37,GYGRBRYGRBGYG,GYRBGYGYGYGYR,0.5384615384615384
S1_D03_P1,S1_D03,1,5,6,38,RBGRBGRBGYRBG,RBGRBGRBGRBGY,0.8461538461538461
S1_D03_P1,S1_D03,1,5,7,39,GYRBGYGYGYGYR,GYRBGYGYGYRGY,0.8461538461538461
S1_D03_P1,S1_D03,1,5,8,40,RBGRBGRBGRBGY,RBRBGRBGRBYRB,0.6923076923076923
S1_D03_P1,S1_D03,1,6,1,41,BBGRRBGYBBRRG,RBGRBYBGYBRGY,0.5384615384615384
S1_D03_P1,S1_D03,1,6,2,42,GBGRBBGRGRYGR,GYRGYBGYRBGYB,0.3076923076923077
S1_D03_P1,S1_D03,1,6,3,43,RBGRBYBYGRBGY,GRBGRBGYGBYBG,0.5384615384615384
S1_D03_P1,S1_D03,1,6,4,44,GYRGYBGYRBGYB,YRBGYBGYRGYGB,0.6923076923076923
S1_D03_P1,S1_D03,1,6,5,45,GRBGRBGYGBYBG,BRGYBGRBGYGYG,0.6153846153846154
S1_D03_P1,S1_D03,1,6,6,46,GYBYRBGYRGYBG,GYBRGYBGYGYRB,0.5384615384615384
S1_D03_P1,S1_D03,1,6,7,47,BRGBYRGBGYGYG,BRGYBRGYBYGRB,0.5384615384615384
S1_D03_P1,S1_D03,1,6,8,48,GYBYGRBGYGYGR,GBYGYRGRGYRBG,0.4615384615384615
S1_D03_P1,S1_D03,1,7,1,49,RRBBYGGBBGYGG,RBGYGYGYGYGYB,0.4615384615384615
S1_D03_P1,S1_D03,1,7,2,50,GYBGRBBRGYYBB,GYBGYBGYGYBGY,0.5384615384615384
S1_D03_P1,S1_D03,1,7,3,51,RBGYGYGYGYGYB,RBGYGYGYGYGYG,0.9230769230769232
S1_D03_P1,S1_D03,1,7,4,52,GYBGYBGYGBGYY,GBGBGYGYGYBGY,0.6153846153846154
S1_D03_P1,S1_D03,1,7,5,53,RBGYGYGYGYGYG,GYRBYGYGYGYGY,0.6923076923076923
S1_D03_P1,S1_D03,1,7,6,54,GBGBGYGYGBGYG,BGBGBGYYGBGYG,0.8461538461538461
S1_D03_P1,S1_D03,1,7,7,55,GYRBYGYGYGYYY,GYRBGYGYGGYGY,0.7692307692307692
S1_D03_P1,S1_D03,1,7,8,56,GBGBGBYYGBGYG,GGBGYGYGYGBGY,0.6153846153846154
S1_D03_P1,S1_D03,1,8,1,57,RBBBYYRGYBBRG,RGRBYGYGYGYGY,0.3846153846153846
S1_D03_P1,S1_D03,1,8,2,58,GYRBBRRYGRGRR,RBGYRBGYGYGYR,0.4615384615384615
S1_D03_P1,S1_D03,1,8,3,59,RGRBGYGYGYGYG,RBGYGYGYGYYGY,0.6923076923076923
S1_D03_P1,S1_D03,1,8,4,60,RBGYRBGYGYGYR,RBGYGYRGYRGYR,0.6923076923076923
S1_D03_P1,S1_D03,1,8,5,61,RBGYGYGYYGYGY,GYRBGYGYGYGYG,0.6923076923076923
S1_D03_P1,S1_D03,1,8,6,62,RBGYGYRGYRGYR,RGYGYGYRYGYRG,0.6923076923076923
S1_D03_P1,S1_D03,1,8,7,63,GYRBGYGYGYGYG,GYRBGYGYGYGYG,1.0
S1_D03_P1,S1_D03,1,8,8,64,RGYGYGYRGYRGY,GYRBGYRGYGYGR,0.5384615384615384
S1_D03_P1,S1_D03,1,9,1,65,BRBYGRGRBYRBR,YRBYRRRBYRGYR,0.6153846153846154
S1_D03_P1,S1_D03,1,9,2,66,YGBRYYYGBYRBG,GRBGRBYGBYGBG,0.5384615384615384
S1_D03_P1,S1_D03,1,9,3,67,YRBYRRRBYRGYG,RBYRBGYGYGYGR,0.4615384615384615
S1_D03_P1,S1_D03,1,9,4,68,GRBGRBYGBYGBG,GYBGBYGYGRBYG,0.6153846153846154
S1_D03_P1,S1_D03,1,9,5,69,RBYRBGYGYGYGR,RBGYGYRBYRBGY,0.3846153846153846
S1_D03_P1,S1_D03,1,9,6,70,YBGBYGYGRBYGG,YGRBGYGYGYGRG,0.5384615384615384
S1_D03_P1,S1_D03,1,9,7,71,RBGYGYRBYRBGY,RBYGYGYBRGYGY,0.6153846153846154
S1_D03_P1,S1_D03,1,9,8,72,GYRBGYGYGYGRG,YBGYBRGYGYGYG,0.6153846153846154
S1_D03_P1,S1_D03,1,10,1,73,YBBRRRGGGGYBB,YGRBGRYBYGGRG,0.3076923076923077
S1_D03_P1,S1_D03,1,10,2,74,BBYYYYBGRYBYB,BBYGBYGYBRGGY,0.4615384615384615
S1_D03_P1,S1_D03,1,10,3,75,GRBGRYBYGGRGG,GRBYGRBYGGRBG,0.7692307692307692
S1_D03_P1,S1_D03,1,10,4,76,BBYGBYRBBGYRG,GBGYRYRGYRYRG,0.4615384615384615
S1_D03_P1,S1_D03,1,10,5,77,GRBYGRBYGGRBG,BRGYGYGGYGYGY,0.3846153846153846
S1_D03_P1,S1_D03,1,10,6,78,GBGYRYGYRYRYG,GYBRYGYRYRGYG,0.6923076923076923
S1_D03_P1,S1_D03,1,10,7,79,BRGYGYGGYGYGY,RBYGGYGYGYGYG,0.6153846153846154
S1_D03_P1,S1_D03,1,10,8,80,GYBRGYRYRGYGY,YRBYRYGYGYRYG,0.4615384615384615
S1_D03_P1,S1_D03,1,11,1,81,RRGYYYGRRRYBB,RBGYBGYGYRYGY,0.4615384615384615
S1_D03_P1,S1_D03,1,11,2,82,RYGRBGYRGBBYG,GBRGYRYGYGYGY,0.3846153846153846
S1_D03_P1,S1_D03,1,11,3,83,RBGYGYBGYGYRG,YRBGYRYGRGYGY,0.5384615384615384
S1_D03_P1,S1_D03,1,11,4,84,GBRGYRGYGYGYG,GYBGYGGRBGGYG,0.5384615384615384
S1_D03_P1,S1_D03,1,11,5,85,YRBGYRYRGYGYR,YGRBYGYRYGYGY,0.6923076923076923
S1_D03_P1,S1_D03,1,11,6,86,GYBGYGGRBGGYG,GYBGYGYRYGYYG,0.7692307692307692
S1_D03_P1,S1_D03,1,11,7,87,YGRBYGYRYGYGY,GBGGGYRGYGYGY,0.6153846153846154
S1_D03_P1,S1_D03,1,11,8,88,GYBGYGYRGYYGY,GYGYGYGYGYGYG,0.6923076923076923
S1_D03_P1,S1_D03,1,12,1,89,BGRYRBRYBBGRB,BRYRYBGGYGGYG,0.3846153846153846
S1_D03_P1,S1_D03,1,12,2,90,BYYGYBRGBYGYG,RYGYBGYGYGGYG,0.5384615384615384
S1_D03_P1,S1_D03,1,12,3,91,BRYRYBGGYGGYG,GYBRGYGYBGYGY,0.4615384615384615
S1_D03_P1,S1_D03,1,12,4,92,RYGBGYGYGYGYG,RBGYGYGYGYGYG,0.8461538461538461
S1_D03_P1,S1_D03,1,12,5,93,GYBRGYGYBGYGY,GYRGYGYGYGYGY,0.7692307692307692
S1_D03_P1,S1_D03,1,12,6,94,RBGYGYGYGYGYG,GYBRGYGYGYGYG,0.6923076923076923
S1_D03_P1,S1_D03,1,12,7,95,GYRGYGYYGYGYG,YRGYGYGGYGYGY,0.7692307692307692
S1_D03_P1,S1_D03,1,12,8,96,GYBRGYGYYGYGG,GYRBGYGYGYYGY,0.6153846153846154
S1_D03_P1,S1_D03,1,13,1,97,YRRBYYRBBYBGR,GRBYGBGYGYRGY,0.3076923076923077
S1_D03_P1,S1_D03,1,13,2,98,BRGBBYYBRRBBY,BRGYGYRYGYGYG,0.3076923076923077
S1_D03_P1,S1_D03,1,13,3,99,GYBRGBGYGYRGY,GYBRGYGYRGYRY,0.7692307692307692
S1_D03_P1,S1_D03,1,13,4,100,GYBRGYRYGYGYG,GYBGYRGYGYGYG,0.8461538461538461
S1_D03_P1,S1_D03,1,13,5,101,GYBRGYGYRGYRY,BGYYGYRGYRGYR,0.6153846153846154
S1_D03_P1,S1_D03,1,13,6,102,GYBGYRGYGYGYG,GBRBGYYGRYGYG,0.6153846153846154
S1_D03_P1,S1_D03,1,13,7,103,BGYYGYRGYRGYR,BRGYGYGYGYRGY,0.6923076923076923
S1_D03_P1,S1_D03,1,13,8,104,BGRBRGYRYGYGY,RBGYGYRGYGYGY,0.6153846153846154
S1_D03_P1,S1_D03,1,14,1,105,YBRGBGRBRRRYR,GBRBRBGYRBGYG,0.3846153846153846
S1_D03_P1,S1_D03,1,14,2,106,YBYGRYGYBYRGY,GBRYRYGYRBGYG,0.4615384615384615
S1_D03_P1,S1_D03,1,14,3,107,GBRBRBGYRGYRG,GYBRBYBGYGYRG,0.7692307692307692
S1_D03_P1,S1_D03,1,14,4,108,GYBRYRYGBRGYG,BYYBRGYGYGYGY,0.4615384615384615
S1_D03_P1,S1_D03,1,14,5,109,GYBRBYBGYGRGY,GYRBGYYGYGYYB,0.5384615384615384
S1_D03_P1,S1_D03,1,14,6,110,BYYBRYBYBRGYG,RBGYBRBGYGYGY,0.4615384615384615
S1_D03_P1,S1_D03,1,14,7,111,GYRBGYGYYGYYB,GYBGYGYYGYGYG,0.7692307692307692
S1_D03_P1,S1_D03,1,14,8,112,RBGYBRBGYGYGY,BRGYBGYGYGYGG,0.6153846153846154
S1_D03_P1,S1_D03,1,15,1,113,BGGBGYYYBRRGR,GYRBGYGYGRBGG,0.4615384615384615
S1_D03_P1,S1_D03,1,15,2,114,RGBGYYRGGBRGY,RBGYBGYBGYYGY,0.4615384615384615
S1_D03_P1,S1_D03,1,15,3,115,GYRBGYGYGRBGG,GYRBGYGYGYGYG,0.7692307692307692
S1_D03_P1,S1_D03,1,15,4,116,RBGYBGYBGYGYG,RBGYBYGYGYGGY,0.6923076923076923
S1_D03_P1,S1_D03,1,15,5,117,GYRBGYGYGYGYG,GYBYYGYGYYGYG,0.7692307692307692
S1_D03_P1,S1_D03,1,15,6,118,RBGYBYGYGYGGY,RBGYGYGYGYBGY,0.8461538461538461
S1_D03_P1,S1_D03,1,15,7,119,GYBYYGYGYYGYG,GYBGYGYBGYGYG,0.7692307692307692
S1_D03_P1,S1_D03,1,15,8,120,RBGYGYGYGYBGY,BGYGYGYGYBGGY,0.8461538461538461
S1_D03_P2,S1_D03,2,1,1,1,BYGRYRGYGBBRR,BYGRYRGYGBBRY,0.9230769230769232
S1_D03_P2,S1_D03,2,1,2,2,GYBRYGBRGBBBY,GYBRYGYBBRYGB,0.5384615384615384
S1_D03_P2,S1_D03,2,1,3,3,GBYRRGBBBYRGB,GBRYYGBBRRYGY,0.4615384615384615
S1_D03_P2,S1_D03,2,1,4,4,GBYRGYBRYGBRY,GBRYGBRYBGYGB,0.4615384615384615
S1_D03_P2,S1_D03,2,1,5,5,GBYRGYBRRGYYB,GBYRGYRBRGYGY,0.6923076923076923
S1_D03_P2,S1_D03,2,1,6,6,GBRYRGBBYGRBY,GBRYRGYBGGYGR,0.6153846153846154
S1_D03_P2,S1_D03,2,1,7,7,GRYBGRBYGYGGY,GRYBGRYYGBGGY,0.8461538461538461
S1_D03_P2,S1_D03,2,1,8,8,GRGRBYGRBYGYG,GRGRBYGBYGGYG,0.8461538461538461
S1_D03_P2,S1_D03,2,2,1,9,RRGGYYYBRGBYB,RRGGYYYBGRGYB,0.8461538461538461
S1_D03_P2,S1_D03,2,2,2,10,GRYBYGRBGGYYR,GRYBYGGBGGRGY,0.6923076923076923
S1_D03_P2,S1_D03,2,2,3,11,RBYGGYBRRRBGY,RRBYRGYBYGRYB,0.4615384615384615
S1_D03_P2,S1_D03,2,2,4,12,GYBRGGYYBRYGG,GYBRGGYYGBRGY,0.7692307692307692
S1_D03_P2,S1_D03,2,2,5,13,RGBYYRRGBYGRB,RGYBYRRYBRGBY,0.5384615384615384
S1_D03_P2,S1_D03,2,2,6,14,GGYBRGGYBGYGY,GGYYBRGGBYGGY,0.6923076923076923
S1_D03_P2,S1_D03,2,2,7,15,YGRBYYGRBYGBY,YGRBYYGRBGBBG,0.7692307692307692
S1_D03_P2,S1_D03,2,2,8,16,GRYBYYGGGYGYG,GRYBYYGGGYGYG,1.0
S1_D03_P2,S1_D03,2,3,1,17,YGGYRRBRRYRGY,GYYGRRBRRYRGY,0.7692307692307692
S1_D03_P2,S1_D03,2,3,2,18,RRYYGBGYRGBYG,RRYYGBGBYRGBG,0.8461538461538461
S1_D03_P2,S1_D03,2,3,3,19,GGYYRBYGGGYGR,GYYYRBRYGBYGR,0.6923076923076923
S1_D03_P2,S1_D03,2,3,4,20,RYGBYYGBGYGYG,GRYBYYGBGYGYG,0.8461538461538461
S1_D03_P2,S1_D03,2,3,5,21,GYRYGBYGGYGRG,GYRGRYGBGYGRG,0.7692307692307692
S1_D03_P2,S1_D03,2,3,6,22,GRBYRBYGYGYGG,GRBYBRYGGYGRG,0.6923076923076923
S1_D03_P2,S1_D03,2,3,7,23,GRYBRBGRGRYGR,GRYBRBGRGRYGR,1.0
S1_D03_P2,S1_D03,2,3,8,24,GRBYRBGRGGGGB,GRBYGRBGGGGRY,0.6923076923076923
S1_D03_P2,S1_D03,2,4,1,25,BBYGYGRGGGRRB,BBYRGGYGGGRGB,0.6923076923076923
S1_D03_P2,S1_D03,2,4,2,26,BGYRBGYRYGRBY,BGYRYGBRYGRBY,0.8461538461538461
S1_D03_P2,S1_D03,2,4,3,27,YGRBYYGGYRGYB,YGRBYYGGYRGYB,1.0
S1_D03_P2,S1_D03,2,4,4,28,YGRBYGRBYGRBB,YGRBYGRBYGRBG,0.9230769230769232
S1_D03_P2,S1_D03,2,4,5,29,GYGRBGRBYRBYG,GYGRBGRBYRGBY,0.8461538461538461
S1_D03_P2,S1_D03,2,4,6,30,YGRBYGRBYGRBY,YGRBYGRBYGRBY,1.0
S1_D03_P2,S1_D03,2,4,7,31,GYRBGYRBYGGYG,GYRBGYRBGYYGG,0.7692307692307692
S1_D03_P2,S1_D03,2,4,8,32,YGRBYGRBYGYRB,YGRBYGRBYGYRB,1.0
S1_D03_P2,S1_D03,2,5,1,33,RBBBGYBBRGGRB,RBRBBBRGYGRBB,0.6153846153846154
S1_D03_P2,S1_D03,2,5,2,34,BGRBYGRYGRYGR,BGRBGRYGRYGRY,0.8461538461538461
S1_D03_P2,S1_D03,2,5,3,35,RBYGRBRBYGRBR,RBYGRBYGRBRYG,0.6923076923076923
S1_D03_P2,S1_D03,2,5,4,36,GYGRBRYGRBYGY,GYGRBRYGRBGYG,0.8461538461538461
S1_D03_P2,S1_D03,2,5,5,37,RBGRBGRBGYRBG,RBGRBGRBGYRBG,1.0
S1_D03_P2,S1_D03,2,5,6,38,GYRBGYGYGYGYR,GYRBGYGYGYGYR,1.0
S1_D03_P2,S1_D03,2,5,7,39,RBGRBGRBGRBGY,RBGRBGRBGRBGY,1.0
S1_D03_P2,S1_D03,2,5,8,40,GYRBGYGYGYRGY,GYRBGYGYGYGRG,0.8461538461538461
S1_D03_P2,S1_D03,2,6,1,41,GBRBBRGRYRBGY,GBGRBBGRGRYGR,0.6153846153846154
S1_D03_P2,S1_D03,2,6,2,42,RBGRBYBGYBRGY,RBGRBYBYGRBGY,0.7692307692307692
S1_D03_P2,S1_D03,2,6,3,43,GYRGYBGYRBGYB,GYRGYBGYRBGYB,1.0
S1_D03_P2,S1_D03,2,6,4,44,GRBGRBGYGBYBG,GRBGRBGYGBYBG,1.0
S1_D03_P2,S1_D03,2,6,5,45,YRBGYBGYRGYGB,GYBYRBGYRGYBG,0.5384615384615384
S1_D03_P2,S1_D03,2,6,6,46,BRGYBGRBGYGYG,BRGBYRGBGYGYG,0.7692307692307692
S1_D03_P2,S1_D03,2,6,7,47,GYBRGYBGYGYRB,GYBYGRBGYGYGR,0.6923076923076923
S1_D03_P2,S1_D03,2,6,8,48,BRGYBRGYBYGRB,BRGYBRGYBYGRB,1.0
S1_D03_P2,S1_D03,2,7,1,49,GYBBGRBRGYYBB,GYBGRBBRGYYBB,0.8461538461538461
S1_D03_P2,S1_D03,2,7,2,50,RBGYGYGYGYGYB,RBGYGYGYGYGYB,1.0
S1_D03_P2,S1_D03,2,7,3,51,GYBGYBGYGYBGY,GYBGYBGYGBGYY,0.8461538461538461
S1_D03_P2,S1_D03,2,7,4,52,RBGYGYGYGYGYG,RBGYGYGYGYGYG,1.0
S1_D03_P2,S1_D03,2,7,5,53,GBGBGYGYGYBGY,GBGBGYGYGBGYG,0.8461538461538461
S1_D03_P2,S1_D03,2,7,6,54,GYRBYGYGYGYGY,GYRBYGYGYGYYY,0.9230769230769232
S1_D03_P2,S1_D03,2,7,7,55,BGBGBGYYGBGYG,GBGBGBYYGBGYG,0.8461538461538461
S1_D03_P2,S1_D03,2,7,8,56,GYRBGYGYGGYGY,GYRBGYGYGGYGY,1.0
S1_D03_P2,S1_D03,2,8,1,57,GRYBBRRYRGYGR,GYRBBRRYGRGRR,0.6153846153846154
S1_D03_P2,S1_D03,2,8,2,58,RGRBYGYGYGYGY,RGRBGYGYGYGYG,0.8461538461538461
S1_D03_P2,S1_D03,2,8,3,59,RBGYRBGYGYGYR,RBGYRBGYGYGYR,1.0
S1_D03_P2,S1_D03,2,8,4,60,RBGYGYGYGYYGY,RBGYGYGYYGYGY,0.8461538461538461
S1_D03_P2,S1_D03,2,8,5,61,RBGYGYRGYRGYR,RBGYGYRGYRGYR,1.0
S1_D03_P2,S1_D03,2,8,6,62,GYRBGYGYGYGYG,GYRBGYGYGYGYG,1.0
S1_D03_P2,S1_D03,2,8,7,63,RGYGYGYRYGYRG,RGYGYGYRGYRGY,0.8461538461538461
S1_D03_P2,S1_D03,2,8,8,64,GYRBGYGYGYGYG,GYRBGYGYGYGYG,1.0
S1_D03_P2,S1_D03,2,9,1,65,YGBRYYYGBYRRY,YGBRYYYGBYRBG,0.8461538461538461
S1_D03_P2,S1_D03,2,9,2,66,YRBYRRRBYRGYR,YRBYRRRBYRGYG,0.9230769230769232
S1_D03_P2,S1_D03,2,9,3,67,GRBGRBYGBYGBG,GRBGRBYGBYGBG,1.0
S1_D03_P2,S1_D03,2,9,4,68,RBYRBGYGYGYGR,RBYRBGYGYGYGR,1.0
S1_D03_P2,S1_D03,2,9,5,69,GYBGBYGYGRBYG,YBGBYGYGRBYGG,0.8461538461538461
S1_D03_P2,S1_D03,2,9,6,70,RBGYGYRBYRBGY,RBGYGYRBYRBGY,1.0
S1_D03_P2,S1_D03,2,9,7,71,YGRBGYGYGYGRG,GYRBGYGYGYGRG,0.8461538461538461
S1_D03_P2,S1_D03,2,9,8,72,RBYGYGYBRGYGY,RBYGYGYBRGYGY,1.0
S1_D03_P2,S1_D03,2,10,1,73,BBYYYYBGRYYRY,BBYYYYBGRYBYB,0.7692307692307692
S1_D03_P2,S1_D03,2,10,2,74,YGRBGRYBYGGRG,GRBGRYBYGGRGG,0.8461538461538461
S1_D03_P2,S1_D03,2,10,3,75,BBYGBYGYBRGGY,BBYGBYRBBGYRG,0.5384615384615384
S1_D03_P2,S1_D03,2,10,4,76,GRBYGRBYGGRBG,GRBYGRBYGGRBG,1.0
S1_D03_P2,S1_D03,2,10,5,77,GBGYRYRGYRYRG,GBGYRYGYRYRYG,0.8461538461538461
S1_D03_P2,S1_D03,2,10,6,78,BRGYGYGGYGYGY,BRGYGYGGYGYGY,1.0
S1_D03_P2,S1_D03,2,10,7,79,GYBRYGYRYRGYG,GYBRGYRYRGYGY,0.8461538461538461
S1_D03_P2,S1_D03,2,10,8,80,RBYGGYGYGYGYG,GYBRGYGYGYGYG,0.6923076923076923
S1_D03_P2,S1_D03,2,11,1,81,RYGRBGRRBRBYG,RYGRBGYRGBBYG,0.7692307692307692
S1_D03_P2,S1_D03,2,11,2,82,RBGYBGYGYRYGY,RBGYGYBGYGYRG,0.6923076923076923
S1_D03_P2,S1_D03,2,11,3,83,GBRGYRYGYGYGY,GBRGYRGYGYGYG,0.8461538461538461
S1_D03_P2,S1_D03,2,11,4,84,YRBGYRYGRGYGY,YRBGYRYRGYGYR,0.8461538461538461
S1_D03_P2,S1_D03,2,11,5,85,GYBGYGGRBGGYG,GYBGYGGRBGGYG,1.0
S1_D03_P2,S1_D03,2,11,6,86,YGRBYGYRYGYGY,YGRBYGYRYGYGY,1.0
S1_D03_P2,S1_D03,2,11,7,87,GYBGYGYRYGYYG,GYBGYGYRGYYGY,0.8461538461538461
S1_D03_P2,S1_D03,2,11,8,88,GBGGGYRGYGYGY,GBGGYRGYGYGGG,0.7692307692307692
S1_D03_P2,S1_D03,2,12,1,89,BYYGYBRGBRYYG,BYYGYBRGBYGYG,0.8461538461538461
S1_D03_P2,S1_D03,2,12,2,90,BRYRYBGGYGGYG,BRYRYBGGYGGYG,1.0
S1_D03_P2,S1_D03,2,12,3,91,RYGYBGYGYGGYG,RYGBGYGYGYGYG,0.8461538461538461
S1_D03_P2,S1_D03,2,12,4,92,GYBRGYGYBGYGY,GYBRGYGYBGYGY,1.0
S1_D03_P2,S1_D03,2,12,5,93,RBGYGYGYGYGYG,RBGYGYGYGYGYG,1.0
S1_D03_P2,S1_D03,2,12,6,94,GYRGYGYGYGYGY,GYRGYGYYGYGYG,0.8461538461538461
S1_D03_P2,S1_D03,2,12,7,95,GYBRGYGYGYGYG,GYBRGYGYYGYGG,0.8461538461538461
S1_D03_P2,S1_D03,2,12,8,96,YRGYGYGGYGYGY,YRGYGYGGYGYGY,1.0
S1_D03_P2,S1_D03,2,13,1,97,BRGBBYYBRRBBY,BRGBBYYBRRBBY,1.0
S1_D03_P2,S1_D03,2,13,2,98,GRBYGBGYGYRGY,GYBRGBGYGYRGY,0.8461538461538461
S1_D03_P2,S1_D03,2,13,3,99,BRGYGYRYGYGYG,GYBRGYRYGYGYG,0.6923076923076923
S1_D03_P2,S1_D03,2,13,4,100,GYBRGYGYRGYRY,GYBRGYGYRGYRY,1.0
S1_D03_P2,S1_D03,2,13,5,101,GYBGYRGYGYGYG,GYBGYRGYGYGYG,1.0
S1_D03_P2,S1_D03,2,13,6,102,BGYYGYRGYRGYR,BGYYGYRGYRGYR,1.0
S1_D03_P2,S1_D03,2,13,7,103,GBRBGYYGRYGYG,BGRBRGYRYGYGY,0.5384615384615384
S1_D03_P2,S1_D03,2,13,8,104,BRGYGYGYGYRGY,BRGYGYGYGYGRG,0.8461538461538461
S1_D03_P2,S1_D03,2,14,1,105,YBYGRYRBBGYRG,YBYGRYGYBYRGY,0.6923076923076923
S1_D03_P2,S1_D03,2,14,2,106,GBRBRBGYRBGYG,GBRBRBGYRGYRG,0.8461538461538461
S1_D03_P2,S1_D03,2,14,3,107,GBRYRYGYRBGYG,GYBRYRYGBRGYG,0.7692307692307692
S1_D03_P2,S1_D03,2,14,4,108,GYBRBYBGYGYRG,GYBRBYBGYGRGY,0.8461538461538461
S1_D03_P2,S1_D03,2,14,5,109,BYYBRGYGYGYGY,BYYBRYBYBRGYG,0.6153846153846154
S1_D03_P2,S1_D03,2,14,6,110,GYRBGYYGYGYYB,GYRBGYGYYGYYB,0.8461538461538461
S1_D03_P2,S1_D03,2,14,7,111,RBGYBRBGYGYGY,RBGYBRBGYGYGY,1.0
S1_D03_P2,S1_D03,2,14,8,112,GYBGYGYYGYGYG,GYBGYGYYGYGYG,1.0
S1_D03_P2,S1_D03,2,15,1,113,RGBRYYRGGBBGY,RGBGYYRGGBRGY,0.8461538461538461
S1_D03_P2,S1_D03,2,15,2,114,GYRBGYGYGRBGG,GYRBGYGYGRBGG,1.0
S1_D03_P2,S1_D03,2,15,3,115,RBGYBGYBGYYGY,RBGYBGYBGYGYG,0.8461538461538461
S1_D03_P2,S1_D03,2,15,4,116,GYRBGYGYGYGYG,GYRBGYGYGYGYG,1.0
S1_D03_P2,S1_D03,2,15,5,117,RBGYBYGYGYGGY,RBGYBYGYGYGGY,1.0
S1_D03_P2,S1_D03,2,15,6,118,GYBYYGYGYYGYG,GYBYYGYGYYGYG,1.0
S1_D03_P2,S1_D03,2,15,7,119,RBGYGYGYGYBGY,RBGYGYGYGYBGY,1.0
S1_D03_P2,S1_D03,2,15,8,120,GYBGYGYBGYGYG,GYBGYGYBGYGYG,1.0
S1_D04_P1,S1_D04,1,1,1,1,GRYGYRGYBGRBR,GYBGBYRGBYBRG,0.4615384615384615
S1_D04_P1,S1_D04,1,1,2,2,RYGGBRYBRBGRB,RYGGBRYRBGYRB,0.8461538461538461
S1_D04_P1,S1_D04,1,1,3,3,GBBGBGBGBRGBR,GBGBGGBBGBRGB,0.6923076923076923
S1_D04_P1,S1_D04,1,1,4,4,RYGGBGRYBGRYB,RYGGBRYRGBYRB,0.6923076923076923
S1_D04_P1,S1_D04,1,1,5,5,GBGBGGBRYRBBR,GBGBGGBRYGBRY,0.7692307692307692
S1_D04_P1,S1_D04,1,1,6,6,RYGGBRYBGRBYR,RYGYBRGYBYGRY,0.6153846153846154
S1_D04_P1,S1_D04,1,1,7,7,GBGBGGBRYGBRB,GBGBGGBRYGRYB,0.8461538461538461
S1_D04_P1,S1_D04,1,1,8,8,RYGBGYBYGRBRB,RYGRBGYRGBYRY,0.5384615384615384
S1_D04_P1,S1_D04,1,2,1,9,GBBYRRGYBYBBY,GBGBRYBYBYRYB,0.4615384615384615
S1_D04_P1,S1_D04,1,2,2,10,GYYYRRBRRBGRB,GYYRYBRYGBYRB,0.6153846153846154
S1_D04_P1,S1_D04,1,2,3,11,GBGBRYBGRYBYB,GBGBRYGBYBYBB,0.7692307692307692
S1_D04_P1,S1_D04,1,2,4,12,GGRYYRRBGRBYB,GYYRRBGRBYBYB,0.6923076923076923
S1_D04_P1,S1_D04,1,2,5,13,GBYRGBGBRYBYB,RYGBYRBYRYBYB,0.6153846153846154
S1_D04_P1,S1_D04,1,2,6,14,GGYYRRBGRBYBY,GGYYRRBGRBRYB,0.8461538461538461
S1_D04_P1,S1_D04,1,2,7,15,BGYRYYBRYBGYB,GBRYYBRYBGBYB,0.7692307692307692
S1_D04_P1,S1_D04,1,2,8,16,GGYYRRBGRYBYB,GGRRYYBRYRYBB,0.5384615384615384
S1_D04_P1,S1_D04,1,3,1,17,RRGRYBYRGBGBG,RRYBGYBGBYGRG,0.5384615384615384
S1_D04_P1,S1_D04,1,3,2,18,RGYBGBBRBGBYB,RGBYGBRGBYBBY,0.5384615384615384
S1_D04_P1,S1_D04,1,3,3,19,RRYBGYBGYBYBR,RRBGGYBGYYRBY,0.6153846153846154
S1_D04_P1,S1_D04,1,3,4,20,RGBYGBRGYBYBB,RGBYRGYRBGBYR,0.5384615384615384
S1_D04_P1,S1_D04,1,3,5,21,RRBGGYYBRRBGY,RRYGGYBBBYRGB,0.5384615384615384
S1_D04_P1,S1_D04,1,3,6,22,RGBYGYBGYRBYR,RBYGBRBGYRBBY,0.6153846153846154
S1_D04_P1,S1_D04,1,3,7,23,GRYGGBBGRBGBY,GRYGGBBGRBBGY,0.8461538461538461
S1_D04_P1,S1_D04,1,3,8,24,RBYGRBBGYRBBY,GRRBGGRBBYBRG,0.4615384615384615
S1_D04_P1,S1_D04,1,4,1,25,BRGYYGGBRBYGB,YGRBYGGRGRBBG,0.3846153846153846
S1_D04_P1,S1_D04,1,4,2,26,RYGGBRBBRBRBG,YRGGRGBBYBRBR,0.5384615384615384
S1_D04_P1,S1_D04,1,4,3,27,YGRBYGRGRBYGR,YGRBYRGGRGYBY,0.6153846153846154
S1_D04_P1,S1_D04,1,4,4,28,YRGBGBBRRBBRB,YRGBYGRBRBRBR,0.6153846153846154
S1_D04_P1,S1_D04,1,4,5,29,YGRBYRGGRGBYB,YGRBYRGGRBYBR,0.8461538461538461
S1_D04_P1,S1_D04,1,4,6,30,YRGBYGRBRBRBR,YRGBYGRBRBRBR,1.0
S1_D04_P1,S1_D04,1,4,7,31,YRGBRGGRBYBRB,YRGBRGGRBYBRB,1.0
S1_D04_P1,S1_D04,1,4,8,32,YRGBYGRBRBRBR,YRGBGRBYBRBRB,0.7692307692307692
S1_D04_P1,S1_D04,1,5,1,33,RYRRGRGBGBRGY,RYRRRGRBGYRBB,0.6153846153846154
S1_D04_P1,S1_D04,1,5,2,34,GGYBBBGGRBBRB,YGGBBBYRGGBBR,0.5384615384615384
S1_D04_P1,S1_D04,1,5,3,35,RYRRRBGRBYRRY,RYBRGYRBRYRYR,0.4615384615384615
S1_D04_P1,S1_D04,1,5,4,36,GGBBBYRGGBBRB,GRBBBYGGGBRRY,0.6923076923076923
S1_D04_P1,S1_D04,1,5,5,37,RYRGYRBRYBRYB,RYRGYRYRBYRBY,0.6153846153846154
S1_D04_P1,S1_D04,1,5,6,38,GRBBBYRGGGRBB,GRBBYRGBYRBRY,0.6153846153846154
S1_D04_P1,S1_D04,1,5,7,39,RYGRYRYBRYRYB,RYRGYRYRBYYRB,0.6153846153846154
S1_D04_P1,S1_D04,1,5,8,40,GRYRRBBYRGYRB,YGRRBBGYRBGRR,0.4615384615384615
S1_D04_P1,S1_D04,1,6,1,41,RRGRGBRBRBRYB,GRBRGBRBRBRBY,0.6923076923076923
S1_D04_P1,S1_D04,1,6,2,42,YGRYYRGBBRGBY,YGRYRRBBGYRBR,0.5384615384615384
S1_D04_P1,S1_D04,1,6,3,43,GRYBRBRBRBYBR,GRYBRBRBRBYBY,0.9230769230769232
S1_D04_P1,S1_D04,1,6,4,44,YGRBRYGRBRBYR,YGRBBGRYBYBRR,0.6153846153846154
S1_D04_P1,S1_D04,1,6,5,45,GRYBRBRBYBYBY,GRBYRBRBRBYBY,0.7692307692307692
S1_D04_P1,S1_D04,1,6,6,46,YRBGRYBYRRBRR,YRBYGBRYYBRBR,0.6153846153846154
S1_D04_P1,S1_D04,1,6,7,47,GRBYRBRBYBYBY,GRBYRBRBYBYBY,1.0
S1_D04_P1,S1_D04,1,6,8,48,YRBYGRBYRBRBY,YRBYGRYRBRBRR,0.7692307692307692
S1_D04_P1,S1_D04,1,7,1,49,YYBYGBRBGGGGR,YBYYBGRGGBGGG,0.5384615384615384
S1_D04_P1,S1_D04,1,7,2,50,GGGYBBBYGRBRY,YGGGBBBYGRGYB,0.6153846153846154
S1_D04_P1,S1_D04,1,7,3,51,YBYYBGRGGRGRG,YBYYGBRYRGRGB,0.6153846153846154
S1_D04_P1,S1_D04,1,7,4,52,YGGGBBBRGYGGB,YGBBYRBGYBRYG,0.3846153846153846
S1_D04_P1,S1_D04,1,7,5,53,YBYYBGGBGRGRY,YBBYBYGBYRYBG,0.5384615384615384
S1_D04_P1,S1_D04,1,7,6,54,YGBBYRBYGRBRY,YGRBBYGRYRBGY,0.6153846153846154
S1_D04_P1,S1_D04,1,7,7,55,YBYYBBYBGRGRB,BYBYBYBGRGRBB,0.6923076923076923
S1_D04_P1,S1_D04,1,7,8,56,RGYBBRGYRGYBY,RGYBBRGYRYBGR,0.7692307692307692
S1_D04_P1,S1_D04,1,8,1,57,BRYBYBBBRGGYG,RYBYBYBRYGBGR,0.6153846153846154
S1_D04_P1,S1_D04,1,8,2,58,BGYBBGGYBRBYG,YRBYBRYBGRBBY,0.3076923076923077
S1_D04_P1,S1_D04,1,8,3,59,RYBYBYBBYBGRB,RYBYBYBBYBGRB,1.0
S1_D04_P1,S1_D04,1,8,4,60,YRBYYBRYGRBRB,RYBYBRYGYBRBB,0.6153846153846154
S1_D04_P1,S1_D04,1,8,5,61,RYBYBBYBGRBGR,RYBYBBYBRYGRG,0.7692307692307692
S1_D04_P1,S1_D04,1,8,6,62,RYBYBBYBGRYBY,RYBYBYBRYGRGR,0.5384615384615384
S1_D04_P1,S1_D04,1,8,7,63,RYBYBBYBRYBGR,RYBYBBYRRYGRB,0.7692307692307692
S1_D04_P1,S1_D04,1,8,8,64,RYBYBYBYGRGRB,RYBYBYGRGRGRB,0.8461538461538461
S1_D04_P1,S1_D04,1,9,1,65,RGRGGGRRYRGYB,RGRGGGRRYRGRB,0.9230769230769232
S1_D04_P1,S1_D04,1,9,2,66,GBYGBBGBRYBYG,GBBYRGBYRBBGY,0.3846153846153846
S1_D04_P1,S1_D04,1,9,3,67,RGGRGRYBYRGRG,RGGRRYBGRYBGB,0.6153846153846154
S1_D04_P1,S1_D04,1,9,4,68,GGBYRGYBRYBGY,GGYBBRYGBGBGY,0.5384615384615384
S1_D04_P1,S1_D04,1,9,5,69,RGRRGYBYBRGGY,GBYGYGBRYGBRY,0.3846153846153846
S1_D04_P1,S1_D04,1,9,6,70,GGYBBGYRRBGGY,GRYBBYGRYRGBY,0.5384615384615384
S1_D04_P1,S1_D04,1,9,7,71,GYBGYRBYGYRBG,GYBGYRYBGRYBR,0.6153846153846154
S1_D04_P1,S1_D04,1,9,8,72,GRYBBYGRBRGBY,GRBYRBGBYRGBY,0.6153846153846154
S1_D04_P1,S1_D04,1,10,1,73,GYYRRRGYGRBGB,GYBGYBGYGYBGB,0.6153846153846154
S1_D04_P1,S1_D04,1,10,2,74,BGRGRGRBRBRBR,BGRGRGRBRBRBR,1.0
S1_D04_P1,S1_D04,1,10,3,75,GYBGYBGGYBGBG,GYBGYBGGYBGBY,0.9230769230769232
S1_D04_P1,S1_D04,1,10,4,76,BGRBGGRBRBRBG,BGRBGGRBRBRBG,1.0
S1_D04_P1,S1_D04,1,10,5,77,GYBRGYBGBGYRB,GYRBGYBBGBGBG,0.5384615384615384
S1_D04_P1,S1_D04,1,10,6,78,GRBGRBRRBRBGR,GRBGRBRBRBGRB,0.8461538461538461
S1_D04_P1,S1_D04,1,10,7,79,GYRBGYBBYBGBG,GYRBGYBYBYBGB,0.8461538461538461
S1_D04_P1,S1_D04,1,10,8,80,GRBGRBRBRBGRB,GRBGRBRBRBGRB,1.0
S1_D04_P1,S1_D04,1,11,1,81,YGBBBGYGGRRBY,YGBYGRBBGYGGY,0.5384615384615384
S1_D04_P1,S1_D04,1,11,2,82,YGGBRBBRBBYRB,YGGBYGGRYGRBB,0.4615384615384615
S1_D04_P1,S1_D04,1,11,3,83,YGBYYRBYGRYRY,YGBYGBYGRBRYR,0.6923076923076923
S1_D04_P1,S1_D04,1,11,4,84,YGGBYRYGGBRBG,YGGBYGRBYGGRY,0.6153846153846154
S1_D04_P1,S1_D04,1,11,5,85,YGGBRBYRBGGRB,YRGBYRBRBGBRB,0.6923076923076923
S1_D04_P1,S1_D04,1,11,6,86,YGGBRBGYGGRBG,YGGBRGYBYGGYG,0.6153846153846154
S1_D04_P1,S1_D04,1,11,7,87,YRGRBGRBRBRBG,YRGBYRYBGYRBG,0.6153846153846154
S1_D04_P1,S1_D04,1,11,8,88,YGGBRBRGYYGGY,YGGBYRGBYGGGB,0.6153846153846154
S1_D04_P1,S1_D04,1,12,1,89,RGRGYBYRYBRGG,RGRGBGRYBRGBR,0.6923076923076923
S1_D04_P1,S1_D04,1,12,2,90,YRGBYRGBRRGGR,YRGBYRGBRRGGR,1.0
S1_D04_P1,S1_D04,1,12,3,91,RGGBYBRGBYRBG,RGGYRBYGYGGRB,0.4615384615384615
S1_D04_P1,S1_D04,1,12,4,92,YRGBYRGBRGRRG,YRGBYRGBRGRRG,1.0
S1_D04_P1,S1_D04,1,12,5,93,RYGBYGGYRBBGR,YGRBYGGYRBBGR,0.8461538461538461
S1_D04_P1,S1_D04,1,12,6,94,YRGBYRGBRGRRG,YRGBYRGBRGRRG,1.0
S1_D04_P1,S1_D04,1,12,7,95,YGRBYGGBBRGRB,YGRBYGGBRGRRB,0.8461538461538461
S1_D04_P1,S1_D04,1,12,8,96,YRGBYRGBRGRRG,YRGBYRGBRGRRG,1.0
S1_D04_P1,S1_D04,1,13,1,97,BYYBGYGRBYGYG,YBYBRGBRRGRYG,0.3846153846153846
S1_D04_P1,S1_D04,1,13,2,98,RBYGGYGRBRGRR,YGRBYGGYBRGRR,0.6923076923076923
S1_D04_P1,S1_D04,1,13,3,99,YBYBGRRBGRBYG,YBBYGYBRYBYGR,0.4615384615384615
S1_D04_P1,S1_D04,1,13,4,100,YGRBYGGRBRBGR,YGRBBRGBRYBRY,0.5384615384615384
S1_D04_P1,S1_D04,1,13,5,101,YBBYGRBYBRGBR,YBYBGRBYRYRBR,0.6153846153846154
S1_D04_P1,S1_D04,1,13,6,102,BRGYBGRBRYBRB,BRGYBGRBBRRYB,0.6923076923076923
S1_D04_P1,S1_D04,1,13,7,103,YBYBGRBYRYRBY,YBYBGRBYRBRBY,0.9230769230769232
S1_D04_P1,S1_D04,1,13,8,104,BRGYBRGBRRBRY,BRGYBRGBRBRBY,0.8461538461538461
S1_D04_P1,S1_D04,1,14,1,105,GRBRYGRBRRYRG,GRBGRYGBYGRBG,0.5384615384615384
S1_D04_P1,S1_D04,1,14,2,106,GGBGRRBGGBRYR,GGBGRRBGGRRYG,0.8461538461538461
S1_D04_P1,S1_D04,1,14,3,107,GRBGRYGRBGGRG,GRBGRYGRBGGRG,1.0
S1_D04_P1,S1_D04,1,14,4,108,GGBGRRBGRBYGR,GGBGRRBYGRBGB,0.7692307692307692
S1_D04_P1,S1_D04,1,14,5,109,GRBGRYGRBGRBG,GRBGYRGBYRGGB,0.5384615384615384
S1_D04_P1,S1_D04,1,14,6,110,GGBGRBYRGGBGR,GGBGRBYRGGBGR,1.0
S1_D04_P1,S1_D04,1,14,7,111,GGBGRYBRGGBGR,GGBGRYBRGGBGR,1.0
S1_D04_P1,S1_D04,1,14,8,112,GGBGRBYRGGBRB,GGBGRBYRGGBRB,1.0
S1_D04_P1,S1_D04,1,15,1,113,YRGBGGBGBYBGR,YRGBGGBGBYBGR,1.0
S1_D04_P1,S1_D04,1,15,2,114,YBYBGYGYRYRBY,BYBYYGYGBYRGY,0.6153846153846154
S1_D04_P1,S1_D04,1,15,3,115,YRGBGGBGRYRBY,YRGBGGBGRYRGY,0.9230769230769232
S1_D04_P1,S1_D04,1,15,4,116,BYBYYGYRBYGYB,BYBYYGYRBYGYB,1.0
S1_D04_P1,S1_D04,1,15,5,117,YRGBGGBGRYRYB,YRGBGGBGRYRYB,1.0
S1_D04_P1,S1_D04,1,15,6,118,BYBYGYGYRBYGY,BYBYGYGYRBYGY,1.0
S1_D04_P1,S1_D04,1,15,7,119,YRGYBGGBGRYBR,YRGYGBGBRYYGY,0.5384615384615384
S1_D04_P1,S1_D04,1,15,8,120,BYGYGYBRGYGYB,BYGYGYBRBYYGB,0.7692307692307692
S1_D04_P2,S1_D04,2,1,1,1,RRYYGYRRBGBGG,RYGGBRYBRBGRB,0.4615384615384615
S1_D04_P2,S1_D04,2,1,2,2,GYBGBYRGBYBRG,GBBGBGBGBRGBR,0.5384615384615384
S1_D04_P2,S1_D04,2,1,3,3,RYGGBRYRBGYRB,RYGGBGRYBGRYB,0.6923076923076923
S1_D04_P2,S1_D04,2,1,4,4,GBGBGGBBGBRGB,GBGBGGBRYRBBR,0.6153846153846154
S1_D04_P2,S1_D04,2,1,5,5,RYGGBRYRGBYRB,RYGGBRYBGRBYR,0.7692307692307692
S1_D04_P2,S1_D04,2,1,6,6,GBGBGGBRYGBRY,GBGBGGBRYGBRB,0.9230769230769232
S1_D04_P2,S1_D04,2,1,7,7,RYGYBRGYBYGRY,RYGBGYBYGRBRB,0.6153846153846154
S1_D04_P2,S1_D04,2,1,8,8,GBGBGGBRYGRYB,GBGBGGRYGBRYB,0.8461538461538461
S1_D04_P2,S1_D04,2,2,1,9,GGGBYYRRBRRGY,GYYYRRBRRBGRB,0.5384615384615384
S1_D04_P2,S1_D04,2,2,2,10,GBGBRYBYBYRYB,GBGBRYBGRYBYB,0.7692307692307692
S1_D04_P2,S1_D04,2,2,3,11,GYYRYBRYGBYRB,GGRYYRRBGRBYB,0.4615384615384615
S1_D04_P2,S1_D04,2,2,4,12,GBGBRYGBYBYBB,GBYRGBGBRYBYB,0.5384615384615384
S1_D04_P2,S1_D04,2,2,5,13,GYYRRBGRBYBYB,GGYYRRBGRBYBY,0.8461538461538461
S1_D04_P2,S1_D04,2,2,6,14,RYGBYRBYRYBYB,BGYRYYBRYBGYB,0.5384615384615384
S1_D04_P2,S1_D04,2,2,7,15,GGYYRRBGRBRYB,GGYYRRBGRYBYB,0.8461538461538461
S1_D04_P2,S1_D04,2,2,8,16,GBRYYBRYBGBYB,RYGBRYBGRBYYB,0.6153846153846154
S1_D04_P2,S1_D04,2,3,1,17,RBYGGBBGBRBYB,RGYBGBBRBGBYB,0.6923076923076923
S1_D04_P2,S1_D04,2,3,2,18,RRYBGYBGBYGRG,RRYBGYBGYBYBR,0.7692307692307692
S1_D04_P2,S1_D04,2,3,3,19,RGBYGBRGBYBBY,RGBYGBRGYBYBB,0.8461538461538461
S1_D04_P2,S1_D04,2,3,4,20,RRBGGYBGYYRBY,RRBGGYYBRRBGY,0.6153846153846154
S1_D04_P2,S1_D04,2,3,5,21,RGBYRGYRBGBYR,RGBYGYBGYRBYR,0.6923076923076923
S1_D04_P2,S1_D04,2,3,6,22,RRYGGYBBBYRGB,GRYGGBBGRBGBY,0.5384615384615384
S1_D04_P2,S1_D04,2,3,7,23,RBYGBRBGYRBBY,RBYGRBBGYRBBY,0.8461538461538461
S1_D04_P2,S1_D04,2,3,8,24,GRYGGBBGRBBGY,GYRGGBBRBGGRB,0.5384615384615384
S1_D04_P2,S1_D04,2,4,1,25,RYGYBRBBRGGBB,RYGGBRBBRBRBG,0.6923076923076923
S1_D04_P2,S1_D04,2,4,2,26,YGRBYGGRGRBBG,YGRBYGRGRBYGR,0.7692307692307692
S1_D04_P2,S1_D04,2,4,3,27,YRGGRGBBYBRBR,YRGBGBBRRBBRB,0.5384615384615384
S1_D04_P2,S1_D04,2,4,4,28,YGRBYRGGRGYBY,YGRBYRGGRGBYB,0.8461538461538461
S1_D04_P2,S1_D04,2,4,5,29,YRGBYGRBRBRBR,YRGBYGRBRBRBR,1.0
S1_D04_P2,S1_D04,2,4,6,30,YGRBYRGGRBYBR,YRGBRGGRBYBRB,0.6923076923076923
S1_D04_P2,S1_D04,2,4,7,31,YRGBYGRBRBRBR,YRGBYGRBRBRBR,1.0
S1_D04_P2,S1_D04,2,4,8,32,YRGBRGGRBYBRB,YRGBGGRGRBYRB,0.7692307692307692
S1_D04_P2,S1_D04,2,5,1,33,GGYBBBGBRGBRG,GGYBBBGGRBBRB,0.7692307692307692
S1_D04_P2,S1_D04,2,5,2,34,RYRRRGRBGYRBB,RYRRRBGRBYRRY,0.6923076923076923
S1_D04_P2,S1_D04,2,5,3,35,YGGBBBYRGGBBR,GGBBBYRGGBBRB,0.8461538461538461
S1_D04_P2,S1_D04,2,5,4,36,RYBRGYRBRYRYR,RYRGYRBRYBRYB,0.7692307692307692
S1_D04_P2,S1_D04,2,5,5,37,GRBBBYGGGBRRY,GRBBBYRGGGRBB,0.6923076923076923
S1_D04_P2,S1_D04,2,5,6,38,RYRGYRYRBYRBY,RYGRYRYBRYRYB,0.5384615384615384
S1_D04_P2,S1_D04,2,5,7,39,GRBBYRGBYRBRY,GRYRRBBYRGYRB,0.5384615384615384
S1_D04_P2,S1_D04,2,5,8,40,RYRGYRYRBYYRB,RYGRYRGRBYBYR,0.6153846153846154
S1_D04_P2,S1_D04,2,6,1,41,YGRYYGBRYRBBG,YGRYYRGBBRGBY,0.6153846153846154
S1_D04_P2,S1_D04,2,6,2,42,GRBRGBRBRBRBY,GRYBRBRBRBYBR,0.6923076923076923
S1_D04_P2,S1_D04,2,6,3,43,YGRYRRBBGYRBR,YGRBRYGRBRBYR,0.4615384615384615
S1_D04_P2,S1_D04,2,6,4,44,GRYBRBRBRBYBY,GRYBRBRBYBYBY,0.9230769230769232
S1_D04_P2,S1_D04,2,6,5,45,YGRBBGRYBYBRR,YRBGRYBYRRBRR,0.6923076923076923
S1_D04_P2,S1_D04,2,6,6,46,GRBYRBRBRBYBY,GRBYRBRBYBYBY,0.9230769230769232
S1_D04_P2,S1_D04,2,6,7,47,YRBYGBRYYBRBR,YRBYGRBYRBRBY,0.6923076923076923
S1_D04_P2,S1_D04,2,6,8,48,GRBYRBRBYBYBY,GRBYRBRBYBYBY,1.0
S1_D04_P2,S1_D04,2,7,1,49,GGGYGBBBRYBGY,GGGYBBBYGRBRY,0.6153846153846154
S1_D04_P2,S1_D04,2,7,2,50,YBYYBGRGGBGGG,YBYYBGRGGRGRG,0.8461538461538461
S1_D04_P2,S1_D04,2,7,3,51,YGGGBBBYGRGYB,YGGGBBBRGYGGB,0.7692307692307692
S1_D04_P2,S1_D04,2,7,4,52,YBYYGBRYRGRGB,YBYYBGGBGRGRY,0.5384615384615384
S1_D04_P2,S1_D04,2,7,5,53,YGBBYRBGYBRYG,YGBBYRBYGRBRY,0.7692307692307692
S1_D04_P2,S1_D04,2,7,6,54,YBBYBYGBYRYBG,YBYYBBYBGRGRB,0.4615384615384615
S1_D04_P2,S1_D04,2,7,7,55,YGRBBYGRYRBGY,RGYBBRGYRGYBY,0.4615384615384615
S1_D04_P2,S1_D04,2,7,8,56,BYBYBYBGRGRBB,BYBYBYGRGRBYB,0.8461538461538461
S1_D04_P2,S1_D04,2,8,1,57,BGBYBGGYGRBRY,BGYBBGGYBRBYG,0.6153846153846154
S1_D04_P2,S1_D04,2,8,2,58,RYBYBYBRYGBGR,RYBYBYBBYBGRB,0.7692307692307692
S1_D04_P2,S1_D04,2,8,3,59,YRBYBRYBGRBBY,YRBYYBRYGRBRB,0.6923076923076923
S1_D04_P2,S1_D04,2,8,4,60,RYBYBYBBYBGRB,RYBYBBYBGRBGR,0.6923076923076923
S1_D04_P2,S1_D04,2,8,5,61,RYBYBRYGYBRBB,RYBYBBYBGRYBY,0.5384615384615384
S1_D04_P2,S1_D04,2,8,6,62,RYBYBBYBRYGRG,RYBYBBYBRYBGR,0.8461538461538461
S1_D04_P2,S1_D04,2,8,7,63,RYBYBYBRYGRGR,RYBYBYBYGRGRB,0.8461538461538461
S1_D04_P2,S1_D04,2,8,8,64,RYBYBBYRRYGRB,RYBYBBYGRGRBY,0.7692307692307692
S1_D04_P2,S1_D04,2,9,1,65,GYYBRYGBYGGBY,GBYGBBGBRYBYG,0.3846153846153846
S1_D04_P2,S1_D04,2,9,2,66,RGRGGGRRYRGRB,RGGRGRYBYRGRG,0.6153846153846154
S1_D04_P2,S1_D04,2,9,3,67,GBBYRGBYRBBGY,GGBYRGYBRYBGY,0.6923076923076923
S1_D04_P2,S1_D04,2,9,4,68,RGGRRYBGRYBGB,RGRRGYBYBRGGY,0.4615384615384615
S1_D04_P2,S1_D04,2,9,5,69,GGYBBRYGBGBGY,GGYBBGYRRBGGY,0.6923076923076923
S1_D04_P2,S1_D04,2,9,6,70,GBYGYGBRYGBRY,GYBGYRBYGYRBG,0.4615384615384615
S1_D04_P2,S1_D04,2,9,7,71,GRYBBYGRYRGBY,GRYBBYGRBRGBY,0.9230769230769232
S1_D04_P2,S1_D04,2,9,8,72,GYBGYRYBGRYBR,GYBYBRYYGRBGY,0.5384615384615384
S1_D04_P2,S1_D04,2,10,1,73,BGRGRGRBGBBRB,BGRGRGRBRBRBR,0.7692307692307692
S1_D04_P2,S1_D04,2,10,2,74,GYBGYBGYGYBGB,GYBGYBGGYBGBG,0.8461538461538461
S1_D04_P2,S1_D04,2,10,3,75,BGRGRGRBRBRBR,BGRBGGRBRBRBG,0.7692307692307692
S1_D04_P2,S1_D04,2,10,4,76,GYBGYBGGYBGBY,GYBRGYBGBGYRB,0.6153846153846154
S1_D04_P2,S1_D04,2,10,5,77,BGRBGGRBRBRBG,GRBGRBRRBRBGR,0.6923076923076923
S1_D04_P2,S1_D04,2,10,6,78,GYRBGYBBGBGBG,GYRBGYBBYBGBG,0.9230769230769232
S1_D04_P2,S1_D04,2,10,7,79,GRBGRBRBRBGRB,GRBGRBRBRBGRB,1.0
S1_D04_P2,S1_D04,2,10,8,80,GYRBGYBYBYBGB,YRBGYYBYBGRBY,0.6923076923076923
S1_D04_P2,S1_D04,2,11,1,81,YGBBRBRYYRBYR,YGGBRBBRBBYRB,0.5384615384615384
S1_D04_P2,S1_D04,2,11,2,82,YGBYGRBBGYGGY,YGBYYRBYGRYRY,0.6153846153846154
S1_D04_P2,S1_D04,2,11,3,83,YGGBYGGRYGRBB,YGGBYRYGGBRBG,0.6153846153846154
S1_D04_P2,S1_D04,2,11,4,84,YGBYGBYGRBRYR,YGGBRBYRBGGRB,0.4615384615384615
S1_D04_P2,S1_D04,2,11,5,85,YGGBYGRBYGGRY,YGGBRBGYGGRBG,0.6153846153846154
S1_D04_P2,S1_D04,2,11,6,86,YRGBYRBRBGBRB,YRGRBGRBRBRBG,0.6153846153846154
S1_D04_P2,S1_D04,2,11,7,87,YGGBRGYBYGGYG,YGGBRBRGYYGGY,0.6923076923076923
S1_D04_P2,S1_D04,2,11,8,88,YRGBYRYBGYRBG,YRGBYRBYRGBYY,0.6153846153846154
S1_D04_P2,S1_D04,2,12,1,89,YRRYGYBRGRRGG,YRGBYRGBRRGGR,0.5384615384615384
S1_D04_P2,S1_D04,2,12,2,90,RGRGBGRYBRGBR,RGGBYBRGBYRBG,0.5384615384615384
S1_D04_P2,S1_D04,2,12,3,91,YRGBYRGBRRGGR,YRGBYRGBRGRRG,0.7692307692307692
S1_D04_P2,S1_D04,2,12,4,92,RGGYRBYGYGGRB,RYGBYGGYRBBGR,0.3846153846153846
S1_D04_P2,S1_D04,2,12,5,93,YRGBYRGBRGRRG,YRGBYRGBRGRRG,1.0
S1_D04_P2,S1_D04,2,12,6,94,YGRBYGGYRBBGR,YGRBYGGBBRGRB,0.6923076923076923
S1_D04_P2,S1_D04,2,12,7,95,YRGBYRGBRGRRG,YRGBYRGBRGRRG,1.0
S1_D04_P2,S1_D04,2,12,8,96,YGRBYGGBRGRRB,YGRBGGBRYGRBG,0.6923076923076923
S1_D04_P2,S1_D04,2,13,1,97,BYGGRBYRGRGGB,RBYGGYGRBRGRR,0.4615384615384615
S1_D04_P2,S1_D04,2,13,2,98,YBYBRGBRRGRYG,YBYBGRRBGRBYG,0.6923076923076923
S1_D04_P2,S1_D04,2,13,3,99,YGRBYGGYBRGRR,YGRBYGGRBRBGR,0.7692307692307692
S1_D04_P2,S1_D04,2,13,4,100,YBBYGYBRYBYGR,YBBYGRBYBRGBR,0.6923076923076923
S1_D04_P2,S1_D04,2,13,5,101,YGRBBRGBRYBRY,BRGYBGRBRYBRB,0.5384615384615384
S1_D04_P2,S1_D04,2,13,6,102,YBYBGRBYRYRBR,YBYBGRBYRYRBY,0.9230769230769232
S1_D04_P2,S1_D04,2,13,7,103,BRGYBGRBBRRYB,BRGYBRGBRRBRY,0.6153846153846154
S1_D04_P2,S1_D04,2,13,8,104,YBYBGRBYRBRBY,YBYBYGRBRBRBR,0.7692307692307692
S1_D04_P2,S1_D04,2,14,1,105,GGBGRBBRGGBGY,GGBGRRBGGBRYR,0.6923076923076923
S1_D04_P2,S1_D04,2,14,2,106,GRBGRYGBYGRBG,GRBGRYGRBGGRG,0.7692307692307692
S1_D04_P2,S1_D04,2,14,3,107,GGBGRRBGGRRYG,GGBGRRBGRBYGR,0.7692307692307692
S1_D04_P2,S1_D04,2,14,4,108,GRBGRYGRBGGRG,GRBGRYGRBGRBG,0.8461538461538461
S1_D04_P2,S1_D04,2,14,5,109,GGBGRRBYGRBGB,GGBGRBYRGGBGR,0.6923076923076923
S1_D04_P2,S1_D04,2,14,6,110,GRBGYRGBYRGGB,GGBGRYBRGGBGR,0.5384615384615384
S1_D04_P2,S1_D04,2,14,7,111,GGBGRBYRGGBGR,GGBGRBYRGGBRB,0.8461538461538461
S1_D04_P2,S1_D04,2,14,8,112,GGBGRYBRGGBGR,GGBGRYBRGBRGG,0.7692307692307692
S1_D04_P2,S1_D04,2,15,1,113,YBYBGYGYRBRYR,YBYBGYGYRYRBY,0.7692307692307692
S1_D04_P2,S1_D04,2,15,2,114,YRGBGGBGBYBGR,YRGBGGBGRYRBY,0.6923076923076923
S1_D04_P2,S1_D04,2,15,3,115,BYBYYGYGBYRGY,BYBYYGYRBYGYB,0.7692307692307692
S1_D04_P2,S1_D04,2,15,4,116,YRGBGGBGRYRGY,YRGBGGBGRYRYB,0.8461538461538461
S1_D04_P2,S1_D04,2,15,5,117,BYBYYGYRBYGYB,BYBYGYGYRBYGY,0.8461538461538461
S1_D04_P2,S1_D04,2,15,6,118,YRGBGGBGRYRYB,YRGYBGGBGRYBR,0.6923076923076923
S1_D04_P2,S1_D04,2,15,7,119,BYBYGYGYRBYGY,BYGYGYBRGYGYB,0.6153846153846154
S1_D04_P2,S1_D04,2,15,8,120,YRGYGBGBRYYGY,RYGRYBGRGYGBR,0.3846153846153846
S1_D05_P1,S1_D05,1,1,1,1,YBYGYRGYRYYRG,YBYGYRBGYGRBY,0.6153846153846154
S1_D05_P1,S1_D05,1,1,2,2,GYGBYBBGBBYBR,GYGBYBGBBYBRB,0.8461538461538461
S1_D05_P1,S1_D05,1,1,3,3,YBYGYRYGBYBYG,YBYGRBGYBBYGB,0.6153846153846154
S1_D05_P1,S1_D05,1,1,4,4,GYGBYBGBBYGBR,GYGBYBGYRGBYB,0.6153846153846154
S1_D05_P1,S1_D05,1,1,5,5,YBYGRBRGYBGRB,YBYGRBRYGBGYR,0.6923076923076923
S1_D05_P1,S1_D05,1,1,6,6,GYGBRGYRYBGYB,GYGBGRYGYBGBR,0.6153846153846154
S1_D05_P1,S1_D05,1,1,7,7,YBYGRBRGYBGRB,YBYRGYGRBYGBR,0.4615384615384615
S1_D05_P1,S1_D05,1,1,8,8,GYGBGRGBYGYGR,GYGBGRYBGRGYG,0.6923076923076923
S1_D05_P1,S1_D05,1,2,1,9,GBRYYBYRYGBYR,GBGRYBGRBYGGB,0.4615384615384615
S1_D05_P1,S1_D05,1,2,2,10,GBBYBYYBGYGGB,GBBYYBGBYGBYB,0.6153846153846154
S1_D05_P1,S1_D05,1,2,3,11,GBGRYBGRBYGGB,GBBYRBGRYBYGB,0.6153846153846154
S1_D05_P1,S1_D05,1,2,4,12,GBBYBGBYYBGGB,GBBYGBYBGBGYB,0.6923076923076923
S1_D05_P1,S1_D05,1,2,5,13,GBBYRBGRBYGBY,GBBYGBRYRBGBB,0.6153846153846154
S1_D05_P1,S1_D05,1,2,6,14,GBBYGBYBGBGYB,GBBYGBGBGYBGY,0.7692307692307692
S1_D05_P1,S1_D05,1,2,7,15,GBBYRBYGBYGRB,GBBYGBYRGBYGR,0.7692307692307692
S1_D05_P1,S1_D05,1,2,8,16,GBBYGBGBGYGBY,GBBYGBGYGBYGB,0.7692307692307692
S1_D05_P1,S1_D05,1,3,1,17,BYRYGBBYBBRBB,GBBYRYGBBYRBB,0.6923076923076923
S1_D05_P1,S1_D05,1,3,2,18,BYRGBRBRYRBYG,BYRBGBRBYRBGY,0.6923076923076923
S1_D05_P1,S1_D05,1,3,3,19,GBBYRYBGRBGRB,GBBYGBGRYBGBR,0.6153846153846154
S1_D05_P1,S1_D05,1,3,4,20,BYRBGYRBGBGYB,BRBGYRBGYRBGY,0.6923076923076923
S1_D05_P1,S1_D05,1,3,5,21,GBBYGBGRYBGBR,BYYGBGYRYBGBB,0.6923076923076923
S1_D05_P1,S1_D05,1,3,6,22,BRBYRBGYRBGYY,BRBYRBGBRBRGY,0.7692307692307692
S1_D05_P1,S1_D05,1,3,7,23,BYBGYBGRYGYBB,BYBGBBRBGYBYB,0.6923076923076923
S1_D05_P1,S1_D05,1,3,8,24,BRBYRBGBRBRGY,BRBYRBGBRBGYY,0.8461538461538461
S1_D05_P1,S1_D05,1,4,1,25,RRYBYYGYYGBGB,RRBYBYGYYBGYY,0.6153846153846154
S1_D05_P1,S1_D05,1,4,2,26,BBRGBYBGRBGRR,BBRGYBBGRYGBG,0.6153846153846154
S1_D05_P1,S1_D05,1,4,3,27,RYBYYBGBRYBYY,RBYRYBGRBBYYB,0.6153846153846154
S1_D05_P1,S1_D05,1,4,4,28,BBRGYBBGRYBGG,BBRGYBRYBRYGG,0.6923076923076923
S1_D05_P1,S1_D05,1,4,5,29,RBYRYBGRYBYBB,RBYRBGRYBGRBB,0.7692307692307692
S1_D05_P1,S1_D05,1,4,6,30,BRYGYBRYBRYGG,BRBYGBYRYBRYG,0.6923076923076923
S1_D05_P1,S1_D05,1,4,7,31,RYBRBGRYBGRBB,RYBRBGRYBGBBB,0.9230769230769232
S1_D05_P1,S1_D05,1,4,8,32,BRYRBGRYBYGBB,BRYBGRRBYGBBY,0.7692307692307692
S1_D05_P1,S1_D05,1,5,1,33,BRYBBBBBRBBBB,BRYBBBRYBBRYB,0.6153846153846154
S1_D05_P1,S1_D05,1,5,2,34,YRRYYYGGYRYRY,YRRYYYGYYRYGR,0.7692307692307692
S1_D05_P1,S1_D05,1,5,3,35,BRYBBBRYBBRYB,BRYBBRYBBRYBB,0.8461538461538461
S1_D05_P1,S1_D05,1,5,4,36,YRRYYGYYYRYGR,YRRYYGYYRYYGY,0.7692307692307692
S1_D05_P1,S1_D05,1,5,5,37,BRYBBRYBBRYBB,BRYBBRYBBRYBB,1.0
S1_D05_P1,S1_D05,1,5,6,38,YRRYYGYYRYYGY,YRRYYGYRGYYGY,0.8461538461538461
S1_D05_P1,S1_D05,1,5,7,39,BRYBBRYBBRYBB,BRYBBRYBBRYBB,1.0
S1_D05_P1,S1_D05,1,5,8,40,YRRYYGYRGYYGY,YRRGYRYYGYGYY,0.6153846153846154
S1_D05_P1,S1_D05,1,6,1,41,YRYRYGRGBBRGY,YRRYGYYRBGRYB,0.4615384615384615
S1_D05_P1,S1_D05,1,6,2,42,BGBRRYYBBYBBG,BRBGRRBYYBGRB,0.4615384615384615
S1_D05_P1,S1_D05,1,6,3,43,YRRYGYYRBGBYB,YRRYGYYRBGRYG,0.8461538461538461
S1_D05_P1,S1_D05,1,6,4,44,BRBGRYYBYBGRB,BRBGRYYBGBYRB,0.8461538461538461
S1_D05_P1,S1_D05,1,6,5,45,YRRYGYYRBGRYG,YRRYGYYRBGYRB,0.7692307692307692
S1_D05_P1,S1_D05,1,6,6,46,BRBGRYYBGBYRB,BRBGRYYGBRYBB,0.7692307692307692
S1_D05_P1,S1_D05,1,6,7,47,YRRYGYYRBGYRB,YRRYGYYRBGRYB,0.8461538461538461
S1_D05_P1,S1_D05,1,6,8,48,BRBGRYYGBRBYB,BRBGRYYRBGYRB,0.6923076923076923
S1_D05_P1,S1_D05,1,7,1,49,BYGBGRGRYGGYR,BYGBGRYBGYBGR,0.6153846153846154
S1_D05_P1,S1_D05,1,7,2,50,YYGBRYGBRYGRB,YYGBRYGBGRBYB,0.6923076923076923
S1_D05_P1,S1_D05,1,7,3,51,BYGBRYGBGYBGR,BYGBGRYBGRRBR,0.6153846153846154
S1_D05_P1,S1_D05,1,7,4,52,YYGBRYGBGRBYB,YYGYRBYGBYRBB,0.6923076923076923
S1_D05_P1,S1_D05,1,7,5,53,BYGBGRYBGRRBR,BGBRYBBGRBBBY,0.5384615384615384
S1_D05_P1,S1_D05,1,7,6,54,YYGYRBYGBYRBB,YYGYRYBGYGRBB,0.6923076923076923
S1_D05_P1,S1_D05,1,7,7,55,BGBRYBBGRBBBY,BGBRYBBGBRGYB,0.6923076923076923
S1_D05_P1,S1_D05,1,7,8,56,YYGYRYBGYGRBB,YYGYRYBGBYGBR,0.7692307692307692
S1_D05_P1,S1_D05,1,8,1,57,YBYBRYYRYGGYY,YBYBRYYRBGBGG,0.6923076923076923
S1_D05_P1,S1_D05,1,8,2,58,RYYYBGYBRYBBR,RYYYBYGRYBGBB,0.6923076923076923
S1_D05_P1,S1_D05,1,8,3,59,YBYBRYYRBGBBG,YBYRYYRBGBBGB,0.8461538461538461
S1_D05_P1,S1_D05,1,8,4,60,RYYYBYGRYBGBB,RYYYBGRBGBBBB,0.6923076923076923
S1_D05_P1,S1_D05,1,8,5,61,YBYRRYYBGBBGB,YBYBRYYRBGBGY,0.6923076923076923
S1_D05_P1,S1_D05,1,8,6,62,RYYYBGRBGBBBB,RYYYRBGRBBGBB,0.7692307692307692
S1_D05_P1,S1_D05,1,8,7,63,YBYBRYYRBGBGY,YBYBRYYRBGBGY,1.0
S1_D05_P1,S1_D05,1,8,8,64,RYBGRBGRRBGBB,RYBGRBGRRBGBB,1.0
S1_D05_P1,S1_D05,1,9,1,65,YRYRBBBBGRYRR,YRYRBBBBGBGYR,0.7692307692307692
S1_D05_P1,S1_D05,1,9,2,66,RRRGBGBRGBYGB,RRRGBGBBRGYBG,0.6923076923076923
S1_D05_P1,S1_D05,1,9,3,67,YRYRBBBBGBGYR,RYRBBBBGBGYRB,0.8461538461538461
S1_D05_P1,S1_D05,1,9,4,68,RRRGBGBBRGYBG,RRRGBGBBRGYBG,1.0
S1_D05_P1,S1_D05,1,9,5,69,RYRGBBBGBGYRB,GBGBRGYBBGBYG,0.3846153846153846
S1_D05_P1,S1_D05,1,9,6,70,RRRGBGBBRGYBG,RRRGBGBBRGYBG,1.0
S1_D05_P1,S1_D05,1,9,7,71,GBGBRGYBBGBYG,GBGBRGYBBGBGY,0.8461538461538461
S1_D05_P1,S1_D05,1,9,8,72,RRRGBGBBRGYBG,RRRGBGBBRGYBG,1.0
S1_D05_P1,S1_D05,1,10,1,73,YGBYYGRRRBYYR,YGBYYGBGRRYBY,0.6153846153846154
S1_D05_P1,S1_D05,1,10,2,74,BRRBGYRRRGYBG,BRRBGYRRRGBGB,0.8461538461538461
S1_D05_P1,S1_D05,1,10,3,75,GYBYYGBGRRYBY,GYGYYGBGBRGYY,0.6923076923076923
S1_D05_P1,S1_D05,1,10,4,76,BRRBGYRRRGBBB,BRRBGYRRRBGYB,0.7692307692307692
S1_D05_P1,S1_D05,1,10,5,77,GYGYYGBGBRGYY,YGYGYGGRGYYYY,0.5384615384615384
S1_D05_P1,S1_D05,1,10,6,78,BRRBGYRRRBGYB,BRRBYRRRBYBRB,0.6923076923076923
S1_D05_P1,S1_D05,1,10,7,79,YGYGYGGRGYYYY,YGYGYGGRYRGYY,0.7692307692307692
S1_D05_P1,S1_D05,1,10,8,80,BRRBYRRRBYBRB,BRRBYRRRBRBYB,0.8461538461538461
S1_D05_P1,S1_D05,1,11,1,81,GRRYYGGBGYYGG,GRRYYGGBGBYGG,0.9230769230769232
S1_D05_P1,S1_D05,1,11,2,82,YYBGRBGYYBBBR,YGBRGBYYBGRBY,0.4615384615384615
S1_D05_P1,S1_D05,1,11,3,83,GRRYYGGBGBYGG,GRRYYGGBGBYGG,1.0
S1_D05_P1,S1_D05,1,11,4,84,YGBRGBYYGBBRB,YGBRGBYYGYGBR,0.7692307692307692
S1_D05_P1,S1_D05,1,11,5,85,GRRYYGGBGBYGG,GRRYYGGBGBYGG,1.0
S1_D05_P1,S1_D05,1,11,6,86,YGBRGBYYGYGBR,YGBYGRYGBRGYY,0.4615384615384615
S1_D05_P1,S1_D05,1,11,7,87,GRRYYGGBGBYGG,GRRYYGGBGBYGG,1.0
S1_D05_P1,S1_D05,1,11,8,88,YGBYGRYBBRGYY,YGBYGRBBBGBRG,0.6153846153846154
S1_D05_P1,S1_D05,1,12,1,89,GGRYYRBGGGYGG,RYYGGGGYGGYGG,0.5384615384615384
S1_D05_P1,S1_D05,1,12,2,90,RRBGYGYYBBYRR,RBBGBYGBGRYBB,0.3846153846153846
S1_D05_P1,S1_D05,1,12,3,91,GYYGGGGYGGYGG,GYYGGGGYGGYYG,0.9230769230769232
S1_D05_P1,S1_D05,1,12,4,92,RBBGBYGBRBYBB,RBBGBYGBRYBGB,0.8461538461538461
S1_D05_P1,S1_D05,1,12,5,93,GYYGGGGYGGYYG,GYYGGGGYGGYYY,0.9230769230769232
S1_D05_P1,S1_D05,1,12,6,94,RBBGBYGBRBBGB,RBBGBYGBBRBGB,0.8461538461538461
S1_D05_P1,S1_D05,1,12,7,95,GYYGGGGYGGYYY,GYYGGGGYGGYYY,1.0
S1_D05_P1,S1_D05,1,12,8,96,RBBGBYGBRBBGB,RBBYGBYRBBGBG,0.6923076923076923
S1_D05_P1,S1_D05,1,13,1,97,RBYRYGYYGRRYB,RBBYGBGYYRGBB,0.5384615384615384
S1_D05_P1,S1_D05,1,13,2,98,YBGGGYYBYBYYB,YBGGYYBYGBBBY,0.6153846153846154
S1_D05_P1,S1_D05,1,13,3,99,RBBYGBYBGBYGB,RBBYBGBYBBGBY,0.6923076923076923
S1_D05_P1,S1_D05,1,13,4,100,YBBGYYBYGBBBY,YBBYGBGYBGBYB,0.5384615384615384
S1_D05_P1,S1_D05,1,13,5,101,RBBYBGBYBBGBY,RBBYBGBGBYGBY,0.8461538461538461
S1_D05_P1,S1_D05,1,13,6,102,YBBYGBGYBGBYB,YBBGBYGBGBYBB,0.6923076923076923
S1_D05_P1,S1_D05,1,13,7,103,RBBYBGBGBGGBY,RBBYBGBGGBGBY,0.8461538461538461
S1_D05_P1,S1_D05,1,13,8,104,YBBGBYGBGBYBB,YBBGBGBYGYBYB,0.6923076923076923
S1_D05_P1,S1_D05,1,14,1,105,RRRBBGGGGGYYB,RRRBBGGGGGYYB,1.0
S1_D05_P1,S1_D05,1,14,2,106,RGRRYRRBGBGYB,RGRRYRRGBBGBR,0.6923076923076923
S1_D05_P1,S1_D05,1,14,3,107,RRRBBGGGGGYYB,RRRBBGGGGGYYB,1.0
S1_D05_P1,S1_D05,1,14,4,108,RGRRYRRGBBGBR,RGRRYRRGBBGBY,0.9230769230769232
S1_D05_P1,S1_D05,1,14,5,109,RRRBBGGGGGYYB,RRRBBGGGGGYYB,1.0
S1_D05_P1,S1_D05,1,14,6,110,RGRRYRRGBBGBY,RGRRYRGBGBBGY,0.7692307692307692
S1_D05_P1,S1_D05,1,14,7,111,RRRBBGGGGGYYB,RRRBBGGGGGYYB,1.0
S1_D05_P1,S1_D05,1,14,8,112,RGRRYRGBGBBGY,RGRRYRGBGBBGB,0.9230769230769232
S1_D05_P1,S1_D05,1,15,1,113,YRRRGBRRYGGRY,YRRRGBGBYGGBY,0.7692307692307692
S1_D05_P1,S1_D05,1,15,2,114,YRYBGRYGYGGGR,YRYGYRBYGGYGB,0.5384615384615384
S1_D05_P1,S1_D05,1,15,3,115,YRRRGBGBYGGBY,YRRRGBGYGBGGY,0.7692307692307692
S1_D05_P1,S1_D05,1,15,4,116,YRRBYGBRGYGGB,YRRBYGBYGGBGY,0.6923076923076923
S1_D05_P1,S1_D05,1,15,5,117,YRRRGBGYGBGYY,YRRRGBGYGBGBG,0.8461538461538461
S1_D05_P1,S1_D05,1,15,6,118,YRRBYGBYGBGGY,YRRRGBYGBYBGY,0.6923076923076923
S1_D05_P1,S1_D05,1,15,7,119,YRRRGBGYGBGBG,YRRRGBGYGBYGG,0.8461538461538461
S1_D05_P1,S1_D05,1,15,8,120,YRRRGBYGBYBGY,YRRRGBYGBGYYG,0.7692307692307692
S1_D05_P2,S1_D05,2,1,1,1,GYGBBYBBBRYBR,GYGBYBBGBBYBR,0.7692307692307692
S1_D05_P2,S1_D05,2,1,2,2,YBYGYRBGYGRBY,YBYGYRYGBYBYG,0.6153846153846154
S1_D05_P2,S1_D05,2,1,3,3,GYGBYBGBBYBRB,GYGBYBGBBYGBR,0.8461538461538461
S1_D05_P2,S1_D05,2,1,4,4,YBYGRBGYBBYGB,YBYGRBRGYBGRB,0.6923076923076923
S1_D05_P2,S1_D05,2,1,5,5,GYGBYBGYRGBYB,GYGBRGYRYBGYB,0.6923076923076923
S1_D05_P2,S1_D05,2,1,6,6,YBYGRBRYGBGYR,YBYGRBRGYBGRB,0.6923076923076923
S1_D05_P2,S1_D05,2,1,7,7,GYGBGRYGYBGBR,GYGBGRGBYGYGR,0.6923076923076923
S1_D05_P2,S1_D05,2,1,8,8,YBYRGYGRBYGBR,YGYBGYGRBYGRB,0.6923076923076923
S1_D05_P2,S1_D05,2,2,1,9,GBBYBYYBYGGGB,GBBYBYYBGYGGB,0.8461538461538461
S1_D05_P2,S1_D05,2,2,2,10,GBGRYBGRBYGGB,GBGRYBGRBYGGB,1.0
S1_D05_P2,S1_D05,2,2,3,11,GBBYYBGBYGBYB,GBBYBGBYYBGGB,0.6923076923076923
S1_D05_P2,S1_D05,2,2,4,12,GBBYRBGRYBYGB,GBBYRBGRBYGBY,0.8461538461538461
S1_D05_P2,S1_D05,2,2,5,13,GBBYGBYBGBGYB,GBBYGBYBGBGYB,1.0
S1_D05_P2,S1_D05,2,2,6,14,GBBYGBRYRBGBB,GBBYRBYGBYGRB,0.6153846153846154
S1_D05_P2,S1_D05,2,2,7,15,GBBYGBGBGYBGY,GBBYGBGBGYGBY,0.8461538461538461
S1_D05_P2,S1_D05,2,2,8,16,GBBYGBYRGBYGR,GBBYBYRGBYRRB,0.7692307692307692
S1_D05_P2,S1_D05,2,3,1,17,BYRGBRBRYGBBG,BYRGBRBRYRBYG,0.8461538461538461
S1_D05_P2,S1_D05,2,3,2,18,GBBYRYGBBYRBB,GBBYRYBGRBGRB,0.6923076923076923
S1_D05_P2,S1_D05,2,3,3,19,BYRBGBRBYRBGY,BYRBGYRBGBGYB,0.6923076923076923
S1_D05_P2,S1_D05,2,3,4,20,GBBYGBGRYBGBR,GBBYGBGRYBGBR,1.0
S1_D05_P2,S1_D05,2,3,5,21,BRBGYRBGYRBGY,BRBYRBGYRBGYY,0.8461538461538461
S1_D05_P2,S1_D05,2,3,6,22,BYYGBGYRYBGBB,BYBGYBGRYGYBB,0.6153846153846154
S1_D05_P2,S1_D05,2,3,7,23,BRBYRBGBRBRGY,BRBYRBGBRBRGY,1.0
S1_D05_P2,S1_D05,2,3,8,24,BYBGBBRBGYBYB,BYBGRBRGYBRGB,0.6923076923076923
S1_D05_P2,S1_D05,2,4,1,25,BBRGBGYYRBGRR,BBRGBYBGRBGRR,0.7692307692307692
S1_D05_P2,S1_D05,2,4,2,26,RRBYBYGYYBGYY,RYBYYBGBRYBYY,0.5384615384615384
S1_D05_P2,S1_D05,2,4,3,27,BBRGYBBGRYGBG,BBRGYBBGRYBGG,0.8461538461538461
S1_D05_P2,S1_D05,2,4,4,28,RBYRYBGRBBYYB,RBYRYBGRYBYBB,0.8461538461538461
S1_D05_P2,S1_D05,2,4,5,29,BBRGYBRYBRYGG,BRYGYBRYBRYGG,0.8461538461538461
S1_D05_P2,S1_D05,2,4,6,30,RBYRBGRYBGRBB,RYBRBGRYBGRBB,0.8461538461538461
S1_D05_P2,S1_D05,2,4,7,31,BRBYGBYRYBRYG,BRYRBGRYBYGBB,0.5384615384615384
S1_D05_P2,S1_D05,2,4,8,32,RYBRBGRYBGBBB,RYBRBGRYBGBBB,1.0
S1_D05_P2,S1_D05,2,5,1,33,YRRYYYGGYRYRY,YRRYYYGGYRYRY,1.0
S1_D05_P2,S1_D05,2,5,2,34,BRYBBBRYBBRYB,BRYBBBRYBBRYB,1.0
S1_D05_P2,S1_D05,2,5,3,35,YRRYYYGYYRYGR,YRRYYGYYYRYGR,0.8461538461538461
S1_D05_P2,S1_D05,2,5,4,36,BRYBBRYBBRYBB,BRYBBRYBBRYBB,1.0
S1_D05_P2,S1_D05,2,5,5,37,YRRYYGYYRYYGY,YRRYYGYYRYYGY,1.0
S1_D05_P2,S1_D05,2,5,6,38,BRYBBRYBBRYBB,BRYBBRYBBRYBB,1.0
S1_D05_P2,S1_D05,2,5,7,39,YRRYYGYRGYYGY,YRRYYGYRGYYGY,1.0
S1_D05_P2,S1_D05,2,5,8,40,BRYBBRYBBRYBB,BRYBBRYBBRYBB,1.0
S1_D05_P2,S1_D05,2,6,1,41,BGBRRRYBBYBBG,BGBRRYYBBYBBG,0.9230769230769232
S1_D05_P2,S1_D05,2,6,2,42,YRRYGYYRBGRYB,YRRYGYYRBGBYB,0.9230769230769232
S1_D05_P2,S1_D05,2,6,3,43,BRBGRRBYYBGRB,BRBGRYYBYBGRB,0.7692307692307692
S1_D05_P2,S1_D05,2,6,4,44,YRRYGYYRBGRYG,YRRYGYYRBGRYG,1.0
S1_D05_P2,S1_D05,2,6,5,45,BRBGRYYBGBYRB,BRBGRYYBGBYRB,1.0
S1_D05_P2,S1_D05,2,6,6,46,YRRYGYYRBGYRB,YRRYGYYRBGYRB,1.0
S1_D05_P2,S1_D05,2,6,7,47,BRBGRYYGBRYBB,BRBGRYYGBRBYB,0.8461538461538461
S1_D05_P2,S1_D05,2,6,8,48,YRRYGYYRBGRYB,YRRYGYYRBGRYB,1.0
S1_D05_P2,S1_D05,2,7,1,49,YYGBRYGBRYGRB,YYGBRYGBRYGRB,1.0
S1_D05_P2,S1_D05,2,7,2,50,BYGBGRYBGYBGR,BYGBRYGBGYBGR,0.8461538461538461
S1_D05_P2,S1_D05,2,7,3,51,YYGBRYGBGRBYB,YYGBRYGBGRBYB,1.0
S1_D05_P2,S1_D05,2,7,4,52,BYGBGRYBGRRBR,BYGBGRYBGRRBR,1.0
S1_D05_P2,S1_D05,2,7,5,53,YYGYRBYGBYRBB,YYGYRBYGBYRBB,1.0
S1_D05_P2,S1_D05,2,7,6,54,BGBRYBBGRBBBY,BGBRYBBGRBBBY,1.0
S1_D05_P2,S1_D05,2,7,7,55,YYGYRYBGYGRBB,YYGYRYBGYGRBB,1.0
S1_D05_P2,S1_D05,2,7,8,56,BGBRYBBGBRGYB,BRBRYBBGBYBBB,0.6923076923076923
S1_D05_P2,S1_D05,2,8,1,57,RYYYBGYBRYBBR,RYYYBGYBRYBBR,1.0
S1_D05_P2,S1_D05,2,8,2,58,YBYBRYYRBGBGG,YBYBRYYRBGBBG,0.9230769230769232
S1_D05_P2,S1_D05,2,8,3,59,RYYYBYGRYBGBB,RYYYBYGRYBGBB,1.0
S1_D05_P2,S1_D05,2,8,4,60,YBYRYYRBGBBGB,YBYRRYYBGBBGB,0.8461538461538461
S1_D05_P2,S1_D05,2,8,5,61,RYYYBGRBGBBBB,RYYYBGRBGBBBB,1.0
S1_D05_P2,S1_D05,2,8,6,62,YBYBRYYRBGBGY,YBYBRYYRBGBGY,1.0
S1_D05_P2,S1_D05,2,8,7,63,RYYYRBGRBBGBB,RYBGRBGRRBGBB,0.7692307692307692
S1_D05_P2,S1_D05,2,8,8,64,YBYBRYYRBGBGY,YBYBRYYRBGBGY,1.0
S1_D05_P2,S1_D05,2,9,1,65,RRRGBGBRGBYGB,RRRGBGBRGBYGB,1.0
S1_D05_P2,S1_D05,2,9,2,66,YRYRBBBBGBGYR,YRYRBBBBGBGYR,1.0
S1_D05_P2,S1_D05,2,9,3,67,RRRGBGBBRGYBG,RRRGBGBBRGYBG,1.0
S1_D05_P2,S1_D05,2,9,4,68,RYRBBBBGBGYRB,RYRGBBBGBGYRB,0.9230769230769232
S1_D05_P2,S1_D05,2,9,5,69,RRRGBGBBRGYBG,RRRGBGBBRGYBG,1.0
S1_D05_P2,S1_D05,2,9,6,70,GBGBRGYBBGBYG,GBGBRGYBBGBYG,1.0
S1_D05_P2,S1_D05,2,9,7,71,RRRGBGBBRGYBG,RRRGBGBBRGYBG,1.0
S1_D05_P2,S1_D05,2,9,8,72,GBGBRGYBBGBGY,GBGBRGYBBGBGY,1.0
S1_D05_P2,S1_D05,2,10,1,73,BRRBGYRRRRYYG,BRRBGYRRRGYBG,0.8461538461538461
S1_D05_P2,S1_D05,2,10,2,74,YGBYYGBGRRYBY,GYBYYGBGRRYBY,0.8461538461538461
S1_D05_P2,S1_D05,2,10,3,75,BRRBGYRRRGBGB,BRRBGYRRRGBBB,0.9230769230769232
S1_D05_P2,S1_D05,2,10,4,76,GYGYYGBGBRGYY,GYGYYGBGBRGYY,1.0
S1_D05_P2,S1_D05,2,10,5,77,BRRBGYRRRBGYB,BRRBGYRRRBGYB,1.0
S1_D05_P2,S1_D05,2,10,6,78,YGYGYGGRGYYYY,YGYGYGGRGYYYY,1.0
S1_D05_P2,S1_D05,2,10,7,79,BRRBYRRRBYBRB,BRRBYRRRBYBRB,1.0
S1_D05_P2,S1_D05,2,10,8,80,YGYGYGGRYRGYY,YGYGYGGRYRGYY,1.0
S1_D05_P2,S1_D05,2,11,1,81,YYBGRBGYYBBBR,YYBGRBGYYBBBR,1.0
S1_D05_P2,S1_D05,2,11,2,82,GRRYYGGBGBYGG,GRRYYGGBGBYGG,1.0
S1_D05_P2,S1_D05,2,11,3,83,YGBRGBYYBGRBY,YGBRGBYYGBBRB,0.7692307692307692
S1_D05_P2,S1_D05,2,11,4,84,GRRYYGGBGBYGG,GRRYYGGBGBYGG,1.0
S1_D05_P2,S1_D05,2,11,5,85,YGBRGBYYGYGBR,YGBRGBYYGYGBR,1.0
S1_D05_P2,S1_D05,2,11,6,86,GRRYYGGBGBYGG,GRRYYGGBGBYGG,1.0
S1_D05_P2,S1_D05,2,11,7,87,YGBYGRYGBRGYY,YGBYGRYBBRGYY,0.9230769230769232
S1_D05_P2,S1_D05,2,11,8,88,GRRYYGGBGBYGG,GRRYYGGBGBYGG,1.0
S1_D05_P2,S1_D05,2,12,1,89,RRBGYGYYBBYRR,RRBGYGYYBBYRR,1.0
S1_D05_P2,S1_D05,2,12,2,90,RYYGGGGYGGYGG,GYYGGGGYGGYGG,0.9230769230769232
S1_D05_P2,S1_D05,2,12,3,91,RBBGBYGBGRYBB,RBBGBYGBRBYBB,0.8461538461538461
S1_D05_P2,S1_D05,2,12,4,92,GYYGGGGYGGYYG,GYYGGGGYGGYYG,1.0
S1_D05_P2,S1_D05,2,12,5,93,RBBGBYGBRYBGB,RBBGBYGBRBBGB,0.9230769230769232
S1_D05_P2,S1_D05,2,12,6,94,GYYGGGGYGGYYY,GYYGGGGYGGYYY,1.0
S1_D05_P2,S1_D05,2,12,7,95,RBBGBYGBBRBGB,RBBGBYGBRBBGB,0.8461538461538461
S1_D05_P2,S1_D05,2,12,8,96,GYYGGGGYGGYYY,GYYGGGGYGGYYY,1.0
S1_D05_P2,S1_D05,2,13,1,97,YBGGGYYBBYYBY,YBGGGYYBYBYYB,0.8461538461538461
S1_D05_P2,S1_D05,2,13,2,98,RBBYGBGYYRGBB,RBBYGBYBGBYGB,0.6153846153846154
S1_D05_P2,S1_D05,2,13,3,99,YBGGYYBYGBBBY,YBBGYYBYGBBBY,0.9230769230769232
S1_D05_P2,S1_D05,2,13,4,100,RBBYBGBYBBGBY,RBBYBGBYBBGBY,1.0
S1_D05_P2,S1_D05,2,13,5,101,YBBYGBGYBGBYB,YBBYGBGYBGBYB,1.0
S1_D05_P2,S1_D05,2,13,6,102,RBBYBGBGBYGBY,RBBYBGBGBGGBY,0.9230769230769232
S1_D05_P2,S1_D05,2,13,7,103,YBBGBYGBGBYBB,YBBGBYGBGBYBB,1.0
S1_D05_P2,S1_D05,2,13,8,104,RBBYBGBGGBGBY,RBBYBGBGGBGBY,1.0
S1_D05_P2,S1_D05,2,14,1,105,RGRRYYRBYYGYB,RGRRYRRBGBGYB,0.7692307692307692
S1_D05_P2,S1_D05,2,14,2,106,RRRBBGGGGGYYB,RRRBBGGGGGYYB,1.0
S1_D05_P2,S1_D05,2,14,3,107,RGRRYRRGBBGBR,RGRRYRRGBBGBR,1.0
S1_D05_P2,S1_D05,2,14,4,108,RRRBBGGGGGYYB,RRRBBGGGGGYYB,1.0
S1_D05_P2,S1_D05,2,14,5,109,RGRRYRRGBBGBY,RGRRYRRGBBGBY,1.0
S1_D05_P2,S1_D05,2,14,6,110,RRRBBGGGGGYYB,RRRBBGGGGGYYB,1.0
S1_D05_P2,S1_D05,2,14,7,111,RGRRYRGBGBBGY,RGRRYRGBGBBGY,1.0
S1_D05_P2,S1_D05,2,14,8,112,RRRBBGGGGGYYB,RRRBBGGGGGYYB,1.0
S1_D05_P2,S1_D05,2,15,1,113,YRYBGRYGYGGGR,YRYBGRYGYGGGR,1.0
S1_D05_P2,S1_D05,2,15,2,114,YRRRGBGBYGGBY,YRRRGBGBYGGBY,1.0
S1_D05_P2,S1_D05,2,15,3,115,YRYGYRBYGGYGB,YRRBYGBRGYGGB,0.5384615384615384
S1_D05_P2,S1_D05,2,15,4,116,YRRRGBGYGBGGY,YRRRGBGYGBGYY,0.9230769230769232
S1_D05_P2,S1_D05,2,15,5,117,YRRBYGBYGGBGY,YRRBYGBYGBGGY,0.8461538461538461
S1_D05_P2,S1_D05,2,15,6,118,YRRRGBGYGBGBG,YRRRGBGYGBGBG,1.0
S1_D05_P2,S1_D05,2,15,7,119,YRRRGBYGBYBGY,YRRRGBYGBYBGY,1.0
S1_D05_P2,S1_D05,2,15,8,120,YRRRGBGYGBYGG,YRRRGBGYGBYGG,1.0
S1_D06_P1,S1_D06,1,1,1,1,RBGBBGYGBGYBB,RBGBYGBRGBYBG,0.6153846153846154
S1_D06_P1,S1_D06,1,1,2,2,BYGGYBYGRGRBB,BYGBGYRGBBYGR,0.3846153846153846
S1_D06_P1,S1_D06,1,1,3,3,RBGYRBGYRBYGB,RBGYRBGYRBYGB,1.0
S1_D06_P1,S1_D06,1,1,4,4,YGRYBGBYRYGRR,GYRBYGBRGYRRB,0.3846153846153846
S1_D06_P1,S1_D06,1,1,5,5,RBYRBGYRBYGBB,RBYRBGYBYGRBB,0.8461538461538461
S1_D06_P1,S1_D06,1,1,6,6,GYRBGYRBGYRRB,GYRBGYRBGYBRB,0.9230769230769232
S1_D06_P1,S1_D06,1,1,7,7,RBYRRBYGGYBRB,RBYRRBYGRBRBY,0.7692307692307692
S1_D06_P1,S1_D06,1,1,8,8,GYRBGYRBGYBRB,GYRBGYRBGYBRB,1.0
S1_D06_P1,S1_D06,1,2,1,9,GBYYRRGGRBGGB,GYRRBGGBGYRBB,0.4615384615384615
S1_D06_P1,S1_D06,1,2,2,10,RYGYYBRGRBYRR,RYGBYRRBYGBRR,0.6153846153846154
S1_D06_P1,S1_D06,1,2,3,11,RYGRBYBRYBBBB,RBYGRYGRYBBBB,0.7692307692307692
S1_D06_P1,S1_D06,1,2,4,12,RGYGBRYRRBGRR,RGYRGBYGRBYBB,0.5384615384615384
S1_D06_P1,S1_D06,1,2,5,13,RYGGRYGGYRBBB,RYGGRYGGRYBBB,0.8461538461538461
S1_D06_P1,S1_D06,1,2,6,14,GYRGBYGRYBRGB,RGYRGYBGYRBBB,0.4615384615384615
S1_D06_P1,S1_D06,1,2,7,15,RYGGRYGGRYBBB,RYGGRYGGRYBBB,1.0
S1_D06_P1,S1_D06,1,2,8,16,GYRGYRGYBRBBB,RYGGRYGGRYBRB,0.4615384615384615
S1_D06_P1,S1_D06,1,3,1,17,BYGYGRBRRBBBY,BGBYBRGYBRBBY,0.4615384615384615
S1_D06_P1,S1_D06,1,3,2,18,RBYGRBRBBBYGR,BYGRRBYBYGRBY,0.6153846153846154
S1_D06_P1,S1_D06,1,3,3,19,BGRYBRGBBYBYY,BGRYBRYBYGRBY,0.6153846153846154
S1_D06_P1,S1_D06,1,3,4,20,BYGRBRRBGRYBY,BYGRBRBGBYBYR,0.7692307692307692
S1_D06_P1,S1_D06,1,3,5,21,BGRYBGRBYGBYB,BGRYBGRBRBYBG,0.7692307692307692
S1_D06_P1,S1_D06,1,3,6,22,GRBYGRBGBYBYR,GRBYGBRYGBGRY,0.6153846153846154
S1_D06_P1,S1_D06,1,3,7,23,RBYRBYGBYRBGB,RYBGYRBGBRYBR,0.4615384615384615
S1_D06_P1,S1_D06,1,3,8,24,YBRGBYRRYGRYR,YRGBYRBYGBYRY,0.6923076923076923
S1_D06_P1,S1_D06,1,4,1,25,YGYYBRYRRGGBG,YRRBYRYBYGRYB,0.3076923076923077
S1_D06_P1,S1_D06,1,4,2,26,GYGYYGGBRYRBR,GYGYYBGRGYRRB,0.6153846153846154
S1_D06_P1,S1_D06,1,4,3,27,GYBRYBGRYBBBB,GYRBGYRBBBBBB,0.6153846153846154
S1_D06_P1,S1_D06,1,4,4,28,GYBGYBRGYRGYR,GYBGYBGYRGYRG,0.8461538461538461
S1_D06_P1,S1_D06,1,4,5,29,GYRBGYRBRGBBB,GYRBGYRBRBBBB,0.9230769230769232
S1_D06_P1,S1_D06,1,4,6,30,GYBGYBGYRGYRG,GYBGYBGYRGYRG,1.0
S1_D06_P1,S1_D06,1,4,7,31,GYRBGYRBRBBBB,GYRBGYRBGYRBR,0.6923076923076923
S1_D06_P1,S1_D06,1,4,8,32,GYBGYBGYRGYRG,GYBGYBGYRGYRG,1.0
S1_D06_P1,S1_D06,1,5,1,33,RYRYGGYRYBRBY,RYRYGRYGRYBRB,0.7692307692307692
S1_D06_P1,S1_D06,1,5,2,34,RGGGRGBYGGYGY,RGGGRYBGRYBYR,0.6153846153846154
S1_D06_P1,S1_D06,1,5,3,35,RYRYBRGRBYBRB,RYRYBRGRBRYBR,0.8461538461538461
S1_D06_P1,S1_D06,1,5,4,36,RGGGGRYBGRBBB,RGGGGRYBGRYBR,0.8461538461538461
S1_D06_P1,S1_D06,1,5,5,37,RGYBRYBRYBRRR,RGYBRYBRYBRRR,1.0
S1_D06_P1,S1_D06,1,5,6,38,RYGGRGYBRYRYG,RGYRGGRYBRYBR,0.5384615384615384
S1_D06_P1,S1_D06,1,5,7,39,RGYBRGBYRYBRR,RGYBRYBRBYRRR,0.6923076923076923
S1_D06_P1,S1_D06,1,5,8,40,RGRGYRGRBRBBB,RGRGYRGYRBGBB,0.7692307692307692
S1_D06_P1,S1_D06,1,6,1,41,GYYBGYGYRGGBG,GYYGYRGBGBYBB,0.4615384615384615
S1_D06_P1,S1_D06,1,6,2,42,RYBRYGYBRYGRG,RYBRYGRYBYGRB,0.7692307692307692
S1_D06_P1,S1_D06,1,6,3,43,GYRBGYBGYRGBR,GYRBGYRGBRGYB,0.6923076923076923
S1_D06_P1,S1_D06,1,6,4,44,RYBRYGRYBRYBR,RYBRGYRYBRBBY,0.6923076923076923
S1_D06_P1,S1_D06,1,6,5,45,YRBGYRGBYRBYB,YRGBYRBGYRBGY,0.5384615384615384
S1_D06_P1,S1_D06,1,6,6,46,YBRGYBGRBYBBB,YRBGYRBGYRBYB,0.5384615384615384
S1_D06_P1,S1_D06,1,6,7,47,GYRGRBYRBBRBB,YRBGBRYBBRYBB,0.5384615384615384
S1_D06_P1,S1_D06,1,6,8,48,GYRBYRBGBYRBB,GYRBYRBGYRBBB,0.8461538461538461
S1_D06_P1,S1_D06,1,7,1,49,GRGYBYBBRBGRY,RGYBYRBGYRBYB,0.5384615384615384
S1_D06_P1,S1_D06,1,7,2,50,RYBGRYGRYRBBB,RYGBRYRGBRBYR,0.4615384615384615
S1_D06_P1,S1_D06,1,7,3,51,RYBRGRBYGYRBY,RYBGRYBGYRBGB,0.6153846153846154
S1_D06_P1,S1_D06,1,7,4,52,RYGBRYBBRBYRR,RYGBRYBGRYBBR,0.6923076923076923
S1_D06_P1,S1_D06,1,7,5,53,RYBGRYBGYRBGR,RYBGRYBGRYGBR,0.7692307692307692
S1_D06_P1,S1_D06,1,7,6,54,RGBRYGRBYBBBB,RYGBRYGYGRBBB,0.6153846153846154
S1_D06_P1,S1_D06,1,7,7,55,RYBGYBGGYBBBB,RYGBRYYGGBYBB,0.6153846153846154
S1_D06_P1,S1_D06,1,7,8,56,RYGBYBGBBBBBB,RYBGYRGBBBBBB,0.7692307692307692
S1_D06_P1,S1_D06,1,8,1,57,BYYRGRYRBRYYB,RBYYGBRYBGBRR,0.3846153846153846
S1_D06_P1,S1_D06,1,8,2,58,YRYRYGRGRGRBR,YRYRYGRYRGRGR,0.8461538461538461
S1_D06_P1,S1_D06,1,8,3,59,RBYYBRYGBRRRR,RYYBRYBGYRRRR,0.7692307692307692
S1_D06_P1,S1_D06,1,8,4,60,YRYRYGRYBGRGR,YRYRYGRYRBGRG,0.8461538461538461
S1_D06_P1,S1_D06,1,8,5,61,RYYBRBGGBYRRR,RYBRBRGRYRRRR,0.6923076923076923
S1_D06_P1,S1_D06,1,8,6,62,RYRYYRYRGYRGR,RYRYRGYRYRGYR,0.6923076923076923
S1_D06_P1,S1_D06,1,8,7,63,YBRYBRRRRGRRR,RYBRYBRRRGRRR,0.8461538461538461
S1_D06_P1,S1_D06,1,8,8,64,RYYRGYRYRGRRR,RYRGYRYRGRGGR,0.7692307692307692
S1_D06_P1,S1_D06,1,9,1,65,GYYBYGYYYYGBY,GYBYYBGYBYGYY,0.5384615384615384
S1_D06_P1,S1_D06,1,9,2,66,GYRBGYRYRBYRB,GYRBGYRYRBYRB,1.0
S1_D06_P1,S1_D06,1,9,3,67,GYBYGYBYYYGYY,GYBYGYBYYGYBY,0.8461538461538461
S1_D06_P1,S1_D06,1,9,4,68,GYRBGYYYGRBRB,GYRBGYRBGYYRB,0.6923076923076923
S1_D06_P1,S1_D06,1,9,5,69,GYBRBGYBYGYYY,GYBRBGYRBGYYY,0.8461538461538461
S1_D06_P1,S1_D06,1,9,6,70,GYBRGYRBYGRBY,GYBRGYRYBGYRG,0.6153846153846154
S1_D06_P1,S1_D06,1,9,7,71,GBRYGRYGBRYYY,GYBRYGRYRGBYR,0.6153846153846154
S1_D06_P1,S1_D06,1,9,8,72,GYBBRGYBRGRGR,GYBBGYBRYRGRG,0.7692307692307692
S1_D06_P1,S1_D06,1,10,1,73,RYRGRBBGBRYBB,RYBRYGBYRBBBB,0.4615384615384615
S1_D06_P1,S1_D06,1,10,2,74,GYGYBYRGYBYGY,GYRGRGBYRGYRY,0.5384615384615384
S1_D06_P1,S1_D06,1,10,3,75,YBGYGYBYRBBBB,YBGRYBYGRYBBB,0.6923076923076923
S1_D06_P1,S1_D06,1,10,4,76,YRBGYRGYRGRBR,YRBGYRGYRGRGR,0.9230769230769232
S1_D06_P1,S1_D06,1,10,5,77,GYBRYBGRYBRBR,GYBRGRYBGBYRB,0.6153846153846154
S1_D06_P1,S1_D06,1,10,6,78,GYGYRBYGRGGRG,GYRBGYRYRGBYR,0.4615384615384615
S1_D06_P1,S1_D06,1,10,7,79,YRBYRBGYBBBBB,RYBRYBGRYBBBB,0.5384615384615384
S1_D06_P1,S1_D06,1,10,8,80,GYRBGYRYBGYRB,GYRBGYRBGYRBG,0.8461538461538461
S1_D06_P1,S1_D06,1,11,1,81,RGBRYYRRRYGYB,RYRYBRGYRYRYB,0.5384615384615384
S1_D06_P1,S1_D06,1,11,2,82,YYRRGYRGBYRRB,YYRGYRBGYRYBB,0.6153846153846154
S1_D06_P1,S1_D06,1,11,3,83,RYRYRYBRBBBRB,RYRYRYBRYBBBB,0.8461538461538461
S1_D06_P1,S1_D06,1,11,4,84,YYRGBYRGBYRRR,YRGYRYBRYRRRR,0.6153846153846154
S1_D06_P1,S1_D06,1,11,5,85,RYRRBYRGBRBYR,RYRBYRGRYBRBR,0.6923076923076923
S1_D06_P1,S1_D06,1,11,6,86,RYBGRYBRRBYRB,RYBGRYBGRYBRB,0.7692307692307692
S1_D06_P1,S1_D06,1,11,7,87,RYBGRBYRBRBYB,RBYGRBYRBRYBR,0.6923076923076923
S1_D06_P1,S1_D06,1,11,8,88,RYBGRYBGRYBBR,RYBGRYBGRYBBR,1.0
S1_D06_P1,S1_D06,1,12,1,89,GGYRGYRBRBGRR,GGYRGYBGYRGBB,0.5384615384615384
S1_D06_P1,S1_D06,1,12,2,90,BGRYYYRYBRYRB,GYRYYYBRGRBYB,0.4615384615384615
S1_D06_P1,S1_D06,1,12,3,91,RYGGYGYBRGBBB,RYGBRYBGYRYBB,0.5384615384615384
S1_D06_P1,S1_D06,1,12,4,92,RBRYBRBBBBBBB,RYBRBBBBBBBBB,0.7692307692307692
S1_D06_P1,S1_D06,1,12,5,93,RYGRYBRBBGBBB,RBYGRYBRGRYBB,0.6153846153846154
S1_D06_P1,S1_D06,1,12,6,94,YBGRYBBBBBBBB,YBGRYBBBBBBBB,1.0
S1_D06_P1,S1_D06,1,12,7,95,RGRYBRYBBBBBB,RYGRYBBBBBBBB,0.7692307692307692
S1_D06_P1,S1_D06,1,12,8,96,RYBGRYBBBBBBB,RYBGRYBBBBBBB,1.0
S1_D06_P1,S1_D06,1,13,1,97,BRYRYBYGBGBGY,RYBGYRYBGYRBB,0.3846153846153846
S1_D06_P1,S1_D06,1,13,2,98,GYBRYBGYRGYBB,RYGBRYRYBGRYB,0.4615384615384615
S1_D06_P1,S1_D06,1,13,3,99,RYBGRYBGRBBBB,RYBGRYBGRBBBB,1.0
S1_D06_P1,S1_D06,1,13,4,100,RYBRYBRYRBBBB,RYBRYBRYBRBBB,0.8461538461538461
S1_D06_P1,S1_D06,1,13,5,101,RYBGRYBRGBBBB,RYBGRYBGRYBBB,0.7692307692307692
S1_D06_P1,S1_D06,1,13,6,102,RYBGRYBRGRBYR,RYBGRYBGRYGRB,0.6923076923076923
S1_D06_P1,S1_D06,1,13,7,103,RYBGYBRBYRBRB,RBYGBYRYBRBRB,0.5384615384615384
S1_D06_P1,S1_D06,1,13,8,104,RYBGRYGRYYYBY,RYBGRYGRYGRYY,0.7692307692307692
S1_D06_P1,S1_D06,1,14,1,105,BGYBBGRGGGRRY,RYBGRRYYGBYRR,0.3076923076923077
S1_D06_P1,S1_D06,1,14,2,106,YBGRYBRYRYRBY,YBRGYBRYRYRBY,0.8461538461538461
S1_D06_P1,S1_D06,1,14,3,107,GBYRGYRBYRBRB,GBRYGBRYBGBRY,0.4615384615384615
S1_D06_P1,S1_D06,1,14,4,108,BYRYRYRBYRBYY,YRBRBYRYBRBRY,0.5384615384615384
S1_D06_P1,S1_D06,1,14,5,109,BYGRYBRBGYYYY,YBRGYBYRGBYYY,0.5384615384615384
S1_D06_P1,S1_D06,1,14,6,110,YRBRRBYBRYBYG,RYBRBYGYRBYRY,0.3846153846153846
S1_D06_P1,S1_D06,1,14,7,111,GYBRYGYBRYYYG,YRBGYRBGRYBGB,0.3846153846153846
S1_D06_P1,S1_D06,1,14,8,112,GYRBGYRBGYBRY,GYRBGYRBGYRBY,0.8461538461538461
S1_D06_P1,S1_D06,1,15,1,113,YGGRBRRYGBYRY,YGGRBRRBYGRBY,0.6923076923076923
S1_D06_P1,S1_D06,1,15,2,114,YBBYBGGRYBYYY,YBGYBRBYBGRBB,0.3846153846153846
S1_D06_P1,S1_D06,1,15,3,115,YGGRRBBYGYBRR,YGGRRBBYBGRRR,0.7692307692307692
S1_D06_P1,S1_D06,1,15,4,116,GYRBGBBBYRBBR,GYRBGBBBYRGBR,0.9230769230769232
S1_D06_P1,S1_D06,1,15,5,117,GRGRRRYGBGRGR,GRGRRRYBGYRBG,0.6923076923076923
S1_D06_P1,S1_D06,1,15,6,118,GYBRGYRBBBBBB,GYRBGYBRBBBBB,0.6923076923076923
S1_D06_P1,S1_D06,1,15,7,119,GGRRGRYRYBRBR,GGRRGRGYYBBYG,0.6153846153846154
S1_D06_P1,S1_D06,1,15,8,120,GYRBRBRBBBBBB,GYRBRBBBBBBBB,0.9230769230769232
S1_D06_P2,S1_D06,2,1,1,1,BYGGGRGRGGBYY,BYGGYBYGRGRBB,0.5384615384615384
S1_D06_P2,S1_D06,2,1,2,2,RBGBYGBRGBYBG,RBGYRBGYRBYGB,0.4615384615384615
S1_D06_P2,S1_D06,2,1,3,3,BYGBGYRGBBYGR,YGRYBGBYRYGRR,0.4615384615384615
S1_D06_P2,S1_D06,2,1,4,4,RBGYRBGYRBYGB,RBYRBGYRBYGBB,0.8461538461538461
S1_D06_P2,S1_D06,2,1,5,5,GYRBYGBRGYRRB,GYRBGYRBGYRRB,0.7692307692307692
S1_D06_P2,S1_D06,2,1,6,6,RBYRBGYBYGRBB,RBYRRBYGGYBRB,0.5384615384615384
S1_D06_P2,S1_D06,2,1,7,7,GYRBGYRBGYBRB,GYRBGYRBGYBRB,1.0
S1_D06_P2,S1_D06,2,1,8,8,RBYRRBYGRBRBY,RBYGRBYRGBYRB,0.6153846153846154
S1_D06_P2,S1_D06,2,2,1,9,RRYGGBRYYRRBY,RYGYYBRGRBYRR,0.3846153846153846
S1_D06_P2,S1_D06,2,2,2,10,GYRRBGGBGYRBB,RYGRBYBRYBBBB,0.4615384615384615
S1_D06_P2,S1_D06,2,2,3,11,RYGBYRRBYGBRR,RGYGBRYRRBGRR,0.6923076923076923
S1_D06_P2,S1_D06,2,2,4,12,RBYGRYGRYBBBB,RYGGRYGGYRBBB,0.6923076923076923
S1_D06_P2,S1_D06,2,2,5,13,RGYRGBYGRBYBB,GYRGBYGRYBRGB,0.6923076923076923
S1_D06_P2,S1_D06,2,2,6,14,RYGGRYGGRYBBB,RYGGRYGGRYBBB,1.0
S1_D06_P2,S1_D06,2,2,7,15,RGYRGYBGYRBBB,GYRGYRGYBRBBB,0.7692307692307692
S1_D06_P2,S1_D06,2,2,8,16,RYGGRYGGRYBBB,RYGGRYGGRYBBB,1.0
S1_D06_P2,S1_D06,2,3,1,17,RBYGRBBRGRYYB,RBYGRBRBBBYGR,0.5384615384615384
S1_D06_P2,S1_D06,2,3,2,18,BGBYBRGYBRBBY,BGRYBRGBBYBYY,0.6923076923076923
S1_D06_P2,S1_D06,2,3,3,19,BYGRRBYBYGRBY,BYGRBRRBGRYBY,0.6153846153846154
S1_D06_P2,S1_D06,2,3,4,20,BGRYBRYBYGRBY,BGRYBGRBYGBYB,0.6923076923076923
S1_D06_P2,S1_D06,2,3,5,21,BYGRBRBGBYBYR,GRBYGRBGBYBYR,0.6923076923076923
S1_D06_P2,S1_D06,2,3,6,22,BGRYBGRBRBYBG,RBYRBYGBYRBGB,0.3846153846153846
S1_D06_P2,S1_D06,2,3,7,23,GRBYGBRYGBGRY,YBRGBYRRYGRYR,0.3846153846153846
S1_D06_P2,S1_D06,2,3,8,24,RYBGYRBGBRYBR,RYBGRYGBYBRRB,0.6153846153846154
S1_D06_P2,S1_D06,2,4,1,25,GYGYYGGRRRBYB,GYGYYGGBRYRBR,0.6923076923076923
S1_D06_P2,S1_D06,2,4,2,26,YRRBYRYBYGRYB,GYBRYBGRYBBBB,0.3846153846153846
S1_D06_P2,S1_D06,2,4,3,27,GYGYYBGRGYRRB,GYBGYBRGYRGYR,0.5384615384615384
S1_D06_P2,S1_D06,2,4,4,28,GYRBGYRBBBBBB,GYRBGYRBRGBBB,0.8461538461538461
S1_D06_P2,S1_D06,2,4,5,29,GYBGYBGYRGYRG,GYBGYBGYRGYRG,1.0
S1_D06_P2,S1_D06,2,4,6,30,GYRBGYRBRBBBB,GYRBGYRBRBBBB,1.0
S1_D06_P2,S1_D06,2,4,7,31,GYBGYBGYRGYRG,GYBGYBGYRGYRG,1.0
S1_D06_P2,S1_D06,2,4,8,32,GYRBGYRBGYRBR,GYRBGYRBGYRBR,1.0
S1_D06_P2,S1_D06,2,5,1,33,BRGGGRRGBRGYG,RGGGRGBYGGYGY,0.6153846153846154
S1_D06_P2,S1_D06,2,5,2,34,RYRYGRYGRYBRB,RYRYBRGRBYBRB,0.7692307692307692
S1_D06_P2,S1_D06,2,5,3,35,RGGGRYBGRYBYR,RGGGGRYBGRBBB,0.6923076923076923
S1_D06_P2,S1_D06,2,5,4,36,RYRYBRGRBRYBR,RGYBRYBRYBRRR,0.5384615384615384
S1_D06_P2,S1_D06,2,5,5,37,RGGGGRYBGRYBR,RYGGRGYBRYRYG,0.4615384615384615
S1_D06_P2,S1_D06,2,5,6,38,RGYBRYBRYBRRR,RGYBRGBYRYBRR,0.7692307692307692
S1_D06_P2,S1_D06,2,5,7,39,RGYRGGRYBRYBR,RGRGYRGRBRBBB,0.5384615384615384
S1_D06_P2,S1_D06,2,5,8,40,RGYBRYBRBYRRR,GYBRBRYBRRRRR,0.6153846153846154
S1_D06_P2,S1_D06,2,6,1,41,BRYYBGYRRYYGR,RYBRYGYBRYGRG,0.4615384615384615
S1_D06_P2,S1_D06,2,6,2,42,GYYGYRGBGBYBB,GYRBGYBGYRGBR,0.3846153846153846
S1_D06_P2,S1_D06,2,6,3,43,RYBRYGRYBYGRB,RYBRYGRYBRYBR,0.7692307692307692
S1_D06_P2,S1_D06,2,6,4,44,GYRBGYRGBRGYB,YRBGYRGBYRBYB,0.7692307692307692
S1_D06_P2,S1_D06,2,6,5,45,RYBRGYRYBRBBY,YBRGYBGRBYBBB,0.5384615384615384
S1_D06_P2,S1_D06,2,6,6,46,YRGBYRBGYRBGY,GYRGRBYRBBRBB,0.5384615384615384
S1_D06_P2,S1_D06,2,6,7,47,YRBGYRBGYRBYB,GYRBYRBGBYRBB,0.6923076923076923
S1_D06_P2,S1_D06,2,6,8,48,YRBGBRYBBRYBB,GYRBGYBRBBGBB,0.6153846153846154
S1_D06_P2,S1_D06,2,7,1,49,RGRYGRGYBBYYR,RYBGRYGRYRBBB,0.4615384615384615
S1_D06_P2,S1_D06,2,7,2,50,RGYBYRBGYRBYB,RYBRGRBYGYRBY,0.6153846153846154
S1_D06_P2,S1_D06,2,7,3,51,RYGBRYRGBRBYR,RYGBRYBBRBYRR,0.7692307692307692
S1_D06_P2,S1_D06,2,7,4,52,RYBGRYBGYRBGB,RYBGRYBGYRBGR,0.9230769230769232
S1_D06_P2,S1_D06,2,7,5,53,RYGBRYBGRYBBR,RGBRYGRBYBBBB,0.6153846153846154
S1_D06_P2,S1_D06,2,7,6,54,RYBGRYBGRYGBR,RYBGYBGGYBBBB,0.6153846153846154
S1_D06_P2,S1_D06,2,7,7,55,RYGBRYGYGRBBB,RYGBYBGBBBBBB,0.6153846153846154
S1_D06_P2,S1_D06,2,7,8,56,RYGBRYYGGBYBB,RYBGYGBRYBBYB,0.4615384615384615
S1_D06_P2,S1_D06,2,8,1,57,YRYGGGRRBYBBG,YRYRYGRGRGRBR,0.4615384615384615
S1_D06_P2,S1_D06,2,8,2,58,RBYYGBRYBGBRR,RBYYBRYGBRRRR,0.6923076923076923
S1_D06_P2,S1_D06,2,8,3,59,YRYRYGRYRGRGR,YRYRYGRYBGRGR,0.9230769230769232
S1_D06_P2,S1_D06,2,8,4,60,RYYBRYBGYRRRR,RYYBRBGGBYRRR,0.6923076923076923
S1_D06_P2,S1_D06,2,8,5,61,YRYRYGRYRBGRG,RYRYYRYRGYRGR,0.6153846153846154
S1_D06_P2,S1_D06,2,8,6,62,RYBRBRGRYRRRR,YBRYBRRRRGRRR,0.6153846153846154
S1_D06_P2,S1_D06,2,8,7,63,RYRYRGYRYRGYR,RYYRGYRYRGRRR,0.7692307692307692
S1_D06_P2,S1_D06,2,8,8,64,RYBRYBRRRGRRR,RYYBRRRRRRRRR,0.6923076923076923
S1_D06_P2,S1_D06,2,9,1,65,YGYRYRGYYRYBY,GYRBGYRYRBYRB,0.4615384615384615
S1_D06_P2,S1_D06,2,9,2,66,GYBYYBGYBYGYY,GYBYGYBYYYGYY,0.7692307692307692
S1_D06_P2,S1_D06,2,9,3,67,GYRBGYRYRBYRB,GYRBGYYYGRBRB,0.7692307692307692
S1_D06_P2,S1_D06,2,9,4,68,GYBYGYBYYGYBY,GYBRBGYBYGYYY,0.6923076923076923
S1_D06_P2,S1_D06,2,9,5,69,GYRBGYRBGYYRB,GYBRGYRBYGRBY,0.6153846153846154
S1_D06_P2,S1_D06,2,9,6,70,GYBRBGYRBGYYY,GBRYGRYGBRYYY,0.6153846153846154
S1_D06_P2,S1_D06,2,9,7,71,GYBRGYRYBGYRG,GYBBRGYBRGRGR,0.5384615384615384
S1_D06_P2,S1_D06,2,9,8,72,GYBRYGRYRGBYR,GYBRGRBYGRGYR,0.6923076923076923
S1_D06_P2,S1_D06,2,10,1,73,YGYBYBYYBGYGR,GYGYBYRGYBYGY,0.6153846153846154
S1_D06_P2,S1_D06,2,10,2,74,RYBRYGBYRBBBB,YBGYGYBYRBBBB,0.7692307692307692
S1_D06_P2,S1_D06,2,10,3,75,GYRGRGBYRGYRY,YRBGYRGYRGRBR,0.4615384615384615
S1_D06_P2,S1_D06,2,10,4,76,YBGRYBYGRYBBB,GYBRYBGRYBRBR,0.6153846153846154
S1_D06_P2,S1_D06,2,10,5,77,YRBGYRGYRGRGR,GYGYRBYGRGGRG,0.4615384615384615
S1_D06_P2,S1_D06,2,10,6,78,GYBRGRYBGBYRB,YRBYRBGYBBBBB,0.3846153846153846
S1_D06_P2,S1_D06,2,10,7,79,GYRBGYRYRGBYR,GYRBGYRYBGYRB,0.7692307692307692
S1_D06_P2,S1_D06,2,10,8,80,RYBRYBGRYBBBB,RYBRBGYRBBBBB,0.7692307692307692
S1_D06_P2,S1_D06,2,11,1,81,YYRRGYRBGRGYB,YYRRGYRGBYRRB,0.6923076923076923
S1_D06_P2,S1_D06,2,11,2,82,RYRYBRGYRYRYB,RYRYRYBRBBBRB,0.4615384615384615
S1_D06_P2,S1_D06,2,11,3,83,YYRGYRBGYRYBB,YYRGBYRGBYRRR,0.5384615384615384
S1_D06_P2,S1_D06,2,11,4,84,RYRYRYBRYBBBB,RYRRBYRGBRBYR,0.4615384615384615
S1_D06_P2,S1_D06,2,11,5,85,YRGYRYBRYRRRR,RYBGRYBRRBYRB,0.4615384615384615
S1_D06_P2,S1_D06,2,11,6,86,RYRBYRGRYBRBR,RYBGRBYRBRBYB,0.5384615384615384
S1_D06_P2,S1_D06,2,11,7,87,RYBGRYBGRYBRB,RYBGRYBGRYBBR,0.8461538461538461
S1_D06_P2,S1_D06,2,11,8,88,RBYGRBYRBRYBR,GYBRGYBRBRBRR,0.4615384615384615
S1_D06_P2,S1_D06,2,12,1,89,BYBRBGRRYYYYR,BGRYYYRYBRYRB,0.3846153846153846
S1_D06_P2,S1_D06,2,12,2,90,GGYRGYBGYRGBB,RYGGYGYBRGBBB,0.5384615384615384
S1_D06_P2,S1_D06,2,12,3,91,GYRYYYBRGRBYB,RBRYBRBBBBBBB,0.3846153846153846
S1_D06_P2,S1_D06,2,12,4,92,RYGBRYBGYRYBB,RYGRYBRBBGBBB,0.5384615384615384
S1_D06_P2,S1_D06,2,12,5,93,RYBRBBBBBBBBB,YBGRYBBBBBBBB,0.7692307692307692
S1_D06_P2,S1_D06,2,12,6,94,RBYGRYBRGRYBB,RGRYBRYBBBBBB,0.4615384615384615
S1_D06_P2,S1_D06,2,12,7,95,YBGRYBBBBBBBB,RYBGRYBBBBBBB,0.8461538461538461
S1_D06_P2,S1_D06,2,12,8,96,RYGRYBBBBBBBB,RGRYRBBBBBBBB,0.8461538461538461
S1_D06_P2,S1_D06,2,13,1,97,GYBBGYGRRYGBG,GYBRYBGYRGYBB,0.5384615384615384
S1_D06_P2,S1_D06,2,13,2,98,RYBGYRYBGYRBB,RYBGRYBGRBBBB,0.6923076923076923
S1_D06_P2,S1_D06,2,13,3,99,RYGBRYRYBGRYB,RYBRYBRYRBBBB,0.5384615384615384
S1_D06_P2,S1_D06,2,13,4,100,RYBGRYBGRBBBB,RYBGRYBRGBBBB,0.8461538461538461
S1_D06_P2,S1_D06,2,13,5,101,RYBRYBRYBRBBB,RYBGRYBRGRBYR,0.6153846153846154
S1_D06_P2,S1_D06,2,13,6,102,RYBGRYBGRYBBB,RYBGYBRBYRBRB,0.6153846153846154
S1_D06_P2,S1_D06,2,13,7,103,RYBGRYBGRYGRB,RYBGRYGRYYYBY,0.6923076923076923
S1_D06_P2,S1_D06,2,13,8,104,RBYGBYRYBRBRB,RYGBYGRBRBRRB,0.6923076923076923
S1_D06_P2,S1_D06,2,14,1,105,YGYYBRBYYBRYR,YBGRYBRYRYRBY,0.4615384615384615
S1_D06_P2,S1_D06,2,14,2,106,RYBGRRYYGBYRR,GBYRGYRBYRBRB,0.3846153846153846
S1_D06_P2,S1_D06,2,14,3,107,YBRGYBRYRYRBY,BYRYRYRBYRBYY,0.5384615384615384
S1_D06_P2,S1_D06,2,14,4,108,GBRYGBRYBGBRY,BYGRYBRBGYYYY,0.3846153846153846
S1_D06_P2,S1_D06,2,14,5,109,YRBRBYRYBRBRY,YRBRRBYBRYBYG,0.5384615384615384
S1_D06_P2,S1_D06,2,14,6,110,YBRGYBYRGBYYY,GYBRYGYBRYYYG,0.5384615384615384
S1_D06_P2,S1_D06,2,14,7,111,RYBRBYGYRBYRY,GYRBGYRBGYBRY,0.6153846153846154
S1_D06_P2,S1_D06,2,14,8,112,YRBGYRBGRYBGB,GYRBGYRYGBYRB,0.6153846153846154
S1_D06_P2,S1_D06,2,15,1,113,RYBBYBGGBYYYY,YBBYBGGRYBYYY,0.7692307692307692
S1_D06_P2,S1_D06,2,15,2,114,YGGRBRRBYGRBY,YGGRRBBYGYBRR,0.6153846153846154
S1_D06_P2,S1_D06,2,15,3,115,YBGYBRBYBGRBB,GYRBGBBBYRBBR,0.4615384615384615
S1_D06_P2,S1_D06,2,15,4,116,YGGRRBBYBGRRR,GRGRRRYGBGRGR,0.5384615384615384
S1_D06_P2,S1_D06,2,15,5,117,GYRBGBBBYRGBR,GYBRGYRBBBBBB,0.3846153846153846
S1_D06_P2,S1_D06,2,15,6,118,GRGRRRYBGYRBG,GGRRGRYRYBRBR,0.5384615384615384
S1_D06_P2,S1_D06,2,15,7,119,GYRBGYBRBBBBB,GYRBRBRBBBBBB,0.7692307692307692
S1_D06_P2,S1_D06,2,15,8,120,GGRRGRGYYBBYG,GGRRGRGYYBYBY,0.8461538461538461
S1_D07_P1,S1_D07,1,1,1,1,RYRYYBRYGRGBR,RYRYBRGRGRGRG,0.6153846153846154
S1_D07_P1,S1_D07,1,1,2,2,RRBBGYRRBYGRB,RRBBGYRRBBYGR,0.8461538461538461
S1_D07_P1,S1_D07,1,1,3,3,RYRYBRRBGRGRY,RYRYBRRGRBRRY,0.7692307692307692
S1_D07_P1,S1_D07,1,1,4,4,RBRBGYYRBGGRY,RRBBYGRGRBGYR,0.4615384615384615
S1_D07_P1,S1_D07,1,1,5,5,RYRYBGGRBYRYG,RYRYBGGRYRYBG,0.8461538461538461
S1_D07_P1,S1_D07,1,1,6,6,RRBYYGRBYRYBG,RYRYBGGRYBRYB,0.4615384615384615
S1_D07_P1,S1_D07,1,1,7,7,RYRYBGGRYBGRB,RYRYBGGRYRYGG,0.6923076923076923
S1_D07_P1,S1_D07,1,1,8,8,RYRYBGGRBYRYG,RYRYBGGRBYRYB,0.9230769230769232
S1_D07_P1,S1_D07,1,2,1,9,YRRBBRRGGGGRY,YRBRRRGBGBGYR,0.5384615384615384
S1_D07_P1,S1_D07,1,2,2,10,RGYBRGYRBGBGR,RGYBRGYRGBGRY,0.8461538461538461
S1_D07_P1,S1_D07,1,2,3,11,YBRRYGYBRYGBR,YBRGYGBRRYBRG,0.6153846153846154
S1_D07_P1,S1_D07,1,2,4,12,RGYBRGYGBRGBB,YBRGGBRGBGBRY,0.5384615384615384
S1_D07_P1,S1_D07,1,2,5,13,YYBRGYRRBGYRG,YYBRGBBRYRYGG,0.6153846153846154
S1_D07_P1,S1_D07,1,2,6,14,GYBRGGBRYGYBG,GYBRGGBRGYRGG,0.7692307692307692
S1_D07_P1,S1_D07,1,2,7,15,YBRGYYBRGGBRY,GYBRGYYBRGBGG,0.6923076923076923
S1_D07_P1,S1_D07,1,2,8,16,GYBRGGBGRYBGR,GYBRGGBGRYBGR,1.0
S1_D07_P1,S1_D07,1,3,1,17,YBGYBYBRGGRYY,GYBRGYBGRRYYB,0.4615384615384615
S1_D07_P1,S1_D07,1,3,2,18,RRGGYYGBGRYBG,GGYYBBRRGBYRG,0.4615384615384615
S1_D07_P1,S1_D07,1,3,3,19,GYBRGYBGGRYBB,GYBRGYBGGBYRG,0.7692307692307692
S1_D07_P1,S1_D07,1,3,4,20,GGYYBBRRGBYRG,GGYYBBRRGBYRG,1.0
S1_D07_P1,S1_D07,1,3,5,21,GYBRGGBYRGBRR,GYBRGGBYRGBYG,0.8461538461538461
S1_D07_P1,S1_D07,1,3,6,22,GGYYBBRRGBYRG,GGYYBBRRGBYRG,1.0
S1_D07_P1,S1_D07,1,3,7,23,GGYYBBRGBYRGB,GGYYBBRBYRBGG,0.7692307692307692
S1_D07_P1,S1_D07,1,3,8,24,GGYYBBRRGBYRG,GGYYBBRRGBYRG,1.0
S1_D07_P1,S1_D07,1,4,1,25,RBGYBRBYRBYBG,RBGYBRBYRBGYG,0.8461538461538461
S1_D07_P1,S1_D07,1,4,2,26,YBYRBGRBGYRBR,YBRYBGYRBGYRB,0.6923076923076923
S1_D07_P1,S1_D07,1,4,3,27,RBYRBGBRYBRGB,RYBRBGYRBGYRG,0.4615384615384615
S1_D07_P1,S1_D07,1,4,4,28,YBRYBRGYBGYBR,YBRGYBRYBGYBR,0.8461538461538461
S1_D07_P1,S1_D07,1,4,5,29,RYBRBGYRGBYGB,YBRYGBRGYBGYB,0.5384615384615384
S1_D07_P1,S1_D07,1,4,6,30,RGYBRGYRBGRYR,RGYBRGYRBGYRB,0.8461538461538461
S1_D07_P1,S1_D07,1,4,7,31,YBRGRYBYGRGRB,RGYBRYBRBGYRB,0.4615384615384615
S1_D07_P1,S1_D07,1,4,8,32,RGYBRGYRBGRYG,RGYBRGYBRYBGY,0.6923076923076923
S1_D07_P1,S1_D07,1,5,1,33,RGRRRYGGBGGYR,RGRRRYBGGYRGY,0.6923076923076923
S1_D07_P1,S1_D07,1,5,2,34,RBRBBRRYYBGRR,RBRRRBYYRYGRG,0.5384615384615384
S1_D07_P1,S1_D07,1,5,3,35,RGRGRRBYRGYRB,RGRGRRBYRYRRG,0.7692307692307692
S1_D07_P1,S1_D07,1,5,4,36,RBRYYRGYBYGRB,RYBRYGBYRBYRB,0.5384615384615384
S1_D07_P1,S1_D07,1,5,5,37,RGRGRBYRGRBRY,RGRGRBYRYBGYR,0.6923076923076923
S1_D07_P1,S1_D07,1,5,6,38,RYBRGBYRBGYRY,RBGYRBYGRYRYB,0.5384615384615384
S1_D07_P1,S1_D07,1,5,7,39,RGRGRBRGBRYRB,RGRGBRYBYRBGB,0.6153846153846154
S1_D07_P1,S1_D07,1,5,8,40,RBGRYRBYGYRBR,RGBRYRBYGBYGB,0.6153846153846154
S1_D07_P1,S1_D07,1,6,1,41,RGBYYBBGBGGRB,RBGYYBGRGBYBG,0.4615384615384615
S1_D07_P1,S1_D07,1,6,2,42,GYBRGGYRYGBGR,GYBRGGYRGRYGB,0.6923076923076923
S1_D07_P1,S1_D07,1,6,3,43,RBYGYGBGGYRYG,GYBRGYBGBYRBG,0.5384615384615384
S1_D07_P1,S1_D07,1,6,4,44,GYBRGYYRYGBRG,GYBRGYYRYRGBG,0.8461538461538461
S1_D07_P1,S1_D07,1,6,5,45,GYBRGYBGRYGBR,GYBRGYBGYRYBG,0.7692307692307692
S1_D07_P1,S1_D07,1,6,6,46,GYBRGYYRYGBGR,GYBRGYYRYGBRG,0.8461538461538461
S1_D07_P1,S1_D07,1,6,7,47,GYBRGYBGYBGRY,GYBRGYBGYRBYG,0.6923076923076923
S1_D07_P1,S1_D07,1,6,8,48,GYBRGYYRGBGRB,GYBRGYYRGYBGR,0.8461538461538461
S1_D07_P1,S1_D07,1,7,1,49,RYGBRGRRGYYRG,GYRBGRRYYRYBG,0.5384615384615384
S1_D07_P1,S1_D07,1,7,2,50,GYBGGRBGRYYYY,GYBGRBRRGBYYY,0.6923076923076923
S1_D07_P1,S1_D07,1,7,3,51,GYRYBGRRYGYBB,GYRYYBGRYGRYG,0.6153846153846154
S1_D07_P1,S1_D07,1,7,4,52,GYBGRRBGYYYRY,GYBGRRBGYYRYR,0.8461538461538461
S1_D07_P1,S1_D07,1,7,5,53,GYRGBGRGYYRGR,GYBGRYBGRGYGY,0.5384615384615384
S1_D07_P1,S1_D07,1,7,6,54,GRBGRGRBYRRYR,GYRGBRYRYBRGY,0.3846153846153846
S1_D07_P1,S1_D07,1,7,7,55,GYBGRYBGYBYGY,GYBGRYBGYBGYB,0.8461538461538461
S1_D07_P1,S1_D07,1,7,8,56,GYRGBGRYGRGBY,GYRGBRYBGRYBG,0.6923076923076923
S1_D07_P1,S1_D07,1,8,1,57,GGYYBGYBBGGRY,GGYYBGYRBYRGY,0.6923076923076923
S1_D07_P1,S1_D07,1,8,2,58,GRYGRYRGBYBBY,GYRGRYGYBYBBY,0.6923076923076923
S1_D07_P1,S1_D07,1,8,3,59,GGYYBGBYRGYRB,GYBRGYBGRYRBY,0.4615384615384615
S1_D07_P1,S1_D07,1,8,4,60,GYRGYBBYRGYBY,GYBRGYBBGYRBG,0.6153846153846154
S1_D07_P1,S1_D07,1,8,5,61,GBRGBGRGYRBRY,GBRGBRBRYGBYB,0.5384615384615384
S1_D07_P1,S1_D07,1,8,6,62,GBRGYBBGYRGBY,GYBRGBBGYRBGY,0.6923076923076923
S1_D07_P1,S1_D07,1,8,7,63,GBRGBBYBRBGRY,GYBRGBBRYRYBG,0.5384615384615384
S1_D07_P1,S1_D07,1,8,8,64,GYBRGYRBRBGBY,GYBRGYRBRBGBY,1.0
S1_D07_P1,S1_D07,1,9,1,65,GYRYBGYBYRGGG,GYRBGYGBRBGBY,0.5384615384615384
S1_D07_P1,S1_D07,1,9,2,66,YYBBYYYGYRRBY,YBYBYYBGYRYBY,0.6923076923076923
S1_D07_P1,S1_D07,1,9,3,67,GYRBGYYRBGYRG,GYRBGYYRBGYRG,1.0
S1_D07_P1,S1_D07,1,9,4,68,YBYBYYBYRYGYB,YBYBYYBYRYGYB,1.0
S1_D07_P1,S1_D07,1,9,5,69,GYRBGYYRGYBRY,GYRBGYYRGBYRG,0.7692307692307692
S1_D07_P1,S1_D07,1,9,6,70,YBYYBYBRYGBBY,YBYYBYBRGBYGB,0.6923076923076923
S1_D07_P1,S1_D07,1,9,7,71,GYRBGYYRYBGRY,GYRBGYYRGBYBG,0.6923076923076923
S1_D07_P1,S1_D07,1,9,8,72,YBYBYYBRBGRYB,GYRBGYYRGRBYR,0.3846153846153846
S1_D07_P1,S1_D07,1,10,1,73,BRBRYBRGBGRRR,RYBRGBRGRYBRG,0.4615384615384615
S1_D07_P1,S1_D07,1,10,2,74,YBYGGGGYGGBRY,YBGYGGGYGBYRY,0.6923076923076923
S1_D07_P1,S1_D07,1,10,3,75,RYBRGRRBYGYBR,RYBRGGGBYRGBY,0.6153846153846154
S1_D07_P1,S1_D07,1,10,4,76,GYBGYGGGYBRYB,GYBGYBRYBGRYB,0.6923076923076923
S1_D07_P1,S1_D07,1,10,5,77,RYBRGGGBRYBRG,RYBRGGGBYRBGY,0.6923076923076923
S1_D07_P1,S1_D07,1,10,6,78,GBYGRBRBGGYBG,GYBGRBGBGBYGB,0.5384615384615384
S1_D07_P1,S1_D07,1,10,7,79,RYBRYGGGBYRBY,BGYBGGGGRYBRY,0.4615384615384615
S1_D07_P1,S1_D07,1,10,8,80,GYBGYRBYGBGBY,GYBGYRBYBYRYG,0.6923076923076923
S1_D07_P1,S1_D07,1,11,1,81,BBGGYBYBBGRBY,BBGGYBBBRBGYB,0.6923076923076923
S1_D07_P1,S1_D07,1,11,2,82,YBRYBBBYRGYBY,YBRYBBBYRGYBY,1.0
S1_D07_P1,S1_D07,1,11,3,83,BGYBBBBYBRBGY,YRGYBBBYRYGYB,0.5384615384615384
S1_D07_P1,S1_D07,1,11,4,84,YBRYBBBYBRGYB,YBRYBBBYBRGYB,1.0
S1_D07_P1,S1_D07,1,11,5,85,RGYBYBBBYRGYB,YRGYBBBRYGYBY,0.6153846153846154
S1_D07_P1,S1_D07,1,11,6,86,YBRYBYYBRGYBY,YBRYYBYYBRGYB,0.8461538461538461
S1_D07_P1,S1_D07,1,11,7,87,YRGYBRRRYBRGY,YRGYBBBRGYBRB,0.6153846153846154
S1_D07_P1,S1_D07,1,11,8,88,YBRYBYYYBRGYB,YBRGYYYBRGYBY,0.7692307692307692
S1_D07_P1,S1_D07,1,12,1,89,GYGGYRRYBBRYG,YGYGYYGRYBRGY,0.5384615384615384
S1_D07_P1,S1_D07,1,12,2,90,GBRGBGGGYBRYG,GBRBGGGGRBYGR,0.6153846153846154
S1_D07_P1,S1_D07,1,12,3,91,GYGYGYYYGRBYR,GYGYYYYBRGYRY,0.6923076923076923
S1_D07_P1,S1_D07,1,12,4,92,GBRGBGGGYBRGY,GBRGBGGGYBRGY,1.0
S1_D07_P1,S1_D07,1,12,5,93,GYGYGYYYBRGYB,GYGYGYYYBRGYB,1.0
S1_D07_P1,S1_D07,1,12,6,94,GBRGBGGGYBRGB,GBRGBGGGYBRGY,0.9230769230769232
S1_D07_P1,S1_D07,1,12,7,95,GYGYYYBRGYBRY,GYGYYYBRGBRGY,0.8461538461538461
S1_D07_P1,S1_D07,1,12,8,96,GBRGBGGGBRGYB,GBRGGBYRGYBYG,0.5384615384615384
S1_D07_P1,S1_D07,1,13,1,97,YYYBRYBGRYGRY,YYYBRYBRGYBGY,0.6923076923076923
S1_D07_P1,S1_D07,1,13,2,98,GRBGGRYGBYRYR,GBRGBYRBGYRBG,0.4615384615384615
S1_D07_P1,S1_D07,1,13,3,99,YYBRYBYRBGRYB,YBGYRBGYBGBYG,0.4615384615384615
S1_D07_P1,S1_D07,1,13,4,100,GBRGBYRYGBRYR,GYBGRYBRYGRYB,0.5384615384615384
S1_D07_P1,S1_D07,1,13,5,101,GYBGYRBRYBRYG,GYBGYBRYBGYBR,0.6923076923076923
S1_D07_P1,S1_D07,1,13,6,102,GYBGYRGYRYRBG,GYBGYRBGYBYGB,0.6923076923076923
S1_D07_P1,S1_D07,1,13,7,103,GYBGYBRGYBRYG,GYBGYBRGBYRGB,0.6923076923076923
S1_D07_P1,S1_D07,1,13,8,104,GYBGYRBGRYRBG,GYBGYRBYRGBYR,0.6153846153846154
S1_D07_P1,S1_D07,1,14,1,105,RRGGRBRGBYYBB,RRGGRBRGBBYYB,0.8461538461538461
S1_D07_P1,S1_D07,1,14,2,106,RGYBGGYYRGYBR,RGYBGGYYBGRBY,0.7692307692307692
S1_D07_P1,S1_D07,1,14,3,107,RRGGRBBBYGBYR,RRGGBBRBBBYRG,0.6153846153846154
S1_D07_P1,S1_D07,1,14,4,108,GYBRBGGRBRGYB,RGYBRGGBBRBYR,0.6153846153846154
S1_D07_P1,S1_D07,1,14,5,109,RRGGRBBBRYBRR,RRGGRRBBBYRBY,0.6153846153846154
S1_D07_P1,S1_D07,1,14,6,110,RRGGYBGYBYGYR,RRGGBYRGBYGRY,0.6153846153846154
S1_D07_P1,S1_D07,1,14,7,111,RRGGBBBRBYBRG,RRGGRBBBYRGBY,0.6153846153846154
S1_D07_P1,S1_D07,1,14,8,112,RGRBYRRRYBYRG,RGBYRBRRBYRGB,0.6923076923076923
S1_D07_P1,S1_D07,1,15,1,113,GGBRBBBGGRBRR,GGBBRBRGBRGGB,0.4615384615384615
S1_D07_P1,S1_D07,1,15,2,114,GGRBGGGYBYRGB,GGRBGGGYBYRGG,0.9230769230769232
S1_D07_P1,S1_D07,1,15,3,115,GGBBRBBBGYRYG,GGBBRBBGYRYGB,0.8461538461538461
S1_D07_P1,S1_D07,1,15,4,116,GRGBGGGRYGYBY,GRGBYBGRGYGYB,0.6923076923076923
S1_D07_P1,S1_D07,1,15,5,117,GBGRBBBRGYRBG,GGBBRBBGYBRGY,0.4615384615384615
S1_D07_P1,S1_D07,1,15,6,118,GRGRYBGRYBGRB,GGRRYBGRYBGGR,0.6923076923076923
S1_D07_P1,S1_D07,1,15,7,119,GGBBRBBBRGYRY,GGRBRBBBGYBYB,0.6923076923076923
S1_D07_P1,S1_D07,1,15,8,120,GGRRYBGRYBRYG,GGRRYBGRYYBBG,0.7692307692307692
S1_D07_P2,S1_D07,2,1,1,1,BRRYGGGRBRRYY,RRBBGYRRBYGRB,0.3076923076923077
S1_D07_P2,S1_D07,2,1,2,2,RYRYBRGRGRGRG,RYRYBRRBGRGRY,0.7692307692307692
S1_D07_P2,S1_D07,2,1,3,3,RRBBGYRRBBYGR,RBRBGYYRBGGRY,0.5384615384615384
S1_D07_P2,S1_D07,2,1,4,4,RYRYBRRGRBRRY,RYRYBGGRBYRYG,0.6923076923076923
S1_D07_P2,S1_D07,2,1,5,5,RRBBYGRGRBGYR,RRBYYGRBYRYBG,0.5384615384615384
S1_D07_P2,S1_D07,2,1,6,6,RYRYBGGRYRYBG,RYRYBGGRYBGRB,0.6923076923076923
S1_D07_P2,S1_D07,2,1,7,7,RYRYBGGRYBRYB,RYRYBGGRBYRYG,0.7692307692307692
S1_D07_P2,S1_D07,2,1,8,8,RYRYBGGRYRYGG,RYRYBGGRBYGGR,0.7692307692307692
S1_D07_P2,S1_D07,2,2,1,9,RGYBRGBYRBBRY,RGYBRGYRBGBGR,0.6923076923076923
S1_D07_P2,S1_D07,2,2,2,10,YRBRRRGBGBGYR,YBRRYGYBRYGBR,0.5384615384615384
S1_D07_P2,S1_D07,2,2,3,11,RGYBRGYRGBGRY,RGYBRGYGBRGBB,0.6923076923076923
S1_D07_P2,S1_D07,2,2,4,12,YBRGYGBRRYBRG,YYBRGYRRBGYRG,0.5384615384615384
S1_D07_P2,S1_D07,2,2,5,13,YBRGGBRGBGBRY,GYBRGGBRYGYBG,0.5384615384615384
S1_D07_P2,S1_D07,2,2,6,14,YYBRGBBRYRYGG,YBRGYYBRGGBRY,0.3846153846153846
S1_D07_P2,S1_D07,2,2,7,15,GYBRGGBRGYRGG,GYBRGGBGRYBGR,0.6923076923076923
S1_D07_P2,S1_D07,2,2,8,16,GYBRGYYBRGBGG,GYBRGYYBRGBGY,0.9230769230769232
S1_D07_P2,S1_D07,2,3,1,17,YYRRGGBGYBYGY,RRGGYYGBGRYBG,0.3846153846153846
S1_D07_P2,S1_D07,2,3,2,18,GYBRGYBGRRYYB,GYBRGYBGGRYBB,0.8461538461538461
S1_D07_P2,S1_D07,2,3,3,19,GGYYBBRRGBYRG,GGYYBBRRGBYRG,1.0
S1_D07_P2,S1_D07,2,3,4,20,GYBRGYBGGBYRG,GYBRGGBYRGBRR,0.6153846153846154
S1_D07_P2,S1_D07,2,3,5,21,GGYYBBRRGBYRG,GGYYBBRRGBYRG,1.0
S1_D07_P2,S1_D07,2,3,6,22,GYBRGGBYRGBYG,GGYYBBRGBYRGB,0.5384615384615384
S1_D07_P2,S1_D07,2,3,7,23,GGYYBBRRGBYRG,GGYYBBRRGBYRG,1.0
S1_D07_P2,S1_D07,2,3,8,24,GGYYBBRBYRBGG,GGYYBBRRBYRGB,0.7692307692307692
S1_D07_P2,S1_D07,2,4,1,25,BBYBRBRGRRYGR,YBYRBGRBGYRBR,0.4615384615384615
S1_D07_P2,S1_D07,2,4,2,26,RBGYBRBYRBGYG,RBYRBGBRYBRGB,0.3846153846153846
S1_D07_P2,S1_D07,2,4,3,27,YBRYBGYRBGYRB,YBRYBRGYBGYBR,0.6923076923076923
S1_D07_P2,S1_D07,2,4,4,28,RYBRBGYRBGYRG,RYBRBGYRGBYGB,0.6923076923076923
S1_D07_P2,S1_D07,2,4,5,29,YBRGYBRYBGYBR,RGYBRGYRBGRYR,0.5384615384615384
S1_D07_P2,S1_D07,2,4,6,30,YBRYGBRGYBGYB,YBRGRYBYGRGRB,0.4615384615384615
S1_D07_P2,S1_D07,2,4,7,31,RGYBRGYRBGYRB,RGYBRGYRBGRYG,0.7692307692307692
S1_D07_P2,S1_D07,2,4,8,32,RGYBRYBRBGYRB,RGYBRGYRBGRBY,0.6923076923076923
S1_D07_P2,S1_D07,2,5,1,33,BBRBBRGRYYYRY,RBRBBRRYYBGRR,0.6153846153846154
S1_D07_P2,S1_D07,2,5,2,34,RGRRRYBGGYRGY,RGRGRRBYRGYRB,0.5384615384615384
S1_D07_P2,S1_D07,2,5,3,35,RBRRRBYYRYGRG,RBRYYRGYBYGRB,0.5384615384615384
S1_D07_P2,S1_D07,2,5,4,36,RGRGRRBYRYRRG,RGRGRBYRGRBRY,0.6923076923076923
S1_D07_P2,S1_D07,2,5,5,37,RYBRYGBYRBYRB,RYBRGBYRBGYRY,0.7692307692307692
S1_D07_P2,S1_D07,2,5,6,38,RGRGRBYRYBGYR,RGRGRBRGBRYRB,0.6923076923076923
S1_D07_P2,S1_D07,2,5,7,39,RBGYRBYGRYRYB,RBGRYRBYGYRBR,0.6923076923076923
S1_D07_P2,S1_D07,2,5,8,40,RGRGBRYBYRBGB,RGRBRYGBRYGRB,0.6153846153846154
S1_D07_P2,S1_D07,2,6,1,41,YBRRGYGBGRGGR,GYBRGGYRYGBGR,0.5384615384615384
S1_D07_P2,S1_D07,2,6,2,42,RBGYYBGRGBYBG,RBYGYGBGGYRYG,0.5384615384615384
S1_D07_P2,S1_D07,2,6,3,43,GYBRGGYRGRYGB,GYBRGYYRYGBRG,0.6153846153846154
S1_D07_P2,S1_D07,2,6,4,44,GYBRGYBGBYRBG,GYBRGYBGRYGBR,0.7692307692307692
S1_D07_P2,S1_D07,2,6,5,45,GYBRGYYRYRGBG,GYBRGYYRYGBGR,0.8461538461538461
S1_D07_P2,S1_D07,2,6,6,46,GYBRGYBGYRYBG,GYBRGYBGYBGRY,0.6923076923076923
S1_D07_P2,S1_D07,2,6,7,47,GYBRGYYRYGBRG,GYBRGYYRGBGRB,0.7692307692307692
S1_D07_P2,S1_D07,2,6,8,48,GYBRGYBGYRBYG,GYBRGYBGRBYBG,0.8461538461538461
S1_D07_P2,S1_D07,2,7,1,49,GYRBGGGGRGYYY,GYBGGRBGRYYYY,0.6923076923076923
S1_D07_P2,S1_D07,2,7,2,50,GYRBGRRYYRYBG,GYRYBGRRYGYBB,0.6923076923076923
S1_D07_P2,S1_D07,2,7,3,51,GYBGRBRRGBYYY,GYBGRRBGYYYRY,0.6923076923076923
S1_D07_P2,S1_D07,2,7,4,52,GYRYYBGRYGRYG,GYRGBGRGYYRGR,0.5384615384615384
S1_D07_P2,S1_D07,2,7,5,53,GYBGRRBGYYRYR,GRBGRGRBYRRYR,0.6923076923076923
S1_D07_P2,S1_D07,2,7,6,54,GYBGRYBGRGYGY,GYBGRYBGYBYGY,0.8461538461538461
S1_D07_P2,S1_D07,2,7,7,55,GYRGBRYRYBRGY,GYRGBGRYGRGBY,0.6923076923076923
S1_D07_P2,S1_D07,2,7,8,56,GYBGRYBGYBGYB,GYBGRBGRGRBYG,0.5384615384615384
S1_D07_P2,S1_D07,2,8,1,57,GRYGBRBGGBBYB,GRYGRYRGBYBBY,0.5384615384615384
S1_D07_P2,S1_D07,2,8,2,58,GGYYBGYRBYRGY,GGYYBGBYRGYRB,0.6923076923076923
S1_D07_P2,S1_D07,2,8,3,59,GYRGRYGYBYBBY,GYRGYBBYRGYBY,0.5384615384615384
S1_D07_P2,S1_D07,2,8,4,60,GYBRGYBGRYRBY,GBRGBGRGYRBRY,0.6923076923076923
S1_D07_P2,S1_D07,2,8,5,61,GYBRGYBBGYRBG,GBRGYBBGYRGBY,0.7692307692307692
S1_D07_P2,S1_D07,2,8,6,62,GBRGBRBRYGBYB,GBRGBBYBRBGRY,0.6153846153846154
S1_D07_P2,S1_D07,2,8,7,63,GYBRGBBGYRBGY,GYBRGYRBRBGBY,0.6153846153846154
S1_D07_P2,S1_D07,2,8,8,64,GYBRGBBRYRYBG,RGBRGYBBGBYBY,0.4615384615384615
S1_D07_P2,S1_D07,2,9,1,65,YYBBYYYGGGRBR,YYBBYYYGYRRBY,0.7692307692307692
S1_D07_P2,S1_D07,2,9,2,66,GYRBGYGBRBGBY,GYRBGYYRBGYRG,0.6153846153846154
S1_D07_P2,S1_D07,2,9,3,67,YBYBYYBGYRYBY,YBYBYYBYRYGYB,0.7692307692307692
S1_D07_P2,S1_D07,2,9,4,68,GYRBGYYRBGYRG,GYRBGYYRGYBRY,0.7692307692307692
S1_D07_P2,S1_D07,2,9,5,69,YBYBYYBYRYGYB,YBYYBYBRYGBBY,0.6153846153846154
S1_D07_P2,S1_D07,2,9,6,70,GYRBGYYRGBYRG,GYRBGYYRYBGRY,0.7692307692307692
S1_D07_P2,S1_D07,2,9,7,71,YBYYBYBRGBYGB,YBYBYYBRBGRYB,0.6153846153846154
S1_D07_P2,S1_D07,2,9,8,72,GYRBGYYRGBYBG,GYBGYYRBGYRYG,0.6153846153846154
S1_D07_P2,S1_D07,2,10,1,73,YBGGGGYGGBBGY,YBYGGGGYGGBRY,0.7692307692307692
S1_D07_P2,S1_D07,2,10,2,74,RYBRGBRGRYBRG,RYBRGRRBYGYBR,0.6153846153846154
S1_D07_P2,S1_D07,2,10,3,75,YBGYGGGYGBYRY,GYBGYGGGYBRYB,0.6923076923076923
S1_D07_P2,S1_D07,2,10,4,76,RYBRGGGBYRGBY,RYBRGGGBRYBRG,0.6923076923076923
S1_D07_P2,S1_D07,2,10,5,77,GYBGYBRYBGRYB,GBYGRBRBGGYBG,0.5384615384615384
S1_D07_P2,S1_D07,2,10,6,78,RYBRGGGBYRBGY,RYBRYGGGBYRBY,0.8461538461538461
S1_D07_P2,S1_D07,2,10,7,79,GYBGRBGBGBYGB,GYBGYRBYGBGBY,0.6923076923076923
S1_D07_P2,S1_D07,2,10,8,80,BGYBGGGGRYBRY,BGYBGGGYRYBGR,0.7692307692307692
S1_D07_P2,S1_D07,2,11,1,81,YBBRBBGBYYBBY,YBRYBBBYRGYBY,0.5384615384615384
S1_D07_P2,S1_D07,2,11,2,82,BBGGYBBBRBGYB,BGYBBBBYBRBGY,0.5384615384615384
S1_D07_P2,S1_D07,2,11,3,83,YBRYBBBYRGYBY,YBRYBBBYBRGYB,0.8461538461538461
S1_D07_P2,S1_D07,2,11,4,84,YRGYBBBYRYGYB,RGYBYBBBYRGYB,0.6923076923076923
S1_D07_P2,S1_D07,2,11,5,85,YBRYBBBYBRGYB,YBRYBYYBRGYBY,0.7692307692307692
S1_D07_P2,S1_D07,2,11,6,86,YRGYBBBRYGYBY,YRGYBRRRYBRGY,0.6153846153846154
S1_D07_P2,S1_D07,2,11,7,87,YBRYYBYYBRGYB,YBRYBYYYBRGYB,0.8461538461538461
S1_D07_P2,S1_D07,2,11,8,88,YRGYBBBRGYBRB,RGYBBBRGYBRYB,0.8461538461538461
S1_D07_P2,S1_D07,2,12,1,89,GBGGRRRGGBYYB,GBRGBGGGYBRYG,0.4615384615384615
S1_D07_P2,S1_D07,2,12,2,90,YGYGYYGRYBRGY,GYGYGYYYGRBYR,0.5384615384615384
S1_D07_P2,S1_D07,2,12,3,91,GBRBGGGGRBYGR,GBRGBGGGYBRGY,0.6153846153846154
S1_D07_P2,S1_D07,2,12,4,92,GYGYYYYBRGYRY,GYGYGYYYBRGYB,0.7692307692307692
S1_D07_P2,S1_D07,2,12,5,93,GBRGBGGGYBRGY,GBRGBGGGYBRGB,0.9230769230769232
S1_D07_P2,S1_D07,2,12,6,94,GYGYGYYYBRGYB,GYGYYYBRGYBRY,0.6923076923076923
S1_D07_P2,S1_D07,2,12,7,95,GBRGBGGGYBRGY,GBRGBGGGBRGYB,0.8461538461538461
S1_D07_P2,S1_D07,2,12,8,96,GYGYYYBRGBRGY,GYGYGGGBRGYBG,0.5384615384615384
S1_D07_P2,S1_D07,2,13,1,97,BBGRYYRGYYYYR,GRBGGRYGBYRYR,0.4615384615384615
S1_D07_P2,S1_D07,2,13,2,98,YYYBRYBRGYBGY,YYBRYBYRBGRYB,0.5384615384615384
S1_D07_P2,S1_D07,2,13,3,99,GBRGBYRBGYRBG,GBRGBYRYGBRYR,0.6923076923076923
S1_D07_P2,S1_D07,2,13,4,100,YBGYRBGYBGBYG,GYBGYRBRYBRYG,0.6923076923076923
S1_D07_P2,S1_D07,2,13,5,101,GYBGRYBRYGRYB,GYBGYRGYRYRBG,0.5384615384615384
S1_D07_P2,S1_D07,2,13,6,102,GYBGYBRYBGYBR,GYBGYBRGYBRYG,0.6923076923076923
S1_D07_P2,S1_D07,2,13,7,103,GYBGYRBGYBYGB,GYBGYRBGRYRBG,0.6923076923076923
S1_D07_P2,S1_D07,2,13,8,104,GYBGYBRGBYRGB,YBGYBRGYBGRYG,0.6153846153846154
S1_D07_P2,S1_D07,2,14,1,105,RGGYYGGYYRBRB,RGYBGGYYRGYBR,0.6153846153846154
S1_D07_P2,S1_D07,2,14,2,106,RRGGRBRGBBYYB,RRGGRBBBYGBYR,0.6153846153846154
S1_D07_P2,S1_D07,2,14,3,107,RGYBGGYYBGRBY,GYBRBGGRBRGYB,0.3846153846153846
S1_D07_P2,S1_D07,2,14,4,108,RRGGBBRBBBYRG,RRGGRBBBRYBRR,0.6153846153846154
S1_D07_P2,S1_D07,2,14,5,109,RGYBRGGBBRBYR,RRGGYBGYBYGYR,0.4615384615384615
S1_D07_P2,S1_D07,2,14,6,110,RRGGRRBBBYRBY,RRGGBBBRBYBRG,0.5384615384615384
S1_D07_P2,S1_D07,2,14,7,111,RRGGBYRGBYGRY,RGRBYRRRYBYRG,0.4615384615384615
S1_D07_P2,S1_D07,2,14,8,112,RRGGRBBBYRGBY,RRGGRBBBYBGYB,0.7692307692307692
S1_D07_P2,S1_D07,2,15,1,113,GRBRRBGYYBBGG,GGRBGGGYBYRGB,0.3846153846153846
S1_D07_P2,S1_D07,2,15,2,114,GGBBRBRGBRGGB,GGBBRBBBGYRYG,0.6153846153846154
S1_D07_P2,S1_D07,2,15,3,115,GGRBGGGYBYRGG,GRGBGGGRYGYBY,0.4615384615384615
S1_D07_P2,S1_D07,2,15,4,116,GGBBRBBGYRYGB,GBGRBBBRGYRBG,0.5384615384615384
S1_D07_P2,S1_D07,2,15,5,117,GRGBYBGRGYGYB,GRGRYBGRYBGRB,0.6923076923076923
S1_D07_P2,S1_D07,2,15,6,118,GGBBRBBGYBRGY,GGBBRBBBRGYRY,0.6923076923076923
S1_D07_P2,S1_D07,2,15,7,119,GGRRYBGRYBGGR,GGRRYBGRYBRYG,0.7692307692307692
S1_D07_P2,S1_D07,2,15,8,120,GGRBRBBBGYBYB,GGRRBRRBBBYRB,0.6153846153846154
S1_D08_P1,S1_D08,1,1,1,1,GGYRRBRRGBRGY,GGYRRBRBBRGYG,0.7692307692307692
S1_D08_P1,S1_D08,1,1,2,2,YYYRYBRBGRBRG,YYYRBBRGGBBRG,0.7692307692307692
S1_D08_P1,S1_D08,1,1,3,3,GGYRRBRBBRGYR,GGYBBRRBBGYRB,0.6153846153846154
S1_D08_P1,S1_D08,1,1,4,4,YYYRBBRGGBBRB,YYYRBBGGBRRBG,0.7692307692307692
S1_D08_P1,S1_D08,1,1,5,5,GGYBBRRBBRGGY,GGYBBRBRRGGYB,0.7692307692307692
S1_D08_P1,S1_D08,1,1,6,6,YYYRBBGGBBRRB,YYYRBBGGBRBBB,0.7692307692307692
S1_D08_P1,S1_D08,1,1,7,7,GGYBBRBBGGRBB,YYYRRBBRBBGGB,0.5384615384615384
S1_D08_P1,S1_D08,1,1,8,8,YYYRBBGRBBBRB,YYYGYRRBBRBGB,0.5384615384615384
S1_D08_P1,S1_D08,1,2,1,9,YYGBYBRBRBRRY,YYYGYBBRBBGYY,0.5384615384615384
S1_D08_P1,S1_D08,1,2,2,10,YYBYBRGRGYRBY,YYYBRBRGYGBBY,0.6923076923076923
S1_D08_P1,S1_D08,1,2,3,11,YYYGYBBRBGYBY,YYYGYBBRBBGYG,0.7692307692307692
S1_D08_P1,S1_D08,1,2,4,12,YYYBRBRGBGYYB,YYYGYBRBRGBGY,0.6923076923076923
S1_D08_P1,S1_D08,1,2,5,13,YYYGYBBRGYBBR,YYYGYBBRBGRYB,0.6923076923076923
S1_D08_P1,S1_D08,1,2,6,14,YYYGYBRBRBGBY,YYYGYBRBGBYYB,0.6923076923076923
S1_D08_P1,S1_D08,1,2,7,15,YYYGYBBRBGRYB,GGGYGBRBGRYBB,0.6153846153846154
S1_D08_P1,S1_D08,1,2,8,16,YYYGYBRBGBYYY,GGGYGBBRBGYYY,0.6153846153846154
S1_D08_P1,S1_D08,1,3,1,17,BGBYYRBYBYGYB,BGBRBGRYGBYBY,0.5384615384615384
S1_D08_P1,S1_D08,1,3,2,18,GBYYYBYRBGRBY,BBBGBYBRBGYBY,0.5384615384615384
S1_D08_P1,S1_D08,1,3,3,19,BGBRBGYBYBGRB,BGBRBGBYBYBYB,0.7692307692307692
S1_D08_P1,S1_D08,1,3,4,20,BBBGBYBRGYBRB,BBBGBRBGBYBRB,0.7692307692307692
S1_D08_P1,S1_D08,1,3,5,21,BGBRBGBRBYBYB,BGBRBGBYBYBYB,0.9230769230769232
S1_D08_P1,S1_D08,1,3,6,22,BBBGBRBGBYBRB,BBBGBRBGBYBYB,0.9230769230769232
S1_D08_P1,S1_D08,1,3,7,23,BGBRBGBYBYBYB,BGBRBGBYBYBYB,1.0
S1_D08_P1,S1_D08,1,3,8,24,BBBGBRBGBYBYB,BBBGBRBGBYBYB,1.0
S1_D08_P1,S1_D08,1,4,1,25,RBBBBBBYRGRBB,BBBBBRBYBGBRR,0.5384615384615384
S1_D08_P1,S1_D08,1,4,2,26,GGRRRYBRBYGRR,GGBBBRBGYRBRR,0.4615384615384615
S1_D08_P1,S1_D08,1,4,3,27,BBBBBRBYBGGRR,BBBBBRBYBGGRR,1.0
S1_D08_P1,S1_D08,1,4,4,28,GGBBBRBGYRBRR,GGBBBRBGYRBRR,1.0
S1_D08_P1,S1_D08,1,4,5,29,BBBBBRBYBGGRR,BBBBBRBYBGGRR,1.0
S1_D08_P1,S1_D08,1,4,6,30,GGBBBRBGYRRBB,GGBBBRBGYRRBB,1.0
S1_D08_P1,S1_D08,1,4,7,31,BBBBBRBYBGGRR,BBBBBRBYBGGRR,1.0
S1_D08_P1,S1_D08,1,4,8,32,GGBBBRBGYRRBB,GGBBBRBGYRRBB,1.0
S1_D08_P1,S1_D08,1,5,1,33,YRGRRRYRRYYRG,YRYRRGRYGRYRR,0.6153846153846154
S1_D08_P1,S1_D08,1,5,2,34,GRBRYYBRGRRBY,GGRGBYRRYYBYR,0.3076923076923077
S1_D08_P1,S1_D08,1,5,3,35,YRYRRGYRYRGYR,GYRRYRGRYGRRR,0.4615384615384615
S1_D08_P1,S1_D08,1,5,4,36,GGRYBGRYYBRYB,YGYRBGRYGBYRR,0.4615384615384615
S1_D08_P1,S1_D08,1,5,5,37,GYRYRGYRGRGRR,GYGRYGYRYRRRR,0.6923076923076923
S1_D08_P1,S1_D08,1,5,6,38,GYRGBRYGYRRRB,GYGRRBRGYRBRR,0.6153846153846154
S1_D08_P1,S1_D08,1,5,7,39,GYRGYGYRGRRRY,GYGRYGYRGRRYY,0.7692307692307692
S1_D08_P1,S1_D08,1,5,8,40,GYRRBRGYGYRRB,GYRRBBGYRRBRB,0.6923076923076923
S1_D08_P1,S1_D08,1,6,1,41,BBRYRGYGBYYRR,RBRRGYGBYRRYR,0.6923076923076923
S1_D08_P1,S1_D08,1,6,2,42,GYYGGYGYBRGRG,GGYGBGRGYGYGG,0.5384615384615384
S1_D08_P1,S1_D08,1,6,3,43,RBRRBGYGGYRBG,RBRRBGYGGRBGG,0.8461538461538461
S1_D08_P1,S1_D08,1,6,4,44,BGRYGYGGYGRGY,BGRYGGYGGRGYG,0.6923076923076923
S1_D08_P1,S1_D08,1,6,5,45,RBRBBRGYGGYRB,RBRRBGGYGRBRB,0.6923076923076923
S1_D08_P1,S1_D08,1,6,6,46,BGRYGGYGGYRGG,BGRYGGYGYRBGY,0.7692307692307692
S1_D08_P1,S1_D08,1,6,7,47,RBRRBGYGGYRBR,RBRRBGGYGRRBR,0.7692307692307692
S1_D08_P1,S1_D08,1,6,8,48,BGRYGGYGYRBGY,BGRYGGYGYRBGY,1.0
S1_D08_P1,S1_D08,1,7,1,49,YGBGGBBBYRGBY,GGBGYBYRBGYBY,0.5384615384615384
S1_D08_P1,S1_D08,1,7,2,50,YGGYGRGYRYRYR,GYGGRGYRYRYGY,0.6153846153846154
S1_D08_P1,S1_D08,1,7,3,51,GGYBYBRYBYRBG,GYGGRBYBYRYBY,0.4615384615384615
S1_D08_P1,S1_D08,1,7,4,52,GYGGYRYRYRGBY,GYGGRYRYRBYBY,0.7692307692307692
S1_D08_P1,S1_D08,1,7,5,53,GGYGBYRYBYBYR,GGYGBYRYBYBYR,1.0
S1_D08_P1,S1_D08,1,7,6,54,GYGGYRYBYRYBY,GGYGRYBYBYRYB,0.6923076923076923
S1_D08_P1,S1_D08,1,7,7,55,GGYGYRYBYBYRY,GGYGYRYBYRYBY,0.8461538461538461
S1_D08_P1,S1_D08,1,7,8,56,GGYGYRYBYBYBY,GGYGYRYBYBYBY,1.0
S1_D08_P1,S1_D08,1,8,1,57,GYGYBGYGYRGGB,GYGYBGRGYGBBG,0.6923076923076923
S1_D08_P1,S1_D08,1,8,2,58,YRRBBGGYYYYRB,YRRBBGGYYYRBG,0.8461538461538461
S1_D08_P1,S1_D08,1,8,3,59,GYGYBGRGRRGYB,YGYGYBYRRGYBR,0.6153846153846154
S1_D08_P1,S1_D08,1,8,4,60,YRRBBGGYYYRBR,YYRRBBGGYYRBR,0.8461538461538461
S1_D08_P1,S1_D08,1,8,5,61,YGYGYBYRRGYBR,GYGYGBYRRYGYB,0.6923076923076923
S1_D08_P1,S1_D08,1,8,6,62,YYRRBBGGYYRBR,YYRRBBGGYYRBB,0.9230769230769232
S1_D08_P1,S1_D08,1,8,7,63,GYGYGYBRRYBRG,GYGYGYRYBYRGR,0.6923076923076923
S1_D08_P1,S1_D08,1,8,8,64,YYRRBBGGYYRRB,YYRRBBGGYYRRB,1.0
S1_D08_P1,S1_D08,1,9,1,65,YYRRRBRYBGBGR,YYRRYBRBYBGRG,0.6923076923076923
S1_D08_P1,S1_D08,1,9,2,66,BBBBGGYBBBRBB,BBBBGGYBBRBYB,0.8461538461538461
S1_D08_P1,S1_D08,1,9,3,67,YYRBYRBYBYRGY,YYRBYBYRGBYBY,0.6153846153846154
S1_D08_P1,S1_D08,1,9,4,68,BBBBGGYBBRBBR,BBBBGGYBBRBRB,0.8461538461538461
S1_D08_P1,S1_D08,1,9,5,69,YYRBYBYBRGYBY,RRYRYBYBYRGBY,0.6153846153846154
S1_D08_P1,S1_D08,1,9,6,70,BBBBGGYBBRBRB,BBBBGGYBRBRBR,0.8461538461538461
S1_D08_P1,S1_D08,1,9,7,71,RRYBYBYRRGYBR,RRYBRYBYBYRGB,0.6153846153846154
S1_D08_P1,S1_D08,1,9,8,72,BBBBGGYBRBRBR,BBBBGGYBRBRBR,1.0
S1_D08_P1,S1_D08,1,10,1,73,GGGRRRRBGBBGG,GGGBBBBRBGBBR,0.5384615384615384
S1_D08_P1,S1_D08,1,10,2,74,BGGYRBGGYYRBR,GGBGRBGYBRBGB,0.4615384615384615
S1_D08_P1,S1_D08,1,10,3,75,GGGBBBBRBGBBR,GGGBBBBRBGBBR,1.0
S1_D08_P1,S1_D08,1,10,4,76,GGBGRGYBRGGBG,GGBGRBGYRBGBG,0.7692307692307692
S1_D08_P1,S1_D08,1,10,5,77,GGGBBBBBGBBRG,GGGBBBBBRBGBB,0.6923076923076923
S1_D08_P1,S1_D08,1,10,6,78,GGBGRBGYRBGGB,GGBGRBGBYRBGB,0.8461538461538461
S1_D08_P1,S1_D08,1,10,7,79,GGGBBBBBRGBBR,GGGBBBBBRGBBR,1.0
S1_D08_P1,S1_D08,1,10,8,80,GGBGBRGRYGBGB,GGBRBGRYBGBRG,0.6153846153846154
S1_D08_P1,S1_D08,1,11,1,81,GYBYRBYRGGBRR,RBYBYBRGBYRBG,0.3846153846153846
S1_D08_P1,S1_D08,1,11,2,82,YGBBGYBBGRBBR,GBBYRBBGBBYBB,0.5384615384615384
S1_D08_P1,S1_D08,1,11,3,83,RBYBGBRBYBGBR,RBGBYBYRBYBRB,0.6153846153846154
S1_D08_P1,S1_D08,1,11,4,84,GBBYRYBBGRBBR,RBBYBRYBBRBGB,0.6153846153846154
S1_D08_P1,S1_D08,1,11,5,85,RBGBYBYBRBRBY,RBGBYBYBRBRYB,0.8461538461538461
S1_D08_P1,S1_D08,1,11,6,86,GBBRBYBYBRBGB,GBBRBYBRYGBGB,0.7692307692307692
S1_D08_P1,S1_D08,1,11,7,87,GBRBYBRBGBRBY,GBRBYBRBGBRYB,0.8461538461538461
S1_D08_P1,S1_D08,1,11,8,88,GBBRBYBGBGBRB,GBBRBYBGBGBRB,1.0
S1_D08_P1,S1_D08,1,12,1,89,YRGBYYYBGYYGG,GRBYYYRBGYBGB,0.6153846153846154
S1_D08_P1,S1_D08,1,12,2,90,GRBBBBYGRBRBB,GRBBBBYYRGBRG,0.6923076923076923
S1_D08_P1,S1_D08,1,12,3,91,GRBYYYRBGGRBY,GBRYYYRBGBBRY,0.6153846153846154
S1_D08_P1,S1_D08,1,12,4,92,GRBBBYRGBGBYB,GBYYYRBGBYBRB,0.5384615384615384
S1_D08_P1,S1_D08,1,12,5,93,GBRYYBGBRYYBR,GBRBYYBRBGYBR,0.6923076923076923
S1_D08_P1,S1_D08,1,12,6,94,GRBYYYBRBGBYB,GBRYYYRBGBYBY,0.6923076923076923
S1_D08_P1,S1_D08,1,12,7,95,BGRYBGBRBYBRB,GBGRBYBGBRBGB,0.6153846153846154
S1_D08_P1,S1_D08,1,12,8,96,BRYYYBGRBYRBB,BGYYYRBGBYBRY,0.5384615384615384
S1_D08_P1,S1_D08,1,13,1,97,YRRRRRYBGYYBG,YRRRRBYGYYBGB,0.7692307692307692
S1_D08_P1,S1_D08,1,13,2,98,YRRGYYBRGRGRR,YRRGYYBRGRGRR,1.0
S1_D08_P1,S1_D08,1,13,3,99,YRRRRBGYYBGYY,YRRRRBGYYBRBR,0.7692307692307692
S1_D08_P1,S1_D08,1,13,4,100,YGRRGBRGYYRRB,GBYRBGYBRBYBG,0.3076923076923077
S1_D08_P1,S1_D08,1,13,5,101,YRRRRBGYYBRBR,YRRRRBGYYRBRB,0.8461538461538461
S1_D08_P1,S1_D08,1,13,6,102,GBYRGYBRYBYBR,GBRBYBRBYBYBR,0.7692307692307692
S1_D08_P1,S1_D08,1,13,7,103,YRRRRBGYYBRBR,YRRRRBGYYBRBR,1.0
S1_D08_P1,S1_D08,1,13,8,104,GRBRYBRYBYBRB,GBYBYRBGYBYBR,0.5384615384615384
S1_D08_P1,S1_D08,1,14,1,105,BGGRBGBRRYYRY,GGBRBGBYRRBGB,0.4615384615384615
S1_D08_P1,S1_D08,1,14,2,106,GBGGGBRYYRBGG,GBGGGRYYRBGBG,0.8461538461538461
S1_D08_P1,S1_D08,1,14,3,107,GGBRGYYRBGBRY,GBGGGYYRBGYRB,0.6153846153846154
S1_D08_P1,S1_D08,1,14,4,108,GBGGGRYYRBGGB,GBGGGRYRBGGBR,0.8461538461538461
S1_D08_P1,S1_D08,1,14,5,109,GBGGGYRBGGBGB,GBGGGYRBGGBGB,1.0
S1_D08_P1,S1_D08,1,14,6,110,GBGGGBRYRBGGB,GBGGGRBYBGGBY,0.6923076923076923
S1_D08_P1,S1_D08,1,14,7,111,GBGGYBRBGBGBG,GBGGBYRBGBYBR,0.6923076923076923
S1_D08_P1,S1_D08,1,14,8,112,GBGGBRYBRGGBG,GBGGBRBYBGGBR,0.7692307692307692
S1_D08_P1,S1_D08,1,15,1,113,YBYBBBGYBBYYR,YBYBBBGYBBYRY,0.8461538461538461
S1_D08_P1,S1_D08,1,15,2,114,YGYYYBBBBGBGB,YGYYYBBBBGBYB,0.9230769230769232
S1_D08_P1,S1_D08,1,15,3,115,YBYBBBGYBBYBR,GBGBBBYBGBBRB,0.5384615384615384
S1_D08_P1,S1_D08,1,15,4,116,YGYYYBBBBGYBY,YGYYBBBGYBYBB,0.6923076923076923
S1_D08_P1,S1_D08,1,15,5,117,GBGBBBYBBGBBR,GBGBBYGBBRGBB,0.6923076923076923
S1_D08_P1,S1_D08,1,15,6,118,YGYYBBBGYYBBG,YGYBBGGYBYGBY,0.6153846153846154
S1_D08_P1,S1_D08,1,15,7,119,GBGBBYBGRBGBB,GBGBBYBRGBBGB,0.7692307692307692
S1_D08_P1,S1_D08,1,15,8,120,GBYYBGYBBGYBY,GBYYBGRBYBBYB,0.6923076923076923
S1_D08_P2,S1_D08,2,1,1,1,YYYRYBRRRGYRR,YYYRYBRBGRBRG,0.6153846153846154
S1_D08_P2,S1_D08,2,1,2,2,GGYRRBRBBRGYG,GGYRRBRBBRGYR,0.9230769230769232
S1_D08_P2,S1_D08,2,1,3,3,YYYRBBRGGBBRG,YYYRBBRGGBBRB,0.9230769230769232
S1_D08_P2,S1_D08,2,1,4,4,GGYBBRRBBGYRB,GGYBBRRBBRGGY,0.6923076923076923
S1_D08_P2,S1_D08,2,1,5,5,YYYRBBGGBRRBG,YYYRBBGGBBRRB,0.8461538461538461
S1_D08_P2,S1_D08,2,1,6,6,GGYBBRBRRGGYB,GGYBBRBBGGRBB,0.6923076923076923
S1_D08_P2,S1_D08,2,1,7,7,YYYRBBGGBRBBB,YYYRBBGRBBBRB,0.7692307692307692
S1_D08_P2,S1_D08,2,1,8,8,YYYRRBBRBBGGB,YYYRBBRRBBGGB,0.8461538461538461
S1_D08_P2,S1_D08,2,2,1,9,YYBYGBRGBYGYB,YYBYBRGRGYRBY,0.6153846153846154
S1_D08_P2,S1_D08,2,2,2,10,YYYGYBBRBBGYY,YYYGYBBRBGYBY,0.8461538461538461
S1_D08_P2,S1_D08,2,2,3,11,YYYBRBRGYGBBY,YYYBRBRGBGYYB,0.6923076923076923
S1_D08_P2,S1_D08,2,2,4,12,YYYGYBBRBBGYG,YYYGYBBRGYBBR,0.6153846153846154
S1_D08_P2,S1_D08,2,2,5,13,YYYGYBRBRGBGY,YYYGYBRBRBGBY,0.8461538461538461
S1_D08_P2,S1_D08,2,2,6,14,YYYGYBBRBGRYB,YYYGYBBRBGRYB,1.0
S1_D08_P2,S1_D08,2,2,7,15,YYYGYBRBGBYYB,YYYGYBRBGBYYY,0.9230769230769232
S1_D08_P2,S1_D08,2,2,8,16,GGGYGBRBGRYBB,GGGYGYBRBRBYG,0.6153846153846154
S1_D08_P2,S1_D08,2,3,1,17,GBYYYBYRBGYGR,GBYYYBYRBGRBY,0.7692307692307692
S1_D08_P2,S1_D08,2,3,2,18,BGBRBGRYGBYBY,BGBRBGYBYBGRB,0.6153846153846154
S1_D08_P2,S1_D08,2,3,3,19,BBBGBYBRBGYBY,BBBGBYBRGYBRB,0.7692307692307692
S1_D08_P2,S1_D08,2,3,4,20,BGBRBGBYBYBYB,BGBRBGBRBYBYB,0.9230769230769232
S1_D08_P2,S1_D08,2,3,5,21,BBBGBRBGBYBRB,BBBGBRBGBYBRB,1.0
S1_D08_P2,S1_D08,2,3,6,22,BGBRBGBYBYBYB,BGBRBGBYBYBYB,1.0
S1_D08_P2,S1_D08,2,3,7,23,BBBGBRBGBYBYB,BBBGBRBGBYBYB,1.0
S1_D08_P2,S1_D08,2,3,8,24,BGBRBGBYBYBYB,BGBRBYBYBYBYB,0.9230769230769232
S1_D08_P2,S1_D08,2,4,1,25,GGRRRYBRBBRYG,GGRRRYBRBYGRR,0.6923076923076923
S1_D08_P2,S1_D08,2,4,2,26,BBBBBRBYBGBRR,BBBBBRBYBGGRR,0.9230769230769232
S1_D08_P2,S1_D08,2,4,3,27,GGBBBRBGYRBRR,GGBBBRBGYRBRR,1.0
S1_D08_P2,S1_D08,2,4,4,28,BBBBBRBYBGGRR,BBBBBRBYBGGRR,1.0
S1_D08_P2,S1_D08,2,4,5,29,GGBBBRBGYRBRR,GGBBBRBGYRRBB,0.7692307692307692
S1_D08_P2,S1_D08,2,4,6,30,BBBBBRBYBGGRR,BBBBBRBYBGGRR,1.0
S1_D08_P2,S1_D08,2,4,7,31,GGBBBRBGYRRBB,GGBBBRBGYRRBB,1.0
S1_D08_P2,S1_D08,2,4,8,32,BBBBBRBYBGGRR,BBBBBRBYBGGRR,1.0
S1_D08_P2,S1_D08,2,5,1,33,GRBRYYBRYGBRG,GRBRYYBRGRRBY,0.6923076923076923
S1_D08_P2,S1_D08,2,5,2,34,YRYRRGRYGRYRR,YRYRRGYRYRGYR,0.6923076923076923
S1_D08_P2,S1_D08,2,5,3,35,GGRGBYRRYYBYR,GGRYBGRYYBRYB,0.6153846153846154
S1_D08_P2,S1_D08,2,5,4,36,GYRRYRGRYGRRR,GYRYRGYRGRGRR,0.6923076923076923
S1_D08_P2,S1_D08,2,5,5,37,YGYRBGRYGBYRR,GYRGBRYGYRRRB,0.5384615384615384
S1_D08_P2,S1_D08,2,5,6,38,GYGRYGYRYRRRR,GYRGYGYRGRRRY,0.6923076923076923
S1_D08_P2,S1_D08,2,5,7,39,GYGRRBRGYRBRR,GYRRBRGYGYRRB,0.6923076923076923
S1_D08_P2,S1_D08,2,5,8,40,GYGRYGYRGRRYY,GYGYRGYGYRRGY,0.6153846153846154
S1_D08_P2,S1_D08,2,6,1,41,YGGYYBYGGRGRB,GYYGGYGYBRGRG,0.4615384615384615
S1_D08_P2,S1_D08,2,6,2,42,RBRRGYGBYRRYR,RBRRBGYGGYRBG,0.6153846153846154
S1_D08_P2,S1_D08,2,6,3,43,GGYGBGRGYGYGG,BGRYGYGGYGRGY,0.5384615384615384
S1_D08_P2,S1_D08,2,6,4,44,RBRRBGYGGRBGG,RBRBBRGYGGYRB,0.6153846153846154
S1_D08_P2,S1_D08,2,6,5,45,BGRYGGYGGRGYG,BGRYGGYGGYRGG,0.8461538461538461
S1_D08_P2,S1_D08,2,6,6,46,RBRRBGGYGRBRB,RBRRBGYGGYRBR,0.6923076923076923
S1_D08_P2,S1_D08,2,6,7,47,BGRYGGYGYRBGY,BGRYGGYGYRBGY,1.0
S1_D08_P2,S1_D08,2,6,8,48,RBRRBGGYGRRBR,RBRRBGYGGYRBR,0.7692307692307692
S1_D08_P2,S1_D08,2,7,1,49,GGYGRGYRYRBRG,YGGYGRGYRYRYR,0.7692307692307692
S1_D08_P2,S1_D08,2,7,2,50,GGBGYBYRBGYBY,GGYBYBRYBYRBG,0.4615384615384615
S1_D08_P2,S1_D08,2,7,3,51,GYGGRGYRYRYGY,GYGGYRYRYRGBY,0.6923076923076923
S1_D08_P2,S1_D08,2,7,4,52,GYGGRBYBYRYBY,GGYGBYRYBYBYR,0.5384615384615384
S1_D08_P2,S1_D08,2,7,5,53,GYGGRYRYRBYBY,GYGGYRYBYRYBY,0.7692307692307692
S1_D08_P2,S1_D08,2,7,6,54,GGYGBYRYBYBYR,GGYGYRYBYBYRY,0.8461538461538461
S1_D08_P2,S1_D08,2,7,7,55,GGYGRYBYBYRYB,GGYGYRYBYBYBY,0.7692307692307692
S1_D08_P2,S1_D08,2,7,8,56,GGYGYRYBYRYBY,GGYGYRYBYRYBY,1.0
S1_D08_P2,S1_D08,2,8,1,57,YRRBBGGYYYYYG,YRRBBGGYYYYRB,0.8461538461538461
S1_D08_P2,S1_D08,2,8,2,58,GYGYBGRGYGBBG,GYGYBGRGRRGYB,0.6923076923076923
S1_D08_P2,S1_D08,2,8,3,59,YRRBBGGYYYRBG,YRRBBGGYYYRBR,0.9230769230769232
S1_D08_P2,S1_D08,2,8,4,60,YGYGYBYRRGYBR,YGYGYBYRRGYBR,1.0
S1_D08_P2,S1_D08,2,8,5,61,YYRRBBGGYYRBR,YYRRBBGGYYRBR,1.0
S1_D08_P2,S1_D08,2,8,6,62,GYGYGBYRRYGYB,GYGYGYBRRYBRG,0.6153846153846154
S1_D08_P2,S1_D08,2,8,7,63,YYRRBBGGYYRBB,YYRRBBGGYYRRB,0.9230769230769232
S1_D08_P2,S1_D08,2,8,8,64,GYGYGYRYBYRGR,GYGYGYRBYRBRG,0.7692307692307692
S1_D08_P2,S1_D08,2,9,1,65,BBBBGGYBBBRYR,BBBBGGYBBBRBB,0.8461538461538461
S1_D08_P2,S1_D08,2,9,2,66,YYRRYBRBYBGRG,YYRBYRBYBYRGY,0.6923076923076923
S1_D08_P2,S1_D08,2,9,3,67,BBBBGGYBBRBYB,BBBBGGYBBRBBR,0.8461538461538461
S1_D08_P2,S1_D08,2,9,4,68,YYRBYBYRGBYBY,YYRBYBYBRGYBY,0.8461538461538461
S1_D08_P2,S1_D08,2,9,5,69,BBBBGGYBBRBRB,BBBBGGYBBRBRB,1.0
S1_D08_P2,S1_D08,2,9,6,70,RRYRYBYBYRGBY,RRYBYBYRRGYBR,0.6153846153846154
S1_D08_P2,S1_D08,2,9,7,71,BBBBGGYBRBRBR,BBBBGGYBRBRBR,1.0
S1_D08_P2,S1_D08,2,9,8,72,RRYBRYBYBYRGB,RRYBRYBYBYBRR,0.7692307692307692
S1_D08_P2,S1_D08,2,10,1,73,BGGYRBGYYYBBG,BGGYRBGGYYRBR,0.7692307692307692
S1_D08_P2,S1_D08,2,10,2,74,GGGBBBBRBGBBR,GGGBBBBRBGBBR,1.0
S1_D08_P2,S1_D08,2,10,3,75,GGBGRBGYBRBGB,GGBGRGYBRGGBG,0.7692307692307692
S1_D08_P2,S1_D08,2,10,4,76,GGGBBBBRBGBBR,GGGBBBBBGBBRG,0.8461538461538461
S1_D08_P2,S1_D08,2,10,5,77,GGBGRBGYRBGBG,GGBGRBGYRBGGB,0.8461538461538461
S1_D08_P2,S1_D08,2,10,6,78,GGGBBBBBRBGBB,GGGBBBBBRGBBR,0.8461538461538461
S1_D08_P2,S1_D08,2,10,7,79,GGBGRBGBYRBGB,GGBGBRGRYGBGB,0.6923076923076923
S1_D08_P2,S1_D08,2,10,8,80,GGGBBBBBRGBBR,GGGGBBBBBRGGB,0.7692307692307692
S1_D08_P2,S1_D08,2,11,1,81,YBBGYBBRBRGBR,YGBBGYBBGRBBR,0.6923076923076923
S1_D08_P2,S1_D08,2,11,2,82,RBYBYBRGBYRBG,RBYBGBRBYBGBR,0.6153846153846154
S1_D08_P2,S1_D08,2,11,3,83,GBBYRBBGBBYBB,GBBYRYBBGRBBR,0.6923076923076923
S1_D08_P2,S1_D08,2,11,4,84,RBGBYBYRBYBRB,RBGBYBYBRBRBY,0.7692307692307692
S1_D08_P2,S1_D08,2,11,5,85,RBBYBRYBBRBGB,GBBRBYBYBRBGB,0.6923076923076923
S1_D08_P2,S1_D08,2,11,6,86,RBGBYBYBRBRYB,GBRBYBRBGBRBY,0.5384615384615384
S1_D08_P2,S1_D08,2,11,7,87,GBBRBYBRYGBGB,GBBRBYBGBGBRB,0.7692307692307692
S1_D08_P2,S1_D08,2,11,8,88,GBRBYBRBGBRYB,GBRBYBRBGYBRB,0.8461538461538461
S1_D08_P2,S1_D08,2,12,1,89,GRBBBBRBGYRGB,GRBBBBYGRBRBB,0.6153846153846154
S1_D08_P2,S1_D08,2,12,2,90,GRBYYYRBGYBGB,GRBYYYRBGGRBY,0.6923076923076923
S1_D08_P2,S1_D08,2,12,3,91,GRBBBBYYRGBRG,GRBBBYRGBGBYB,0.5384615384615384
S1_D08_P2,S1_D08,2,12,4,92,GBRYYYRBGBBRY,GBRYYBGBRYYBR,0.5384615384615384
S1_D08_P2,S1_D08,2,12,5,93,GBYYYRBGBYBRB,GRBYYYBRBGBYB,0.6923076923076923
S1_D08_P2,S1_D08,2,12,6,94,GBRBYYBRBGYBR,BGRYBGBRBYBRB,0.4615384615384615
S1_D08_P2,S1_D08,2,12,7,95,GBRYYYRBGBYBY,BRYYYBGRBYRBB,0.6153846153846154
S1_D08_P2,S1_D08,2,12,8,96,GBGRBYBGBRBGB,GBRGYGBGRBYGB,0.6153846153846154
S1_D08_P2,S1_D08,2,13,1,97,YRRGYYBGRGYGG,YRRGYYBRGRGRR,0.6923076923076923
S1_D08_P2,S1_D08,2,13,2,98,YRRRRBYGYYBGB,YRRRRBGYYBGYY,0.7692307692307692
S1_D08_P2,S1_D08,2,13,3,99,YRRGYYBRGRGRR,YGRRGBRGYYRRB,0.5384615384615384
S1_D08_P2,S1_D08,2,13,4,100,YRRRRBGYYBRBR,YRRRRBGYYBRBR,1.0
S1_D08_P2,S1_D08,2,13,5,101,GBYRBGYBRBYBG,GBYRGYBRYBYBR,0.7692307692307692
S1_D08_P2,S1_D08,2,13,6,102,YRRRRBGYYRBRB,YRRRRBGYYBRBR,0.8461538461538461
S1_D08_P2,S1_D08,2,13,7,103,GBRBYBRBYBYBR,GRBRYBRYBYBRB,0.6923076923076923
S1_D08_P2,S1_D08,2,13,8,104,YRRRRBGYYBRBR,YRRRRBGYYRBRB,0.8461538461538461
S1_D08_P2,S1_D08,2,14,1,105,GBGGGBRYYRBYY,GBGGGBRYYRBGG,0.8461538461538461
S1_D08_P2,S1_D08,2,14,2,106,GGBRBGBYRRBGB,GGBRGYYRBGBRY,0.6153846153846154
S1_D08_P2,S1_D08,2,14,3,107,GBGGGRYYRBGBG,GBGGGRYYRBGGB,0.8461538461538461
S1_D08_P2,S1_D08,2,14,4,108,GBGGGYYRBGYRB,GBGGGYRBGGBGB,0.6923076923076923
S1_D08_P2,S1_D08,2,14,5,109,GBGGGRYRBGGBR,GBGGGBRYRBGGB,0.8461538461538461
S1_D08_P2,S1_D08,2,14,6,110,GBGGGYRBGGBGB,GBGGYBRBGBGBG,0.6923076923076923
S1_D08_P2,S1_D08,2,14,7,111,GBGGGRBYBGGBY,GBGGBRYBRGGBG,0.6923076923076923
S1_D08_P2,S1_D08,2,14,8,112,GBGGBYRBGBYBR,GBGGBYRBGGBRY,0.7692307692307692
S1_D08_P2,S1_D08,2,15,1,113,YGYYYBBBBGBGB,YGYYYBBBBGBGB,1.0
S1_D08_P2,S1_D08,2,15,2,114,YBYBBBGYBBYRY,YBYBBBGYBBYBR,0.8461538461538461
S1_D08_P2,S1_D08,2,15,3,115,YGYYYBBBBGBYB,YGYYYBBBBGYBY,0.8461538461538461
S1_D08_P2,S1_D08,2,15,4,116,GBGBBBYBGBBRB,GBGBBBYBBGBBR,0.8461538461538461
S1_D08_P2,S1_D08,2,15,5,117,YGYYBBBGYBYBB,YGYYBBBGYYBBG,0.8461538461538461
S1_D08_P2,S1_D08,2,15,6,118,GBGBBYGBBRGBB,GBGBBYBGRBGBB,0.7692307692307692
S1_D08_P2,S1_D08,2,15,7,119,YGYBBGGYBYGBY,GBYYBGYBBGYBY,0.5384615384615384
S1_D08_P2,S1_D08,2,15,8,120,GBGBBYBRGBBGB,GBGBBYBYBRGBB,0.6923076923076923
S1_D09_P1,S1_D09,1,1,1,1,YYGBRYGRGBBGG,YYGBRGYRGBGGR,0.6923076923076923
S1_D09_P1,S1_D09,1,1,2,2,BBRGRYRRBGRBY,BBGRYRGBRGYBY,0.6923076923076923
S1_D09_P1,S1_D09,1,1,3,3,YYGBRGYRRRRGB,YYGBRGYGRYYGB,0.7692307692307692
S1_D09_P1,S1_D09,1,1,4,4,BBGRYRGRBGRYY,BBGYRRGYBBRGY,0.6153846153846154
S1_D09_P1,S1_D09,1,1,5,5,YYGBRGYGGYYYY,YYGBRGYBRGGRY,0.6153846153846154
S1_D09_P1,S1_D09,1,1,6,6,BBGYRRGYBGRRB,BBGYRGRYGRGRB,0.6923076923076923
S1_D09_P1,S1_D09,1,1,7,7,YYGBRGRBGGGGG,YYGBRYBRBGGGG,0.7692307692307692
S1_D09_P1,S1_D09,1,1,8,8,BBGYRGRYGRYRB,BBGYRGYGRYRYB,0.8461538461538461
S1_D09_P1,S1_D09,1,2,1,9,RYYRYGGBRYBYY,RYYRYGRGBRGYY,0.7692307692307692
S1_D09_P1,S1_D09,1,2,2,10,RGRGBRBRGRYYY,RGRGBRBRGRYYY,1.0
S1_D09_P1,S1_D09,1,2,3,11,RYYRGBRGBYYYY,RYYRGBRGYBRYY,0.7692307692307692
S1_D09_P1,S1_D09,1,2,4,12,RGRGBRBRYYYYY,RGRGBRBRYYYYY,1.0
S1_D09_P1,S1_D09,1,2,5,13,RYYRGBRGBRYYY,RYYRGBGRBYYYY,0.7692307692307692
S1_D09_P1,S1_D09,1,2,6,14,RGRGBRBRYYYYY,RGRGBRBRYYYYY,1.0
S1_D09_P1,S1_D09,1,2,7,15,RYYRGBGRBYYYY,RYYRGBGRYYYYY,0.9230769230769232
S1_D09_P1,S1_D09,1,2,8,16,RGRGBRBRYYYYY,RGRGBRBRYYYYY,1.0
S1_D09_P1,S1_D09,1,3,1,17,GGRBGYRRRYBRY,GGRBGYRGGRYYY,0.6923076923076923
S1_D09_P1,S1_D09,1,3,2,18,GYBYRYGGYRRRR,GYGYBRGYRRRRR,0.6153846153846154
S1_D09_P1,S1_D09,1,3,3,19,GYRBGGRGYYYYY,GYRBGYRGRYYYY,0.8461538461538461
S1_D09_P1,S1_D09,1,3,4,20,GYGYBRGYRRRRR,GYGYBRGYRRRRR,1.0
S1_D09_P1,S1_D09,1,3,5,21,GYRBGYRGYYYYY,GYRBGYRYYYYYY,0.9230769230769232
S1_D09_P1,S1_D09,1,3,6,22,GYGYBRGYGRRRR,GYGYBRGYGRRRR,1.0
S1_D09_P1,S1_D09,1,3,7,23,GYRBGYRYYYYYY,GYRBGYRGYYYYY,0.9230769230769232
S1_D09_P1,S1_D09,1,3,8,24,GYGYBRGYGRRRR,GYGYBRGYGRRRR,1.0
S1_D09_P1,S1_D09,1,4,1,25,YBGRRGRBBGYRR,YBGRRGYBGYRRR,0.7692307692307692
S1_D09_P1,S1_D09,1,4,2,26,BGYYBGGGBBGYY,BGBYBGBGYBBYY,0.6923076923076923
S1_D09_P1,S1_D09,1,4,3,27,YBGRRGYBYGRRR,YBGRRGYBYGGRR,0.9230769230769232
S1_D09_P1,S1_D09,1,4,4,28,BGBYBGBGYGYYY,BGBYBGBGYBYYY,0.9230769230769232
S1_D09_P1,S1_D09,1,4,5,29,YBGRRGYBYGGRR,YBGRRGYBGBYGR,0.6923076923076923
S1_D09_P1,S1_D09,1,4,6,30,BGBYBGBGYYYYY,BGBYBGRYYYYYY,0.8461538461538461
S1_D09_P1,S1_D09,1,4,7,31,YBGRRYYBGBRRR,YBYRGYYBGYRRR,0.7692307692307692
S1_D09_P1,S1_D09,1,4,8,32,BGBYBGRYYYYYY,BGBYBGRYYYYYY,1.0
S1_D09_P1,S1_D09,1,5,1,33,YGGBBBBGRRYBY,YGBBBGRYBGRBR,0.4615384615384615
S1_D09_P1,S1_D09,1,5,2,34,RYRBYYYYYYYYY,RYRBYYYYYYYYY,1.0
S1_D09_P1,S1_D09,1,5,3,35,YGBBBGRYBRRRR,YGBBBGRYGBRRR,0.8461538461538461
S1_D09_P1,S1_D09,1,5,4,36,RYRBYYYYYYYYY,RYRBYYYYYYYYY,1.0
S1_D09_P1,S1_D09,1,5,5,37,YGBBBGRYRRRRR,YGBBBGRYRRRRR,1.0
S1_D09_P1,S1_D09,1,5,6,38,RYRBYYYYYYYYY,RYRBYYYYYYYYY,1.0
S1_D09_P1,S1_D09,1,5,7,39,YGBBBGRYRRRRR,YGBBBGRYRRRRR,1.0
S1_D09_P1,S1_D09,1,5,8,40,RYRBYYYYYYYYY,RYRBYYYYYYYYY,1.0
S1_D09_P1,S1_D09,1,6,1,41,RBGBRBGBRBRRG,RBGBRBGYRGBBB,0.6153846153846154
S1_D09_P1,S1_D09,1,6,2,42,GGBBGGGGGGGGG,GGBBGGGGGGGGG,1.0
S1_D09_P1,S1_D09,1,6,3,43,RBGBRBGYGRBBB,RBGBRBGYYGRBB,0.8461538461538461
S1_D09_P1,S1_D09,1,6,4,44,GGBBGGGGGGGGG,GGBBGGGGGGGGG,1.0
S1_D09_P1,S1_D09,1,6,5,45,RBGBRYYYGRBBB,RBGBRYYYGBRBB,0.8461538461538461
S1_D09_P1,S1_D09,1,6,6,46,GGBBGGGGGGGGG,GGBBGGGGGGGGG,1.0
S1_D09_P1,S1_D09,1,6,7,47,RBGBRYGRGBBBB,RBGBRYGGRBBBB,0.8461538461538461
S1_D09_P1,S1_D09,1,6,8,48,GGBBGGGGGGGGG,GGBBGGGGGGGGG,1.0
S1_D09_P1,S1_D09,1,7,1,49,RGGRGGGBBYRGY,RBGRGGBBRYGBR,0.5384615384615384
S1_D09_P1,S1_D09,1,7,2,50,RBYGRRGGYYYYY,RBYGRRGGYYYYY,1.0
S1_D09_P1,S1_D09,1,7,3,51,RBGRGGBBRGYGG,RBGRGGBBRGYGR,0.9230769230769232
S1_D09_P1,S1_D09,1,7,4,52,RBYGRRGYYYYYY,RBGRGBYYYYYYY,0.6923076923076923
S1_D09_P1,S1_D09,1,7,5,53,RBGRGGBBBBYGR,RBGRGGBBYGRRR,0.6923076923076923
S1_D09_P1,S1_D09,1,7,6,54,RBGRGBYYYYYYY,RBGRGBYYYYYYY,1.0
S1_D09_P1,S1_D09,1,7,7,55,RBGRGGBBYGRRR,RBGRGGBBGYRRR,0.8461538461538461
S1_D09_P1,S1_D09,1,7,8,56,RBGRGBYYYYYYY,RBGRGBYYYYYYY,1.0
S1_D09_P1,S1_D09,1,8,1,57,BYRBYGYGBBBBG,BYRBYBRGBBBBB,0.7692307692307692
S1_D09_P1,S1_D09,1,8,2,58,RGBYYGGGGGGGG,RGBYGGGGGGGGG,0.9230769230769232
S1_D09_P1,S1_D09,1,8,3,59,BYRBYBBBBBBBB,BYRBYBBBBBBBB,1.0
S1_D09_P1,S1_D09,1,8,4,60,RGBYGGGGGGGGG,RGBYGGGGGGGGG,1.0
S1_D09_P1,S1_D09,1,8,5,61,BYRBYBBBBBBBB,BYRBYBBBBBBBB,1.0
S1_D09_P1,S1_D09,1,8,6,62,RGBYGGGGGGGGG,RGBYGGGGGGGGG,1.0
S1_D09_P1,S1_D09,1,8,7,63,BYRBYBBBBBBBB,BYRBYBBBBBBBB,1.0
S1_D09_P1,S1_D09,1,8,8,64,RGBYGGGGGGGGG,RGBYGGGGGGGGG,1.0
S1_D09_P1,S1_D09,1,9,1,65,RYBYRYGRBYBBR,RYBYRGYBYYRRR,0.6153846153846154
S1_D09_P1,S1_D09,1,9,2,66,RGRRGYRRYYYYY,RGRRGYRGYRGBB,0.6153846153846154
S1_D09_P1,S1_D09,1,9,3,67,RYBYBGYBYYRRR,RYBYBGYGYBRGB,0.6923076923076923
S1_D09_P1,S1_D09,1,9,4,68,RGRRGYRGYBBBB,RGRRGYRGYRBBB,0.9230769230769232
S1_D09_P1,S1_D09,1,9,5,69,RYBYBGYGBBBBB,RYBYBGYBGBBBB,0.8461538461538461
S1_D09_P1,S1_D09,1,9,6,70,RGRRGYRGBBBBB,RYRGGYRGBBBBB,0.8461538461538461
S1_D09_P1,S1_D09,1,9,7,71,RYBYBGYBBBBBB,RYBYBGYBBBBBB,1.0
S1_D09_P1,S1_D09,1,9,8,72,RYRGYRBBBBBBB,RYRGYRBBBBBBB,1.0
S1_D09_P1,S1_D09,1,10,1,73,GRGBGYGRRGYYR,GRGBGYGRGBYYY,0.7692307692307692
S1_D09_P1,S1_D09,1,10,2,74,BBYBBRYRRRRRR,BBYBBYRRRRRRR,0.8461538461538461
S1_D09_P1,S1_D09,1,10,3,75,GRGBGYGRYYYYY,GRGBGYGRYYYYY,1.0
S1_D09_P1,S1_D09,1,10,4,76,BBYBBYRRRRRRR,BBYBBYRRRRRRR,1.0
S1_D09_P1,S1_D09,1,10,5,77,GRGBGYGRYYYYY,GRGBGYGRYYYYY,1.0
S1_D09_P1,S1_D09,1,10,6,78,BBYBBYRRRRRRR,BBYBBYRRRRRRR,1.0
S1_D09_P1,S1_D09,1,10,7,79,GRGBGYYYYYYYY,GRGBGYYYYYYYY,1.0
S1_D09_P1,S1_D09,1,10,8,80,BBYBBYRRRRRRR,BBYBBYRRRRRRR,1.0
S1_D09_P1,S1_D09,1,11,1,81,RBRRGYBBGRRRB,RBRRYGRGRRRBR,0.6923076923076923
S1_D09_P1,S1_D09,1,11,2,82,YYGRBYYYYYYYY,YYGRBYYYYYYYY,1.0
S1_D09_P1,S1_D09,1,11,3,83,RBRRYGRGRRRRR,RBRRYGRGYRBBR,0.7692307692307692
S1_D09_P1,S1_D09,1,11,4,84,YYGRBYYYYYYYY,YYGRBYYYYYYYY,1.0
S1_D09_P1,S1_D09,1,11,5,85,RBRRYGRGBBBBB,RBRRYGRBBBBBB,0.9230769230769232
S1_D09_P1,S1_D09,1,11,6,86,YYGRBYYYYYYYY,YYGRBYYYYYYYY,1.0
S1_D09_P1,S1_D09,1,11,7,87,RBRRYGRBBBBBB,RBRRYGRBBBBBB,1.0
S1_D09_P1,S1_D09,1,11,8,88,YYGRBYYYYYYYY,YYGRBYYYYYYYY,1.0
S1_D09_P1,S1_D09,1,12,1,89,GYBRGYYBGGGYR,GYBRGYYBRYGBY,0.6923076923076923
S1_D09_P1,S1_D09,1,12,2,90,YRBYGBYRRRRRR,YRBYGBYRRRRRR,1.0
S1_D09_P1,S1_D09,1,12,3,91,GYBRGYYBRYYYY,GYBRGYYBRYYYY,1.0
S1_D09_P1,S1_D09,1,12,4,92,YRBYGBYRRRRRR,YRBYGBYRRRRRR,1.0
S1_D09_P1,S1_D09,1,12,5,93,GRBYGYYYYYYYY,GRBYGYYYYYYYY,1.0
S1_D09_P1,S1_D09,1,12,6,94,YRBYGBYRRRRRR,YRBYGBYRRRRRR,1.0
S1_D09_P1,S1_D09,1,12,7,95,GRBYGYYYYYYYY,GRBYGYYYYYYYY,1.0
S1_D09_P1,S1_D09,1,12,8,96,YRBYGBYRRRRRR,YRBYGBYRRRRRR,1.0
S1_D09_P1,S1_D09,1,13,1,97,BGBBGRBYRRYBY,BGBBGRBGRYYYY,0.7692307692307692
S1_D09_P1,S1_D09,1,13,2,98,YBBGYRRGGGGGG,YGBBGRYRGGGGG,0.6923076923076923
S1_D09_P1,S1_D09,1,13,3,99,BGBBGRBGRYYYY,BGBBGRBGRYYYY,1.0
S1_D09_P1,S1_D09,1,13,4,100,YGBBGRYRGGGGG,YGBBGRYGRRRRR,0.5384615384615384
S1_D09_P1,S1_D09,1,13,5,101,BGBBGRBGRYYYY,BGBBGRBGRYYYY,1.0
S1_D09_P1,S1_D09,1,13,6,102,YGBBGRYGRRRRR,YGBBGRYGRRRRR,1.0
S1_D09_P1,S1_D09,1,13,7,103,BGBBGRGRYYYYY,BGBBGRGRYYYYY,1.0
S1_D09_P1,S1_D09,1,13,8,104,YGBBGRYGRRRRR,YGBBGRYGRRRRR,1.0
S1_D09_P1,S1_D09,1,14,1,105,YYYYBGBRYYBYY,YYYYBGBRGRYYY,0.7692307692307692
S1_D09_P1,S1_D09,1,14,2,106,YRRRBBGRYYYYY,YRRRBGRBYYYYY,0.8461538461538461
S1_D09_P1,S1_D09,1,14,3,107,YYYYBGBRGYYYY,YYYBGBRGYYYYY,0.8461538461538461
S1_D09_P1,S1_D09,1,14,4,108,YRRRBGRBYYYYY,YRRRBGRBYYYYY,1.0
S1_D09_P1,S1_D09,1,14,5,109,YYYBGBRGYYYYY,YYYBGBRGYYYYY,1.0
S1_D09_P1,S1_D09,1,14,6,110,YRRRBGRBYYYYY,RRRBGRBYYYYYY,0.8461538461538461
S1_D09_P1,S1_D09,1,14,7,111,YYYBGBRGYYYYY,YYYBGBRGYYYYY,1.0
S1_D09_P1,S1_D09,1,14,8,112,GRBGRBYYYYYYY,GRBGRBYYYYYYY,1.0
S1_D09_P1,S1_D09,1,15,1,113,BRYYBYGBYRYRB,BRYYBYGBRYBGR,0.6923076923076923
S1_D09_P1,S1_D09,1,15,2,114,BBGYBBYBBBBBB,BBGBYBYBBBBBB,0.8461538461538461
S1_D09_P1,S1_D09,1,15,3,115,BRYYBRYRRRRRR,BRYYBRYRRRRRR,1.0
S1_D09_P1,S1_D09,1,15,4,116,BBGBBYBBBBBBB,BBGGBYBBBBBBB,0.9230769230769232
S1_D09_P1,S1_D09,1,15,5,117,BRYYBRYBBRRRR,YYBRYYRRBBBBB,0.3846153846153846
S1_D09_P1,S1_D09,1,15,6,118,BBGYBBBBBBBBB,BBGBYBBBBBBBB,0.8461538461538461
S1_D09_P1,S1_D09,1,15,7,119,YYBRYYRRBBBBB,YYBRYYRRBBBBB,1.0
S1_D09_P1,S1_D09,1,15,8,120,BBGBBBBBBBBBB,BBGBBBBBBBBBB,1.0
S1_D09_P2,S1_D09,2,1,1,1,BBRGRBYYRYRGY,BBRGRYRRBGRBY,0.6153846153846154
S1_D09_P2,S1_D09,2,1,2,2,YYGBRGYRGBGGR,YYGBRGYRRRRGB,0.6923076923076923
S1_D09_P2,S1_D09,2,1,3,3,BBGRYRGBRGYBY,BBGRYRGRBGRYY,0.6923076923076923
S1_D09_P2,S1_D09,2,1,4,4,YYGBRGYGRYYGB,YYGBRGYGGYYYY,0.7692307692307692
S1_D09_P2,S1_D09,2,1,5,5,BBGYRRGYBBRGY,BBGYRRGYBGRRB,0.7692307692307692
S1_D09_P2,S1_D09,2,1,6,6,YYGBRGYBRGGRY,YYGBRGRBGGGGG,0.6923076923076923
S1_D09_P2,S1_D09,2,1,7,7,BBGYRGRYGRGRB,BBGYRGRYGRYRB,0.9230769230769232
S1_D09_P2,S1_D09,2,1,8,8,YYGBRYBRBGGGG,YYGBRYBRBYGGG,0.9230769230769232
S1_D09_P2,S1_D09,2,2,1,9,RGRBRBRBGRYYB,RGRGBRBRGRYYY,0.7692307692307692
S1_D09_P2,S1_D09,2,2,2,10,RYYRYGRGBRGYY,RYYRGBRGBYYYY,0.6923076923076923
S1_D09_P2,S1_D09,2,2,3,11,RGRGBRBRGRYYY,RGRGBRBRYYYYY,0.8461538461538461
S1_D09_P2,S1_D09,2,2,4,12,RYYRGBRGYBRYY,RYYRGBRGBRYYY,0.8461538461538461
S1_D09_P2,S1_D09,2,2,5,13,RGRGBRBRYYYYY,RGRGBRBRYYYYY,1.0
S1_D09_P2,S1_D09,2,2,6,14,RYYRGBGRBYYYY,RYYRGBGRBYYYY,1.0
S1_D09_P2,S1_D09,2,2,7,15,RGRGBRBRYYYYY,RGRGBRBRYYYYY,1.0
S1_D09_P2,S1_D09,2,2,8,16,RYYRGBGRYYYYY,RYYRGBGRYYYYY,1.0
S1_D09_P2,S1_D09,2,3,1,17,GYBYRYGGYGBRB,GYBYRYGGYRRRR,0.7692307692307692
S1_D09_P2,S1_D09,2,3,2,18,GGRBGYRGGRYYY,GYRBGGRGYYYYY,0.6923076923076923
S1_D09_P2,S1_D09,2,3,3,19,GYGYBRGYRRRRR,GYGYBRGYRRRRR,1.0
S1_D09_P2,S1_D09,2,3,4,20,GYRBGYRGRYYYY,GYRBGYRGYYYYY,0.9230769230769232
S1_D09_P2,S1_D09,2,3,5,21,GYGYBRGYRRRRR,GYGYBRGYGRRRR,0.9230769230769232
S1_D09_P2,S1_D09,2,3,6,22,GYRBGYRYYYYYY,GYRBGYRYYYYYY,1.0
S1_D09_P2,S1_D09,2,3,7,23,GYGYBRGYGRRRR,GYGYBRGYGRRRR,1.0
S1_D09_P2,S1_D09,2,3,8,24,GYRBGYRGYYYYY,GYRBGYRGYYYYY,1.0
S1_D09_P2,S1_D09,2,4,1,25,BYGYBGGGBBYGB,BGYYBGGGBBGYY,0.6153846153846154
S1_D09_P2,S1_D09,2,4,2,26,YBGRRGYBGYRRR,YBGRRGYBYGRRR,0.8461538461538461
S1_D09_P2,S1_D09,2,4,3,27,BGBYBGBGYBBYY,BGBYBGBGYGYYY,0.8461538461538461
S1_D09_P2,S1_D09,2,4,4,28,YBGRRGYBYGGRR,YBGRRGYBYGGRR,1.0
S1_D09_P2,S1_D09,2,4,5,29,BGBYBGBGYBYYY,BGBYBGBGYYYYY,0.9230769230769232
S1_D09_P2,S1_D09,2,4,6,30,YBGRRGYBGBYGR,YBGRRYYBGBRRR,0.7692307692307692
S1_D09_P2,S1_D09,2,4,7,31,BGBYBGRYYYYYY,BGBYBGRYYYYYY,1.0
S1_D09_P2,S1_D09,2,4,8,32,YBYRGYYBGYRRR,YBYRGGYBRRRRR,0.7692307692307692
S1_D09_P2,S1_D09,2,5,1,33,RYRBYYYGGYRGR,RYRBYYYYYYYYY,0.6153846153846154
S1_D09_P2,S1_D09,2,5,2,34,YGBBBGRYBGRBR,YGBBBGRYBRRRR,0.8461538461538461
S1_D09_P2,S1_D09,2,5,3,35,RYRBYYYYYYYYY,RYRBYYYYYYYYY,1.0
S1_D09_P2,S1_D09,2,5,4,36,YGBBBGRYGBRRR,YGBBBGRYRRRRR,0.8461538461538461
S1_D09_P2,S1_D09,2,5,5,37,RYRBYYYYYYYYY,RYRBYYYYYYYYY,1.0
S1_D09_P2,S1_D09,2,5,6,38,YGBBBGRYRRRRR,YGBBBGRYRRRRR,1.0
S1_D09_P2,S1_D09,2,5,7,39,RYRBYYYYYYYYY,RYRBYYYYYYYYY,1.0
S1_D09_P2,S1_D09,2,5,8,40,YGBBBGRYRRRRR,YGBBBGRYRRRRR,1.0
S1_D09_P2,S1_D09,2,6,1,41,GGGBGGGBBRGBB,GGBBGGGGGGGGG,0.5384615384615384
S1_D09_P2,S1_D09,2,6,2,42,RBGBRBGYRGBBB,RBGBRBGYGRBBB,0.8461538461538461
S1_D09_P2,S1_D09,2,6,3,43,GGBBGGGGGGGGG,GGBBGGGGGGGGG,1.0
S1_D09_P2,S1_D09,2,6,4,44,RBGBRBGYYGRBB,RBGBRYYYGRBBB,0.7692307692307692
S1_D09_P2,S1_D09,2,6,5,45,GGBBGGGGGGGGG,GGBBGGGGGGGGG,1.0
S1_D09_P2,S1_D09,2,6,6,46,RBGBRYYYGBRBB,RBGBRYGRGBBBB,0.7692307692307692
S1_D09_P2,S1_D09,2,6,7,47,GGBBGGGGGGGGG,GGBBGGGGGGGGG,1.0
S1_D09_P2,S1_D09,2,6,8,48,RBGBRYGGRBBBB,RBGBRYGRGBBBB,0.8461538461538461
S1_D09_P2,S1_D09,2,7,1,49,RBYGRRGGYRBBG,RBYGRRGGYYYYY,0.6923076923076923
S1_D09_P2,S1_D09,2,7,2,50,RBGRGGBBRYGBR,RBGRGGBBRGYGG,0.7692307692307692
S1_D09_P2,S1_D09,2,7,3,51,RBYGRRGGYYYYY,RBYGRRGYYYYYY,0.9230769230769232
S1_D09_P2,S1_D09,2,7,4,52,RBGRGGBBRGYGR,RBGRGGBBBBYGR,0.8461538461538461
S1_D09_P2,S1_D09,2,7,5,53,RBGRGBYYYYYYY,RBGRGBYYYYYYY,1.0
S1_D09_P2,S1_D09,2,7,6,54,RBGRGGBBYGRRR,RBGRGGBBYGRRR,1.0
S1_D09_P2,S1_D09,2,7,7,55,RBGRGBYYYYYYY,RBGRGBYYYYYYY,1.0
S1_D09_P2,S1_D09,2,7,8,56,RBGRGGBBGYRRR,RBGRGGBBGYGRR,0.9230769230769232
S1_D09_P2,S1_D09,2,8,1,57,RGBYYGGGRBGGG,RGBYYGGGGGGGG,0.8461538461538461
S1_D09_P2,S1_D09,2,8,2,58,BYRBYBRGBBBBB,BYRBYBBBBBBBB,0.8461538461538461
S1_D09_P2,S1_D09,2,8,3,59,RGBYGGGGGGGGG,RGBYGGGGGGGGG,1.0
S1_D09_P2,S1_D09,2,8,4,60,BYRBYBBBBBBBB,BYRBYBBBBBBBB,1.0
S1_D09_P2,S1_D09,2,8,5,61,RGBYGGGGGGGGG,RGBYGGGGGGGGG,1.0
S1_D09_P2,S1_D09,2,8,6,62,BYRBYBBBBBBBB,BYRBYBBBBBBBB,1.0
S1_D09_P2,S1_D09,2,8,7,63,RGBYGGGGGGGGG,RGBYGGGGGGGGG,1.0
S1_D09_P2,S1_D09,2,8,8,64,BYRBYBBBBBBBB,BYRBYBBBBBBBB,1.0
S1_D09_P2,S1_D09,2,9,1,65,RGRRGYRRBBYBY,RGRRGYRRYYYYY,0.7692307692307692
S1_D09_P2,S1_D09,2,9,2,66,RYBYRGYBYYRRR,RYBYBGYBYYRRR,0.9230769230769232
S1_D09_P2,S1_D09,2,9,3,67,RGRRGYRGYRGBB,RGRRGYRGYBBBB,0.8461538461538461
S1_D09_P2,S1_D09,2,9,4,68,RYBYBGYGYBRGB,RYBYBGYGBBBBB,0.7692307692307692
S1_D09_P2,S1_D09,2,9,5,69,RGRRGYRGYRBBB,RGRRGYRGBBBBB,0.8461538461538461
S1_D09_P2,S1_D09,2,9,6,70,RYBYBGYBGBBBB,RYBYBGYBBBBBB,0.9230769230769232
S1_D09_P2,S1_D09,2,9,7,71,RYRGGYRGBBBBB,RYRGYRBBBBBBB,0.7692307692307692
S1_D09_P2,S1_D09,2,9,8,72,RYBYBGYBBBBBB,RYBYBGYBBBBBB,1.0
S1_D09_P2,S1_D09,2,10,1,73,BBYBBRYGBGRGB,BBYBBRYRRRRRR,0.6153846153846154
S1_D09_P2,S1_D09,2,10,2,74,GRGBGYGRGBYYY,GRGBGYGRYYYYY,0.8461538461538461
S1_D09_P2,S1_D09,2,10,3,75,BBYBBYRRRRRRR,BBYBBYRRRRRRR,1.0
S1_D09_P2,S1_D09,2,10,4,76,GRGBGYGRYYYYY,GRGBGYGRYYYYY,1.0
S1_D09_P2,S1_D09,2,10,5,77,BBYBBYRRRRRRR,BBYBBYRRRRRRR,1.0
S1_D09_P2,S1_D09,2,10,6,78,GRGBGYGRYYYYY,GRGBGYYYYYYYY,0.8461538461538461
S1_D09_P2,S1_D09,2,10,7,79,BBYBBYRRRRRRR,BBYBBYRRRRRRR,1.0
S1_D09_P2,S1_D09,2,10,8,80,GRGBGYYYYYYYY,GRGBGYYYYYYYY,1.0
S1_D09_P2,S1_D09,2,11,1,81,YYGYRBYBBYGYG,YYGRBYYYYYYYY,0.5384615384615384
S1_D09_P2,S1_D09,2,11,2,82,RBRRYGRGRRRBR,RBRRYGRGRRRRR,0.9230769230769232
S1_D09_P2,S1_D09,2,11,3,83,YYGRBYYYYYYYY,YYGRBYYYYYYYY,1.0
S1_D09_P2,S1_D09,2,11,4,84,RBRRYGRGYRBBR,RBRRYGRGBBBBB,0.7692307692307692
S1_D09_P2,S1_D09,2,11,5,85,YYGRBYYYYYYYY,YYGRBYYYYYYYY,1.0
S1_D09_P2,S1_D09,2,11,6,86,RBRRYGRBBBBBB,RBRRYGRBBBBBB,1.0
S1_D09_P2,S1_D09,2,11,7,87,YYGRBYYYYYYYY,YYGRBYYYYYYYY,1.0
S1_D09_P2,S1_D09,2,11,8,88,RBRRYGRBBBBBB,RBRRYGBBBBBBB,0.9230769230769232
S1_D09_P2,S1_D09,2,12,1,89,YRBYGBYRRRYRB,YRBYGBYRRRRRR,0.8461538461538461
S1_D09_P2,S1_D09,2,12,2,90,GYBRGYYBRYGBY,GYBRGYYBRYYYY,0.8461538461538461
S1_D09_P2,S1_D09,2,12,3,91,YRBYGBYRRRRRR,YRBYGBYRRRRRR,1.0
S1_D09_P2,S1_D09,2,12,4,92,GYBRGYYBRYYYY,GRBYGYYYYYYYY,0.6923076923076923
S1_D09_P2,S1_D09,2,12,5,93,YRBYGBYRRRRRR,YRBYGBYRRRRRR,1.0
S1_D09_P2,S1_D09,2,12,6,94,GRBYGYYYYYYYY,GRBYGYYYYYYYY,1.0
S1_D09_P2,S1_D09,2,12,7,95,YRBYGBYRRRRRR,YRBYGBYRRRRRR,1.0
S1_D09_P2,S1_D09,2,12,8,96,GRBYGYYYYYYYY,GRBYGYYYYYYYY,1.0
S1_D09_P2,S1_D09,2,13,1,97,YBBGYRRGYGBRG,YBBGYRRGGGGGG,0.7692307692307692
S1_D09_P2,S1_D09,2,13,2,98,BGBBGRBGRYYYY,BGBBGRBGRYYYY,1.0
S1_D09_P2,S1_D09,2,13,3,99,YGBBGRYRGGGGG,YGBBGRYRGGGGG,1.0
S1_D09_P2,S1_D09,2,13,4,100,BGBBGRBGRYYYY,BGBBGRBGRYYYY,1.0
S1_D09_P2,S1_D09,2,13,5,101,YGBBGRYGRRRRR,YGBBGRYGRRRRR,1.0
S1_D09_P2,S1_D09,2,13,6,102,BGBBGRBGRYYYY,BGBBGRGRYYYYY,0.8461538461538461
S1_D09_P2,S1_D09,2,13,7,103,YGBBGRYGRRRRR,YGBBGRYGRRRRR,1.0
S1_D09_P2,S1_D09,2,13,8,104,BGBBGRGRYYYYY,BGBYGRGRYYYYY,0.9230769230769232
S1_D09_P2,S1_D09,2,14,1,105,YRRRBGBRBYYRY,YRRRBBGRYYYYY,0.6923076923076923
S1_D09_P2,S1_D09,2,14,2,106,YYYYBGBRGRYYY,YYYYBGBRGYYYY,0.9230769230769232
S1_D09_P2,S1_D09,2,14,3,107,YRRRBGRBYYYYY,YRRRBGRBYYYYY,1.0
S1_D09_P2,S1_D09,2,14,4,108,YYYBGBRGYYYYY,YYYBGBRGYYYYY,1.0
S1_D09_P2,S1_D09,2,14,5,109,YRRRBGRBYYYYY,YRRRBGRBYYYYY,1.0
S1_D09_P2,S1_D09,2,14,6,110,YYYBGBRGYYYYY,YYYBGBRGYYYYY,1.0
S1_D09_P2,S1_D09,2,14,7,111,RRRBGRBYYYYYY,GRBGRBYYYYYYY,0.7692307692307692
S1_D09_P2,S1_D09,2,14,8,112,YYYBGBRGYYYYY,YYYBGBRGYYYYY,1.0
S1_D09_P2,S1_D09,2,15,1,113,BBGYGGBGBYBBB,BBGYBBYBBBBBB,0.6153846153846154
S1_D09_P2,S1_D09,2,15,2,114,BRYYBYGBRYBGR,BRYYBRYRRRRRR,0.5384615384615384
S1_D09_P2,S1_D09,2,15,3,115,BBGBYBYBBBBBB,BBGBBYBBBBBBB,0.8461538461538461
S1_D09_P2,S1_D09,2,15,4,116,BRYYBRYRRRRRR,BRYYBRYBBRRRR,0.8461538461538461
S1_D09_P2,S1_D09,2,15,5,117,BBGGBYBBBBBBB,BBGYBBBBBBBBB,0.8461538461538461
S1_D09_P2,S1_D09,2,15,6,118,YYBRYYRRBBBBB,YYBRYYRRBBBBB,1.0
S1_D09_P2,S1_D09,2,15,7,119,BBGBYBBBBBBBB,BBGBBBBBBBBBB,0.9230769230769232
S1_D09_P2,S1_D09,2,15,8,120,YYBRYYRRBBBBB,YYBRYYBBBBBBB,0.8461538461538461
S1_D10_P1,S1_D10,1,1,1,1,GRBBGYYYYGYYG,GRBYGYGYYYYGY,0.6923076923076923
S1_D10_P1,S1_D10,1,1,2,2,RRGYGRRBBRGRR,RGYGRBBBBRGYG,0.6153846153846154
S1_D10_P1,S1_D10,1,1,3,3,GRBYGYRYYYYYY,GRBBYRYYYYYYY,0.7692307692307692
S1_D10_P1,S1_D10,1,1,4,4,RGYBYGRBBBBBB,RGYBBGRBBBBBB,0.9230769230769232
S1_D10_P1,S1_D10,1,1,5,5,GRBBYYYYYYYYY,GRBBYYYYYYYYY,1.0
S1_D10_P1,S1_D10,1,1,6,6,RGYBGYRRBBBBB,RGYBGYGRBBBBB,0.9230769230769232
S1_D10_P1,S1_D10,1,1,7,7,GRBBYYYYYYYYY,GRBYYYYYYYYYY,0.9230769230769232
S1_D10_P1,S1_D10,1,1,8,8,RGYBGGBBBBBBB,RGYBGBBBBBBBB,0.9230769230769232
S1_D10_P1,S1_D10,1,2,1,9,GRGBYBYGRGRGY,GRGBYBYBGRGRY,0.8461538461538461
S1_D10_P1,S1_D10,1,2,2,10,BGGBRBYRBBBBB,BGBRYBRBRGBGB,0.5384615384615384
S1_D10_P1,S1_D10,1,2,3,11,GRGRBYBYBYGRG,GRGRBYBYBYBYG,0.8461538461538461
S1_D10_P1,S1_D10,1,2,4,12,BGBRBBBGBBBGB,BRGBGBGBGBRBB,0.6153846153846154
S1_D10_P1,S1_D10,1,2,5,13,GRGRBYBYBYBYB,GRGRBYBYBYBYB,1.0
S1_D10_P1,S1_D10,1,2,6,14,BRGBGBRBBBBBB,BRGRBBBBBBBBB,0.7692307692307692
S1_D10_P1,S1_D10,1,2,7,15,GRGRBYBYBYBYB,GRGRBYBYBYBYB,1.0
S1_D10_P1,S1_D10,1,2,8,16,BRGRBBBBBBBBB,BRGBRBBBBBBBB,0.8461538461538461
S1_D10_P1,S1_D10,1,3,1,17,BGBBGGRRBYRYB,BGRBBGGRYBYRY,0.7692307692307692
S1_D10_P1,S1_D10,1,3,2,18,YBBYBRGBRRRRR,YBGYBYRRRRRRR,0.6923076923076923
S1_D10_P1,S1_D10,1,3,3,19,BGRBBGYRBBBBB,BGRBYRBBBBBBB,0.6923076923076923
S1_D10_P1,S1_D10,1,3,4,20,YBGYBYRRRRRRR,YBGYBYRRRRRRR,1.0
S1_D10_P1,S1_D10,1,3,5,21,BGRYRBBBBBBBB,BGRYRBBBBBBBB,1.0
S1_D10_P1,S1_D10,1,3,6,22,YBGYBRRRRRRRR,YBGYBRRRRRRRR,1.0
S1_D10_P1,S1_D10,1,3,7,23,BGYRBBBBBBBBB,BGYRBBBBBBBBB,1.0
S1_D10_P1,S1_D10,1,3,8,24,YBGYBRRRRRRRR,YBGYBRRRRRRRR,1.0
S1_D10_P1,S1_D10,1,4,1,25,BRYBRYGGRYBGB,BRYBBGRBRBBBB,0.5384615384615384
S1_D10_P1,S1_D10,1,4,2,26,BGYRBYGGRRRRR,BYGBYGGRRRRRR,0.7692307692307692
S1_D10_P1,S1_D10,1,4,3,27,BRYBGRYBBBBBB,BBRGBRYGRBBBB,0.6153846153846154
S1_D10_P1,S1_D10,1,4,4,28,BYGBYGGRRRRRR,BYGBGGRRRRRRR,0.8461538461538461
S1_D10_P1,S1_D10,1,4,5,29,BBRGBBBBBBBBB,BBRRGBBBBBBBB,0.8461538461538461
S1_D10_P1,S1_D10,1,4,6,30,BYGBGRRRRRRRR,BYGBGRRRRRRRR,1.0
S1_D10_P1,S1_D10,1,4,7,31,BBRBGBBBBBBBB,BBRRGBBBBBBBB,0.9230769230769232
S1_D10_P1,S1_D10,1,4,8,32,BYGBGRRRRRRRR,BYGBGRRRRRRRR,1.0
S1_D10_P1,S1_D10,1,5,1,33,BGYGYBRYYBYRR,BYGBYRBYBRBYR,0.4615384615384615
S1_D10_P1,S1_D10,1,5,2,34,YYRBGBBBRRBBB,YYBBRGRBBBBBB,0.6153846153846154
S1_D10_P1,S1_D10,1,5,3,35,BYGBRBYBYBYRB,BYGBYRBBBBBBB,0.6153846153846154
S1_D10_P1,S1_D10,1,5,4,36,YYBRBBBBBBBBB,YYBBRBBBBBBBB,0.8461538461538461
S1_D10_P1,S1_D10,1,5,5,37,BYGBYRBBBBBBB,BYGBRBBBBBBBB,0.8461538461538461
S1_D10_P1,S1_D10,1,5,6,38,YYBBRBBBBBBBB,YYBBRBBBBBBBB,1.0
S1_D10_P1,S1_D10,1,5,7,39,BYGBRBBBBBBBB,BYGBRBBBBBBBB,1.0
S1_D10_P1,S1_D10,1,5,8,40,YYBBRBBBBBBBB,YYBBRBBBBBBBB,1.0
S1_D10_P1,S1_D10,1,6,1,41,GBRRYBYBYGRGR,GGRRBYGRGRGRB,0.6153846153846154
S1_D10_P1,S1_D10,1,6,2,42,GBRRYRRRRRRRR,GRBYRRRRRRRRR,0.7692307692307692
S1_D10_P1,S1_D10,1,6,3,43,GGRRBYGRGRGRG,GGRRBYGRGRGRG,1.0
S1_D10_P1,S1_D10,1,6,4,44,GRBYRRRRRRRRR,GRBYRRRRRRRRR,1.0
S1_D10_P1,S1_D10,1,6,5,45,GGRRBYGGGGGGG,GGRRBYGGGGGGG,1.0
S1_D10_P1,S1_D10,1,6,6,46,GRBYRRRRRRRRR,GRBYRRRRRRRRR,1.0
S1_D10_P1,S1_D10,1,6,7,47,GGRBYGGGGGGGG,GGRRBYGGGGGGG,0.8461538461538461
S1_D10_P1,S1_D10,1,6,8,48,GRBYRRRRRRRRR,GRBYRRRRRRRRR,1.0
S1_D10_P1,S1_D10,1,7,1,49,YBBBYGRRRRRBR,YBBBYGRRRRBRB,0.8461538461538461
S1_D10_P1,S1_D10,1,7,2,50,YGBRYYYYYYYYY,YGBRYYYYYYYYY,1.0
S1_D10_P1,S1_D10,1,7,3,51,YBBYRRRRRRRRR,YBBBYRRRRRRRR,0.8461538461538461
S1_D10_P1,S1_D10,1,7,4,52,YGBRYYYYYYYYY,YGBRYYYYYYYYY,1.0
S1_D10_P1,S1_D10,1,7,5,53,YBBBYRRRRRRRR,YBBBYRRRRRRRR,1.0
S1_D10_P1,S1_D10,1,7,6,54,YGBRYYYYYYYYY,YGBRYYYYYYYYY,1.0
S1_D10_P1,S1_D10,1,7,7,55,YBBBYRRRRRRRR,YBBBYRRRRRRRR,1.0
S1_D10_P1,S1_D10,1,7,8,56,YGBRYYYYYYYYY,YGBRYYYYYYYYY,1.0
S1_D10_P1,S1_D10,1,8,1,57,RGRGRGGBBRYYR,RGRGRGBRYYYYY,0.6153846153846154
S1_D10_P1,S1_D10,1,8,2,58,BGGBRBGGGGGBB,BBBRRGRBBGGGG,0.3846153846153846
S1_D10_P1,S1_D10,1,8,3,59,RGRGBRYYYYYYY,RGRGBRYYYYYYY,1.0
S1_D10_P1,S1_D10,1,8,4,60,BBBRBGGBBBBBB,BBBRGRBBBBBBB,0.7692307692307692
S1_D10_P1,S1_D10,1,8,5,61,RGRGBRYYYYYYY,RGRGRGBRYYYYY,0.6923076923076923
S1_D10_P1,S1_D10,1,8,6,62,BBBRGBBBBBBBB,BBBRGBBBBBBBB,1.0
S1_D10_P1,S1_D10,1,8,7,63,RGRGBRYYYYYYY,RGRGBRYYYYYYY,1.0
S1_D10_P1,S1_D10,1,8,8,64,BBBRGBBBBBBBB,BBBRGBBBBBBBB,1.0
S1_D10_P1,S1_D10,1,9,1,65,BBBGBGGRGGBRG,BBBGRGRBRBRBG,0.6153846153846154
S1_D10_P1,S1_D10,1,9,2,66,RGYRGYRRRRRRR,RGYRYRRRRRRRR,0.8461538461538461
S1_D10_P1,S1_D10,1,9,3,67,BBBGRBBBBBBBB,BBBGRBBBBBBBB,1.0
S1_D10_P1,S1_D10,1,9,4,68,RGYRYRRRRRRRR,RGYRYRRRRRRRR,1.0
S1_D10_P1,S1_D10,1,9,5,69,BBBGRBBBBBBBB,BBBGRBBBBBBBB,1.0
S1_D10_P1,S1_D10,1,9,6,70,RGYRYRRRRRRRR,GYRYRRRRRRRRR,0.8461538461538461
S1_D10_P1,S1_D10,1,9,7,71,BBBGRBBBBBBBB,BBBGRBBBBBBBB,1.0
S1_D10_P1,S1_D10,1,9,8,72,GYRYRRRRRRRRR,GYRYRRRRRRRRR,1.0
S1_D10_P1,S1_D10,1,10,1,73,YGGGYGBGGBBRR,YGBGGGGGRBRBB,0.5384615384615384
S1_D10_P1,S1_D10,1,10,2,74,YRRBYRBGRRRRR,YRRBYGRRRRRRR,0.7692307692307692
S1_D10_P1,S1_D10,1,10,3,75,YGBYGGGGGGBBB,YGBYGBBBBBBBB,0.6153846153846154
S1_D10_P1,S1_D10,1,10,4,76,YRRBGRRRRRRRR,YRRBGRRRRRRRR,1.0
S1_D10_P1,S1_D10,1,10,5,77,YGBYGBBBBBBBB,YGBYGBBBBBBBB,1.0
S1_D10_P1,S1_D10,1,10,6,78,YRRBGRRRRRRRR,YRRBGRRRRRRRR,1.0
S1_D10_P1,S1_D10,1,10,7,79,YGBYGBBBBBBBB,YGBYGBBBBBBBB,1.0
S1_D10_P1,S1_D10,1,10,8,80,YRRBGRRRRRRRR,YRRBGRRRRRRRR,1.0
S1_D10_P1,S1_D10,1,11,1,81,YYGBRBYGRYRYB,YYGBRYGRRRRRB,0.6923076923076923
S1_D10_P1,S1_D10,1,11,2,82,GGGYBYRRRRBBG,GGGYBRYGBBBBB,0.5384615384615384
S1_D10_P1,S1_D10,1,11,3,83,YYGBYYGRRRRBB,YYGBYGRBBBBBB,0.6153846153846154
S1_D10_P1,S1_D10,1,11,4,84,GGGYBRGBBBBBB,GGGYBRGBBBBBB,1.0
S1_D10_P1,S1_D10,1,11,5,85,YYGBRYBBBBBBB,YYGBRYBBBBBBB,1.0
S1_D10_P1,S1_D10,1,11,6,86,GGGYRGBBBBBBB,GGGYRGBBBBBBB,1.0
S1_D10_P1,S1_D10,1,11,7,87,YYGBRYBBBBBBB,YYGBRYBBBBBBB,1.0
S1_D10_P1,S1_D10,1,11,8,88,GGGYRBBBBBBBB,GGGYRBBBBBBBB,1.0
S1_D10_P1,S1_D10,1,12,1,89,BYYGGGYBYGGBG,BYYGBYGGGGYBY,0.5384615384615384
S1_D10_P1,S1_D10,1,12,2,90,YYRGRBYYYYYYY,YYRGRBYYYYYYY,1.0
S1_D10_P1,S1_D10,1,12,3,91,BYYGBYGBBBBBB,BYYGBGBBBBBBB,0.8461538461538461
S1_D10_P1,S1_D10,1,12,4,92,YYRGBYYYYYYYY,YYRRGRBYYYYYY,0.6923076923076923
S1_D10_P1,S1_D10,1,12,5,93,BYYGBBBBBBBBB,BYYGBYYYYYYYY,0.3846153846153846
S1_D10_P1,S1_D10,1,12,6,94,YYRBYGYYYYYYY,YYRRBYGYYYYYY,0.8461538461538461
S1_D10_P1,S1_D10,1,12,7,95,BYYGBYYYYYYYY,YYBBYGBYYYYYY,0.6923076923076923
S1_D10_P1,S1_D10,1,12,8,96,YYRBGYYYYYYYY,YYRRBGYYYYYYY,0.8461538461538461
S1_D10_P1,S1_D10,1,13,1,97,YGGRYGGRBYBRG,YGGRBYGRBRBBB,0.6153846153846154
S1_D10_P1,S1_D10,1,13,2,98,RGBGGGGGGGGYB,RGBGGGGGYBBBB,0.6923076923076923
S1_D10_P1,S1_D10,1,13,3,99,YGGRBYRRRRBBB,GGRBYRRRRBBBB,0.8461538461538461
S1_D10_P1,S1_D10,1,13,4,100,RGBGGGGGGBBBB,GRRBGGGRBBBBB,0.6153846153846154
S1_D10_P1,S1_D10,1,13,5,101,GGRBRRRRRRBBB,GGGRBRBBBBBBB,0.5384615384615384
S1_D10_P1,S1_D10,1,13,6,102,GGRBGGGGBBBBB,GGRRBGGGBBBBB,0.8461538461538461
S1_D10_P1,S1_D10,1,13,7,103,GGGRBRBBBBBBB,GGGRBRBBBBBBB,1.0
S1_D10_P1,S1_D10,1,13,8,104,GGRBRGGGGGGBB,GGGRBRGRBBBBB,0.5384615384615384
S1_D10_P1,S1_D10,1,14,1,105,BGBRGRYBGBGGB,BBBGRBYRBBBBB,0.4615384615384615
S1_D10_P1,S1_D10,1,14,2,106,RRRYYRRRRRRGG,RRRYYRRRRRGGG,0.9230769230769232
S1_D10_P1,S1_D10,1,14,3,107,BBBGRBBBBBBBB,BBBBGRBBBBBBB,0.8461538461538461
S1_D10_P1,S1_D10,1,14,4,108,RRRYYRRRRGGGG,RRRRYYRRRGGGG,0.8461538461538461
S1_D10_P1,S1_D10,1,14,5,109,BBBBGRBBBBBBB,BBBBGRBBBBBBB,1.0
S1_D10_P1,S1_D10,1,14,6,110,RRRRYYRRGGGGG,RRRRYYRRGGGGG,1.0
S1_D10_P1,S1_D10,1,14,7,111,BBBBGRBBBBBBB,BBBBGRBBBBBBB,1.0
S1_D10_P1,S1_D10,1,14,8,112,RRRRYRRGGRRRR,RRRRYRGGRRRRR,0.8461538461538461
S1_D10_P1,S1_D10,1,15,1,113,GRGRYRGBGYGRG,GRGYGBRGRRRBR,0.4615384615384615
S1_D10_P1,S1_D10,1,15,2,114,YYYRBBGYYRRRR,YYYRBGYRRRRRR,0.7692307692307692
S1_D10_P1,S1_D10,1,15,3,115,GGGRGGYRRRRBB,GGGRYGRBBBBBB,0.5384615384615384
S1_D10_P1,S1_D10,1,15,4,116,YYYRBGYRRRRRR,YYYYRBYGRRRRR,0.7692307692307692
S1_D10_P1,S1_D10,1,15,5,117,GGGRYGBBBBBBB,GGGRYGBBBBBBB,1.0
S1_D10_P1,S1_D10,1,15,6,118,YYYYRBYGRRRRR,YYYRBGRRRRRRR,0.6923076923076923
S1_D10_P1,S1_D10,1,15,7,119,GGGRYGBBBBBBB,GGGGRYGBBBBBB,0.8461538461538461
S1_D10_P1,S1_D10,1,15,8,120,YYYRBGRRRRRRR,YYYRBGRRRRRRR,1.0
S1_D10_P2,S1_D10,2,1,1,1,RGRRYGYYYGBYB,RRGYGRRBBRGRR,0.2307692307692307
S1_D10_P2,S1_D10,2,1,2,2,GRBYGYGYYYYGY,GRBYGYRYYYYYY,0.8461538461538461
S1_D10_P2,S1_D10,2,1,3,3,RGYGRBBBBRGYG,RGYBYGRBBBBBB,0.5384615384615384
S1_D10_P2,S1_D10,2,1,4,4,GRBBYRYYYYYYY,GRBBYYYYYYYYY,0.9230769230769232
S1_D10_P2,S1_D10,2,1,5,5,RGYBBGRBBBBBB,RGYBGYRRBBBBB,0.7692307692307692
S1_D10_P2,S1_D10,2,1,6,6,GRBBYYYYYYYYY,GRBBYYYYYYYYY,1.0
S1_D10_P2,S1_D10,2,1,7,7,RGYBGYGRBBBBB,RGYBGGBBBBBBB,0.7692307692307692
S1_D10_P2,S1_D10,2,1,8,8,GRBYYYYYYYYYY,GRBYYYYYYYYYY,1.0
S1_D10_P2,S1_D10,2,2,1,9,BGGBRYRBRRBGY,BGGBRBYRBBBBB,0.6153846153846154
S1_D10_P2,S1_D10,2,2,2,10,GRGBYBYBGRGRY,GRGRBYBYBYGRG,0.6923076923076923
S1_D10_P2,S1_D10,2,2,3,11,BGBRYBRBRGBGB,BGBRBBBGBBBGB,0.6153846153846154
S1_D10_P2,S1_D10,2,2,4,12,GRGRBYBYBYBYG,GRGRBYBYBYBYB,0.9230769230769232
S1_D10_P2,S1_D10,2,2,5,13,BRGBGBGBGBRBB,BRGBGBRBBBBBB,0.7692307692307692
S1_D10_P2,S1_D10,2,2,6,14,GRGRBYBYBYBYB,GRGRBYBYBYBYB,1.0
S1_D10_P2,S1_D10,2,2,7,15,BRGRBBBBBBBBB,BRGRBBBBBBBBB,1.0
S1_D10_P2,S1_D10,2,2,8,16,GRGRBYBYBYBYB,GRGRBYBYBYBYB,1.0
S1_D10_P2,S1_D10,2,3,1,17,YBBYYBRRRGBGG,YBBYBRGBRRRRR,0.4615384615384615
S1_D10_P2,S1_D10,2,3,2,18,BGRBBGGRYBYRY,BGRBBGYRBBBBB,0.6153846153846154
S1_D10_P2,S1_D10,2,3,3,19,YBGYBYRRRRRRR,YBGYBYRRRRRRR,1.0
S1_D10_P2,S1_D10,2,3,4,20,BGRBYRBBBBBBB,BGRYRBBBBBBBB,0.8461538461538461
S1_D10_P2,S1_D10,2,3,5,21,YBGYBYRRRRRRR,YBGYBRRRRRRRR,0.9230769230769232
S1_D10_P2,S1_D10,2,3,6,22,BGRYRBBBBBBBB,BGYRBBBBBBBBB,0.8461538461538461
S1_D10_P2,S1_D10,2,3,7,23,YBGYBRRRRRRRR,YBGYBRRRRRRRR,1.0
S1_D10_P2,S1_D10,2,3,8,24,BGYRBBBBBBBBB,BGYRBBBBBBBBB,1.0
S1_D10_P2,S1_D10,2,4,1,25,BGYBRYYYGGRBG,BGYRBYGGRRRRR,0.4615384615384615
S1_D10_P2,S1_D10,2,4,2,26,BRYBBGRBRBBBB,BRYBGRYBBBBBB,0.7692307692307692
S1_D10_P2,S1_D10,2,4,3,27,BYGBYGGRRRRRR,BYGBYGGRRRRRR,1.0
S1_D10_P2,S1_D10,2,4,4,28,BBRGBRYGRBBBB,BBRGBBBBBBBBB,0.6923076923076923
S1_D10_P2,S1_D10,2,4,5,29,BYGBGGRRRRRRR,BYGBGRRRRRRRR,0.9230769230769232
S1_D10_P2,S1_D10,2,4,6,30,BBRRGBBBBBBBB,BBRBGBBBBBBBB,0.9230769230769232
S1_D10_P2,S1_D10,2,4,7,31,BYGBGRRRRRRRR,BYGBGRRRRRRRR,1.0
S1_D10_P2,S1_D10,2,4,8,32,BBRRGBBBBBBBB,BBRBGBBBBBBBB,0.9230769230769232
S1_D10_P2,S1_D10,2,5,1,33,YYRBBBRBGRBBG,YYRBGBBBRRBBB,0.6923076923076923
S1_D10_P2,S1_D10,2,5,2,34,BYGBYRBYBRBYR,BYGBRBYBYBYRB,0.7692307692307692
S1_D10_P2,S1_D10,2,5,3,35,YYBBRGRBBBBBB,YYBRBBBBBBBBB,0.6923076923076923
S1_D10_P2,S1_D10,2,5,4,36,BYGBYRBBBBBBB,BYGBYRBBBBBBB,1.0
S1_D10_P2,S1_D10,2,5,5,37,YYBBRBBBBBBBB,YYBBRBBBBBBBB,1.0
S1_D10_P2,S1_D10,2,5,6,38,BYGBRBBBBBBBB,BYGBRBBBBBBBB,1.0
S1_D10_P2,S1_D10,2,5,7,39,YYBBRBBBBBBBB,YYBBRBBBBBBBB,1.0
S1_D10_P2,S1_D10,2,5,8,40,BYGBRBBBBBBBB,BYGBRBBBBBBBB,1.0
S1_D10_P2,S1_D10,2,6,1,41,GBBRRYYBRYGRR,GBRRYRRRRRRRR,0.5384615384615384
S1_D10_P2,S1_D10,2,6,2,42,GGRRBYGRGRGRB,GGRRBYGRGRGRG,0.9230769230769232
S1_D10_P2,S1_D10,2,6,3,43,GRBYRRRRRRRRR,GRBYRRRRRRRRR,1.0
S1_D10_P2,S1_D10,2,6,4,44,GGRRBYGRGRGRG,GGRRBYGGGGGGG,0.7692307692307692
S1_D10_P2,S1_D10,2,6,5,45,GRBYRRRRRRRRR,GRBYRRRRRRRRR,1.0
S1_D10_P2,S1_D10,2,6,6,46,GGRRBYGGGGGGG,GGRBYGGGGGGGG,0.8461538461538461
S1_D10_P2,S1_D10,2,6,7,47,GRBYRRRRRRRRR,GRBYRRRRRRRRR,1.0
S1_D10_P2,S1_D10,2,6,8,48,GGRRBYGGGGGGG,GGRRBYGGGGGGG,1.0
S1_D10_P2,S1_D10,2,7,1,49,YGBRRYYGBYBGY,YGBRYYYYYYYYY,0.6153846153846154
S1_D10_P2,S1_D10,2,7,2,50,YBBBYGRRRRBRB,YBBYRRRRRRRRR,0.6153846153846154
S1_D10_P2,S1_D10,2,7,3,51,YGBRYYYYYYYYY,YGBRYYYYYYYYY,1.0
S1_D10_P2,S1_D10,2,7,4,52,YBBBYRRRRRRRR,YBBBYRRRRRRRR,1.0
S1_D10_P2,S1_D10,2,7,5,53,YGBRYYYYYYYYY,YGBRYYYYYYYYY,1.0
S1_D10_P2,S1_D10,2,7,6,54,YBBBYRRRRRRRR,YBBBYRRRRRRRR,1.0
S1_D10_P2,S1_D10,2,7,7,55,YGBRYYYYYYYYY,YGBRYYYYYYYYY,1.0
S1_D10_P2,S1_D10,2,7,8,56,YBBBYRRRRRRRR,YBBBYRRRRRRRR,1.0
S1_D10_P2,S1_D10,2,8,1,57,BGGRBRGBGGBBG,BGGBRBGGGGGBB,0.6923076923076923
S1_D10_P2,S1_D10,2,8,2,58,RGRGRGBRYYYYY,RGRGBRYYYYYYY,0.6923076923076923
S1_D10_P2,S1_D10,2,8,3,59,BBBRRGRBBGGGG,BBBRBGGBBBBBB,0.5384615384615384
S1_D10_P2,S1_D10,2,8,4,60,RGRGBRYYYYYYY,RGRGBRYYYYYYY,1.0
S1_D10_P2,S1_D10,2,8,5,61,BBBRGRBBBBBBB,BBBRGBBBBBBBB,0.9230769230769232
S1_D10_P2,S1_D10,2,8,6,62,RGRGRGBRYYYYY,RGRGBRYYYYYYY,0.6923076923076923
S1_D10_P2,S1_D10,2,8,7,63,BBBRGBBBBBBBB,BBBRGBBBBBBBB,1.0
S1_D10_P2,S1_D10,2,8,8,64,RGRGBRYYYYYYY,RGRGBRYYYYYYY,1.0
S1_D10_P2,S1_D10,2,9,1,65,RGYRGYGYRYRRB,RGYRGYRRRRRRR,0.6923076923076923
S1_D10_P2,S1_D10,2,9,2,66,BBBGRGRBRBRBG,BBBGRBBBBBBBB,0.6153846153846154
S1_D10_P2,S1_D10,2,9,3,67,RGYRYRRRRRRRR,RGYRYRRRRRRRR,1.0
S1_D10_P2,S1_D10,2,9,4,68,BBBGRBBBBBBBB,BBBGRBBBBBBBB,1.0
S1_D10_P2,S1_D10,2,9,5,69,RGYRYRRRRRRRR,RGYRYRRRRRRRR,1.0
S1_D10_P2,S1_D10,2,9,6,70,BBBGRBBBBBBBB,BBBGRBBBBBBBB,1.0
S1_D10_P2,S1_D10,2,9,7,71,GYRYRRRRRRRRR,GYRYRRRRRRRRR,1.0
S1_D10_P2,S1_D10,2,9,8,72,BBBGRBBBBBBBB,BBBGRBBBBBBBB,1.0
S1_D10_P2,S1_D10,2,10,1,73,YRRBYBYGRGRRR,YRRBYRBGRRRRR,0.7692307692307692
S1_D10_P2,S1_D10,2,10,2,74,YGBGGGGGRBRBB,YGBYGGGGGGBBB,0.7692307692307692
S1_D10_P2,S1_D10,2,10,3,75,YRRBYGRRRRRRR,YRRBGRRRRRRRR,0.8461538461538461
S1_D10_P2,S1_D10,2,10,4,76,YGBYGBBBBBBBB,YGBYGBBBBBBBB,1.0
S1_D10_P2,S1_D10,2,10,5,77,YRRBGRRRRRRRR,YRRBGRRRRRRRR,1.0
S1_D10_P2,S1_D10,2,10,6,78,YGBYGBBBBBBBB,YGBYGBBBBBBBB,1.0
S1_D10_P2,S1_D10,2,10,7,79,YRRBGRRRRRRRR,YRRBGRRRRRRRR,1.0
S1_D10_P2,S1_D10,2,10,8,80,YGBYGBBBBBBBB,YGBYGBBBBBBBB,1.0
S1_D10_P2,S1_D10,2,11,1,81,GGGBYYRBGBRBG,GGGYBYRRRRBBG,0.6153846153846154
S1_D10_P2,S1_D10,2,11,2,82,YYGBRYGRRRRRB,YYGBYYGRRRRBB,0.8461538461538461
S1_D10_P2,S1_D10,2,11,3,83,GGGYBRYGBBBBB,GGGYBRGBBBBBB,0.8461538461538461
S1_D10_P2,S1_D10,2,11,4,84,YYGBYGRBBBBBB,YYGBRYBBBBBBB,0.7692307692307692
S1_D10_P2,S1_D10,2,11,5,85,GGGYBRGBBBBBB,GGGYRGBBBBBBB,0.8461538461538461
S1_D10_P2,S1_D10,2,11,6,86,YYGBRYBBBBBBB,YYGBRYBBBBBBB,1.0
S1_D10_P2,S1_D10,2,11,7,87,GGGYRGBBBBBBB,GGGYRBBBBBBBB,0.9230769230769232
S1_D10_P2,S1_D10,2,11,8,88,YYGBRYBBBBBBB,YYGYBRBBBBBBB,0.8461538461538461
S1_D10_P2,S1_D10,2,12,1,89,YYRGGRYBGYYRY,YYRGRBYYYYYYY,0.6153846153846154
S1_D10_P2,S1_D10,2,12,2,90,BYYGBYGGGGYBY,BYYGBYGBBBBBB,0.6153846153846154
S1_D10_P2,S1_D10,2,12,3,91,YYRGRBYYYYYYY,YYRGBYYYYYYYY,0.8461538461538461
S1_D10_P2,S1_D10,2,12,4,92,BYYGBGBBBBBBB,BYYGBBBBBBBBB,0.9230769230769232
S1_D10_P2,S1_D10,2,12,5,93,YYRRGRBYYYYYY,YYRBYGYYYYYYY,0.6923076923076923
S1_D10_P2,S1_D10,2,12,6,94,BYYGBYYYYYYYY,BYYGBYYYYYYYY,1.0
S1_D10_P2,S1_D10,2,12,7,95,YYRRBYGYYYYYY,YYRBGYYYYYYYY,0.7692307692307692
S1_D10_P2,S1_D10,2,12,8,96,YYBBYGBYYYYYY,YYBYGYYYYYYYY,0.7692307692307692
S1_D10_P2,S1_D10,2,13,1,97,RGBGGGGRBYBYR,RGBGGGGGGGGYB,0.6153846153846154
S1_D10_P2,S1_D10,2,13,2,98,YGGRBYGRBRBBB,YGGRBYRRRRBBB,0.8461538461538461
S1_D10_P2,S1_D10,2,13,3,99,RGBGGGGGYBBBB,RGBGGGGGGBBBB,0.9230769230769232
S1_D10_P2,S1_D10,2,13,4,100,GGRBYRRRRBBBB,GGRBRRRRRRBBB,0.8461538461538461
S1_D10_P2,S1_D10,2,13,5,101,GRRBGGGRBBBBB,GGRBGGGGBBBBB,0.8461538461538461
S1_D10_P2,S1_D10,2,13,6,102,GGGRBRBBBBBBB,GGGRBRBBBBBBB,1.0
S1_D10_P2,S1_D10,2,13,7,103,GGRRBGGGBBBBB,GGRBRGGGGGGBB,0.6153846153846154
S1_D10_P2,S1_D10,2,13,8,104,GGGRBRBBBBBBB,GGGRBRBBBBBBB,1.0
S1_D10_P2,S1_D10,2,14,1,105,RRYYYRYYGGGRG,RRRYYRRRRRRGG,0.4615384615384615
S1_D10_P2,S1_D10,2,14,2,106,BBBGRBYRBBBBB,BBBGRBBBBBBBB,0.8461538461538461
S1_D10_P2,S1_D10,2,14,3,107,RRRYYRRRRRGGG,RRRYYRRRRGGGG,0.9230769230769232
S1_D10_P2,S1_D10,2,14,4,108,BBBBGRBBBBBBB,BBBBGRBBBBBBB,1.0
S1_D10_P2,S1_D10,2,14,5,109,RRRRYYRRRGGGG,RRRRYYRRGGGGG,0.9230769230769232
S1_D10_P2,S1_D10,2,14,6,110,BBBBGRBBBBBBB,BBBBGRBBBBBBB,1.0
S1_D10_P2,S1_D10,2,14,7,111,RRRRYYRRGGGGG,RRRRYRRGGRRRR,0.6153846153846154
S1_D10_P2,S1_D10,2,14,8,112,BBBBGRBBBBBBB,BBBBGRBBBBBBB,1.0
S1_D10_P2,S1_D10,2,15,1,113,YYYRGBYGRGYRR,YYYRBBGYYRRRR,0.6153846153846154
S1_D10_P2,S1_D10,2,15,2,114,GRGYGBRGRRRBR,GGGRGGYRRRRBB,0.5384615384615384
S1_D10_P2,S1_D10,2,15,3,115,YYYRBGYRRRRRR,YYYRBGYRRRRRR,1.0
S1_D10_P2,S1_D10,2,15,4,116,GGGRYGRBBBBBB,GGGRYGBBBBBBB,0.9230769230769232
S1_D10_P2,S1_D10,2,15,5,117,YYYYRBYGRRRRR,YYYYRBYGRRRRR,1.0
S1_D10_P2,S1_D10,2,15,6,118,GGGRYGBBBBBBB,GGGRYGBBBBBBB,1.0
S1_D10_P2,S1_D10,2,15,7,119,YYYRBGRRRRRRR,YYYRBGRRRRRRR,1.0
S1_D10_P2,S1_D10,2,15,8,120,GGGGRYGBBBBBB,GGGGRYBBBBBBB,0.9230769230769232
S1_D11_P1,S1_D11,1,1,1,1,BRYGYYYRRRBGY,BRYGYYRRRBGYB,0.8461538461538461
S1_D11_P1,S1_D11,1,1,2,2,RGYGRBRBYGRRR,RGYGRBRBRRYGB,0.6153846153846154
S1_D11_P1,S1_D11,1,1,3,3,BRYGYYRRRBGYY,BRYGYYRRRBGYY,1.0
S1_D11_P1,S1_D11,1,1,4,4,RGYGRRRBGGBYY,RYGBRRBGGYGGB,0.5384615384615384
S1_D11_P1,S1_D11,1,1,5,5,BRYGYYRRRBGYY,BRYGYYRRBGYYY,0.8461538461538461
S1_D11_P1,S1_D11,1,1,6,6,BRYGGRRBYYRBB,BRYGGGYRRRBYY,0.5384615384615384
S1_D11_P1,S1_D11,1,1,7,7,RBRYGYYRRRBGB,BRYGGYYYRRBYG,0.6153846153846154
S1_D11_P1,S1_D11,1,1,8,8,BRYGGGYYBRYYY,BRYGGYYBRYGGG,0.6923076923076923
S1_D11_P1,S1_D11,1,2,1,9,GBRGYBGBBBGRR,BGYGGBBRRYYGB,0.3076923076923077
S1_D11_P1,S1_D11,1,2,2,10,BBGGGBRRRBGGG,BBGGBRBGBRGYG,0.6153846153846154
S1_D11_P1,S1_D11,1,2,3,11,BRYGBBRYBRBBG,BRYGBRRYBGGYG,0.6923076923076923
S1_D11_P1,S1_D11,1,2,4,12,BBGGYRBGBBRBG,BRYGBBRYGRGYR,0.2307692307692307
S1_D11_P1,S1_D11,1,2,5,13,BRYGBBRYGGBGB,BRYGBBRYGGBGB,1.0
S1_D11_P1,S1_D11,1,2,6,14,BRYGBBRGYRGBY,BRYGBBRYGRGYG,0.6923076923076923
S1_D11_P1,S1_D11,1,2,7,15,BRYGBBRYGGGBY,BRYGBBRYGBGYB,0.7692307692307692
S1_D11_P1,S1_D11,1,2,8,16,BRYGBBRGYGRRR,BRYGBRYGGYRBR,0.6153846153846154
S1_D11_P1,S1_D11,1,3,1,17,YBGBYGRBGGBGR,YGBRYBGRBGYBB,0.5384615384615384
S1_D11_P1,S1_D11,1,3,2,18,BGBGBGGGYBGBY,BGBGBGGBYGBGB,0.7692307692307692
S1_D11_P1,S1_D11,1,3,3,19,YBGRYBGRYGRBB,YBGRYBGRYGRBB,1.0
S1_D11_P1,S1_D11,1,3,4,20,BGBGBGBGGYBBB,BGBGBGBGGYBBY,0.9230769230769232
S1_D11_P1,S1_D11,1,3,5,21,YBGRYBGRYBRBB,YBRYBGRBRGBBR,0.6923076923076923
S1_D11_P1,S1_D11,1,3,6,22,BGBGBGBGYBYBB,BGBGBGBGYBYBB,1.0
S1_D11_P1,S1_D11,1,3,7,23,YBRYBGBRYBRBY,YBRYBGRBYRBGB,0.6153846153846154
S1_D11_P1,S1_D11,1,3,8,24,BGBGBGBGBYBYB,BGBGBGBGYBYBY,0.8461538461538461
S1_D11_P1,S1_D11,1,4,1,25,RGGBYYRGBGGGR,RGGBYYRGBYGBG,0.7692307692307692
S1_D11_P1,S1_D11,1,4,2,26,YGYGYBGBRYBYG,YGYGYBGBYBGBR,0.6923076923076923
S1_D11_P1,S1_D11,1,4,3,27,RGGRBRYGYBRBY,RGBGYRBRGYBYG,0.5384615384615384
S1_D11_P1,S1_D11,1,4,4,28,YGYGBGBYBRBBY,YGYGBBYBGBYYB,0.6923076923076923
S1_D11_P1,S1_D11,1,4,5,29,RGBRGBYGBRGBY,RGBRGBYGBYGRR,0.7692307692307692
S1_D11_P1,S1_D11,1,4,6,30,YGYGYBGBYBRBG,YGYGBGBYRGBRB,0.6923076923076923
S1_D11_P1,S1_D11,1,4,7,31,RGRGRBRGYRGBR,RGRGBGYBRBGRB,0.5384615384615384
S1_D11_P1,S1_D11,1,4,8,32,YGYGBGBYRRGRB,YGYGBGYRRBGBY,0.6923076923076923
S1_D11_P1,S1_D11,1,5,1,33,GBGYBYGYYBGRR,YBGYBBGYYRRRB,0.6153846153846154
S1_D11_P1,S1_D11,1,5,2,34,GGYYYGBRBBBRB,GYGYYGBRBRGBR,0.6153846153846154
S1_D11_P1,S1_D11,1,5,3,35,YGRYGRBGRGYYB,YGRYGRRYBGRBY,0.6153846153846154
S1_D11_P1,S1_D11,1,5,4,36,YGYGYBRBGRBYG,YGYGBRGBYGRBG,0.6923076923076923
S1_D11_P1,S1_D11,1,5,5,37,YGRYGRRYGBRGB,YBGBRYGGBYRBY,0.3846153846153846
S1_D11_P1,S1_D11,1,5,6,38,YGYGBRYGBRBGY,YGYGBRYGBRRGB,0.8461538461538461
S1_D11_P1,S1_D11,1,5,7,39,YBGYBGRBGYBGB,YRBYGBGBYGBGB,0.5384615384615384
S1_D11_P1,S1_D11,1,5,8,40,YGYGBRBRYGBBB,YGYGBRBRYGBBB,1.0
S1_D11_P1,S1_D11,1,6,1,41,GRGBYYYBYBYRR,RGBYYBBYRGRRR,0.6153846153846154
S1_D11_P1,S1_D11,1,6,2,42,RYRGRBYGRBYGR,RYRGBGYRGBRGB,0.5384615384615384
S1_D11_P1,S1_D11,1,6,3,43,BYBYRGRGRYRRR,BYBYRGRGRYYRR,0.9230769230769232
S1_D11_P1,S1_D11,1,6,4,44,RYRYBGBGRYGRR,RYRYBGBGRYRRR,0.9230769230769232
S1_D11_P1,S1_D11,1,6,5,45,BYBYRGRGRYRYR,BYBYRGRGRYRYR,1.0
S1_D11_P1,S1_D11,1,6,6,46,RYRYBGBGRYRRR,RYRYBGBGRYRRR,1.0
S1_D11_P1,S1_D11,1,6,7,47,BYBYRGRGRYRYR,BYBYRGRGRYRYR,1.0
S1_D11_P1,S1_D11,1,6,8,48,RYRYBGBGRYRYR,BYBYRGRGRYRYR,0.6923076923076923
S1_D11_P1,S1_D11,1,7,1,49,GGGBYBRRYGBYG,GGBYBRBYGGBRB,0.6153846153846154
S1_D11_P1,S1_D11,1,7,2,50,YRYYBGBRRYGGG,GBGBYRBYRBGGY,0.3076923076923077
S1_D11_P1,S1_D11,1,7,3,51,GGYBRGYYRBGRB,GGYBRYGBRBGBR,0.6153846153846154
S1_D11_P1,S1_D11,1,7,4,52,YRRGBRYBGRYBY,YBRYGBGYGBRBB,0.4615384615384615
S1_D11_P1,S1_D11,1,7,5,53,GGYBRBYYGGYBR,GGYBRBYYGGYBR,1.0
S1_D11_P1,S1_D11,1,7,6,54,YBRYBRGBRYGYB,YBRBGGBGYRBYG,0.5384615384615384
S1_D11_P1,S1_D11,1,7,7,55,GGYYBYGGBBGYY,GGYYBGYBRGYBY,0.6923076923076923
S1_D11_P1,S1_D11,1,7,8,56,YBRYBRGGBYGBY,YBRYBRGYBRGBY,0.8461538461538461
S1_D11_P1,S1_D11,1,8,1,57,GGRGRYYRGRRRG,GGRGRYGYRGRGY,0.6923076923076923
S1_D11_P1,S1_D11,1,8,2,58,RBGRBYGBRRRGR,RBGRBRGRBGRBG,0.6153846153846154
S1_D11_P1,S1_D11,1,8,3,59,RGRGYRGRBRGRR,RBGGRRBYRBGRB,0.4615384615384615
S1_D11_P1,S1_D11,1,8,4,60,RBGRBRBGRBRGR,RBGRBGRGBRGGB,0.6153846153846154
S1_D11_P1,S1_D11,1,8,5,61,RBGBRGYBRGBRB,RBGRYGYBRRGBB,0.6923076923076923
S1_D11_P1,S1_D11,1,8,6,62,RBRGRBRGBRBRG,RBRRGRBGRBGRB,0.6153846153846154
S1_D11_P1,S1_D11,1,8,7,63,RBYBRRGBGRYRR,RBGYBRRGRBRRG,0.6153846153846154
S1_D11_P1,S1_D11,1,8,8,64,RBRBRGGBRBGRB,RBRBGGRGBBRBG,0.6153846153846154
S1_D11_P1,S1_D11,1,9,1,65,YRRRBGYRGGGGR,YRBGRRBGRGRBR,0.5384615384615384
S1_D11_P1,S1_D11,1,9,2,66,YBRYGYGRGYBYG,YBRYGYGYBRGYB,0.6923076923076923
S1_D11_P1,S1_D11,1,9,3,67,YRYRBGBGRGYGR,YBYBRGBRGYGRB,0.6153846153846154
S1_D11_P1,S1_D11,1,9,4,68,YBRYBRGYGYRBG,YBRYBRGYGRGRB,0.7692307692307692
S1_D11_P1,S1_D11,1,9,5,69,YBYBRGRGYGBRY,YBYBRGRGGYBRG,0.7692307692307692
S1_D11_P1,S1_D11,1,9,6,70,YBRYBRGYGBRYG,YBRYBRGYGBRGB,0.8461538461538461
S1_D11_P1,S1_D11,1,9,7,71,YBYBGRGRGYBRG,YBYBGRGRGYBRG,1.0
S1_D11_P1,S1_D11,1,9,8,72,YBRYBRGBGYBGB,YBRYBGYBRRBYG,0.5384615384615384
S1_D11_P1,S1_D11,1,10,1,73,BYBYGYRGYYYYG,BYBYRGRGGYYYY,0.6923076923076923
S1_D11_P1,S1_D11,1,10,2,74,BRGBBBBGGGRRG,BRGBRRGGRRRBR,0.5384615384615384
S1_D11_P1,S1_D11,1,10,3,75,BYBYRGRGGYYYY,BYBYRGRGRYGYY,0.8461538461538461
S1_D11_P1,S1_D11,1,10,4,76,BRGBRGBRBBBRG,BRGBRRGBYRBGB,0.6153846153846154
S1_D11_P1,S1_D11,1,10,5,77,BYBYRGRGRBYRG,BYBYRYRYGRBYG,0.7692307692307692
S1_D11_P1,S1_D11,1,10,6,78,BRGBRGBRGBRBR,BRGBRGBRRBRBB,0.8461538461538461
S1_D11_P1,S1_D11,1,10,7,79,YRYRYBRGYBRGY,YBYBYBRGYBRYR,0.6923076923076923
S1_D11_P1,S1_D11,1,10,8,80,BRGBRGBRBBBBB,BRGBRGBRBBBBB,1.0
S1_D11_P1,S1_D11,1,11,1,81,BGRYYYYGBBYRG,BRGBGYYYYRBYG,0.5384615384615384
S1_D11_P1,S1_D11,1,11,2,82,YYYRRBBGGBRGY,YYYRRBBGGYBRG,0.8461538461538461
S1_D11_P1,S1_D11,1,11,3,83,BRGBRGYYYGGBB,BRGYBYYGGYYBB,0.5384615384615384
S1_D11_P1,S1_D11,1,11,4,84,YYYRRBRGYGBBB,YYBRGYBGGBBYY,0.4615384615384615
S1_D11_P1,S1_D11,1,11,5,85,BRGBYGGRRGYBB,BRGBYGBBRRYYG,0.6153846153846154
S1_D11_P1,S1_D11,1,11,6,86,YYBRGYYGRBGRB,YBRGYYGGRRBBR,0.6153846153846154
S1_D11_P1,S1_D11,1,11,7,87,BRGBYGBBRRYYG,BBRRGGYYBRYGB,0.3846153846153846
S1_D11_P1,S1_D11,1,11,8,88,BRGYGGYYRBBGB,BRGYGGBBRYBRG,0.6153846153846154
S1_D11_P1,S1_D11,1,12,1,89,GBBYRGBYYBYBY,BRYGBRRRYGBRB,0.3076923076923077
S1_D11_P1,S1_D11,1,12,2,90,GGGRYBGBRYBYG,GGGBRYBYYBRGY,0.5384615384615384
S1_D11_P1,S1_D11,1,12,3,91,BRYGBRRRYGBGR,BRYGBRRYGGBYG,0.6923076923076923
S1_D11_P1,S1_D11,1,12,4,92,GGGBRYGBBRYGY,GGGBRYBRGBYGR,0.6153846153846154
S1_D11_P1,S1_D11,1,12,5,93,BRGBYBRBRGBRB,RYGBGGBRBRBRY,0.5384615384615384
S1_D11_P1,S1_D11,1,12,6,94,GGGBRYBRGYRBG,GGGBRYBRYGBRY,0.6923076923076923
S1_D11_P1,S1_D11,1,12,7,95,RBGRBRBGRBRBR,RBYGBRBBYRBYG,0.4615384615384615
S1_D11_P1,S1_D11,1,12,8,96,BRGBRYGYGBRGY,BRYGBRBRGRBBG,0.4615384615384615
S1_D11_P1,S1_D11,1,13,1,97,GGRBYBYRGBRYR,GGBRYBRYGBRBY,0.5384615384615384
S1_D11_P1,S1_D11,1,13,2,98,BBBBBGGYRRRRR,BBBRGGYBRRRRR,0.7692307692307692
S1_D11_P1,S1_D11,1,13,3,99,GGYBRGYBRBBYG,GGYBRYGYBRYGB,0.6923076923076923
S1_D11_P1,S1_D11,1,13,4,100,BBBGBYRRRRRRR,BBGBRYGRRRRRR,0.7692307692307692
S1_D11_P1,S1_D11,1,13,5,101,GGYGRYRYRGBGB,GGYRBBGYRBYGB,0.5384615384615384
S1_D11_P1,S1_D11,1,13,6,102,BGBGYGRRRRRRR,BGGYRRRRRRRRR,0.7692307692307692
S1_D11_P1,S1_D11,1,13,7,103,GGYBRYGYBYGBY,YYBRGYBYBYRBG,0.5384615384615384
S1_D11_P1,S1_D11,1,13,8,104,BGGYRRRRRRRRR,RGYBYGRBBRGYB,0.2307692307692307
S1_D11_P1,S1_D11,1,14,1,105,YRRBRBRRGRYRB,YRBRRBGBGBYRY,0.5384615384615384
S1_D11_P1,S1_D11,1,14,2,106,GBGGRYRRBYRGY,YRYRRGGBRBYGR,0.3076923076923077
S1_D11_P1,S1_D11,1,14,3,107,YRYRBGRYGYBRB,YRYRRBGBGRYGB,0.5384615384615384
S1_D11_P1,S1_D11,1,14,4,108,YRYRGBGBRRGYB,YRRBRRGGBYRGB,0.5384615384615384
S1_D11_P1,S1_D11,1,14,5,109,RYRYBGBGRBBGB,YRYRBGBGRBYGB,0.7692307692307692
S1_D11_P1,S1_D11,1,14,6,110,RYRYGGBBRRGBR,RBGRBRGRBRBYR,0.3846153846153846
S1_D11_P1,S1_D11,1,14,7,111,YRYRBGBGRBYGB,YRRBGBGRBYBGB,0.8461538461538461
S1_D11_P1,S1_D11,1,14,8,112,RBGRBGRBRBYBR,RBRBRGGRYRGBR,0.5384615384615384
S1_D11_P1,S1_D11,1,15,1,113,GBRGRYGBGGBGG,RBYGRYGRBYBYG,0.5384615384615384
S1_D11_P1,S1_D11,1,15,2,114,BBGGBGYBGYRBG,BRGBRYYGBRBYG,0.5384615384615384
S1_D11_P1,S1_D11,1,15,3,115,RBYGRYBYGYBRY,RBYRGYBYRGBYG,0.5384615384615384
S1_D11_P1,S1_D11,1,15,4,116,BRGBRGBGYRGBY,BRGBRGGYBGYRB,0.6923076923076923
S1_D11_P1,S1_D11,1,15,5,117,RBYRBGYBGYBRG,YBRYBGYBRGYBR,0.6153846153846154
S1_D11_P1,S1_D11,1,15,6,118,RBGRBGGRBYGRR,RBGRBYGYRBYGB,0.6923076923076923
S1_D11_P1,S1_D11,1,15,7,119,YBRYBRYBRGGYB,YBRGYBGYBRYBR,0.6153846153846154
S1_D11_P1,S1_D11,1,15,8,120,RBGRBYBGRBYGY,BRGYGRBYGBRGY,0.5384615384615384
S1_D11_P2,S1_D11,2,1,1,1,YYBGRBBGYGBGG,RGYGRBRBYGRRR,0.3846153846153846
S1_D11_P2,S1_D11,2,1,2,2,BRYGYYRRRBGYB,BRYGYYRRRBGYY,0.9230769230769232
S1_D11_P2,S1_D11,2,1,3,3,RGYGRBRBRRYGB,RGYGRRRBGGBYY,0.5384615384615384
S1_D11_P2,S1_D11,2,1,4,4,BRYGYYRRRBGYY,BRYGYYRRRBGYY,1.0
S1_D11_P2,S1_D11,2,1,5,5,RYGBRRBGGYGGB,BRYGGRRBYYRBB,0.5384615384615384
S1_D11_P2,S1_D11,2,1,6,6,BRYGYYRRBGYYY,RBRYGYYRRRBGB,0.6153846153846154
S1_D11_P2,S1_D11,2,1,7,7,BRYGGGYRRRBYY,BRYGGGYYBRYYY,0.7692307692307692
S1_D11_P2,S1_D11,2,1,8,8,BRYGGYYYRRBYG,BRYGYYYRRBGYY,0.7692307692307692
S1_D11_P2,S1_D11,2,2,1,9,BBGYYRBBBGRRR,BBGGGBRRRBGGG,0.3846153846153846
S1_D11_P2,S1_D11,2,2,2,10,BGYGGBBRRYYGB,BRYGBBRYBRBBG,0.4615384615384615
S1_D11_P2,S1_D11,2,2,3,11,BBGGBRBGBRGYG,BBGGYRBGBBRBG,0.6923076923076923
S1_D11_P2,S1_D11,2,2,4,12,BRYGBRRYBGGYG,BRYGBBRYGGBGB,0.6923076923076923
S1_D11_P2,S1_D11,2,2,5,13,BRYGBBRYGRGYR,BRYGBBRGYRGBY,0.6923076923076923
S1_D11_P2,S1_D11,2,2,6,14,BRYGBBRYGGBGB,BRYGBBRYGGGBY,0.8461538461538461
S1_D11_P2,S1_D11,2,2,7,15,BRYGBBRYGRGYG,BRYGBBRGYGRRR,0.6923076923076923
S1_D11_P2,S1_D11,2,2,8,16,BRYGBBRYGBGYB,BRYGBBYGRYBBB,0.6153846153846154
S1_D11_P2,S1_D11,2,3,1,17,GBGBYGGGGYRBB,BGBGBGGGYBGBY,0.5384615384615384
S1_D11_P2,S1_D11,2,3,2,18,YGBRYBGRBGYBB,YBGRYBGRYGRBB,0.6923076923076923
S1_D11_P2,S1_D11,2,3,3,19,BGBGBGGBYGBGB,BGBGBGBGGYBBB,0.6923076923076923
S1_D11_P2,S1_D11,2,3,4,20,YBGRYBGRYGRBB,YBGRYBGRYBRBB,0.9230769230769232
S1_D11_P2,S1_D11,2,3,5,21,BGBGBGBGGYBBY,BGBGBGBGYBYBB,0.7692307692307692
S1_D11_P2,S1_D11,2,3,6,22,YBRYBGRBRGBBR,YBRYBGBRYBRBY,0.6923076923076923
S1_D11_P2,S1_D11,2,3,7,23,BGBGBGBGYBYBB,BGBGBGBGBYBYB,0.8461538461538461
S1_D11_P2,S1_D11,2,3,8,24,YBRYBGRBYRBGB,YBRYBRGYBGBYG,0.6153846153846154
S1_D11_P2,S1_D11,2,4,1,25,YGYBGGBRGGRYR,YGYGYBGBRYBYG,0.4615384615384615
S1_D11_P2,S1_D11,2,4,2,26,RGGBYYRGBYGBG,RGGRBRYGYBRBY,0.4615384615384615
S1_D11_P2,S1_D11,2,4,3,27,YGYGYBGBYBGBR,YGYGBGBYBRBBY,0.6923076923076923
S1_D11_P2,S1_D11,2,4,4,28,RGBGYRBRGYBYG,RGBRGBYGBRGBY,0.6153846153846154
S1_D11_P2,S1_D11,2,4,5,29,YGYGBBYBGBYYB,YGYGYBGBYBRBG,0.6153846153846154
S1_D11_P2,S1_D11,2,4,6,30,RGBRGBYGBYGRR,RGRGRBRGYRGBR,0.5384615384615384
S1_D11_P2,S1_D11,2,4,7,31,YGYGBGBYRGBRB,YGYGBGBYRRGRB,0.8461538461538461
S1_D11_P2,S1_D11,2,4,8,32,RGRGBGYBRBGRB,RGRGRBYGRGYRB,0.6153846153846154
S1_D11_P2,S1_D11,2,5,1,33,GGYYYGRYBBBYB,GGYYYGBRBBBRB,0.7692307692307692
S1_D11_P2,S1_D11,2,5,2,34,YBGYBBGYYRRRB,YGRYGRBGRGYYB,0.3076923076923077
S1_D11_P2,S1_D11,2,5,3,35,GYGYYGBRBRGBR,YGYGYBRBGRBYG,0.4615384615384615
S1_D11_P2,S1_D11,2,5,4,36,YGRYGRRYBGRBY,YGRYGRRYGBRGB,0.6923076923076923
S1_D11_P2,S1_D11,2,5,5,37,YGYGBRGBYGRBG,YGYGBRYGBRBGY,0.6923076923076923
S1_D11_P2,S1_D11,2,5,6,38,YBGBRYGGBYRBY,YBGYBGRBGYBGB,0.4615384615384615
S1_D11_P2,S1_D11,2,5,7,39,YGYGBRYGBRRGB,YGYGBRBRYGBBB,0.6153846153846154
S1_D11_P2,S1_D11,2,5,8,40,YRBYGBGBYGBGB,YRBGYBYBGBGBG,0.6153846153846154
S1_D11_P2,S1_D11,2,6,1,41,RGGRGYBGBGBYR,RYRGRBYGRBYGR,0.4615384615384615
S1_D11_P2,S1_D11,2,6,2,42,RGBYYBBYRGRRR,BYBYRGRGRYRRR,0.4615384615384615
S1_D11_P2,S1_D11,2,6,3,43,RYRGBGYRGBRGB,RYRYBGBGRYGRR,0.4615384615384615
S1_D11_P2,S1_D11,2,6,4,44,BYBYRGRGRYYRR,BYBYRGRGRYRYR,0.8461538461538461
S1_D11_P2,S1_D11,2,6,5,45,RYRYBGBGRYRRR,RYRYBGBGRYRRR,1.0
S1_D11_P2,S1_D11,2,6,6,46,BYBYRGRGRYRYR,BYBYRGRGRYRYR,1.0
S1_D11_P2,S1_D11,2,6,7,47,RYRYBGBGRYRRR,RYRYBGBGRYRYR,0.9230769230769232
S1_D11_P2,S1_D11,2,6,8,48,BYBYRGRGRYRYR,BYBYRGRGRYRRR,0.9230769230769232
S1_D11_P2,S1_D11,2,7,1,49,GBYYRBRRYYYGG,YRYYBGBRRYGGG,0.5384615384615384
S1_D11_P2,S1_D11,2,7,2,50,GGBYBRBYGGBRB,GGYBRGYYRBGRB,0.6153846153846154
S1_D11_P2,S1_D11,2,7,3,51,GBGBYRBYRBGGY,YRRGBRYBGRYBY,0.3076923076923077
S1_D11_P2,S1_D11,2,7,4,52,GGYBRYGBRBGBR,GGYBRBYYGGYBR,0.5384615384615384
S1_D11_P2,S1_D11,2,7,5,53,YBRYGBGYGBRBB,YBRYBRGBRYGYB,0.5384615384615384
S1_D11_P2,S1_D11,2,7,6,54,GGYBRBYYGGYBR,GGYYBYGGBBGYY,0.4615384615384615
S1_D11_P2,S1_D11,2,7,7,55,YBRBGGBGYRBYG,YBRYBRGGBYGBY,0.6153846153846154
S1_D11_P2,S1_D11,2,7,8,56,GGYYBGYBRGYBY,GGYBGYBRBGYBG,0.7692307692307692
S1_D11_P2,S1_D11,2,8,1,57,RBGGRGGRYRRRY,RBGRBYGBRRRGR,0.4615384615384615
S1_D11_P2,S1_D11,2,8,2,58,GGRGRYGYRGRGY,RGRGYRGRBRGRR,0.4615384615384615
S1_D11_P2,S1_D11,2,8,3,59,RBGRBRGRBGRBG,RBGRBRBGRBRGR,0.6923076923076923
S1_D11_P2,S1_D11,2,8,4,60,RBGGRRBYRBGRB,RBGBRGYBRGBRB,0.5384615384615384
S1_D11_P2,S1_D11,2,8,5,61,RBGRBGRGBRGGB,RBRGRBRGBRBRG,0.6153846153846154
S1_D11_P2,S1_D11,2,8,6,62,RBGRYGYBRRGBB,RBYBRRGBGRYRR,0.3846153846153846
S1_D11_P2,S1_D11,2,8,7,63,RBRRGRBGRBGRB,RBRBRGGBRBGRB,0.7692307692307692
S1_D11_P2,S1_D11,2,8,8,64,RBGYBRRGRBRRG,RBGRBGBBRGBRG,0.5384615384615384
S1_D11_P2,S1_D11,2,9,1,65,YBRRYGYGGBGRY,YBRYGYGRGYBYG,0.5384615384615384
S1_D11_P2,S1_D11,2,9,2,66,YRBGRRBGRGRBR,YRYRBGBGRGYGR,0.5384615384615384
S1_D11_P2,S1_D11,2,9,3,67,YBRYGYGYBRGYB,YBRYBRGYGYRBG,0.5384615384615384
S1_D11_P2,S1_D11,2,9,4,68,YBYBRGBRGYGRB,YBYBRGRGYGBRY,0.7692307692307692
S1_D11_P2,S1_D11,2,9,5,69,YBRYBRGYGRGRB,YBRYBRGYGBRYG,0.6923076923076923
S1_D11_P2,S1_D11,2,9,6,70,YBYBRGRGGYBRG,YBYBGRGRGYBRG,0.8461538461538461
S1_D11_P2,S1_D11,2,9,7,71,YBRYBRGYGBRGB,YBRYBRGBGYBGB,0.7692307692307692
S1_D11_P2,S1_D11,2,9,8,72,YBYBGRGRGYBRG,YBYBGRGRYBRGY,0.8461538461538461
S1_D11_P2,S1_D11,2,10,1,73,RBGBBBBBBGGBR,BRGBBBBGGGRRG,0.5384615384615384
S1_D11_P2,S1_D11,2,10,2,74,BYBYRGRGGYYYY,BYBYRGRGGYYYY,1.0
S1_D11_P2,S1_D11,2,10,3,75,BRGBRRGGRRRBR,BRGBRGBRBBBRG,0.6153846153846154
S1_D11_P2,S1_D11,2,10,4,76,BYBYRGRGRYGYY,BYBYRGRGRBYRG,0.6923076923076923
S1_D11_P2,S1_D11,2,10,5,77,BRGBRRGBYRBGB,BRGBRGBRGBRBR,0.6153846153846154
S1_D11_P2,S1_D11,2,10,6,78,BYBYRYRYGRBYG,YRYRYBRGYBRGY,0.4615384615384615
S1_D11_P2,S1_D11,2,10,7,79,BRGBRGBRRBRBB,BRGBRGBRBBBBB,0.8461538461538461
S1_D11_P2,S1_D11,2,10,8,80,YBYBYBRGYBRYR,YBYBYBRGRGYBY,0.6923076923076923
S1_D11_P2,S1_D11,2,11,1,81,YYYRRGGBBRBGY,YYYRRBBGGBRGY,0.6923076923076923
S1_D11_P2,S1_D11,2,11,2,82,BRGBGYYYYRBYG,BRGBRGYYYGGBB,0.6153846153846154
S1_D11_P2,S1_D11,2,11,3,83,YYYRRBBGGYBRG,YYYRRBRGYGBBB,0.6153846153846154
S1_D11_P2,S1_D11,2,11,4,84,BRGYBYYGGYYBB,BRGBYGGRRGYBB,0.6153846153846154
S1_D11_P2,S1_D11,2,11,5,85,YYBRGYBGGBBYY,YYBRGYYGRBGRB,0.6153846153846154
S1_D11_P2,S1_D11,2,11,6,86,BRGBYGBBRRYYG,BRGBYGBBRRYYG,1.0
S1_D11_P2,S1_D11,2,11,7,87,YBRGYYGGRRBBR,BRGYGGYYRBBGB,0.5384615384615384
S1_D11_P2,S1_D11,2,11,8,88,BBRRGGYYBRYGB,BBRRYYGGBRYGB,0.6923076923076923
S1_D11_P2,S1_D11,2,12,1,89,GGGRYGYGBGYBY,GGGRYBGBRYBYG,0.6923076923076923
S1_D11_P2,S1_D11,2,12,2,90,BRYGBRRRYGBRB,BRYGBRRRYGBGR,0.8461538461538461
S1_D11_P2,S1_D11,2,12,3,91,GGGBRYBYYBRGY,GGGBRYGBBRYGY,0.6923076923076923
S1_D11_P2,S1_D11,2,12,4,92,BRYGBRRYGGBYG,BRGBYBRBRGBRB,0.4615384615384615
S1_D11_P2,S1_D11,2,12,5,93,GGGBRYBRGBYGR,GGGBRYBRGYRBG,0.6923076923076923
S1_D11_P2,S1_D11,2,12,6,94,RYGBGGBRBRBRY,RBGRBRBGRBRBR,0.5384615384615384
S1_D11_P2,S1_D11,2,12,7,95,GGGBRYBRYGBRY,BRGBRYGYGBRGY,0.6153846153846154
S1_D11_P2,S1_D11,2,12,8,96,RBYGBRBBYRBYG,BRYGBGYBBGBGB,0.3846153846153846
S1_D11_P2,S1_D11,2,13,1,97,BBBBGRGYYRRRR,BBBBBGGYRRRRR,0.7692307692307692
S1_D11_P2,S1_D11,2,13,2,98,GGBRYBRYGBRBY,GGYBRGYBRBBYG,0.5384615384615384
S1_D11_P2,S1_D11,2,13,3,99,BBBRGGYBRRRRR,BBBGBYRRRRRRR,0.6923076923076923
S1_D11_P2,S1_D11,2,13,4,100,GGYBRYGYBRYGB,GGYGRYRYRGBGB,0.6153846153846154
S1_D11_P2,S1_D11,2,13,5,101,BBGBRYGRRRRRR,BGBGYGRRRRRRR,0.7692307692307692
S1_D11_P2,S1_D11,2,13,6,102,GGYRBBGYRBYGB,GGYBRYGYBYGBY,0.6153846153846154
S1_D11_P2,S1_D11,2,13,7,103,BGGYRRRRRRRRR,BGGYRRRRRRRRR,1.0
S1_D11_P2,S1_D11,2,13,8,104,YYBRGYBYBYRBG,YBRGYYBBRGBGR,0.6153846153846154
S1_D11_P2,S1_D11,2,14,1,105,GBBGRRYBGRYGR,GBGGRYRRBYRGY,0.5384615384615384
S1_D11_P2,S1_D11,2,14,2,106,YRBRRBGBGBYRY,YRYRBGRYGYBRB,0.4615384615384615
S1_D11_P2,S1_D11,2,14,3,107,YRYRRGGBRBYGR,YRYRGBGBRRGYB,0.5384615384615384
S1_D11_P2,S1_D11,2,14,4,108,YRYRRBGBGRYGB,RYRYBGBGRBBGB,0.6923076923076923
S1_D11_P2,S1_D11,2,14,5,109,YRRBRRGGBYRGB,RYRYGGBBRRGBR,0.4615384615384615
S1_D11_P2,S1_D11,2,14,6,110,YRYRBGBGRBYGB,YRYRBGBGRBYGB,1.0
S1_D11_P2,S1_D11,2,14,7,111,RBGRBRGRBRBYR,RBGRBGRBRBYBR,0.8461538461538461
S1_D11_P2,S1_D11,2,14,8,112,YRRBGBGRBYBGB,BRGBRYRGBGYRB,0.3076923076923077
S1_D11_P2,S1_D11,2,15,1,113,BBGBGYBBGGRYB,BBGGBGYBGYRBG,0.6153846153846154
S1_D11_P2,S1_D11,2,15,2,114,RBYGRYGRBYBYG,RBYGRYBYGYBRY,0.6153846153846154
S1_D11_P2,S1_D11,2,15,3,115,BRGBRYYGBRBYG,BRGBRGBGYRGBY,0.6153846153846154
S1_D11_P2,S1_D11,2,15,4,116,RBYRGYBYRGBYG,RBYRBGYBGYBRG,0.6153846153846154
S1_D11_P2,S1_D11,2,15,5,117,BRGBRGGYBGYRB,RBGRBGGRBYGRR,0.3846153846153846
S1_D11_P2,S1_D11,2,15,6,118,YBRYBGYBRGYBR,YBRYBRYBRGGYB,0.7692307692307692
S1_D11_P2,S1_D11,2,15,7,119,RBGRBYGYRBYGB,RBGRBYBGRBYGY,0.7692307692307692
S1_D11_P2,S1_D11,2,15,8,120,YBRGYBGYBRYBR,YBRGYBGRYBGBY,0.6923076923076923
S1_D12_P1,S1_D12,1,1,1,1,BBYGYGGBYYYRR,BBYGYYRBBGGYR,0.5384615384615384
S1_D12_P1,S1_D12,1,1,2,2,GGGBGGBRYRYRB,GGBBYRYRBGBBB,0.3846153846153846
S1_D12_P1,S1_D12,1,1,3,3,BBGYGYRYRYRYY,BBGYRYYRYBBBG,0.5384615384615384
S1_D12_P1,S1_D12,1,1,4,4,GGBBRYRYGBBBB,GGBBYRYRYGBBB,0.8461538461538461
S1_D12_P1,S1_D12,1,1,5,5,BBGBYRRRYYRGB,BBGYRYRYYBGBG,0.6923076923076923
S1_D12_P1,S1_D12,1,1,6,6,YYRGBGBBBBBBB,YYYGBGBBBBBBB,0.9230769230769232
S1_D12_P1,S1_D12,1,1,7,7,BBGYRYRYRBGBG,YRYGBBBBBYRBB,0.2307692307692307
S1_D12_P1,S1_D12,1,1,8,8,YYBGGBBBBBBBB,YYRGBBBBBBBBB,0.8461538461538461
S1_D12_P1,S1_D12,1,2,1,9,GGBYYGGBBBGRY,GGBBYRGBBBRYR,0.6923076923076923
S1_D12_P1,S1_D12,1,2,2,10,BGYBBBRYGBRYB,GYBGBBBYGBYRB,0.6153846153846154
S1_D12_P1,S1_D12,1,2,3,11,GGBBYRBGRGYBB,GBBYRBGBYRBGB,0.6153846153846154
S1_D12_P1,S1_D12,1,2,4,12,GYBBGBBBBBYRB,GYBYGBBBBBYBR,0.7692307692307692
S1_D12_P1,S1_D12,1,2,5,13,GBBYRGBBYRBYR,BYBBGYRBBGYBB,0.3846153846153846
S1_D12_P1,S1_D12,1,2,6,14,GYBBGBBBBBBYR,GYBBBBBBBBBBB,0.7692307692307692
S1_D12_P1,S1_D12,1,2,7,15,BBYBRGYRYBYBB,BRGYBYRBBYBRB,0.5384615384615384
S1_D12_P1,S1_D12,1,2,8,16,GYBBBBBBBBBBB,GYBBBBBBBBBBB,1.0
S1_D12_P1,S1_D12,1,3,1,17,GYGBBGGGBGRGB,GYBBGBBYBYRBB,0.5384615384615384
S1_D12_P1,S1_D12,1,3,2,18,RYGRYRGYYBRYB,YGRRYBGRGBGBR,0.3846153846153846
S1_D12_P1,S1_D12,1,3,3,19,GBYGGYBBBYRBB,BBYYGBBBBBBBY,0.5384615384615384
S1_D12_P1,S1_D12,1,3,4,20,GYBRYBGRGGBBR,GYRBGYRBGYBRR,0.5384615384615384
S1_D12_P1,S1_D12,1,3,5,21,BBYYGBBBBBBBY,BBYYGGBBBBBBB,0.8461538461538461
S1_D12_P1,S1_D12,1,3,6,22,GYRBGYRBGYBRR,GYBYBYBBBBBRB,0.4615384615384615
S1_D12_P1,S1_D12,1,3,7,23,BBYYGGBBBBBBB,BBYYGGBBBBBBB,1.0
S1_D12_P1,S1_D12,1,3,8,24,GYBGBYBBBBBBR,YBBBBBBBBYRRG,0.5384615384615384
S1_D12_P1,S1_D12,1,4,1,25,BYBYGRGRBRRBG,BYYBGRBGBBGYG,0.4615384615384615
S1_D12_P1,S1_D12,1,4,2,26,GRYGRBYYBRRRR,GYBGYBBBBBRBB,0.3846153846153846
S1_D12_P1,S1_D12,1,4,3,27,BBYYGRBGBYGBY,BBYYGGBYBGBBY,0.6923076923076923
S1_D12_P1,S1_D12,1,4,4,28,YBGBBBBBBBRBB,GYBGBYBBBBBBR,0.6923076923076923
S1_D12_P1,S1_D12,1,4,5,29,BBYYGBGGBYBYB,BBYYGBGBGBYBY,0.8461538461538461
S1_D12_P1,S1_D12,1,4,6,30,GYBGBYBBBBBRB,GYBGYBBBBBBBB,0.7692307692307692
S1_D12_P1,S1_D12,1,4,7,31,BBYYGBGBGBYBY,BBGYYBYBYBYBY,0.6923076923076923
S1_D12_P1,S1_D12,1,4,8,32,GYBGYBBBBBBBB,YBGYBBBBBBBBB,0.8461538461538461
S1_D12_P1,S1_D12,1,5,1,33,YGBBBBRGGRGBB,GYBBGGBGBBBBB,0.3846153846153846
S1_D12_P1,S1_D12,1,5,2,34,YRGYRBYGBYGBB,YGYGBYGBYBBYG,0.6153846153846154
S1_D12_P1,S1_D12,1,5,3,35,GYBGGYBGBBBBB,GYBBYBBBBBBBB,0.6923076923076923
S1_D12_P1,S1_D12,1,5,4,36,YGBYBYGBYBYBB,YBYBGBYBRYBRR,0.6153846153846154
S1_D12_P1,S1_D12,1,5,5,37,GYBYBBBBBBBBB,GYBYBBBBBBBBB,1.0
S1_D12_P1,S1_D12,1,5,6,38,GYBGBGBRYBRRR,GYBGBRGBRRRRR,0.7692307692307692
S1_D12_P1,S1_D12,1,5,7,39,GYBYBBBBBBBBB,YBYBBBBBBBBBB,0.8461538461538461
S1_D12_P1,S1_D12,1,5,8,40,GYBGBRGBRRRRR,GYRRRRRRGBGBY,0.2307692307692307
S1_D12_P1,S1_D12,1,6,1,41,GGGYRRYYRBYBY,GYYBBRGGYRGYB,0.3846153846153846
S1_D12_P1,S1_D12,1,6,2,42,GYBRGGBYGYBRG,GYRGYYBBRGBYG,0.4615384615384615
S1_D12_P1,S1_D12,1,6,3,43,GYYBRRGYYBGRR,GGYBGBBRRBRGR,0.3846153846153846
S1_D12_P1,S1_D12,1,6,4,44,GYRGYYBBRYBGG,GGGYYYBRGBRGB,0.5384615384615384
S1_D12_P1,S1_D12,1,6,5,45,GBBRYBBGYBRYB,GRYBBYBBBYBBR,0.4615384615384615
S1_D12_P1,S1_D12,1,6,6,46,GGGYYYBRGBRGB,GGYBBGGBGBRGB,0.5384615384615384
S1_D12_P1,S1_D12,1,6,7,47,RGYBBYBBYBBBR,GYBGYBBBBBYBR,0.6923076923076923
S1_D12_P1,S1_D12,1,6,8,48,GGYBBGGBGGRBG,GGYBBGBGRBGRB,0.6923076923076923
S1_D12_P1,S1_D12,1,7,1,49,RRGBYRBBRYYBR,GGRRBBYYBBRYG,0.4615384615384615
S1_D12_P1,S1_D12,1,7,2,50,GYYBRRYBGBGBG,GGBYBBRGRBGRB,0.3846153846153846
S1_D12_P1,S1_D12,1,7,3,51,GGRRBBYYBBRYG,GGRRBBYGGRRBB,0.6153846153846154
S1_D12_P1,S1_D12,1,7,4,52,GYBBYRGBRGBYR,GYGBRGBRBBBGG,0.5384615384615384
S1_D12_P1,S1_D12,1,7,5,53,GGRRBBYGGRRBB,GGRBBYBRBGBYB,0.5384615384615384
S1_D12_P1,S1_D12,1,7,6,54,GYBGRBGRYGBYG,GYBGYBRBYRBYR,0.6153846153846154
S1_D12_P1,S1_D12,1,7,7,55,BYBYBYBYBYBYB,BYBYBYBYBYBBY,0.8461538461538461
S1_D12_P1,S1_D12,1,7,8,56,GYBGRYBRYBRYR,GBGBRGBYGYRBG,0.3846153846153846
S1_D12_P1,S1_D12,1,8,1,57,YRBGBYBBBBYYB,YRGBYRBBBGYBY,0.6923076923076923
S1_D12_P1,S1_D12,1,8,2,58,RYRRGGGGRGRRG,GBGRBGRBGRBGR,0.3076923076923077
S1_D12_P1,S1_D12,1,8,3,59,YRGBYBRGBBGYB,GGYBRGRYBBBRG,0.3846153846153846
S1_D12_P1,S1_D12,1,8,4,60,GYBGRBBGRBGRR,GBGRYBRRBGRYB,0.6153846153846154
S1_D12_P1,S1_D12,1,8,5,61,GYYBRGRBYYGRB,GBYYGBYGRBYYG,0.6153846153846154
S1_D12_P1,S1_D12,1,8,6,62,GYBBGYRBGYRBB,GYBRGYBGYRBBB,0.7692307692307692
S1_D12_P1,S1_D12,1,8,7,63,GYBYGYYBRGBRR,GYBYBYYGBYRRR,0.6153846153846154
S1_D12_P1,S1_D12,1,8,8,64,GYBRGYBGRYBBB,YBYGRBYGRBBBB,0.6153846153846154
S1_D12_P1,S1_D12,1,9,1,65,BGBGBGRRBRGRR,BGBBGRBGBBRRR,0.6153846153846154
S1_D12_P1,S1_D12,1,9,2,66,GYGYBYBYRGYBY,GYGYBYBYRGYRB,0.8461538461538461
S1_D12_P1,S1_D12,1,9,3,67,BGYBGBRGBBRRR,GYBYGBGBBRGRR,0.6923076923076923
S1_D12_P1,S1_D12,1,9,4,68,GYGYBYBYRGYRB,GYYBYBYBRGBBB,0.6923076923076923
S1_D12_P1,S1_D12,1,9,5,69,GYBGYBBGYBGRR,GYGYBYBYBGRGR,0.6923076923076923
S1_D12_P1,S1_D12,1,9,6,70,GYBYYBBYRGBBB,YGYGBGBGBRGYB,0.3846153846153846
S1_D12_P1,S1_D12,1,9,7,71,GYGYBYBYBGRGR,GYYBYBYGRGRBR,0.6923076923076923
S1_D12_P1,S1_D12,1,9,8,72,GYGYBGBGBRGYB,GYGYBBGRGYRRG,0.6153846153846154
S1_D12_P1,S1_D12,1,10,1,73,YRBBRBBBBBRBB,YBYYBRBBBBBBR,0.6153846153846154
S1_D12_P1,S1_D12,1,10,2,74,GYBRGYGGBRRGG,GYBRGYGGGGBBR,0.6153846153846154
S1_D12_P1,S1_D12,1,10,3,75,YBBRBBBBBBRRR,YBBBBBBBRRRRB,0.7692307692307692
S1_D12_P1,S1_D12,1,10,4,76,GYBRGYGGGGGBR,GYBRGGGGGGBBR,0.8461538461538461
S1_D12_P1,S1_D12,1,10,5,77,YBBBBBBBRRRRB,YBBBBBBBBBRRB,0.8461538461538461
S1_D12_P1,S1_D12,1,10,6,78,GYBRGGGGGGBBR,GYBRGGGGBBBBR,0.8461538461538461
S1_D12_P1,S1_D12,1,10,7,79,YBBBBBBBBRRBB,YBBBBBBBBRRRB,0.9230769230769232
S1_D12_P1,S1_D12,1,10,8,80,GYBRGGGGBBRRR,GYBRGGGGBBBRR,0.9230769230769232
S1_D12_P1,S1_D12,1,11,1,81,RGBGYYRYBRRGG,GYBGBBBRGGYRR,0.2307692307692307
S1_D12_P1,S1_D12,1,11,2,82,BGGGYRGGYRYBG,BGYYBBBRGGYYB,0.4615384615384615
S1_D12_P1,S1_D12,1,11,3,83,GYBGGYYGGRYRR,GYBGYRRRGGBRR,0.5384615384615384
S1_D12_P1,S1_D12,1,11,4,84,BGYYBRRGYYBRR,GYBBBYBBYBRGR,0.4615384615384615
S1_D12_P1,S1_D12,1,11,5,85,GYBBGRRGYBRYG,GGBRRYRYRGBYG,0.4615384615384615
S1_D12_P1,S1_D12,1,11,6,86,GYBBYBYBBRGBR,GYYBYBYGRRRBB,0.6153846153846154
S1_D12_P1,S1_D12,1,11,7,87,BRGYBGRGRGBGY,BGYBYGYGRBGYB,0.6153846153846154
S1_D12_P1,S1_D12,1,11,8,88,BYBRYRRRRRRRR,BYBYBBYBRRRRR,0.6153846153846154
S1_D12_P1,S1_D12,1,12,1,89,GYGBRBBYBGGRB,GBYBYGYBGBBRR,0.3846153846153846
S1_D12_P1,S1_D12,1,12,2,90,RYYRRRRYYBGGG,YYBBGBBBRRBBG,0.1538461538461538
S1_D12_P1,S1_D12,1,12,3,91,GYBBYGBGBYGYR,GBBBBGYRRRBRB,0.3076923076923077
S1_D12_P1,S1_D12,1,12,4,92,YYBBGBGBBRYRR,BBYYGYBYYBBRR,0.3846153846153846
S1_D12_P1,S1_D12,1,12,5,93,GBBBBGYRYRRRR,BBBBGYRYRBBBB,0.6153846153846154
S1_D12_P1,S1_D12,1,12,6,94,BBYYGBYYBYGYR,RYGBGRBBBBRRG,0.2307692307692307
S1_D12_P1,S1_D12,1,12,7,95,RBGYRGBYRBBBB,RRBGRRBBBBBBB,0.6153846153846154
S1_D12_P1,S1_D12,1,12,8,96,RYBGGBRYRBYGR,BYBBYYYBRBBBB,0.3076923076923077
S1_D12_P1,S1_D12,1,13,1,97,BRYBYBGBBBBYY,BBYRGBGBYBBYB,0.6153846153846154
S1_D12_P1,S1_D12,1,13,2,98,BGRBBBBBBBGGB,GRBBBBBBRYRBB,0.6153846153846154
S1_D12_P1,S1_D12,1,13,3,99,BGRBBGBGRYBBY,BYBRRRGBBRGBR,0.3846153846153846
S1_D12_P1,S1_D12,1,13,4,100,GRBBBBBBRYRBB,RBBBBBBRYRBBB,0.8461538461538461
S1_D12_P1,S1_D12,1,13,5,101,BRYBRRBBRGBRB,GRGBBBBBYGGRR,0.4615384615384615
S1_D12_P1,S1_D12,1,13,6,102,GBBBBBBRYRYRB,GBBBBBBBYRYRB,0.9230769230769232
S1_D12_P1,S1_D12,1,13,7,103,GRYBBGRYRGRGR,GBBBYGRRRRRRR,0.5384615384615384
S1_D12_P1,S1_D12,1,13,8,104,GBBBBBBBYRYRB,GBBBBBBBYRYBB,0.9230769230769232
S1_D12_P1,S1_D12,1,14,1,105,BRGBBBBBYRBBY,BGBBBBBBYBYBR,0.6153846153846154
S1_D12_P1,S1_D12,1,14,2,106,BBYBBBBBBBBBB,BBYBBBBBBBBBB,1.0
S1_D12_P1,S1_D12,1,14,3,107,BGBBBBBYBYBBR,BBGBYYBBBBBBR,0.6153846153846154
S1_D12_P1,S1_D12,1,14,4,108,BBYBBBBBBBBBB,BBYBBBBBBBBBB,1.0
S1_D12_P1,S1_D12,1,14,5,109,BBGBYYBBBBBRR,BBGBBBYBBBBRR,0.7692307692307692
S1_D12_P1,S1_D12,1,14,6,110,BBYBBBBBBBBBB,BBYBBBBBBBBBB,1.0
S1_D12_P1,S1_D12,1,14,7,111,BBGBBYBBBBBRB,BBGBBBYBBBBBR,0.8461538461538461
S1_D12_P1,S1_D12,1,14,8,112,BBYBBBBBBBBBB,BBYBBBBBBBBBB,1.0
S1_D12_P1,S1_D12,1,15,1,113,RYGBYBRBGGBBG,GYBGYRBYBYRGG,0.3076923076923077
S1_D12_P1,S1_D12,1,15,2,114,YYYGYBGYBGYBB,YYGYYYBYBYBBY,0.6153846153846154
S1_D12_P1,S1_D12,1,15,3,115,GYBGYRBYBYBRG,GYBGRGYRBYBRG,0.7692307692307692
S1_D12_P1,S1_D12,1,15,4,116,YYGYYBYYBYBBY,YYGYYYBYYYYBY,0.7692307692307692
S1_D12_P1,S1_D12,1,15,5,117,GYBGRYBRGYBRG,GYBGRYRGBGBBB,0.6153846153846154
S1_D12_P1,S1_D12,1,15,6,118,YYGYYYBYBYYBY,YYYYYBYBYYYYY,0.7692307692307692
S1_D12_P1,S1_D12,1,15,7,119,GYBBGRYRGYBBB,YBBGYBRGYRRRB,0.5384615384615384
S1_D12_P1,S1_D12,1,15,8,120,YYYYYBYBYYYYY,YYBYBYYYYYYYY,0.6923076923076923
S1_D12_P2,S1_D12,2,1,1,1,GGGBGYRGBYRBY,GGGBGGBRYRYRB,0.6153846153846154
S1_D12_P2,S1_D12,2,1,2,2,BBYGYYRBBGGYR,BBGYGYRYRYRYY,0.4615384615384615
S1_D12_P2,S1_D12,2,1,3,3,GGBBYRYRBGBBB,GGBBRYRYGBBBB,0.7692307692307692
S1_D12_P2,S1_D12,2,1,4,4,BBGYRYYRYBBBG,BBGBYRRRYYRGB,0.4615384615384615
S1_D12_P2,S1_D12,2,1,5,5,GGBBYRYRYGBBB,YYRGBGBBBBBBB,0.2307692307692307
S1_D12_P2,S1_D12,2,1,6,6,BBGYRYRYYBGBG,BBGYRYRYRBGBG,0.9230769230769232
S1_D12_P2,S1_D12,2,1,7,7,YYYGBGBBBBBBB,YYBGGBBBBBBBB,0.7692307692307692
S1_D12_P2,S1_D12,2,1,8,8,YRYGBBBBBYRBB,YRGBBBYRYRGBB,0.6923076923076923
S1_D12_P2,S1_D12,2,2,1,9,BGYBBBYBRGBYR,BGYBBBRYGBRYB,0.6153846153846154
S1_D12_P2,S1_D12,2,2,2,10,GGBBYRGBBBRYR,GGBBYRBGRGYBB,0.5384615384615384
S1_D12_P2,S1_D12,2,2,3,11,GYBGBBBYGBYRB,GYBBGBBBBBYRB,0.7692307692307692
S1_D12_P2,S1_D12,2,2,4,12,GBBYRBGBYRBGB,GBBYRGBBYRBYR,0.6923076923076923
S1_D12_P2,S1_D12,2,2,5,13,GYBYGBBBBBYBR,GYBBGBBBBBBYR,0.7692307692307692
S1_D12_P2,S1_D12,2,2,6,14,BYBBGYRBBGYBB,BBYBRGYRYBYBB,0.6923076923076923
S1_D12_P2,S1_D12,2,2,7,15,GYBBBBBBBBBBB,GYBBBBBBBBBBB,1.0
S1_D12_P2,S1_D12,2,2,8,16,BRGYBYRBBYBRB,BRGYBYRBBRYBB,0.8461538461538461
S1_D12_P2,S1_D12,2,3,1,17,RGGRYBRYYBGYB,RYGRYRGYYBRYB,0.6923076923076923
S1_D12_P2,S1_D12,2,3,2,18,GYBBGBBYBYRBB,GBYGGYBBBYRBB,0.6153846153846154
S1_D12_P2,S1_D12,2,3,3,19,YGRRYBGRGBGBR,GYBRYBGRGGBBR,0.6153846153846154
S1_D12_P2,S1_D12,2,3,4,20,BBYYGBBBBBBBY,BBYYGBBBBBBBY,1.0
S1_D12_P2,S1_D12,2,3,5,21,GYRBGYRBGYBRR,GYRBGYRBGYBRR,1.0
S1_D12_P2,S1_D12,2,3,6,22,BBYYGGBBBBBBB,BBYYGGBBBBBBB,1.0
S1_D12_P2,S1_D12,2,3,7,23,GYBYBYBBBBBRB,GYBGBYBBBBBBR,0.7692307692307692
S1_D12_P2,S1_D12,2,3,8,24,BBYYGGBBBBBBB,BBYYGGBBBBBBB,1.0
S1_D12_P2,S1_D12,2,4,1,25,GRYGRBYGYBRYR,GRYGRBYYBRRRR,0.7692307692307692
S1_D12_P2,S1_D12,2,4,2,26,BYYBGRBGBBGYG,BBYYGRBGBYGBY,0.6153846153846154
S1_D12_P2,S1_D12,2,4,3,27,GYBGYBBBBBRBB,YBGBBBBBBBRBB,0.7692307692307692
S1_D12_P2,S1_D12,2,4,4,28,BBYYGGBYBGBBY,BBYYGBGGBYBYB,0.6153846153846154
S1_D12_P2,S1_D12,2,4,5,29,GYBGBYBBBBBBR,GYBGBYBBBBBRB,0.8461538461538461
S1_D12_P2,S1_D12,2,4,6,30,BBYYGBGBGBYBY,BBYYGBGBGBYBY,1.0
S1_D12_P2,S1_D12,2,4,7,31,GYBGYBBBBBBBB,GYBGYBBBBBBBB,1.0
S1_D12_P2,S1_D12,2,4,8,32,BBGYYBYBYBYBY,BGYYBYBYBYBYB,0.8461538461538461
S1_D12_P2,S1_D12,2,5,1,33,YRYYRGYBBGYYB,YRGYRBYGBYGBB,0.5384615384615384
S1_D12_P2,S1_D12,2,5,2,34,GYBBGGBGBBBBB,GYBGGYBGBBBBB,0.8461538461538461
S1_D12_P2,S1_D12,2,5,3,35,YGYGBYGBYBBYG,YGBYBYGBYBYBB,0.6153846153846154
S1_D12_P2,S1_D12,2,5,4,36,GYBBYBBBBBBBB,GYBYBBBBBBBBB,0.8461538461538461
S1_D12_P2,S1_D12,2,5,5,37,YBYBGBYBRYBRR,GYBGBGBRYBRRR,0.6923076923076923
S1_D12_P2,S1_D12,2,5,6,38,GYBYBBBBBBBBB,GYBYBBBBBBBBB,1.0
S1_D12_P2,S1_D12,2,5,7,39,GYBGBRGBRRRRR,GYBGBRGBRRRRR,1.0
S1_D12_P2,S1_D12,2,5,8,40,YBYBBBBBBBBBB,YBYBBBBBBBBBB,1.0
S1_D12_P2,S1_D12,2,6,1,41,YBRGYYGBGBRYG,GYBRGGBYGYBRG,0.5384615384615384
S1_D12_P2,S1_D12,2,6,2,42,GYYBBRGGYRGYB,GYYBRRGYYBGRR,0.6153846153846154
S1_D12_P2,S1_D12,2,6,3,43,GYRGYYBBRGBYG,GYRGYYBBRYBGG,0.8461538461538461
S1_D12_P2,S1_D12,2,6,4,44,GGYBGBBRRBRGR,GBBRYBBGYBRYB,0.3846153846153846
S1_D12_P2,S1_D12,2,6,5,45,GGGYYYBRGBRGB,GGGYYYBRGBRGB,1.0
S1_D12_P2,S1_D12,2,6,6,46,GRYBBYBBBYBBR,RGYBBYBBYBBBR,0.6923076923076923
S1_D12_P2,S1_D12,2,6,7,47,GGYBBGGBGBRGB,GGYBBGGBGGRBG,0.7692307692307692
S1_D12_P2,S1_D12,2,6,8,48,GYBGYBBBBBYBR,GYBGYBBBBBYBB,0.9230769230769232
S1_D12_P2,S1_D12,2,7,1,49,GRRYBRYBBYBGB,GYYBRRYBGBGBG,0.5384615384615384
S1_D12_P2,S1_D12,2,7,2,50,GGRRBBYYBBRYG,GGRRBBYYBBRYG,1.0
S1_D12_P2,S1_D12,2,7,3,51,GGBYBBRGRBGRB,GYBBYRGBRGBYR,0.4615384615384615
S1_D12_P2,S1_D12,2,7,4,52,GGRRBBYGGRRBB,GGRRBBYGGRRBB,1.0
S1_D12_P2,S1_D12,2,7,5,53,GYGBRGBRBBBGG,GYBGRBGRYGBYG,0.4615384615384615
S1_D12_P2,S1_D12,2,7,6,54,GGRBBYBRBGBYB,BYBYBYBYBYBYB,0.5384615384615384
S1_D12_P2,S1_D12,2,7,7,55,GYBGYBRBYRBYR,GYBGRYBRYBRYR,0.6923076923076923
S1_D12_P2,S1_D12,2,7,8,56,BYBYBYBYBYBBY,BYBYBYBYBYBBY,1.0
S1_D12_P2,S1_D12,2,8,1,57,RYYGRGGGRGRRG,RYRRGGGGRGRRG,0.7692307692307692
S1_D12_P2,S1_D12,2,8,2,58,YRGBYRBBBGYBY,YRGBYBRGBBGYB,0.7692307692307692
S1_D12_P2,S1_D12,2,8,3,59,GBGRBGRBGRBGR,GYBGRBBGRBGRR,0.6923076923076923
S1_D12_P2,S1_D12,2,8,4,60,GGYBRGRYBBBRG,GYYBRGRBYYGRB,0.5384615384615384
S1_D12_P2,S1_D12,2,8,5,61,GBGRYBRRBGRYB,GYBBGYRBGYRBB,0.4615384615384615
S1_D12_P2,S1_D12,2,8,6,62,GBYYGBYGRBYYG,GYBYGYYBRGBRR,0.3846153846153846
S1_D12_P2,S1_D12,2,8,7,63,GYBRGYBGYRBBB,GYBRGYBGRYBBB,0.8461538461538461
S1_D12_P2,S1_D12,2,8,8,64,GYBYBYYGBYRRR,GYBYBYYGBYRRR,1.0
S1_D12_P2,S1_D12,2,9,1,65,GYGYBYBRYGBYR,GYGYBYBYRGYBY,0.6923076923076923
S1_D12_P2,S1_D12,2,9,2,66,BGBBGRBGBBRRR,BGYBGBRGBBRRR,0.7692307692307692
S1_D12_P2,S1_D12,2,9,3,67,GYGYBYBYRGYRB,GYGYBYBYRGYRB,1.0
S1_D12_P2,S1_D12,2,9,4,68,GYBYGBGBBRGRR,GYBGYBBGYBGRR,0.6923076923076923
S1_D12_P2,S1_D12,2,9,5,69,GYYBYBYBRGBBB,GYBYYBBYRGBBB,0.6923076923076923
S1_D12_P2,S1_D12,2,9,6,70,GYGYBYBYBGRGR,GYGYBYBYBGRGR,1.0
S1_D12_P2,S1_D12,2,9,7,71,YGYGBGBGBRGYB,GYGYBGBGBRGYB,0.8461538461538461
S1_D12_P2,S1_D12,2,9,8,72,GYYBYBYGRGRBR,GYYBYYBYGRBGR,0.6923076923076923
S1_D12_P2,S1_D12,2,10,1,73,BRGYGYGRRGGRB,GYBRGYGGBRRGG,0.5384615384615384
S1_D12_P2,S1_D12,2,10,2,74,YBYYBRBBBBBBR,YBBRBBBBBBRRR,0.6923076923076923
S1_D12_P2,S1_D12,2,10,3,75,GYBRGYGGGGBBR,GYBRGYGGGGGBR,0.9230769230769232
S1_D12_P2,S1_D12,2,10,4,76,YBBBBBBBRRRRB,YBBBBBBBRRRRB,1.0
S1_D12_P2,S1_D12,2,10,5,77,GYBRGGGGGGBBR,GYBRGGGGGGBBR,1.0
S1_D12_P2,S1_D12,2,10,6,78,YBBBBBBBBBRRB,YBBBBBBBBRRBB,0.8461538461538461
S1_D12_P2,S1_D12,2,10,7,79,GYBRGGGGBBBBR,GYBRGGGGBBRRR,0.8461538461538461
S1_D12_P2,S1_D12,2,10,8,80,YBBBBBBBBRRRB,BBBBBBBBRRRBB,0.8461538461538461
S1_D12_P2,S1_D12,2,11,1,81,BGGGYGRRGGGBG,BGGGYRGGYRYBG,0.6153846153846154
S1_D12_P2,S1_D12,2,11,2,82,GYBGBBBRGGYRR,GYBGGYYGGRYRR,0.6153846153846154
S1_D12_P2,S1_D12,2,11,3,83,BGYYBBBRGGYYB,BGYYBRRGYYBRR,0.6153846153846154
S1_D12_P2,S1_D12,2,11,4,84,GYBGYRRRGGBRR,GYBBGRRGYBRYG,0.5384615384615384
S1_D12_P2,S1_D12,2,11,5,85,GYBBBYBBYBRGR,GYBBYBYBBRGBR,0.6923076923076923
S1_D12_P2,S1_D12,2,11,6,86,GGBRRYRYRGBYG,BRGYBGRGRGBGY,0.3846153846153846
S1_D12_P2,S1_D12,2,11,7,87,GYYBYBYGRRRBB,BYBRYRRRRRRRR,0.3846153846153846
S1_D12_P2,S1_D12,2,11,8,88,BGYBYGYGRBGYB,BGYBYGYGRYBGR,0.7692307692307692
S1_D12_P2,S1_D12,2,12,1,89,RYRRYYYRRYRBG,RYYRRRRYYBGGG,0.4615384615384615
S1_D12_P2,S1_D12,2,12,2,90,GBYBYGYBGBBRR,GYBBYGBGBYGYR,0.5384615384615384
S1_D12_P2,S1_D12,2,12,3,91,YYBBGBBBRRBBG,YYBBGBGBBRYRR,0.6153846153846154
S1_D12_P2,S1_D12,2,12,4,92,GBBBBGYRRRBRB,GBBBBGYRYRRRR,0.7692307692307692
S1_D12_P2,S1_D12,2,12,5,93,BBYYGYBYYBBRR,BBYYGBYYBYGYR,0.6923076923076923
S1_D12_P2,S1_D12,2,12,6,94,BBBBGYRYRBBBB,RBGYRGBYRBBBB,0.6153846153846154
S1_D12_P2,S1_D12,2,12,7,95,RYGBGRBBBBRRG,RYBGGBRYRBYGR,0.3846153846153846
S1_D12_P2,S1_D12,2,12,8,96,RRBGRRBBBBBBB,RBBGBBBBBBBBB,0.7692307692307692
S1_D12_P2,S1_D12,2,13,1,97,BGRGBBBBBBGGB,BGRBBBBBBBGGB,0.9230769230769232
S1_D12_P2,S1_D12,2,13,2,98,BBYRGBGBYBBYB,BGRBBGBGRYBBY,0.5384615384615384
S1_D12_P2,S1_D12,2,13,3,99,GRBBBBBBRYRBB,GRBBBBBBRYRBB,1.0
S1_D12_P2,S1_D12,2,13,4,100,BYBRRRGBBRGBR,BRYBRRBBRGBRB,0.6923076923076923
S1_D12_P2,S1_D12,2,13,5,101,RBBBBBBRYRBBB,GBBBBBBRYRYRB,0.7692307692307692
S1_D12_P2,S1_D12,2,13,6,102,GRGBBBBBYGGRR,GRYBBGRYRGRGR,0.5384615384615384
S1_D12_P2,S1_D12,2,13,7,103,GBBBBBBBYRYRB,GBBBBBBBYRYRB,1.0
S1_D12_P2,S1_D12,2,13,8,104,GBBBYGRRRRRRR,GBBBYGRRRRRRR,1.0
S1_D12_P2,S1_D12,2,14,1,105,BGYBRYRYBBYBR,BBYBBBBBBBBBB,0.4615384615384615
S1_D12_P2,S1_D12,2,14,2,106,BGBBBBBBYBYBR,BGBBBBBYBYBBR,0.8461538461538461
S1_D12_P2,S1_D12,2,14,3,107,BBYBBBBBBBBBB,BBYBBBBBBBBBB,1.0
S1_D12_P2,S1_D12,2,14,4,108,BBGBYYBBBBBBR,BBGBYYBBBBBRR,0.9230769230769232
S1_D12_P2,S1_D12,2,14,5,109,BBYBBBBBBBBBB,BBYBBBBBBBBBB,1.0
S1_D12_P2,S1_D12,2,14,6,110,BBGBBBYBBBBRR,BBGBBYBBBBBRB,0.7692307692307692
S1_D12_P2,S1_D12,2,14,7,111,BBYBBBBBBBBBB,BBYBBBBBBBBBB,1.0
S1_D12_P2,S1_D12,2,14,8,112,BBGBBBYBBBBBR,BBGBBBYBBBBRB,0.8461538461538461
S1_D12_P2,S1_D12,2,15,1,113,YYYGYBGYGYGBB,YYYGYBGYBGYBB,0.8461538461538461
S1_D12_P2,S1_D12,2,15,2,114,GYBGYRBYBYRGG,GYBGYRBYBYBRG,0.8461538461538461
S1_D12_P2,S1_D12,2,15,3,115,YYGYYYBYBYBBY,YYGYYBYYBYBBY,0.8461538461538461
S1_D12_P2,S1_D12,2,15,4,116,GYBGRGYRBYBRG,GYBGRYBRGYBRG,0.7692307692307692
S1_D12_P2,S1_D12,2,15,5,117,YYGYYYBYYYYBY,YYGYYYBYBYYBY,0.9230769230769232
S1_D12_P2,S1_D12,2,15,6,118,GYBGRYRGBGBBB,GYBBGRYRGYBBB,0.7692307692307692
S1_D12_P2,S1_D12,2,15,7,119,YYYYYBYBYYYYY,YYYYYBYBYYYYY,1.0
S1_D12_P2,S1_D12,2,15,8,120,YBBGYBRGYRRRB,GYBGYYGYBRBBB,0.4615384615384615
S1_D13_P1,S1_D13,1,1,1,1,GRBRGBRBYGRYG,GRBBRGRBRGBRY,0.6153846153846154
S1_D13_P1,S1_D13,1,1,2,2,YYRYBGRRGYBRR,YRYYRGBRYGRBR,0.4615384615384615
S1_D13_P1,S1_D13,1,1,3,3,GGRBYGRRBRGYB,GRBYYGRRBYGRB,0.6923076923076923
S1_D13_P1,S1_D13,1,1,4,4,YYRYBGRYGBBBB,YYGRGYGRBBBBB,0.6153846153846154
S1_D13_P1,S1_D13,1,1,5,5,GRBYYGRGBYRBB,YGRBYYGRBGRYB,0.6923076923076923
S1_D13_P1,S1_D13,1,1,6,6,YGRGYYRBBBBBB,YGRYGRBBBBBBB,0.7692307692307692
S1_D13_P1,S1_D13,1,1,7,7,YGRBYGRBYGBBB,YGRBYGRBGBBBB,0.8461538461538461
S1_D13_P1,S1_D13,1,1,8,8,YGRRYGRBBBBBB,YGRRYGRBBBBBB,1.0
S1_D13_P1,S1_D13,1,2,1,9,GYRYRRRYRBBGB,YGRYGBGBBRBBB,0.3846153846153846
S1_D13_P1,S1_D13,1,2,2,10,BGRBGRBYRYGBB,BGRBGRBYRBYGB,0.8461538461538461
S1_D13_P1,S1_D13,1,2,3,11,YGRYGRGBBGBBB,YGRYGRGBBGBGB,0.9230769230769232
S1_D13_P1,S1_D13,1,2,4,12,BBGRBGRYRYRBY,BGBBGRBYGRBYG,0.5384615384615384
S1_D13_P1,S1_D13,1,2,5,13,YGRYGRRBBBBGB,YGRBBBBBBGBBG,0.5384615384615384
S1_D13_P1,S1_D13,1,2,6,14,BGRBYRYRYRBBB,BGRBGRYRYRBBB,0.9230769230769232
S1_D13_P1,S1_D13,1,2,7,15,YGRBBBGBBBGBB,YGRBGBBBGRBGB,0.6923076923076923
S1_D13_P1,S1_D13,1,2,8,16,BGRBGRYYRYRYY,BGRBGRBYRYRBY,0.8461538461538461
S1_D13_P1,S1_D13,1,3,1,17,BBYYGBYYBRBRY,YYRBBRGYYRYYY,0.3076923076923077
S1_D13_P1,S1_D13,1,3,2,18,YRBGBGGGRGRYY,YBYRGRGRYRYYR,0.5384615384615384
S1_D13_P1,S1_D13,1,3,3,19,YRRBGRBYYRYYY,YRGYYRYBRYBYY,0.5384615384615384
S1_D13_P1,S1_D13,1,3,4,20,YYRYGRBRYRYYY,YYRYGBYYRYGRB,0.6153846153846154
S1_D13_P1,S1_D13,1,3,5,21,YRGYRGYYBGRBB,YRGYGYRBRBYBY,0.6153846153846154
S1_D13_P1,S1_D13,1,3,6,22,YYRYYGYYBBGRY,YGRYGBYRYGYGY,0.4615384615384615
S1_D13_P1,S1_D13,1,3,7,23,YYRGYRYBBGRYY,YYRBYYRGYRRBB,0.3846153846153846
S1_D13_P1,S1_D13,1,3,8,24,YGRYGYGRGYGBB,YGRYBGBGBYGBY,0.6153846153846154
S1_D13_P1,S1_D13,1,4,1,25,GGGGBBRRYRRRB,GGGGGBBRYRYGB,0.6923076923076923
S1_D13_P1,S1_D13,1,4,2,26,YYRGRYYGRBGBB,YYRGYBGBYRBBB,0.6153846153846154
S1_D13_P1,S1_D13,1,4,3,27,GGGGGBBGRYRYR,GGGGGBRYRYRYR,0.8461538461538461
S1_D13_P1,S1_D13,1,4,4,28,YRRGYRGYRYBBB,YRGYRYYBBBBBB,0.6153846153846154
S1_D13_P1,S1_D13,1,4,5,29,GGGGGBBGGYRYR,GGGGGBBGYRYRY,0.8461538461538461
S1_D13_P1,S1_D13,1,4,6,30,YRGYRGYRYBBBB,YRGYRGYRBBYBB,0.8461538461538461
S1_D13_P1,S1_D13,1,4,7,31,GGGGGBBGYRYRR,GGGGGBBGYRYRB,0.9230769230769232
S1_D13_P1,S1_D13,1,4,8,32,YRGYRGYRGBGRB,YRGYRGYBRBYBY,0.6153846153846154
S1_D13_P1,S1_D13,1,5,1,33,BYBRGGBYRBBBR,YRBRYRBYRYRBR,0.5384615384615384
S1_D13_P1,S1_D13,1,5,2,34,RRYGRRBYRBBBB,RYRRBYRBRBYRB,0.6153846153846154
S1_D13_P1,S1_D13,1,5,3,35,YRBYRBGRBYBBB,YRBYRBYRGBGBR,0.6153846153846154
S1_D13_P1,S1_D13,1,5,4,36,RYGRYRGRBBBGB,YRGYRGBGBRGBR,0.4615384615384615
S1_D13_P1,S1_D13,1,5,5,37,YGRYGRYBYRYGR,YRGYRGBYRYGBG,0.5384615384615384
S1_D13_P1,S1_D13,1,5,6,38,YGRRGRYGRBBBR,YGRYGRBRBRBRB,0.6153846153846154
S1_D13_P1,S1_D13,1,5,7,39,YRGYRGYRGBBRB,YRGYRGBBBRBBR,0.6153846153846154
S1_D13_P1,S1_D13,1,5,8,40,YGRYGRBRBBRBB,YGRYGRBRBBRBR,0.9230769230769232
S1_D13_P1,S1_D13,1,6,1,41,RRGRRYYBYBBGY,RRGRGRBYGRBYB,0.4615384615384615
S1_D13_P1,S1_D13,1,6,2,42,RGYRGRBGRBRBR,RGYRGBRBRBRBR,0.8461538461538461
S1_D13_P1,S1_D13,1,6,3,43,RRGRGRYRRRGBB,YRRGRRYRBRBRB,0.6153846153846154
S1_D13_P1,S1_D13,1,6,4,44,RYGRBBGBRGBBB,YRGRYRBRBYBBB,0.4615384615384615
S1_D13_P1,S1_D13,1,6,5,45,YGRYRGRBRBBBB,YGRYGRYBRBBBB,0.8461538461538461
S1_D13_P1,S1_D13,1,6,6,46,YRGYRGRRBGBBB,YRGYRGRBRGBBB,0.8461538461538461
S1_D13_P1,S1_D13,1,6,7,47,YGRRYGRBBBBBB,YRYGRBBBBBBBB,0.6923076923076923
S1_D13_P1,S1_D13,1,6,8,48,YRGYRGBGBBBBB,YRGYRGBGBBGBB,0.9230769230769232
S1_D13_P1,S1_D13,1,7,1,49,YRGRGBRRGBBGG,YRGBRBRBGBGBB,0.5384615384615384
S1_D13_P1,S1_D13,1,7,2,50,BGBGGGGYGGGRG,GBBBBGRYGGGGG,0.5384615384615384
S1_D13_P1,S1_D13,1,7,3,51,YRGRYRGBBGBBB,YRGRYRGBGBBGB,0.8461538461538461
S1_D13_P1,S1_D13,1,7,4,52,GYBGGGGGBYGGG,GYBGYGBGGGGBG,0.6153846153846154
S1_D13_P1,S1_D13,1,7,5,53,YRGBBGRBGBBBB,YGBBRGBRGBBGB,0.6153846153846154
S1_D13_P1,S1_D13,1,7,6,54,GYBGGGGGGGBGG,GYGBGGGGBGBGB,0.6923076923076923
S1_D13_P1,S1_D13,1,7,7,55,YBBBBGBRBBBBB,YRBBBBYRGRBBB,0.6153846153846154
S1_D13_P1,S1_D13,1,7,8,56,GYBGBGBGBGBBB,GYGBGBGBGBGBG,0.7692307692307692
S1_D13_P1,S1_D13,1,8,1,57,GYRYYGBBGGGBB,GYBGGBBGYBGBY,0.5384615384615384
S1_D13_P1,S1_D13,1,8,2,58,RBBGBRYRBRBYR,YRBRBRBRYRBRB,0.6153846153846154
S1_D13_P1,S1_D13,1,8,3,59,GYBBGGGYBGBRB,GYBGBBGBYRBGB,0.5384615384615384
S1_D13_P1,S1_D13,1,8,4,60,YRBYRBRGRBRBB,YRBRBYRGRGBRB,0.6923076923076923
S1_D13_P1,S1_D13,1,8,5,61,YBGBGRBRBBBBR,YRBGBRYRBRBRG,0.5384615384615384
S1_D13_P1,S1_D13,1,8,6,62,YYRRBRBGRBRBB,YYRRGRBRBGRBR,0.6923076923076923
S1_D13_P1,S1_D13,1,8,7,63,YRBGBGRBGRBBB,YRGBRYRBGBGBG,0.5384615384615384
S1_D13_P1,S1_D13,1,8,8,64,YRYGRYYYGBRBB,YGRYRYBGRBRGB,0.5384615384615384
S1_D13_P1,S1_D13,1,9,1,65,BBBRGRYGRYYBG,BBBGRYGRBRYRB,0.6153846153846154
S1_D13_P1,S1_D13,1,9,2,66,GGBGGGGYRYRYY,GGRGYRGBYGRGR,0.3846153846153846
S1_D13_P1,S1_D13,1,9,3,67,BGRBGBYBBBBBY,BGRBYBYBBBBBB,0.8461538461538461
S1_D13_P1,S1_D13,1,9,4,68,GRGGYRGGBBGBB,YRGRYBGBGBBBB,0.6153846153846154
S1_D13_P1,S1_D13,1,9,5,69,BGRBBBBBGBBBB,BGRBGBBBBBBBB,0.8461538461538461
S1_D13_P1,S1_D13,1,9,6,70,YRGRBBGBRBBBB,YRBRGBGBBGBRG,0.5384615384615384
S1_D13_P1,S1_D13,1,9,7,71,BGRBGBBBBBBBB,BRBGBBBGBBBBB,0.8461538461538461
S1_D13_P1,S1_D13,1,9,8,72,YRGBRBBGBBBBR,GRBRGRBRBBBBB,0.5384615384615384
S1_D13_P1,S1_D13,1,10,1,73,GYYYRGYYGRRRB,GYYRYGYYBGBYB,0.5384615384615384
S1_D13_P1,S1_D13,1,10,2,74,BYGRYBBYBBRBB,YBRYRBBRBYBRB,0.5384615384615384
S1_D13_P1,S1_D13,1,10,3,75,GYYRYRBBBGBBY,YRGBRBBBRYBBB,0.4615384615384615
S1_D13_P1,S1_D13,1,10,4,76,YRGBBRBGBRBBB,YRGRBGBBRBRBB,0.6923076923076923
S1_D13_P1,S1_D13,1,10,5,77,YRGBRBBBGBBBB,YRGRBGBGBRGRY,0.5384615384615384
S1_D13_P1,S1_D13,1,10,6,78,YRGRBBGBBRBBB,YRGRBGBBGBRBB,0.7692307692307692
S1_D13_P1,S1_D13,1,10,7,79,YRGBRBGBRBBBB,YRGRBRBBRBBBB,0.8461538461538461
S1_D13_P1,S1_D13,1,10,8,80,YRGBRBGBBBBBB,YRGBRGBGBBBBB,0.8461538461538461
S1_D13_P1,S1_D13,1,11,1,81,GBBGRGYRRYRBY,GBGRBGBBRBRGY,0.5384615384615384
S1_D13_P1,S1_D13,1,11,2,82,YBRYBRBGBRBBB,YRBYBRYBRGBBB,0.6153846153846154
S1_D13_P1,S1_D13,1,11,3,83,GBGRYGRBBRGBB,GBRGBGBRYRBGB,0.4615384615384615
S1_D13_P1,S1_D13,1,11,4,84,YRBGRBBGBBRBB,YRBRBBGRBGBBR,0.6923076923076923
S1_D13_P1,S1_D13,1,11,5,85,GBGBRBYRBBGBB,GBGBGRBYRGYBR,0.6153846153846154
S1_D13_P1,S1_D13,1,11,6,86,YRBGRBBBRGBRB,YGRBRBGRBRBGR,0.4615384615384615
S1_D13_P1,S1_D13,1,11,7,87,GGBGRYRYYBYYY,GBGYRYYRYRYBY,0.6153846153846154
S1_D13_P1,S1_D13,1,11,8,88,YRBRBGRBRYYBY,YRBYRGRYRBYRB,0.5384615384615384
S1_D13_P1,S1_D13,1,12,1,89,BBRBGYBYYGGRG,BGRYRBGBBRBRB,0.3076923076923077
S1_D13_P1,S1_D13,1,12,2,90,GBGYYYYBYYYYY,GYBGBYBYYYYYY,0.6923076923076923
S1_D13_P1,S1_D13,1,12,3,91,BRBYRYGBBBGBB,YRBGBRYRBBGBR,0.5384615384615384
S1_D13_P1,S1_D13,1,12,4,92,GYBGYRYYYYYYY,GYRYGRBGBYRBG,0.3076923076923077
S1_D13_P1,S1_D13,1,12,5,93,YRBGBRBBGBBRB,YRBRYRGRBRGBR,0.4615384615384615
S1_D13_P1,S1_D13,1,12,6,94,GYRYGBBRGBBBR,GYRBGRBGBGBRB,0.6153846153846154
S1_D13_P1,S1_D13,1,12,7,95,YRBGRBBGBRBYB,YRGRBYRGYBYBY,0.5384615384615384
S1_D13_P1,S1_D13,1,12,8,96,GYRGYRGBBRBBG,GYRGYRBRYRBYB,0.6153846153846154
S1_D13_P1,S1_D13,1,13,1,97,YYRGYGGGBGRBB,YRGGRGBGYRGRB,0.5384615384615384
S1_D13_P1,S1_D13,1,13,2,98,YGRGYRBGBBRBB,YGRYRGYRBGBGB,0.6153846153846154
S1_D13_P1,S1_D13,1,13,3,99,YGRRGYBGRBGBB,YGRYRGBRBRBBG,0.6153846153846154
S1_D13_P1,S1_D13,1,13,4,100,YGRGYBGBRGBBB,YRGRYRGBBGBBB,0.6923076923076923
S1_D13_P1,S1_D13,1,13,5,101,YGRYGRBGBBRBG,YGRYGRYGBGRGB,0.6923076923076923
S1_D13_P1,S1_D13,1,13,6,102,YRGYRGBBGBBBB,YRGYRGBBGBBBB,1.0
S1_D13_P1,S1_D13,1,13,7,103,YGRYGRYGRGBBG,YGRYRYGRGBBBG,0.8461538461538461
S1_D13_P1,S1_D13,1,13,8,104,RGYRGRBBRBBBR,RGYRGYBGBRBRB,0.6923076923076923
S1_D13_P1,S1_D13,1,14,1,105,YRGGYBYYRGGYY,YRGGYBRBBRGGB,0.6153846153846154
S1_D13_P1,S1_D13,1,14,2,106,RBGRRYRBYBBRB,GRYBRGRBBRBBR,0.3846153846153846
S1_D13_P1,S1_D13,1,14,3,107,YGRGGBGBRBBBB,YGRBGRBGBBBBB,0.7692307692307692
S1_D13_P1,S1_D13,1,14,4,108,GYRYGBBRBBRBB,GYRGYRBRBBBBB,0.6923076923076923
S1_D13_P1,S1_D13,1,14,5,109,YGRBYGBBRBBBB,YGRBYGRBYGBGR,0.6153846153846154
S1_D13_P1,S1_D13,1,14,6,110,GRGYGBBGBBBBB,GRGYGBYBBYBBB,0.7692307692307692
S1_D13_P1,S1_D13,1,14,7,111,YGRBYGRBYBRBR,YGRBYGRBYBRBY,0.9230769230769232
S1_D13_P1,S1_D13,1,14,8,112,GYBBGRBBGBBYB,GYBBGRBBGBYBY,0.8461538461538461
S1_D13_P1,S1_D13,1,15,1,113,BYBGBBBGGGRYR,BYGBYBBYRYBBB,0.3846153846153846
S1_D13_P1,S1_D13,1,15,2,114,RBBRBBRBGRGRB,RBBRBBRBGRBGR,0.8461538461538461
S1_D13_P1,S1_D13,1,15,3,115,BBBYRBBRBBGBB,BBBYBBRBBGBBR,0.8461538461538461
S1_D13_P1,S1_D13,1,15,4,116,RBBRGBRRBRBBY,RRBRYRBYBBRBY,0.5384615384615384
S1_D13_P1,S1_D13,1,15,5,117,BBYBRBBGBBBBB,BBYBBRBBGBBBB,0.8461538461538461
S1_D13_P1,S1_D13,1,15,6,118,RBBRGBRRBRRYY,RBBYRBBYBGBBB,0.3846153846153846
S1_D13_P1,S1_D13,1,15,7,119,BBYRBBRBBBBBB,BBRYBBRBBBBBB,0.8461538461538461
S1_D13_P1,S1_D13,1,15,8,120,BBYRBBRBBBBBB,BBYRBBRBBBBBB,1.0
S1_D13_P2,S1_D13,2,1,1,1,YYGRBGGBRBGBG,YYRYBGRRGYBRR,0.3846153846153846
S1_D13_P2,S1_D13,2,1,2,2,GRBBRGRBRGBRY,GGRBYGRRBRGYB,0.4615384615384615
S1_D13_P2,S1_D13,2,1,3,3,YRYYRGBRYGRBR,YYRYBGRYGBBBB,0.4615384615384615
S1_D13_P2,S1_D13,2,1,4,4,GRBYYGRRBYGRB,GRBYYGRGBYRBB,0.7692307692307692
S1_D13_P2,S1_D13,2,1,5,5,YYGRGYGRBBBBB,YGRGYYRBBBBBB,0.7692307692307692
S1_D13_P2,S1_D13,2,1,6,6,YGRBYYGRBGRYB,YGRBYGRBYGBBB,0.6923076923076923
S1_D13_P2,S1_D13,2,1,7,7,YGRYGRBBBBBBB,YGRRYGRBBBBBB,0.8461538461538461
S1_D13_P2,S1_D13,2,1,8,8,YGRBYGRBGBBBB,YGRBYGRBGBBBB,1.0
S1_D13_P2,S1_D13,2,2,1,9,BBRGBGYGRGYRB,BGRBGRBYRYGBB,0.3846153846153846
S1_D13_P2,S1_D13,2,2,2,10,YGRYGBGBBRBBB,YGRYGRGBBGBBB,0.8461538461538461
S1_D13_P2,S1_D13,2,2,3,11,BGRBGRBYRBYGB,BBGRBGRYRYRBY,0.6153846153846154
S1_D13_P2,S1_D13,2,2,4,12,YGRYGRGBBGBGB,YGRYGRRBBBBGB,0.8461538461538461
S1_D13_P2,S1_D13,2,2,5,13,BGBBGRBYGRBYG,BGRBYRYRYRBBB,0.4615384615384615
S1_D13_P2,S1_D13,2,2,6,14,YGRBBBBBBGBBG,YGRBBBGBBBGBB,0.8461538461538461
S1_D13_P2,S1_D13,2,2,7,15,BGRBGRYRYRBBB,BGRBGRYYRYRYY,0.6923076923076923
S1_D13_P2,S1_D13,2,2,8,16,YGRBGBBBGRBGB,YGRGYRYGBGBBB,0.4615384615384615
S1_D13_P2,S1_D13,2,3,1,17,YBRYGRYRRGGGR,YRBGBGGGRGRYY,0.3076923076923077
S1_D13_P2,S1_D13,2,3,2,18,YYRBBRGYYRYYY,YRRBGRBYYRYYY,0.7692307692307692
S1_D13_P2,S1_D13,2,3,3,19,YBYRGRGRYRYYR,YYRYGRBRYRYYY,0.6923076923076923
S1_D13_P2,S1_D13,2,3,4,20,YRGYYRYBRYBYY,YRGYRGYYBGRBB,0.4615384615384615
S1_D13_P2,S1_D13,2,3,5,21,YYRYGBYYRYGRB,YYRYYGYYBBGRY,0.6153846153846154
S1_D13_P2,S1_D13,2,3,6,22,YRGYGYRBRBYBY,YYRGYRYBBGRYY,0.5384615384615384
S1_D13_P2,S1_D13,2,3,7,23,YGRYGBYRYGYGY,YGRYGYGRGYGBB,0.6153846153846154
S1_D13_P2,S1_D13,2,3,8,24,YYRBYYRGYRRBB,YYRGRYGBGRBBB,0.5384615384615384
S1_D13_P2,S1_D13,2,4,1,25,YYRGRYYRRGRGR,YYRGRYYGRBGBB,0.6153846153846154
S1_D13_P2,S1_D13,2,4,2,26,GGGGGBBRYRYGB,GGGGGBBGRYRYR,0.7692307692307692
S1_D13_P2,S1_D13,2,4,3,27,YYRGYBGBYRBBB,YRRGYRGYRYBBB,0.6923076923076923
S1_D13_P2,S1_D13,2,4,4,28,GGGGGBRYRYRYR,GGGGGBBGGYRYR,0.7692307692307692
S1_D13_P2,S1_D13,2,4,5,29,YRGYRYYBBBBBB,YRGYRGYRYBBBB,0.7692307692307692
S1_D13_P2,S1_D13,2,4,6,30,GGGGGBBGYRYRY,GGGGGBBGYRYRR,0.9230769230769232
S1_D13_P2,S1_D13,2,4,7,31,YRGYRGYRBBYBB,YRGYRGYRGBGRB,0.7692307692307692
S1_D13_P2,S1_D13,2,4,8,32,GGGGGBBGYRYRB,GGGGGBBGBYRYR,0.8461538461538461
S1_D13_P2,S1_D13,2,5,1,33,RRYGRBGGYGRRY,RRYGRRBYRBBBB,0.3846153846153846
S1_D13_P2,S1_D13,2,5,2,34,YRBRYRBYRYRBR,YRBYRBGRBYBBB,0.6153846153846154
S1_D13_P2,S1_D13,2,5,3,35,RYRRBYRBRBYRB,RYGRYRGRBBBGB,0.5384615384615384
S1_D13_P2,S1_D13,2,5,4,36,YRBYRBYRGBGBR,YGRYGRYBYRYGR,0.4615384615384615
S1_D13_P2,S1_D13,2,5,5,37,YRGYRGBGBRGBR,YGRRGRYGRBBBR,0.4615384615384615
S1_D13_P2,S1_D13,2,5,6,38,YRGYRGBYRYGBG,YRGYRGYRGBBRB,0.6153846153846154
S1_D13_P2,S1_D13,2,5,7,39,YGRYGRBRBRBRB,YGRYGRBRBBRBB,0.8461538461538461
S1_D13_P2,S1_D13,2,5,8,40,YRGYRGBBBRBBR,YRGYRGRBGBBBB,0.6923076923076923
S1_D13_P2,S1_D13,2,6,1,41,RGGRYBYRGBYRG,RGYRGRBGRBRBR,0.3846153846153846
S1_D13_P2,S1_D13,2,6,2,42,RRGRGRBYGRBYB,RRGRGRYRRRGBB,0.6153846153846154
S1_D13_P2,S1_D13,2,6,3,43,RGYRGBRBRBRBR,RYGRBBGBRGBBB,0.4615384615384615
S1_D13_P2,S1_D13,2,6,4,44,YRRGRRYRBRBRB,YGRYRGRBRBBBB,0.5384615384615384
S1_D13_P2,S1_D13,2,6,5,45,YRGRYRBRBYBBB,YRGYRGRRBGBBB,0.6923076923076923
S1_D13_P2,S1_D13,2,6,6,46,YGRYGRYBRBBBB,YGRRYGRBBBBBB,0.7692307692307692
S1_D13_P2,S1_D13,2,6,7,47,YRGYRGRBRGBBB,YRGYRGBGBBBBB,0.6923076923076923
S1_D13_P2,S1_D13,2,6,8,48,YRYGRBBBBBBBB,YRGYRBBBBBBBB,0.8461538461538461
S1_D13_P2,S1_D13,2,7,1,49,BGGGGBYYGGGRG,BGBGGGGYGGGRG,0.7692307692307692
S1_D13_P2,S1_D13,2,7,2,50,YRGBRBRBGBGBB,YRGRYRGBBGBBB,0.6153846153846154
S1_D13_P2,S1_D13,2,7,3,51,GBBBBGRYGGGGG,GYBGGGGGBYGGG,0.4615384615384615
S1_D13_P2,S1_D13,2,7,4,52,YRGRYRGBGBBGB,YRGBBGRBGBBBB,0.6153846153846154
S1_D13_P2,S1_D13,2,7,5,53,GYBGYGBGGGGBG,GYBGGGGGGGBGG,0.7692307692307692
S1_D13_P2,S1_D13,2,7,6,54,YGBBRGBRGBBGB,YBBBBGBRBBBBB,0.6923076923076923
S1_D13_P2,S1_D13,2,7,7,55,GYGBGGGGBGBGB,GYBGBGBGBGBBB,0.6923076923076923
S1_D13_P2,S1_D13,2,7,8,56,YRBBBBYRGRBBB,YRBBBBBBYBBGB,0.6153846153846154
S1_D13_P2,S1_D13,2,8,1,57,RBBRYRYBRBGGR,RBBGBRYRBRBYR,0.6153846153846154
S1_D13_P2,S1_D13,2,8,2,58,GYBGGBBGYBGBY,GYBBGGGYBGBRB,0.6153846153846154
S1_D13_P2,S1_D13,2,8,3,59,YRBRBRBRYRBRB,YRBYRBRGRBRBB,0.6923076923076923
S1_D13_P2,S1_D13,2,8,4,60,GYBGBBGBYRBGB,YBGBGRBRBBBBR,0.4615384615384615
S1_D13_P2,S1_D13,2,8,5,61,YRBRBYRGRGBRB,YYRRBRBGRBRBB,0.5384615384615384
S1_D13_P2,S1_D13,2,8,6,62,YRBGBRYRBRBRG,YRBGBGRBGRBBB,0.6153846153846154
S1_D13_P2,S1_D13,2,8,7,63,YYRRGRBRBGRBR,YRYGRYYYGBRBB,0.4615384615384615
S1_D13_P2,S1_D13,2,8,8,64,YRGBRYRBGBGBG,YRGYRGBBGBBBB,0.6153846153846154
S1_D13_P2,S1_D13,2,9,1,65,GBGGGBGGYGRYY,GGBGGGGYRYRYY,0.6153846153846154
S1_D13_P2,S1_D13,2,9,2,66,BBBGRYGRBRYRB,BGRBGBYBBBBBY,0.3076923076923077
S1_D13_P2,S1_D13,2,9,3,67,GGRGYRGBYGRGR,GRGGYRGGBBGBB,0.4615384615384615
S1_D13_P2,S1_D13,2,9,4,68,BGRBYBYBBBBBB,BGRBBBBBGBBBB,0.7692307692307692
S1_D13_P2,S1_D13,2,9,5,69,YRGRYBGBGBBBB,YRGRBBGBRBBBB,0.8461538461538461
S1_D13_P2,S1_D13,2,9,6,70,BGRBGBBBBBBBB,BGRBGBBBBBBBB,1.0
S1_D13_P2,S1_D13,2,9,7,71,YRBRGBGBBGBRG,YRGBRBBGBBBBR,0.6923076923076923
S1_D13_P2,S1_D13,2,9,8,72,BRBGBBBGBBBBB,GBRBBGBBBBBBB,0.6923076923076923
S1_D13_P2,S1_D13,2,10,1,73,BYYGYBRYYYGRB,BYGRYBBYBBRBB,0.4615384615384615
S1_D13_P2,S1_D13,2,10,2,74,GYYRYGYYBGBYB,GYYRYRBBBGBBY,0.6153846153846154
S1_D13_P2,S1_D13,2,10,3,75,YBRYRBBRBYBRB,YRGBBRBGBRBBB,0.5384615384615384
S1_D13_P2,S1_D13,2,10,4,76,YRGBRBBBRYBBB,YRGBRBBBGBBBB,0.8461538461538461
S1_D13_P2,S1_D13,2,10,5,77,YRGRBGBBRBRBB,YRGRBBGBBRBBB,0.8461538461538461
S1_D13_P2,S1_D13,2,10,6,78,YRGRBGBGBRGRY,YRGBRBGBRBBBB,0.5384615384615384
S1_D13_P2,S1_D13,2,10,7,79,YRGRBGBBGBRBB,YRGBRBGBBBBBB,0.7692307692307692
S1_D13_P2,S1_D13,2,10,8,80,YRGRBRBBRBBBB,YRGBRBGBRBBBR,0.7692307692307692
S1_D13_P2,S1_D13,2,11,1,81,YBRYGBBBRRBRG,YBRYBRBGBRBBB,0.5384615384615384
S1_D13_P2,S1_D13,2,11,2,82,GBGRBGBBRBRGY,GBGRYGRBBRGBB,0.6153846153846154
S1_D13_P2,S1_D13,2,11,3,83,YRBYBRYBRGBBB,YRBGRBBGBBRBB,0.5384615384615384
S1_D13_P2,S1_D13,2,11,4,84,GBRGBGBRYRBGB,GBGBRBYRBBGBB,0.6153846153846154
S1_D13_P2,S1_D13,2,11,5,85,YRBRBBGRBGBBR,YRBGRBBBRGBRB,0.6153846153846154
S1_D13_P2,S1_D13,2,11,6,86,GBGBGRBYRGYBR,GGBGRYRYYBYYY,0.5384615384615384
S1_D13_P2,S1_D13,2,11,7,87,YGRBRBGRBRBGR,YRBRBGRBRYYBY,0.6153846153846154
S1_D13_P2,S1_D13,2,11,8,88,GBGYRYYRYRYBY,GBGRYRYYGYYGY,0.6923076923076923
S1_D13_P2,S1_D13,2,12,1,89,GBYGYYYYBRYYY,GBGYYYYBYYYYY,0.7692307692307692
S1_D13_P2,S1_D13,2,12,2,90,BGRYRBGBBRBRB,BRBYRYGBBBGBB,0.5384615384615384
S1_D13_P2,S1_D13,2,12,3,91,GYBGBYBYYYYYY,GYBGYRYYYYYYY,0.7692307692307692
S1_D13_P2,S1_D13,2,12,4,92,YRBGBRYRBBGBR,YRBGBRBBGBBRB,0.6923076923076923
S1_D13_P2,S1_D13,2,12,5,93,GYRYGRBGBYRBG,GYRYGBBRGBBBR,0.6153846153846154
S1_D13_P2,S1_D13,2,12,6,94,YRBRYRGRBRGBR,YRBGRBBGBRBYB,0.4615384615384615
S1_D13_P2,S1_D13,2,12,7,95,GYRBGRBGBGBRB,GYRGYRGBBRBBG,0.5384615384615384
S1_D13_P2,S1_D13,2,12,8,96,YRGRBYRGYBYBY,YRGRYGRGBBBRB,0.5384615384615384
S1_D13_P2,S1_D13,2,13,1,97,GRGBYRRYYRGGR,YGRGYRBGBBRBB,0.3076923076923077
S1_D13_P2,S1_D13,2,13,2,98,YRGGRGBGYRGRB,YGRRGYBGRBGBB,0.5384615384615384
S1_D13_P2,S1_D13,2,13,3,99,YGRYRGYRBGBGB,YGRGYBGBRGBBB,0.6153846153846154
S1_D13_P2,S1_D13,2,13,4,100,YGRYRGBRBRBBG,YGRYGRBGBBRBG,0.6923076923076923
S1_D13_P2,S1_D13,2,13,5,101,YRGRYRGBBGBBB,YRGYRGBBGBBBB,0.8461538461538461
S1_D13_P2,S1_D13,2,13,6,102,YGRYGRYGBGRGB,YGRYGRYGRGBBG,0.6923076923076923
S1_D13_P2,S1_D13,2,13,7,103,YRGYRGBBGBBBB,RGYRGRBBRBBBR,0.6923076923076923
S1_D13_P2,S1_D13,2,13,8,104,YGRYRYGRGBBBG,YGRGYGBBGBBBR,0.6153846153846154
S1_D13_P2,S1_D13,2,14,1,105,RBGGGBYBYYBBB,RBGRRYRBYBBRB,0.5384615384615384
S1_D13_P2,S1_D13,2,14,2,106,YRGGYBRBBRGGB,YGRGGBGBRBBBB,0.5384615384615384
S1_D13_P2,S1_D13,2,14,3,107,GRYBRGRBBRBBR,GYRYGBBRBBRBB,0.6153846153846154
S1_D13_P2,S1_D13,2,14,4,108,YGRBGRBGBBBBB,YGRBYGBBRBBBB,0.6923076923076923
S1_D13_P2,S1_D13,2,14,5,109,GYRGYRBRBBBBB,GRGYGBBGBBBBB,0.6923076923076923
S1_D13_P2,S1_D13,2,14,6,110,YGRBYGRBYGBGR,YGRBYGRBYBRBR,0.7692307692307692
S1_D13_P2,S1_D13,2,14,7,111,GRGYGBYBBYBBB,GYBBGRBBGBBYB,0.4615384615384615
S1_D13_P2,S1_D13,2,14,8,112,YGRBYGRBYBRBY,YGRBYGRBYBRGR,0.8461538461538461
S1_D13_P2,S1_D13,2,15,1,113,RBBRRRGRRGRBB,RBBRBBRBGRGRB,0.6153846153846154
S1_D13_P2,S1_D13,2,15,2,114,BYGBYBBYRYBBB,BBBYRBBRBBGBB,0.5384615384615384
S1_D13_P2,S1_D13,2,15,3,115,RBBRBBRBGRBGR,RBBRGBRRBRBBY,0.6153846153846154
S1_D13_P2,S1_D13,2,15,4,116,BBBYBBRBBGBBR,BBYBRBBGBBBBB,0.6153846153846154
S1_D13_P2,S1_D13,2,15,5,117,RRBRYRBYBBRBY,RBBRGBRRBRRYY,0.4615384615384615
S1_D13_P2,S1_D13,2,15,6,118,BBYBBRBBGBBBB,BBYRBBRBBBBBB,0.8461538461538461
S1_D13_P2,S1_D13,2,15,7,119,RBBYRBBYBGBBB,BBYRBBRBBBBBB,0.6923076923076923
S1_D13_P2,S1_D13,2,15,8,120,BBRYBBRBBBBBB,BBRYBRBBBBBBB,0.8461538461538461
S1_D14_P1,S1_D14,1,1,1,1,GYBRRYRGGYYBB,GYBRRYRGGYYBR,0.9230769230769232
S1_D14_P1,S1_D14,1,1,2,2,RYBBRYBRBBGRG,RYBRYBBRBGRGG,0.6923076923076923
S1_D14_P1,S1_D14,1,1,3,3,GYYRGBYRBGYGR,GYRGYRGGBGRYY,0.5384615384615384
S1_D14_P1,S1_D14,1,1,4,4,RYBRYBBRBYBGG,RYBRYBRRBGGRG,0.6923076923076923
S1_D14_P1,S1_D14,1,1,5,5,GYRGYRGGBYRGG,GYRGYRBYRBGGG,0.6923076923076923
S1_D14_P1,S1_D14,1,1,6,6,RYBRYBRRBRBGG,RYBRYBRRBRBGG,1.0
S1_D14_P1,S1_D14,1,1,7,7,GYRGYRBBGBGGG,RGYRGYBBGBGGG,0.8461538461538461
S1_D14_P1,S1_D14,1,1,8,8,RYBRYBRRBRBGG,RYBRYBRRBRBGG,1.0
S1_D14_P1,S1_D14,1,2,1,9,YGRYYBGBBRBRY,RGYYBBRBGBRGB,0.4615384615384615
S1_D14_P1,S1_D14,1,2,2,10,BYYYYRBYRBGBG,BYYYYRBYRBGBG,1.0
S1_D14_P1,S1_D14,1,2,3,11,RGYYRRBGRBGBG,RGYYRRBGBGRBG,0.8461538461538461
S1_D14_P1,S1_D14,1,2,4,12,RYYYYRBYRBGBG,RYYYYBRYBGBGG,0.6923076923076923
S1_D14_P1,S1_D14,1,2,5,13,RYYGBRYBGRBGG,RYYBGBGRBGGBG,0.6153846153846154
S1_D14_P1,S1_D14,1,2,6,14,RYYYBYRYBGBGB,RYYBYRYBGBGBG,0.8461538461538461
S1_D14_P1,S1_D14,1,2,7,15,RYYBGGRGBGBBG,RYYBGGRBGBGBG,0.8461538461538461
S1_D14_P1,S1_D14,1,2,8,16,RYYBRYBGBGBGB,RYYBRYBGGBGBG,0.8461538461538461
S1_D14_P1,S1_D14,1,3,1,17,BGRYRBRYRRRYG,BGRYRBGBGRYGB,0.6153846153846154
S1_D14_P1,S1_D14,1,3,2,18,RYYBGBRYBGBGR,RYYBGBYRBGGBG,0.6923076923076923
S1_D14_P1,S1_D14,1,3,3,19,BGRYRBGBRBGYR,BGRYBGRGRYRYB,0.5384615384615384
S1_D14_P1,S1_D14,1,3,4,20,RYYBGRYBGBGGG,RYYBRBGBRBGGG,0.6923076923076923
S1_D14_P1,S1_D14,1,3,5,21,BGRYBGGRBYGBG,BGRYBGGRBYGRG,0.9230769230769232
S1_D14_P1,S1_D14,1,3,6,22,RYYBRYBGBGGGG,RYBRYBGBGGGGG,0.8461538461538461
S1_D14_P1,S1_D14,1,3,7,23,BGRYBGGRBYGRG,BGRYBGGRBYGRG,1.0
S1_D14_P1,S1_D14,1,3,8,24,RYBRYGBGGBGGG,RYBRYGGBGGGGG,0.8461538461538461
S1_D14_P1,S1_D14,1,4,1,25,GGRBGGGBRGYRY,GGRBGGBRGYRYR,0.8461538461538461
S1_D14_P1,S1_D14,1,4,2,26,RYYBGYRYYBGYY,RYYBGBBRYYYYY,0.6923076923076923
S1_D14_P1,S1_D14,1,4,3,27,GGBRGBRYGYGRG,GGBRGBRGYYGGR,0.6923076923076923
S1_D14_P1,S1_D14,1,4,4,28,RYYBGBRYYYYYY,RBGRBRYYYYYYY,0.6923076923076923
S1_D14_P1,S1_D14,1,4,5,29,GGBRGGYBRYGRY,GGBRGBGYBRYRY,0.8461538461538461
S1_D14_P1,S1_D14,1,4,6,30,RBGRBYRGYYYYY,RBGRBYRGYYYYY,1.0
S1_D14_P1,S1_D14,1,4,7,31,GGBRGBGRRYRYY,GGBRGRBGYYRGR,0.6153846153846154
S1_D14_P1,S1_D14,1,4,8,32,RBGRBYGRYYYYY,RBGRBYRGYYYYY,0.8461538461538461
S1_D14_P1,S1_D14,1,5,1,33,YGYGYBBYRGBYY,GYGYBRYRGRGYG,0.6153846153846154
S1_D14_P1,S1_D14,1,5,2,34,RRBGBYBYYGBBG,RRBGBYYRBRGBR,0.5384615384615384
S1_D14_P1,S1_D14,1,5,3,35,GYGYBRYBGYGYG,GYGYBRYBGYGYG,1.0
S1_D14_P1,S1_D14,1,5,4,36,RRBGRBYBYYGBR,RRBGRBYBYGYYG,0.6923076923076923
S1_D14_P1,S1_D14,1,5,5,37,GYGYBRBYRYGYG,GGYBRBYYRYYBG,0.6923076923076923
S1_D14_P1,S1_D14,1,5,6,38,RRBGRBYGYGYGY,RRBGRBYGYRYGY,0.9230769230769232
S1_D14_P1,S1_D14,1,5,7,39,GGBRGBYRBYYGB,GGBRGBYRGYBGB,0.8461538461538461
S1_D14_P1,S1_D14,1,5,8,40,RRBGRBYGYRYGY,RRBGRBYRGYGGB,0.6923076923076923
S1_D14_P1,S1_D14,1,6,1,41,RBYYGRYGGYRRB,RBYYGRYGYGBGB,0.6923076923076923
S1_D14_P1,S1_D14,1,6,2,42,YBGRYBYYRBGRY,BYGRYYRBGYBRY,0.5384615384615384
S1_D14_P1,S1_D14,1,6,3,43,RBYYGRYRBGBGB,RBYYGRBGBGBGB,0.8461538461538461
S1_D14_P1,S1_D14,1,6,4,44,BYGRBYRGBYGRY,BYGRBYRGBYGRY,1.0
S1_D14_P1,S1_D14,1,6,5,45,RBYYRBGBGBGBG,RBYYRBGBGBGBG,1.0
S1_D14_P1,S1_D14,1,6,6,46,BYGRBGRGYRBGY,BYGRYRGBGRYGB,0.5384615384615384
S1_D14_P1,S1_D14,1,6,7,47,RBYYRBGBRBGBG,RBYRRBGBRBGBG,0.9230769230769232
S1_D14_P1,S1_D14,1,6,8,48,BYGRYGBRYGBBY,BYGRYGBRYGRBY,0.9230769230769232
S1_D14_P1,S1_D14,1,7,1,49,BRRGRGBRYYGBB,BRRGBGRYYGYBB,0.7692307692307692
S1_D14_P1,S1_D14,1,7,2,50,RGBRRGBGBRYYY,RGBRGRBRYYYYY,0.6153846153846154
S1_D14_P1,S1_D14,1,7,3,51,BGRBGYRBGRYYY,BGRBGYRBGBGRY,0.7692307692307692
S1_D14_P1,S1_D14,1,7,4,52,RBGRYBRGYYYYY,RYBGRBGRYYYYY,0.6923076923076923
S1_D14_P1,S1_D14,1,7,5,53,BGRBYYRYBGRBG,BGRBYYRYBGRYG,0.9230769230769232
S1_D14_P1,S1_D14,1,7,6,54,RBGYRBGBRYYYY,RBGRBBGRYRGBY,0.5384615384615384
S1_D14_P1,S1_D14,1,7,7,55,BGRBRYYRBGBGY,BGRBRBRYYRYGY,0.6153846153846154
S1_D14_P1,S1_D14,1,7,8,56,RBGBBRYBGRYBG,BBGRBYRYGRBYB,0.5384615384615384
S1_D14_P1,S1_D14,1,8,1,57,YGGBGBBYYGGRB,YGGBGBBGBGYYG,0.6153846153846154
S1_D14_P1,S1_D14,1,8,2,58,RBRBYRRGBGRYG,RBRBYGBGBGRGY,0.6923076923076923
S1_D14_P1,S1_D14,1,8,3,59,YGGBGYYGBYYGY,YGGBGYGYBGYYG,0.6923076923076923
S1_D14_P1,S1_D14,1,8,4,60,RBRBYGGRYGYRG,RRBYGRYGGRGYG,0.6153846153846154
S1_D14_P1,S1_D14,1,8,5,61,YGBRYGBGYGYGY,YGBRYGBGYGYGY,1.0
S1_D14_P1,S1_D14,1,8,6,62,RRBGRBYRBGYGR,RRBGRBYGRYGYG,0.7692307692307692
S1_D14_P1,S1_D14,1,8,7,63,YGBRYGRYBGYGY,GBRYGRYYGBRYY,0.6153846153846154
S1_D14_P1,S1_D14,1,8,8,64,RRBGRBGYRYGYG,RRBGRBGYGYGYG,0.9230769230769232
S1_D14_P1,S1_D14,1,9,1,65,BBGGRYRRGRGRY,BBGGRYRRGRGYG,0.8461538461538461
S1_D14_P1,S1_D14,1,9,2,66,GBYYGBGYBRYGR,GBYYGBGBRGYBR,0.7692307692307692
S1_D14_P1,S1_D14,1,9,3,67,BBGGRYRBGRYGY,BBGGRYRBGRYBY,0.9230769230769232
S1_D14_P1,S1_D14,1,9,4,68,GBYYGBRYBGYRY,GBYYGBRYRBGYB,0.7692307692307692
S1_D14_P1,S1_D14,1,9,5,69,BBGGRYRBGRYRY,BBGGRYRBGRYGB,0.8461538461538461
S1_D14_P1,S1_D14,1,9,6,70,GBYYGRYBGRYRB,GBYYGYRBGYRBY,0.6923076923076923
S1_D14_P1,S1_D14,1,9,7,71,BBGGRYRBGYRGY,BBGGRYRBGYRGY,1.0
S1_D14_P1,S1_D14,1,9,8,72,GBYYGBYRBYRYG,GBYYGRYBGYBRY,0.6153846153846154
S1_D14_P1,S1_D14,1,10,1,73,YGGGRGYYGGBGB,YGGGRGYYGRGGB,0.8461538461538461
S1_D14_P1,S1_D14,1,10,2,74,BYGBYRYRBGBYG,BYGBYRBYRYGRB,0.6153846153846154
S1_D14_P1,S1_D14,1,10,3,75,YGGGRGYGRYGBB,YGGGRGYGGYRGB,0.7692307692307692
S1_D14_P1,S1_D14,1,10,4,76,BYGBYRBGYRBYG,BGYBGRRYYBGYB,0.3846153846153846
S1_D14_P1,S1_D14,1,10,5,77,YGGGRGYGYYGRG,YGGGRGYYYGRYG,0.8461538461538461
S1_D14_P1,S1_D14,1,10,6,78,BGYBGRYGBGYGG,BGYBGRBYYGBRY,0.6153846153846154
S1_D14_P1,S1_D14,1,10,7,79,YGGGRGYYYGRYG,YGGGRGYYYGRYR,0.9230769230769232
S1_D14_P1,S1_D14,1,10,8,80,BGRBYRGBYGYGB,BGRBYRYBGRYRY,0.6153846153846154
S1_D14_P1,S1_D14,1,11,1,81,YYYYRRRYGYGBY,YYYYRRRYGYBGB,0.8461538461538461
S1_D14_P1,S1_D14,1,11,2,82,YRBYBGBRBYGRB,YBRYGBYRGBGBR,0.3846153846153846
S1_D14_P1,S1_D14,1,11,3,83,YYYRRYGBYGYBY,YYYRRYGBYGYGY,0.9230769230769232
S1_D14_P1,S1_D14,1,11,4,84,YBRYBGRYBGRYG,YBRYBGYRYBGYG,0.8461538461538461
S1_D14_P1,S1_D14,1,11,5,85,YYYRRYBYGYGYG,YYYRRYBYGYGYG,1.0
S1_D14_P1,S1_D14,1,11,6,86,YRBGBYGYBYGYG,YRBGYRGBYBGYG,0.6923076923076923
S1_D14_P1,S1_D14,1,11,7,87,YYYRRYBYGYGYG,YYYRRYBYGYGYG,1.0
S1_D14_P1,S1_D14,1,11,8,88,YRBGYRGBYGYGY,YRBGBRYGBGRGY,0.6923076923076923
S1_D14_P1,S1_D14,1,12,1,89,BYRYBBRBYYYRG,YRBYRYYBRYBGG,0.4615384615384615
S1_D14_P1,S1_D14,1,12,2,90,BBGRBGYRYBGRG,BBGRBGRGYRGYB,0.6153846153846154
S1_D14_P1,S1_D14,1,12,3,91,YRBRYYGBYGYGY,YRBRYYGYGYBYG,0.7692307692307692
S1_D14_P1,S1_D14,1,12,4,92,BBGRBGRGRYGRY,BBGRBGRGRYGRY,1.0
S1_D14_P1,S1_D14,1,12,5,93,YYRBRYYGYBYGY,YYRBYGBGYRGYG,0.5384615384615384
S1_D14_P1,S1_D14,1,12,6,94,BBGRBGRYGYYRG,BBGRBGRGYRYGB,0.6923076923076923
S1_D14_P1,S1_D14,1,12,7,95,YYRBYRGBGGYBY,YYRBYRGBYRGYR,0.6923076923076923
S1_D14_P1,S1_D14,1,12,8,96,BBGRBGRYGRYRG,BBGRBGYRGRYBG,0.7692307692307692
S1_D14_P1,S1_D14,1,13,1,97,YGBRBRGBYGRBB,YGBRBGRBYRYGY,0.5384615384615384
S1_D14_P1,S1_D14,1,13,2,98,GBBBYRBGRRYRR,GBBBYRBGYRYRY,0.8461538461538461
S1_D14_P1,S1_D14,1,13,3,99,YGBRBGRYGBYGY,GBRBGYRYBYBGB,0.6153846153846154
S1_D14_P1,S1_D14,1,13,4,100,GBBBRYBGBRYRY,GBBBYRBGYRGYR,0.6153846153846154
S1_D14_P1,S1_D14,1,13,5,101,GBRBYBGBYGBRB,GBRYBRBGYGRGY,0.5384615384615384
S1_D14_P1,S1_D14,1,13,6,102,GBBBRYGRYGRYG,GBBBRYGRYGRYG,1.0
S1_D14_P1,S1_D14,1,13,7,103,GBRYRBGRYYGRB,GBRYBGRGRGYBY,0.6153846153846154
S1_D14_P1,S1_D14,1,13,8,104,GBBBRYGRYGRYG,GBBBRYGRYGRYG,1.0
S1_D14_P1,S1_D14,1,14,1,105,RBRGGYBYRYBGR,GBBRYGRBRYGYR,0.4615384615384615
S1_D14_P1,S1_D14,1,14,2,106,RBGRYYYRBGRYR,RBGRYYYBRYRGR,0.6923076923076923
S1_D14_P1,S1_D14,1,14,3,107,GBRYYGRBGRGBG,GBRYYGRBGRYBY,0.8461538461538461
S1_D14_P1,S1_D14,1,14,4,108,RBGRYYYYBGRYG,BGRYYBRYGRGYG,0.6153846153846154
S1_D14_P1,S1_D14,1,14,5,109,GBRYGRGBGYGRG,GBRYGBYYRBGGY,0.4615384615384615
S1_D14_P1,S1_D14,1,14,6,110,GBYRGYGRGYBBY,GBRYGYGRBBRGY,0.5384615384615384
S1_D14_P1,S1_D14,1,14,7,111,GBRYGBYRGBGRY,YRBYBGBGRRGYY,0.3846153846153846
S1_D14_P1,S1_D14,1,14,8,112,GBRYGYRBGRGBG,GBRYGRBYGRRGR,0.6153846153846154
S1_D14_P1,S1_D14,1,15,1,113,BGGRBRGRBYRYR,BGGRBRGBGRYRY,0.7692307692307692
S1_D14_P1,S1_D14,1,15,2,114,GRYBRBRGYRBGR,GRYBRBRGRBBRB,0.7692307692307692
S1_D14_P1,S1_D14,1,15,3,115,BGRBGRGBGRYRY,BGRBGRYRGRYRY,0.8461538461538461
S1_D14_P1,S1_D14,1,15,4,116,GRYBRBRGRRBRG,GRYBRBRGRRBRG,1.0
S1_D14_P1,S1_D14,1,15,5,117,BGRBGRYRGYRGR,BGRBGRYGRYGRG,0.6923076923076923
S1_D14_P1,S1_D14,1,15,6,118,GRYBRBRGRRBRG,GRYBRBRGRRBRG,1.0
S1_D14_P1,S1_D14,1,15,7,119,BGRBGRYGRYRGY,BGRBGRYGRYGRG,0.8461538461538461
S1_D14_P1,S1_D14,1,15,8,120,GRYBRBRGRRBRG,GRYBRBRGRRBRG,1.0
S1_D14_P2,S1_D14,2,1,1,1,RRYBRBRBRGGRB,RYBBRYBRBBGRG,0.5384615384615384
S1_D14_P2,S1_D14,2,1,2,2,GYBRRYRGGYYBR,GYYRGBYRBGYGR,0.5384615384615384
S1_D14_P2,S1_D14,2,1,3,3,RYBRYBBRBGRGG,RYBRYBBRBYBGG,0.8461538461538461
S1_D14_P2,S1_D14,2,1,4,4,GYRGYRGGBGRYY,GYRGYRGGBYRGG,0.7692307692307692
S1_D14_P2,S1_D14,2,1,5,5,RYBRYBRRBGGRG,RYBRYBRRBRBGG,0.7692307692307692
S1_D14_P2,S1_D14,2,1,6,6,GYRGYRBYRBGGG,GYRGYRBBGBGGG,0.8461538461538461
S1_D14_P2,S1_D14,2,1,7,7,RYBRYBRRBRBGG,RYBRYBRRBRBGG,1.0
S1_D14_P2,S1_D14,2,1,8,8,RGYRGYBBGBGGG,RYGRYGBBGBGGG,0.6923076923076923
S1_D14_P2,S1_D14,2,2,1,9,BYYYYRYRBGBGY,BYYYYRBYRBGBG,0.8461538461538461
S1_D14_P2,S1_D14,2,2,2,10,RGYYBBRBGBRGB,RGYYRRBGRBGBG,0.6153846153846154
S1_D14_P2,S1_D14,2,2,3,11,BYYYYRBYRBGBG,RYYYYRBYRBGBG,0.9230769230769232
S1_D14_P2,S1_D14,2,2,4,12,RGYYRRBGBGRBG,RYYGBRYBGRBGG,0.5384615384615384
S1_D14_P2,S1_D14,2,2,5,13,RYYYYBRYBGBGG,RYYYBYRYBGBGB,0.7692307692307692
S1_D14_P2,S1_D14,2,2,6,14,RYYBGBGRBGGBG,RYYBGGRGBGBBG,0.7692307692307692
S1_D14_P2,S1_D14,2,2,7,15,RYYBYRYBGBGBG,RYYBRYBGBGBGB,0.8461538461538461
S1_D14_P2,S1_D14,2,2,8,16,RYYBGGRBGBGBG,RYYBGRYRBGBGB,0.7692307692307692
S1_D14_P2,S1_D14,2,3,1,17,RYRBYGBBYRBRG,RYYBGBRYBGBGR,0.4615384615384615
S1_D14_P2,S1_D14,2,3,2,18,BGRYRBGBGRYGB,BGRYRBGBRBGYR,0.6923076923076923
S1_D14_P2,S1_D14,2,3,3,19,RYYBGBYRBGGBG,RYYBGRYBGBGGG,0.6923076923076923
S1_D14_P2,S1_D14,2,3,4,20,BGRYBGRGRYRYB,BGRYBGGRBYGBG,0.6153846153846154
S1_D14_P2,S1_D14,2,3,5,21,RYYBRBGBRBGGG,RYYBRYBGBGGGG,0.7692307692307692
S1_D14_P2,S1_D14,2,3,6,22,BGRYBGGRBYGRG,BGRYBGGRBYGRG,1.0
S1_D14_P2,S1_D14,2,3,7,23,RYBRYBGBGGGGG,RYBRYGBGGBGGG,0.8461538461538461
S1_D14_P2,S1_D14,2,3,8,24,BGRYBGGRBYGRG,BGRYBGGRBYGRG,1.0
S1_D14_P2,S1_D14,2,4,1,25,YRYYGYYBGRGYG,RYYBGYRYYBGYY,0.4615384615384615
S1_D14_P2,S1_D14,2,4,2,26,GGRBGGBRGYRYR,GGBRGBRYGYGRG,0.5384615384615384
S1_D14_P2,S1_D14,2,4,3,27,RYYBGBBRYYYYY,RYYBGBRYYYYYY,0.8461538461538461
S1_D14_P2,S1_D14,2,4,4,28,GGBRGBRGYYGGR,GGBRGGYBRYGRY,0.5384615384615384
S1_D14_P2,S1_D14,2,4,5,29,RBGRBRYYYYYYY,RBGRBYRGYYYYY,0.7692307692307692
S1_D14_P2,S1_D14,2,4,6,30,GGBRGBGYBRYRY,GGBRGBGRRYRYY,0.7692307692307692
S1_D14_P2,S1_D14,2,4,7,31,RBGRBYRGYYYYY,RBGRBYGRYYYYY,0.8461538461538461
S1_D14_P2,S1_D14,2,4,8,32,GGBRGRBGYYRGR,GGBRGYBRGYYYB,0.6153846153846154
S1_D14_P2,S1_D14,2,5,1,33,RRRBGRGYYBYBG,RRBGBYBYYGBBG,0.5384615384615384
S1_D14_P2,S1_D14,2,5,2,34,GYGYBRYRGRGYG,GYGYBRYBGYGYG,0.8461538461538461
S1_D14_P2,S1_D14,2,5,3,35,RRBGBYYRBRGBR,RRBGRBYBYYGBR,0.6153846153846154
S1_D14_P2,S1_D14,2,5,4,36,GYGYBRYBGYGYG,GYGYBRBYRYGYG,0.7692307692307692
S1_D14_P2,S1_D14,2,5,5,37,RRBGRBYBYGYYG,RRBGRBYGYGYGY,0.7692307692307692
S1_D14_P2,S1_D14,2,5,6,38,GGYBRBYYRYYBG,GGBRGBYRBYYGB,0.5384615384615384
S1_D14_P2,S1_D14,2,5,7,39,RRBGRBYGYRYGY,RRBGRBYGYRYGY,1.0
S1_D14_P2,S1_D14,2,5,8,40,GGBRGBYRGYBGB,GGBRGBYRYRBGB,0.8461538461538461
S1_D14_P2,S1_D14,2,6,1,41,YBGRBRYRYYBBR,YBGRYBYYRBGRY,0.5384615384615384
S1_D14_P2,S1_D14,2,6,2,42,RBYYGRYGYGBGB,RBYYGRYRBGBGB,0.8461538461538461
S1_D14_P2,S1_D14,2,6,3,43,BYGRYYRBGYBRY,BYGRBYRGBYGRY,0.6923076923076923
S1_D14_P2,S1_D14,2,6,4,44,RBYYGRBGBGBGB,RBYYRBGBGBGBG,0.8461538461538461
S1_D14_P2,S1_D14,2,6,5,45,BYGRBYRGBYGRY,BYGRBGRGYRBGY,0.6153846153846154
S1_D14_P2,S1_D14,2,6,6,46,RBYYRBGBGBGBG,RBYYRBGBRBGBG,0.9230769230769232
S1_D14_P2,S1_D14,2,6,7,47,BYGRYRGBGRYGB,BYGRYGBRYGBBY,0.6923076923076923
S1_D14_P2,S1_D14,2,6,8,48,RBYRRBGBRBGBG,RBYYRBGRBGBGB,0.7692307692307692
S1_D14_P2,S1_D14,2,7,1,49,RGGRBGBBRRYYB,RGBRRGBGBRYYY,0.6153846153846154
S1_D14_P2,S1_D14,2,7,2,50,BRRGBGRYYGYBB,BGRBGYRBGRYYY,0.4615384615384615
S1_D14_P2,S1_D14,2,7,3,51,RGBRGRBRYYYYY,RBGRYBRGYYYYY,0.6923076923076923
S1_D14_P2,S1_D14,2,7,4,52,BGRBGYRBGBGRY,BGRBYYRYBGRBG,0.6153846153846154
S1_D14_P2,S1_D14,2,7,5,53,RYBGRBGRYYYYY,RBGYRBGBRYYYY,0.6923076923076923
S1_D14_P2,S1_D14,2,7,6,54,BGRBYYRYBGRYG,BGRBRYYRBGBGY,0.6153846153846154
S1_D14_P2,S1_D14,2,7,7,55,RBGRBBGRYRGBY,RBGBBRYBGRYBG,0.5384615384615384
S1_D14_P2,S1_D14,2,7,8,56,BGRBRBRYYRYGY,RRGBRYYRYRYGR,0.4615384615384615
S1_D14_P2,S1_D14,2,8,1,57,RBRBYRRGRGBGY,RBRBYRRGBGRYG,0.6923076923076923
S1_D14_P2,S1_D14,2,8,2,58,YGGBGBBGBGYYG,YGGBGYYGBYYGY,0.6923076923076923
S1_D14_P2,S1_D14,2,8,3,59,RBRBYGBGBGRGY,RBRBYGGRYGYRG,0.6153846153846154
S1_D14_P2,S1_D14,2,8,4,60,YGGBGYGYBGYYG,YGBRYGBGYGYGY,0.6153846153846154
S1_D14_P2,S1_D14,2,8,5,61,RRBYGRYGGRGYG,RRBGRBYRBGYGR,0.5384615384615384
S1_D14_P2,S1_D14,2,8,6,62,YGBRYGBGYGYGY,YGBRYGRYBGYGY,0.7692307692307692
S1_D14_P2,S1_D14,2,8,7,63,RRBGRBYGRYGYG,RRBGRBGYRYGYG,0.8461538461538461
S1_D14_P2,S1_D14,2,8,8,64,GBRYGRYYGBRYY,GBRYGRBGYRGYY,0.6923076923076923
S1_D14_P2,S1_D14,2,9,1,65,GBYBBYGYGBRGR,GBYYGBGYBRYGR,0.6153846153846154
S1_D14_P2,S1_D14,2,9,2,66,BBGGRYRRGRGYG,BBGGRYRBGRYGY,0.7692307692307692
S1_D14_P2,S1_D14,2,9,3,67,GBYYGBGBRGYBR,GBYYGBRYBGYRY,0.6153846153846154
S1_D14_P2,S1_D14,2,9,4,68,BBGGRYRBGRYBY,BBGGRYRBGRYRY,0.9230769230769232
S1_D14_P2,S1_D14,2,9,5,69,GBYYGBRYRBGYB,GBYYGRYBGRYRB,0.6923076923076923
S1_D14_P2,S1_D14,2,9,6,70,BBGGRYRBGRYGB,BBGGRYRBGYRGY,0.7692307692307692
S1_D14_P2,S1_D14,2,9,7,71,GBYYGYRBGYRBY,GBYYGBYRBYRYG,0.6923076923076923
S1_D14_P2,S1_D14,2,9,8,72,BBGGRYRBGYRGY,BBGGRYRBYGYRG,0.8461538461538461
S1_D14_P2,S1_D14,2,10,1,73,YGBGRBRYYRBBG,BYGBYRYRBGBYG,0.4615384615384615
S1_D14_P2,S1_D14,2,10,2,74,YGGGRGYYGRGGB,YGGGRGYGRYGBB,0.7692307692307692
S1_D14_P2,S1_D14,2,10,3,75,BYGBYRBYRYGRB,BYGBYRBGYRBYG,0.6923076923076923
S1_D14_P2,S1_D14,2,10,4,76,YGGGRGYGGYRGB,YGGGRGYGYYGRG,0.7692307692307692
S1_D14_P2,S1_D14,2,10,5,77,BGYBGRRYYBGYB,BGYBGRYGBGYGG,0.6923076923076923
S1_D14_P2,S1_D14,2,10,6,78,YGGGRGYYYGRYG,YGGGRGYYYGRYG,1.0
S1_D14_P2,S1_D14,2,10,7,79,BGYBGRBYYGBRY,BGRBYRGBYGYGB,0.5384615384615384
S1_D14_P2,S1_D14,2,10,8,80,YGGGRGYYYGRYR,YGGGRGYYYGRYR,1.0
S1_D14_P2,S1_D14,2,11,1,81,YBGBRBGBYBGYB,YRBYBGBRBYGRB,0.5384615384615384
S1_D14_P2,S1_D14,2,11,2,82,YYYYRRRYGYBGB,YYYRRYGBYGYBY,0.5384615384615384
S1_D14_P2,S1_D14,2,11,3,83,YBRYGBYRGBGBR,YBRYBGRYBGRYG,0.5384615384615384
S1_D14_P2,S1_D14,2,11,4,84,YYYRRYGBYGYGY,YYYRRYBYGYGYG,0.8461538461538461
S1_D14_P2,S1_D14,2,11,5,85,YBRYBGYRYBGYG,YRBGBYGYBYGYG,0.6153846153846154
S1_D14_P2,S1_D14,2,11,6,86,YYYRRYBYGYGYG,YYYRRYBYGYGYG,1.0
S1_D14_P2,S1_D14,2,11,7,87,YRBGYRGBYBGYG,YRBGYRGBYGYGY,0.8461538461538461
S1_D14_P2,S1_D14,2,11,8,88,YYYRRYBYGYGYG,YYYRRYBYGYBYG,0.9230769230769232
S1_D14_P2,S1_D14,2,12,1,89,BRRGRGBBYRRBR,BBGRBGYRYBGRG,0.4615384615384615
S1_D14_P2,S1_D14,2,12,2,90,YRBYRYYBRYBGG,YRBRYYGBYGYGY,0.5384615384615384
S1_D14_P2,S1_D14,2,12,3,91,BBGRBGRGYRGYB,BBGRBGRGRYGRY,0.6923076923076923
S1_D14_P2,S1_D14,2,12,4,92,YRBRYYGYGYBYG,YYRBRYYGYBYGY,0.6923076923076923
S1_D14_P2,S1_D14,2,12,5,93,BBGRBGRGRYGRY,BBGRBGRYGYYRG,0.6923076923076923
S1_D14_P2,S1_D14,2,12,6,94,YYRBYGBGYRGYG,YYRBYRGBGGYBY,0.6153846153846154
S1_D14_P2,S1_D14,2,12,7,95,BBGRBGRGYRYGB,BBGRBGRYGRYRG,0.6923076923076923
S1_D14_P2,S1_D14,2,12,8,96,YYRBYRGBYRGYR,YYRBYRGYRGYYB,0.7692307692307692
S1_D14_P2,S1_D14,2,13,1,97,GBBBBYYBGRGRR,GBBBYRBGRRYRR,0.6923076923076923
S1_D14_P2,S1_D14,2,13,2,98,YGBRBGRBYRYGY,YGBRBGRYGBYGY,0.7692307692307692
S1_D14_P2,S1_D14,2,13,3,99,GBBBYRBGYRYRY,GBBBRYBGBRYRY,0.7692307692307692
S1_D14_P2,S1_D14,2,13,4,100,GBRBGYRYBYBGB,GBRBYBGBYGBRB,0.6153846153846154
S1_D14_P2,S1_D14,2,13,5,101,GBBBYRBGYRGYR,GBBBRYGRYGRYG,0.5384615384615384
S1_D14_P2,S1_D14,2,13,6,102,GBRYBRBGYGRGY,GBRYRBGRYYGRB,0.6153846153846154
S1_D14_P2,S1_D14,2,13,7,103,GBBBRYGRYGRYG,GBBBRYGRYGRYG,1.0
S1_D14_P2,S1_D14,2,13,8,104,GBRYBGRGRGYBY,GBRYRGRGRBYBY,0.8461538461538461
S1_D14_P2,S1_D14,2,14,1,105,RGBRYYYRBGRBB,RBGRYYYRBGRYR,0.6923076923076923
S1_D14_P2,S1_D14,2,14,2,106,GBBRYGRBRYGYR,GBRYYGRBGRGBG,0.5384615384615384
S1_D14_P2,S1_D14,2,14,3,107,RBGRYYYBRYRGR,RBGRYYYYBGRYG,0.6923076923076923
S1_D14_P2,S1_D14,2,14,4,108,GBRYYGRBGRYBY,GBRYGRGBGYGRG,0.5384615384615384
S1_D14_P2,S1_D14,2,14,5,109,BGRYYBRYGRGYG,GBYRGYGRGYBBY,0.3846153846153846
S1_D14_P2,S1_D14,2,14,6,110,GBRYGBYYRBGGY,GBRYGBYRGBGRY,0.7692307692307692
S1_D14_P2,S1_D14,2,14,7,111,GBRYGYGRBBRGY,GBRYGYRBGRGBG,0.6923076923076923
S1_D14_P2,S1_D14,2,14,8,112,YRBYBGBGRRGYY,YRBYRGBGRRGYY,0.9230769230769232
S1_D14_P2,S1_D14,2,15,1,113,GRYBBRBYRGBRR,GRYBRBRGYRBGR,0.6923076923076923
S1_D14_P2,S1_D14,2,15,2,114,BGGRBRGBGRYRY,BGRBGRGBGRYRY,0.8461538461538461
S1_D14_P2,S1_D14,2,15,3,115,GRYBRBRGRBBRB,GRYBRBRGRRBRG,0.8461538461538461
S1_D14_P2,S1_D14,2,15,4,116,BGRBGRYRGRYRY,BGRBGRYRGYRGR,0.7692307692307692
S1_D14_P2,S1_D14,2,15,5,117,GRYBRBRGRRBRG,GRYBRBRGRRBRG,1.0
S1_D14_P2,S1_D14,2,15,6,118,BGRBGRYGRYGRG,BGRBGRYGRYRGY,0.8461538461538461
S1_D14_P2,S1_D14,2,15,7,119,GRYBRBRGRRBRG,GRYBRBRGRRBRG,1.0
S1_D14_P2,S1_D14,2,15,8,120,BGRBGRYGRYGRG,BGRBGRYGRYGRG,1.0
S1_D15_P1,S1_D15,1,1,1,1,RBBGGYBRBGBGY,RBGYBBRGBRYRB,0.4615384615384615
S1_D15_P1,S1_D15,1,1,2,2,YYGBBGBGBRBRG,YYGBGBRGYRRRB,0.6153846153846154
S1_D15_P1,S1_D15,1,1,3,3,RBGYBBRGBRYRB,RRBGYRBGYYRBR,0.5384615384615384
S1_D15_P1,S1_D15,1,1,4,4,YYGBGBRGYRBRR,YGBYRRYBYBRBG,0.3846153846153846
S1_D15_P1,S1_D15,1,1,5,5,RRBGYRBGYRRBG,RRBGYRRBGYGBR,0.6923076923076923
S1_D15_P1,S1_D15,1,1,6,6,YGGBYGBRYBRBR,YGBRRRBGYYRBR,0.5384615384615384
S1_D15_P1,S1_D15,1,1,7,7,RRBGYRRBGYGBR,RRBGYRRBGRBRY,0.7692307692307692
S1_D15_P1,S1_D15,1,1,8,8,RBGYYRBGRRBGY,RYGBRYRBRRGYR,0.5384615384615384
S1_D15_P1,S1_D15,1,2,1,9,BYBRRRYBRRGGG,BYRBYRRBYRBYR,0.4615384615384615
S1_D15_P1,S1_D15,1,2,2,10,GGRGRBYRBGRBG,GGRRYBGYRBGRB,0.6923076923076923
S1_D15_P1,S1_D15,1,2,3,11,YRBYRRBYRBYRB,YBYBYBYBYBRYR,0.4615384615384615
S1_D15_P1,S1_D15,1,2,4,12,GGRYBGRYBGYRB,GGRYBGRYBYRYB,0.8461538461538461
S1_D15_P1,S1_D15,1,2,5,13,YBYBYBYBRYRYB,YBYBYBYBYBRYB,0.8461538461538461
S1_D15_P1,S1_D15,1,2,6,14,GGRYBGRYBRYBR,GGRYBGRYBYRBY,0.7692307692307692
S1_D15_P1,S1_D15,1,2,7,15,YBYBYBYBYBRYB,YBYBYBYBYBYBR,0.8461538461538461
S1_D15_P1,S1_D15,1,2,8,16,GGRBGRYBYBRYR,GGRYBYGRYBGRR,0.6153846153846154
S1_D15_P1,S1_D15,1,3,1,17,GYBYYYRGBRBGG,GGYBYRYBGBGBY,0.5384615384615384
S1_D15_P1,S1_D15,1,3,2,18,RYRYGGRBGRBGG,GGRYBGRYRYBGR,0.4615384615384615
S1_D15_P1,S1_D15,1,3,3,19,GGRYBRYBGGGYR,GGYBGRYBBGRGR,0.6153846153846154
S1_D15_P1,S1_D15,1,3,4,20,GGRBRYRRGRBYB,GGRYBRYRBRBRB,0.6923076923076923
S1_D15_P1,S1_D15,1,3,5,21,GGRYBBYRGGRYG,GGRBYRGYRRYBR,0.5384615384615384
S1_D15_P1,S1_D15,1,3,6,22,GGRYBRYRBRBGR,GGBGRYBRYBRGR,0.6923076923076923
S1_D15_P1,S1_D15,1,3,7,23,GGRBYGRRBYGRR,GGRYBYRGYRBYY,0.5384615384615384
S1_D15_P1,S1_D15,1,3,8,24,GGRBRYBRYBGRY,GRYBRYBRYBYRG,0.6923076923076923
S1_D15_P1,S1_D15,1,4,1,25,RBYRGBRBRGGYR,RRBGYBBBBRRYR,0.4615384615384615
S1_D15_P1,S1_D15,1,4,2,26,GRYBRRYBRYRBR,RRYBYRGYRBYYB,0.4615384615384615
S1_D15_P1,S1_D15,1,4,3,27,RBGYBBBRRYRBB,RRYGBYRRYBYBR,0.4615384615384615
S1_D15_P1,S1_D15,1,4,4,28,RRYBYRGYBRYBY,RGYRGYRBYBRYR,0.5384615384615384
S1_D15_P1,S1_D15,1,4,5,29,RRGBRYRYRBYBR,RRGYBYGRYRGYR,0.6153846153846154
S1_D15_P1,S1_D15,1,4,6,30,RGYRGYRYBYBRY,RRGYBYRYBYRYB,0.6153846153846154
S1_D15_P1,S1_D15,1,4,7,31,RRGYBRGYRRGYR,RRYRYYRRYRRRY,0.5384615384615384
S1_D15_P1,S1_D15,1,4,8,32,RRGBRRRYBRBYB,RRGBRYRBRYBYY,0.6923076923076923
S1_D15_P1,S1_D15,1,5,1,33,YRBYRYBGYGRGG,YGRYGRGYRGBYR,0.3076923076923077
S1_D15_P1,S1_D15,1,5,2,34,RRRBBGGGRRRRG,RRRGYBRRRBRRR,0.4615384615384615
S1_D15_P1,S1_D15,1,5,3,35,YGRYGRGYRBRBG,GYRYYRBYRYBGY,0.4615384615384615
S1_D15_P1,S1_D15,1,5,4,36,RRRGYBRRBRRBR,RRRGYRGYRRBRR,0.6923076923076923
S1_D15_P1,S1_D15,1,5,5,37,GYRYYRBYBYGGY,GGRYRYBRYBRYB,0.4615384615384615
S1_D15_P1,S1_D15,1,5,6,38,RRRGRGYRRBRRR,GGGRGRYBYRGGR,0.3846153846153846
S1_D15_P1,S1_D15,1,5,7,39,GGRRYBRYBRYBR,GYBRYBRYBRGRY,0.6153846153846154
S1_D15_P1,S1_D15,1,5,8,40,GGGRYBGRYBRYB,GGGGRYBGRYYBR,0.6923076923076923
S1_D15_P1,S1_D15,1,6,1,41,RYBRYRRBRGRGG,RRRRYBRYBRYRG,0.5384615384615384
S1_D15_P1,S1_D15,1,6,2,42,BBBGYBRGYBGYB,BBBBRGYBRYRBG,0.6153846153846154
S1_D15_P1,S1_D15,1,6,3,43,RRRYBRYBRBGRG,RRRRYBRYBRGRY,0.7692307692307692
S1_D15_P1,S1_D15,1,6,4,44,RRRRGYBRGBGBR,RRRRGYBRGYRGR,0.7692307692307692
S1_D15_P1,S1_D15,1,6,5,45,RRRRYBRYBRGRG,RRRRYBRYBRGGR,0.8461538461538461
S1_D15_P1,S1_D15,1,6,6,46,RRRRGYBRGYRGR,RRRRYBRYBRGRR,0.6923076923076923
S1_D15_P1,S1_D15,1,6,7,47,RRRRYBRYBRGGR,RYBYBRGRGRRRY,0.3846153846153846
S1_D15_P1,S1_D15,1,6,8,48,RRRRBRBRGRRGG,RRRRBRRRGRRRR,0.7692307692307692
S1_D15_P1,S1_D15,1,7,1,49,GBRGRBGRYRGBY,GRGRYRBYRGBRR,0.5384615384615384
S1_D15_P1,S1_D15,1,7,2,50,YBRGRYGGRBGGR,YRYBRYBRBYRYY,0.3076923076923077
S1_D15_P1,S1_D15,1,7,3,51,GRGRYBRGRYBRR,GRYBRYRRYRBYR,0.5384615384615384
S1_D15_P1,S1_D15,1,7,4,52,YRYBYRYBRYRYY,YRYBYRYBYRYYR,0.8461538461538461
S1_D15_P1,S1_D15,1,7,5,53,GRBRYYRBYRYYR,GRGBGRYBRYBRR,0.4615384615384615
S1_D15_P1,S1_D15,1,7,6,54,YRYBYBYRYBRYB,YRYBYRYBRYBYR,0.6923076923076923
S1_D15_P1,S1_D15,1,7,7,55,GRGBRYBRYRBGR,GRBGRYBRYBGBY,0.6153846153846154
S1_D15_P1,S1_D15,1,7,8,56,YRYRYBRYRBYRY,YYBRYBYBYYYBY,0.4615384615384615
S1_D15_P1,S1_D15,1,8,1,57,GGGRBBBBBGBBG,GGGGRBRBRRBBR,0.5384615384615384
S1_D15_P1,S1_D15,1,8,2,58,GRBGYRBRBRYBG,GRYBRYRYBRYBG,0.6923076923076923
S1_D15_P1,S1_D15,1,8,3,59,GGGGRBRBRRBBR,GGGGRBGRBGRYB,0.6923076923076923
S1_D15_P1,S1_D15,1,8,4,60,GRYBYRYBYRYRY,GRBRYRYBGRYBR,0.6153846153846154
S1_D15_P1,S1_D15,1,8,5,61,GGGGRBGRBGRYB,GGGGRBYRBGRYB,0.9230769230769232
S1_D15_P1,S1_D15,1,8,6,62,GRYBRYBGRYBRY,GRYBRYBRGYRBG,0.6153846153846154
S1_D15_P1,S1_D15,1,8,7,63,GGGGRBYRBGRBG,GGGGRYBYBYBRG,0.6153846153846154
S1_D15_P1,S1_D15,1,8,8,64,GRBGRYRBRBYGR,GRYBRYBRGRYRB,0.4615384615384615
S1_D15_P1,S1_D15,1,9,1,65,GRRGBRRGGRGGG,GRYRGRYRGRGRG,0.6153846153846154
S1_D15_P1,S1_D15,1,9,2,66,GGRBYBRGGYBRY,GGGRYBYRYBGRY,0.5384615384615384
S1_D15_P1,S1_D15,1,9,3,67,GRYRGRGRYBGRY,GGGRYBRYBRYBR,0.3846153846153846
S1_D15_P1,S1_D15,1,9,4,68,GGGRYBRYRYBYR,GGGGRYBRYBRYR,0.6923076923076923
S1_D15_P1,S1_D15,1,9,5,69,GGGRYBRYBRYBR,GGGGRYBRYBRYB,0.8461538461538461
S1_D15_P1,S1_D15,1,9,6,70,GGGGRYBRYBRRY,GGGGYBRBRYBRG,0.6153846153846154
S1_D15_P1,S1_D15,1,9,7,71,GGGGRYBRYBRYB,GGGGRBRRYBRYR,0.7692307692307692
S1_D15_P1,S1_D15,1,9,8,72,GGGYRBRBYRGYB,GGGGYRYBRYRBR,0.5384615384615384
S1_D15_P1,S1_D15,1,10,1,73,GGGRRGRRGYGBR,RYBYRYBRGYRYR,0.3846153846153846
S1_D15_P1,S1_D15,1,10,2,74,YBYBGGGRBYRBB,YBYBGYBRYBYBY,0.6153846153846154
S1_D15_P1,S1_D15,1,10,3,75,RYBRYBGGYBYRR,RYBRBRGYBRRGY,0.6153846153846154
S1_D15_P1,S1_D15,1,10,4,76,YBYBGYBRGYBRG,YBYBYBGYRYBRY,0.6153846153846154
S1_D15_P1,S1_D15,1,10,5,77,RYBRBGYBRYBRY,RYBRYRBYRYBGY,0.6153846153846154
S1_D15_P1,S1_D15,1,10,6,78,YBYBYBGYRGYBG,YBYYBYGYRBYRB,0.6153846153846154
S1_D15_P1,S1_D15,1,10,7,79,RYBRGYBRBRYBY,RYBRGYRYRBGYB,0.6923076923076923
S1_D15_P1,S1_D15,1,10,8,80,YBYYBGYRBYBGY,YRGYBRYBGYRYB,0.4615384615384615
S1_D15_P1,S1_D15,1,11,1,81,YYGBGGYRGBBGB,YYGYYBYBYBRYB,0.4615384615384615
S1_D15_P1,S1_D15,1,11,2,82,GGGYYRYRGYRBR,GGGRYBRYBRYRB,0.6153846153846154
S1_D15_P1,S1_D15,1,11,3,83,GGGYYBYBYBRYB,GYYBYYBYBYBBY,0.6153846153846154
S1_D15_P1,S1_D15,1,11,4,84,GGGRBRYBRYRYR,GGGRYBYRBRYRY,0.6923076923076923
S1_D15_P1,S1_D15,1,11,5,85,GYYBYYBYBBYBR,GYYBYBYBYYBYB,0.7692307692307692
S1_D15_P1,S1_D15,1,11,6,86,GGGRYBRYRBRYR,GGGYRYBYBRYBR,0.6923076923076923
S1_D15_P1,S1_D15,1,11,7,87,GGYYBYBYBYBYB,GGGYRYBYBYBYB,0.8461538461538461
S1_D15_P1,S1_D15,1,11,8,88,GGGYBYRYBRYBY,GGGRYBRYBRGRY,0.6923076923076923
S1_D15_P1,S1_D15,1,12,1,89,RRYGBGRRRYYBB,RRRYGBYRBRBYR,0.5384615384615384
S1_D15_P1,S1_D15,1,12,2,90,GRYBYBYGBYRGY,GRYBYBYBRYBGR,0.6923076923076923
S1_D15_P1,S1_D15,1,12,3,91,RRRYGBYRBGYRB,GGGRYBYRRYRBY,0.4615384615384615
S1_D15_P1,S1_D15,1,12,4,92,GRYBYBYBRYBGR,GRYBRYBRRYBRY,0.6153846153846154
S1_D15_P1,S1_D15,1,12,5,93,GGGRYBRYBRGGR,GGGRYBYRYBGRY,0.6923076923076923
S1_D15_P1,S1_D15,1,12,6,94,GRBRYBRRYBGRB,GRYBYRGRRRBRG,0.4615384615384615
S1_D15_P1,S1_D15,1,12,7,95,GGGRYBRYRYBRY,GRYBRYRYBRYBR,0.6923076923076923
S1_D15_P1,S1_D15,1,12,8,96,RYBYRGRRRBGRB,GGGRYBGRYBRGR,0.3076923076923077
S1_D15_P1,S1_D15,1,13,1,97,BRGYBGYYBYRBY,GRYBRYBRGRYBR,0.3846153846153846
S1_D15_P1,S1_D15,1,13,2,98,BGGRYGGRBGYBR,GRYBYBRRYRBRR,0.3076923076923077
S1_D15_P1,S1_D15,1,13,3,99,GRYBRYBRGRYGR,BYBRYBYRRBRBR,0.4615384615384615
S1_D15_P1,S1_D15,1,13,4,100,GRYBYBRYRRBRB,RYBRRRYBRRYRR,0.5384615384615384
S1_D15_P1,S1_D15,1,13,5,101,BYBRYBRBRRBYB,RYRYBBBYBBRYR,0.4615384615384615
S1_D15_P1,S1_D15,1,13,6,102,RYBRRRYBRYRRY,RRRBRYBYBYBRR,0.4615384615384615
S1_D15_P1,S1_D15,1,13,7,103,RYRYBBYBRYRBB,RYBRYRBRRBRBR,0.5384615384615384
S1_D15_P1,S1_D15,1,13,8,104,RRRBRYBYBYBRR,RRRRYBYBYBRYB,0.7692307692307692
S1_D15_P1,S1_D15,1,14,1,105,BGYBGYBRRYGRY,RYBRYBRRYBRGR,0.5384615384615384
S1_D15_P1,S1_D15,1,14,2,106,BBBGYBRYRBRBR,BBBGYBRYBRYRB,0.7692307692307692
S1_D15_P1,S1_D15,1,14,3,107,RYBRYBRRYGRRB,RYBRRYBRYBYBR,0.5384615384615384
S1_D15_P1,S1_D15,1,14,4,108,BBBGYBRYBRYRR,BBBYBYBYBYBBR,0.5384615384615384
S1_D15_P1,S1_D15,1,14,5,109,RYBRRYBRYBYBR,BBYBYBBYBBBBY,0.3846153846153846
S1_D15_P1,S1_D15,1,14,6,110,BBBYBYBYBBRBR,BBBYBYBBBYBYB,0.6923076923076923
S1_D15_P1,S1_D15,1,14,7,111,BBYBYBBYBYBBB,BBBBYBYBBYBYB,0.6923076923076923
S1_D15_P1,S1_D15,1,14,8,112,BBBYBYBBYBYBY,BBBBYBYBBYBBY,0.8461538461538461
S1_D15_P1,S1_D15,1,15,1,113,RYGRGBGGYBBGG,RGRYRGBGRYBYY,0.4615384615384615
S1_D15_P1,S1_D15,1,15,2,114,YBYYGGGRRBYBY,YBYBYGGGRYBYR,0.6923076923076923
S1_D15_P1,S1_D15,1,15,3,115,RGRYBRGRYBRYB,RGYRGRYBRYRBY,0.6923076923076923
S1_D15_P1,S1_D15,1,15,4,116,YBYBYGGGRBRYB,YBYBYYYRYBRGY,0.5384615384615384
S1_D15_P1,S1_D15,1,15,5,117,RGYRGRYRYRYBR,RGYYRBYRYBRRY,0.5384615384615384
S1_D15_P1,S1_D15,1,15,6,118,YBYBYYRGYYBRG,YBYBYYBYGYRYB,0.6153846153846154
S1_D15_P1,S1_D15,1,15,7,119,RGYYBRGYBRBRY,RGYRBRGYBRGYB,0.6923076923076923
S1_D15_P1,S1_D15,1,15,8,120,YBYBYYBYGYRYR,YBYBYBYGRYBYR,0.7692307692307692
S1_D15_P2,S1_D15,2,1,1,1,YYGGBBGBGBRYB,YYGBBGBGBRBRG,0.6923076923076923
S1_D15_P2,S1_D15,2,1,2,2,RBGYBBRGBRYRB,RBGYBBRGBRYRB,1.0
S1_D15_P2,S1_D15,2,1,3,3,YYGBGBRGYRRRB,YYGBGBRGYRBRR,0.8461538461538461
S1_D15_P2,S1_D15,2,1,4,4,RRBGYRBGYYRBR,RRBGYRBGYRRBG,0.8461538461538461
S1_D15_P2,S1_D15,2,1,5,5,YGBYRRYBYBRBG,YGGBYGBRYBRBR,0.5384615384615384
S1_D15_P2,S1_D15,2,1,6,6,RRBGYRRBGYGBR,RRBGYRRBGYGBR,1.0
S1_D15_P2,S1_D15,2,1,7,7,YGBRRRBGYYRBR,RBGYYRBGRRBGY,0.3076923076923077
S1_D15_P2,S1_D15,2,1,8,8,RRBGYRRBGRBRY,RRBGYRRBGRBRB,0.9230769230769232
S1_D15_P2,S1_D15,2,2,1,9,GGRGBBRYBYRGR,GGRGRBYRBGRBG,0.5384615384615384
S1_D15_P2,S1_D15,2,2,2,10,BYRBYRRBYRBYR,YRBYRRBYRBYRB,0.8461538461538461
S1_D15_P2,S1_D15,2,2,3,11,GGRRYBGYRBGRB,GGRYBGRYBGYRB,0.6923076923076923
S1_D15_P2,S1_D15,2,2,4,12,YBYBYBYBYBRYR,YBYBYBYBRYRYB,0.7692307692307692
S1_D15_P2,S1_D15,2,2,5,13,GGRYBGRYBYRYB,GGRYBGRYBRYBR,0.8461538461538461
S1_D15_P2,S1_D15,2,2,6,14,YBYBYBYBYBRYB,YBYBYBYBYBRYB,1.0
S1_D15_P2,S1_D15,2,2,7,15,GGRYBGRYBYRBY,GGRBGRYBYBRYR,0.6923076923076923
S1_D15_P2,S1_D15,2,2,8,16,YBYBYBYBYBYBR,YBYBYBYBYBYBR,1.0
S1_D15_P2,S1_D15,2,3,1,17,RYRYGGBRGGGGY,RYRYGGRBGRBGG,0.6153846153846154
S1_D15_P2,S1_D15,2,3,2,18,GGYBYRYBGBGBY,GGRYBRYBGGGYR,0.6153846153846154
S1_D15_P2,S1_D15,2,3,3,19,GGRYBGRYRYBGR,GGRBRYRRGRBYB,0.4615384615384615
S1_D15_P2,S1_D15,2,3,4,20,GGYBGRYBBGRGR,GGRYBBYRGGRYG,0.4615384615384615
S1_D15_P2,S1_D15,2,3,5,21,GGRYBRYRBRBRB,GGRYBRYRBRBGR,0.8461538461538461
S1_D15_P2,S1_D15,2,3,6,22,GGRBYRGYRRYBR,GGRBYGRRBYGRR,0.6153846153846154
S1_D15_P2,S1_D15,2,3,7,23,GGBGRYBRYBRGR,GGRBRYBRYBGRY,0.6923076923076923
S1_D15_P2,S1_D15,2,3,8,24,GGRYBYRGYRBYY,GGRBGGRYRGYRB,0.5384615384615384
S1_D15_P2,S1_D15,2,4,1,25,GRYBYBRRBRYRY,GRYBRRYBRYRBR,0.6153846153846154
S1_D15_P2,S1_D15,2,4,2,26,RRBGYBBBBRRYR,RBGYBBBRRYRBB,0.6923076923076923
S1_D15_P2,S1_D15,2,4,3,27,RRYBYRGYRBYYB,RRYBYRGYBRYBY,0.7692307692307692
S1_D15_P2,S1_D15,2,4,4,28,RRYGBYRRYBYBR,RRGBRYRYRBYBR,0.6923076923076923
S1_D15_P2,S1_D15,2,4,5,29,RGYRGYRBYBRYR,RGYRGYRYBYBRY,0.8461538461538461
S1_D15_P2,S1_D15,2,4,6,30,RRGYBYGRYRGYR,RRGYBRGYRRGYR,0.7692307692307692
S1_D15_P2,S1_D15,2,4,7,31,RRGYBYRYBYRYB,RRGBRRRYBRBYB,0.6153846153846154
S1_D15_P2,S1_D15,2,4,8,32,RRYRYYRRYRRRY,RRYRYYRRYRYYR,0.7692307692307692
S1_D15_P2,S1_D15,2,5,1,33,RRRBBGGGRRRRG,RRRBBGGGRRRRG,1.0
S1_D15_P2,S1_D15,2,5,2,34,YGRYGRGYRGBYR,YGRYGRGYRBRBG,0.6923076923076923
S1_D15_P2,S1_D15,2,5,3,35,RRRGYBRRRBRRR,RRRGYBRRBRRBR,0.8461538461538461
S1_D15_P2,S1_D15,2,5,4,36,GYRYYRBYRYBGY,GYRYYRBYBYGGY,0.8461538461538461
S1_D15_P2,S1_D15,2,5,5,37,RRRGYRGYRRBRR,RRRGRGYRRBRRR,0.8461538461538461
S1_D15_P2,S1_D15,2,5,6,38,GGRYRYBRYBRYB,GGRRYBRYBRYBR,0.8461538461538461
S1_D15_P2,S1_D15,2,5,7,39,GGGRGRYBYRGGR,GGGRYBGRYBRYB,0.5384615384615384
S1_D15_P2,S1_D15,2,5,8,40,GYBRYBRYBRGRY,GYBRBRGRGRGYB,0.6153846153846154
S1_D15_P2,S1_D15,2,6,1,41,BBBGYGRRYRBBG,BBBGYBRGYBGYB,0.5384615384615384
S1_D15_P2,S1_D15,2,6,2,42,RRRRYBRYBRYRG,RRRYBRYBRBGRG,0.7692307692307692
S1_D15_P2,S1_D15,2,6,3,43,BBBBRGYBRYRBG,RRRRGYBRGBGBR,0.3846153846153846
S1_D15_P2,S1_D15,2,6,4,44,RRRRYBRYBRGRY,RRRRYBRYBRGRG,0.9230769230769232
S1_D15_P2,S1_D15,2,6,5,45,RRRRGYBRGYRGR,RRRRGYBRGYRGR,1.0
S1_D15_P2,S1_D15,2,6,6,46,RRRRYBRYBRGGR,RRRRYBRYBRGGR,1.0
S1_D15_P2,S1_D15,2,6,7,47,RRRRYBRYBRGRR,RRRRBRBRGRRGG,0.6923076923076923
S1_D15_P2,S1_D15,2,6,8,48,RYBYBRGRGRRRY,RYBYBRGRGRRYB,0.8461538461538461
S1_D15_P2,S1_D15,2,7,1,49,BBBYGRYYGGGRB,YBRGRYGGRBGGR,0.4615384615384615
S1_D15_P2,S1_D15,2,7,2,50,GRGRYRBYRGBRR,GRGRYBRGRYBRR,0.6923076923076923
S1_D15_P2,S1_D15,2,7,3,51,YRYBRYBRBYRYY,YRYBYRYBRYRYY,0.8461538461538461
S1_D15_P2,S1_D15,2,7,4,52,GRYBRYRRYRBYR,GRBRYYRBYRYYR,0.6923076923076923
S1_D15_P2,S1_D15,2,7,5,53,YRYBYRYBYRYYR,YRYBYBYRYBRYB,0.6153846153846154
S1_D15_P2,S1_D15,2,7,6,54,GRGBGRYBRYBRR,GRGBRYBRYRBGR,0.7692307692307692
S1_D15_P2,S1_D15,2,7,7,55,YRYBYRYBRYBYR,YRYRYBRYRBYRY,0.6923076923076923
S1_D15_P2,S1_D15,2,7,8,56,GRBGRYBRYBGBY,GRYBYRGRYBRYB,0.5384615384615384
S1_D15_P2,S1_D15,2,8,1,57,GYRYBGRBRBBRY,GRBGYRBRBRYBG,0.5384615384615384
S1_D15_P2,S1_D15,2,8,2,58,GGGGRBRBRRBBR,GGGGRBRBRRBBR,1.0
S1_D15_P2,S1_D15,2,8,3,59,GRYBRYRYBRYBG,GRYBYRYBYRYRY,0.6923076923076923
S1_D15_P2,S1_D15,2,8,4,60,GGGGRBGRBGRYB,GGGGRBGRBGRYB,1.0
S1_D15_P2,S1_D15,2,8,5,61,GRBRYRYBGRYBR,GRYBRYBGRYBRY,0.6923076923076923
S1_D15_P2,S1_D15,2,8,6,62,GGGGRBYRBGRYB,GGGGRBYRBGRBG,0.8461538461538461
S1_D15_P2,S1_D15,2,8,7,63,GRYBRYBRGYRBG,GRBGRYRBRBYGR,0.4615384615384615
S1_D15_P2,S1_D15,2,8,8,64,GGGGRYBYBYBRG,GGGGRYBRYBYBR,0.8461538461538461
S1_D15_P2,S1_D15,2,9,1,65,GGRYBYBBYGGYY,GGRBYBRGGYBRY,0.6153846153846154
S1_D15_P2,S1_D15,2,9,2,66,GRYRGRYRGRGRG,GRYRGRGRYBGRY,0.6923076923076923
S1_D15_P2,S1_D15,2,9,3,67,GGGRYBYRYBGRY,GGGRYBRYRYBYR,0.7692307692307692
S1_D15_P2,S1_D15,2,9,4,68,GGGRYBRYBRYBR,GGGRYBRYBRYBR,1.0
S1_D15_P2,S1_D15,2,9,5,69,GGGGRYBRYBRYR,GGGGRYBRYBRRY,0.8461538461538461
S1_D15_P2,S1_D15,2,9,6,70,GGGGRYBRYBRYB,GGGGRYBRYBRYB,1.0
S1_D15_P2,S1_D15,2,9,7,71,GGGGYBRBRYBRG,GGGYRBRBYRGYB,0.5384615384615384
S1_D15_P2,S1_D15,2,9,8,72,GGGGRBRRYBRYR,GGGRBRRBRBYRB,0.6923076923076923
S1_D15_P2,S1_D15,2,10,1,73,YBYGBGGGRRBRY,YBYBGGGRBYRBB,0.6153846153846154
S1_D15_P2,S1_D15,2,10,2,74,RYBYRYBRGYRYR,RYBRYBGGYBYRR,0.6923076923076923
S1_D15_P2,S1_D15,2,10,3,75,YBYBGYBRYBYBY,YBYBGYBRGYBRG,0.6923076923076923
S1_D15_P2,S1_D15,2,10,4,76,RYBRBRGYBRRGY,RYBRBGYBRYBRY,0.6923076923076923
S1_D15_P2,S1_D15,2,10,5,77,YBYBYBGYRYBRY,YBYBYBGYRGYBG,0.7692307692307692
S1_D15_P2,S1_D15,2,10,6,78,RYBRYRBYRYBGY,RYBRGYBRBRYBY,0.6923076923076923
S1_D15_P2,S1_D15,2,10,7,79,YBYYBYGYRBYRB,YBYYBGYRBYBGY,0.6923076923076923
S1_D15_P2,S1_D15,2,10,8,80,RYBRGYRYRBGYB,RYBRGRYBRGYBR,0.6923076923076923
S1_D15_P2,S1_D15,2,11,1,81,GGGYYRYGRYRGR,GGGYYRYRGYRBR,0.7692307692307692
S1_D15_P2,S1_D15,2,11,2,82,YYGYYBYBYBRYB,GGGYYBYBYBRYB,0.8461538461538461
S1_D15_P2,S1_D15,2,11,3,83,GGGRYBRYBRYRB,GGGRBRYBRYRYR,0.7692307692307692
S1_D15_P2,S1_D15,2,11,4,84,GYYBYYBYBYBBY,GYYBYYBYBBYBR,0.7692307692307692
S1_D15_P2,S1_D15,2,11,5,85,GGGRYBYRBRYRY,GGGRYBRYRBRYR,0.8461538461538461
S1_D15_P2,S1_D15,2,11,6,86,GYYBYBYBYYBYB,GGYYBYBYBYBYB,0.8461538461538461
S1_D15_P2,S1_D15,2,11,7,87,GGGYRYBYBRYBR,GGGYBYRYBRYBY,0.7692307692307692
S1_D15_P2,S1_D15,2,11,8,88,GGGYRYBYBYBYB,GGGRBYRYBYBYB,0.7692307692307692
S1_D15_P2,S1_D15,2,12,1,89,GRYBRGRYBGYRY,GRYBYBYGBYRGY,0.5384615384615384
S1_D15_P2,S1_D15,2,12,2,90,RRRYGBYRBRBYR,RRRYGBYRBGYRB,0.7692307692307692
S1_D15_P2,S1_D15,2,12,3,91,GRYBYBYBRYBGR,GRYBYBYBRYBGR,1.0
S1_D15_P2,S1_D15,2,12,4,92,GGGRYBYRRYRBY,GGGRYBRYBRGGR,0.5384615384615384
S1_D15_P2,S1_D15,2,12,5,93,GRYBRYBRRYBRY,GRBRYBRRYBGRB,0.7692307692307692
S1_D15_P2,S1_D15,2,12,6,94,GGGRYBYRYBGRY,GGGRYBRYRYBRY,0.8461538461538461
S1_D15_P2,S1_D15,2,12,7,95,GRYBYRGRRRBRG,RYBYRGRRRBGRB,0.7692307692307692
S1_D15_P2,S1_D15,2,12,8,96,GRYBRYRYBRYBR,GRYBRYRYBRBRB,0.8461538461538461
S1_D15_P2,S1_D15,2,13,1,97,BGRGGGYGYBYRY,BGGRYGGRBGYBR,0.5384615384615384
S1_D15_P2,S1_D15,2,13,2,98,GRYBRYBRGRYBR,GRYBRYBRGRYGR,0.9230769230769232
S1_D15_P2,S1_D15,2,13,3,99,GRYBYBRRYRBRR,GRYBYBRYRRBRB,0.7692307692307692
S1_D15_P2,S1_D15,2,13,4,100,BYBRYBYRRBRBR,BYBRYBRBRRBYB,0.6923076923076923
S1_D15_P2,S1_D15,2,13,5,101,RYBRRRYBRRYRR,RYBRRRYBRYRRY,0.8461538461538461
S1_D15_P2,S1_D15,2,13,6,102,RYRYBBBYBBRYR,RYRYBBYBRYRBB,0.6923076923076923
S1_D15_P2,S1_D15,2,13,7,103,RRRBRYBYBYBRR,RRRBRYBYBYBRR,1.0
S1_D15_P2,S1_D15,2,13,8,104,RYBRYRBRRBRBR,RYBRRRBRYRRBR,0.7692307692307692
S1_D15_P2,S1_D15,2,14,1,105,BBBGYBYRGBRBR,BBBGYBRYRBRBR,0.8461538461538461
S1_D15_P2,S1_D15,2,14,2,106,RYBRYBRRYBRGR,RYBRYBRRYGRRB,0.7692307692307692
S1_D15_P2,S1_D15,2,14,3,107,BBBGYBRYBRYRB,BBBGYBRYBRYRR,0.9230769230769232
S1_D15_P2,S1_D15,2,14,4,108,RYBRRYBRYBYBR,RYBRRYBRYBYBR,1.0
S1_D15_P2,S1_D15,2,14,5,109,BBBYBYBYBYBBR,BBBYBYBYBBRBR,0.8461538461538461
S1_D15_P2,S1_D15,2,14,6,110,BBYBYBBYBBBBY,BBYBYBBYBYBBB,0.8461538461538461
S1_D15_P2,S1_D15,2,14,7,111,BBBYBYBBBYBYB,BBBYBYBBYBYBY,0.8461538461538461
S1_D15_P2,S1_D15,2,14,8,112,BBBBYBYBBYBYB,BBBBYBYBBYBYB,1.0
S1_D15_P2,S1_D15,2,15,1,113,YBYYGGGRRBYRY,YBYYGGGRRBYBY,0.9230769230769232
S1_D15_P2,S1_D15,2,15,2,114,RGRYRGBGRYBYY,RGRYBRGRYBRYB,0.6153846153846154
S1_D15_P2,S1_D15,2,15,3,115,YBYBYGGGRYBYR,YBYBYGGGRBRYB,0.7692307692307692
S1_D15_P2,S1_D15,2,15,4,116,RGYRGRYBRYRBY,RGYRGRYRYRYBR,0.7692307692307692
S1_D15_P2,S1_D15,2,15,5,117,YBYBYYYRYBRGY,YBYBYYRGYYBRG,0.6923076923076923
S1_D15_P2,S1_D15,2,15,6,118,RGYYRBYRYBRRY,RGYYBRGYBRBRY,0.6923076923076923
S1_D15_P2,S1_D15,2,15,7,119,YBYBYYBYGYRYB,YBYBYYBYGYRYR,0.9230769230769232
S1_D15_P2,S1_D15,2,15,8,120,RGYRBRGYBRGYB,RGRBGYRGBYGBR,0.5384615384615384
S1_D16_P1,S1_D16,1,1,1,1,YGRRRYRRBRRGY,YGRRRYRBGBRRY,0.7692307692307692
S1_D16_P1,S1_D16,1,1,2,2,GBYGGGYYYBBBR,YGBGGGGBRYBRG,0.4615384615384615
S1_D16_P1,S1_D16,1,1,3,3,YGRRRBYRGRBYG,YGRRRRYGRBYGG,0.7692307692307692
S1_D16_P1,S1_D16,1,1,4,4,YGBGGGGBYRBYR,YBGGGGGBRYGBY,0.6153846153846154
S1_D16_P1,S1_D16,1,1,5,5,YGRRRYGRBRBGR,GRRRBRYRBRRBY,0.4615384615384615
S1_D16_P1,S1_D16,1,1,6,6,YGBGGGRBYGBGG,YGBBGGGBRYGGY,0.6153846153846154
S1_D16_P1,S1_D16,1,1,7,7,GRBRRBBYRBBRG,GBBRBRRBYRGBY,0.5384615384615384
S1_D16_P1,S1_D16,1,1,8,8,YGGBBRBGGYBGY,YGBGGBRGRYBRG,0.5384615384615384
S1_D16_P1,S1_D16,1,2,1,9,BRYYGYBBBRRBR,YGBYBYGBRGBBY,0.3076923076923077
S1_D16_P1,S1_D16,1,2,2,10,YYBYYBRBRGYYY,YYBYYBRYBGBBB,0.6153846153846154
S1_D16_P1,S1_D16,1,2,3,11,YGBYGBRBYRYBY,YGBYGBRBRYGBY,0.8461538461538461
S1_D16_P1,S1_D16,1,2,4,12,YBYBRGRBBBBBY,YRBYBYBRGBBBB,0.6153846153846154
S1_D16_P1,S1_D16,1,2,5,13,YGBYGBRBRYGBB,YGBRYBRRGBRYB,0.5384615384615384
S1_D16_P1,S1_D16,1,2,6,14,YRBRBRGBBBBBB,YRBRBRGRBBBBB,0.9230769230769232
S1_D16_P1,S1_D16,1,2,7,15,YGBRYBRRGYBRG,YBRYGRYBRGGYY,0.4615384615384615
S1_D16_P1,S1_D16,1,2,8,16,YRBRBGRBBBBBB,YBRGYRBBBBBBB,0.6923076923076923
S1_D16_P1,S1_D16,1,3,1,17,RRYRGBRYBRGRB,RGBYRBYRBBRBR,0.4615384615384615
S1_D16_P1,S1_D16,1,3,2,18,YGRYBRGGBBBBB,YGRRGRGBBBBBB,0.7692307692307692
S1_D16_P1,S1_D16,1,3,3,19,YRGGRBRGRRBBR,YBGBYRGRRRRRB,0.4615384615384615
S1_D16_P1,S1_D16,1,3,4,20,YGRGRBBBBBBBB,YBGRYBGBBBBBB,0.6923076923076923
S1_D16_P1,S1_D16,1,3,5,21,YBGRBYRRRRBBB,YGBRYBRRRRBBB,0.6923076923076923
S1_D16_P1,S1_D16,1,3,6,22,YBGRYBGBBBBBB,YGBRYBGBBBBBB,0.8461538461538461
S1_D16_P1,S1_D16,1,3,7,23,YBGYBRRRRBBBB,YGBYBRRRRBBBB,0.8461538461538461
S1_D16_P1,S1_D16,1,3,8,24,YGBYRBGBBBBBB,YGBYBRGBBBBBB,0.8461538461538461
S1_D16_P1,S1_D16,1,4,1,25,BBYBBRYYGYRYB,YBYBBBRYGBRBB,0.6153846153846154
S1_D16_P1,S1_D16,1,4,2,26,YBRYGRBBBYYYY,YGBYBRYGBBYYY,0.5384615384615384
S1_D16_P1,S1_D16,1,4,3,27,YBYBBBRGYBBBB,YBYBRGBRBBBBB,0.6923076923076923
S1_D16_P1,S1_D16,1,4,4,28,YBGYRBGGRRBYY,YGYBRYRBGRRYY,0.6153846153846154
S1_D16_P1,S1_D16,1,4,5,29,YGYBRBBBBBBBB,YGYBRYRBBBBBB,0.8461538461538461
S1_D16_P1,S1_D16,1,4,6,30,YGYBRBRRYYYYY,YGYBYBRYYYYYY,0.8461538461538461
S1_D16_P1,S1_D16,1,4,7,31,YGYBRYBBBBBBB,GYBRYBRBYBBBB,0.7692307692307692
S1_D16_P1,S1_D16,1,4,8,32,YGYBRYYYYYYYY,YGYBRYYYYYYYY,1.0
S1_D16_P1,S1_D16,1,5,1,33,RRGRYRGGRRGYR,RGBGRRRRRRYBG,0.3846153846153846
S1_D16_P1,S1_D16,1,5,2,34,BBRYGRBBRYGRY,BBGRBGBRYRYBR,0.5384615384615384
S1_D16_P1,S1_D16,1,5,3,35,RGBGRRRRYBGRY,RGBRBRRRYBGRY,0.8461538461538461
S1_D16_P1,S1_D16,1,5,4,36,BBGRBYRRBGRBB,BGRYBGRBBYRBY,0.5384615384615384
S1_D16_P1,S1_D16,1,5,5,37,RGBRRRRBYBGRR,RGBYBRBGRRRRR,0.4615384615384615
S1_D16_P1,S1_D16,1,5,6,38,BGRBYBGRBYBGR,BGRYBRGYRRBBB,0.4615384615384615
S1_D16_P1,S1_D16,1,5,7,39,RGBYRBRGRRRRR,BYRBYBRGBYRBB,0.3846153846153846
S1_D16_P1,S1_D16,1,5,8,40,BGRBYRGRBBBBY,RGBRYBRYBGRRR,0.2307692307692307
S1_D16_P1,S1_D16,1,6,1,41,RYYBGRRYBRYGG,RYBGYBRRRYBGR,0.5384615384615384
S1_D16_P1,S1_D16,1,6,2,42,RBRRGRYGBYGYY,BRYBBYGYBYRRY,0.4615384615384615
S1_D16_P1,S1_D16,1,6,3,43,RYBGYBRGYRRRY,BYRGYBBRBBYYG,0.3076923076923077
S1_D16_P1,S1_D16,1,6,4,44,BYRBBYYGRGYRR,BYRGBRYYBGBYR,0.5384615384615384
S1_D16_P1,S1_D16,1,6,5,45,BYRBYGBRBBBYY,BYRGBRBBYRGBY,0.5384615384615384
S1_D16_P1,S1_D16,1,6,6,46,BYRBGYBRRGBBY,BRYBRBRGBRBYR,0.5384615384615384
S1_D16_P1,S1_D16,1,6,7,47,BYRBGYBBRRGGY,RBRBBYRGBYBRB,0.3076923076923077
S1_D16_P1,S1_D16,1,6,8,48,BYRBRBRGBYGRY,BYRGBRRRYBRGR,0.6153846153846154
S1_D16_P1,S1_D16,1,7,1,49,YYYRRYYYBRGYR,BRYBBRYBRGBRY,0.3846153846153846
S1_D16_P1,S1_D16,1,7,2,50,BGYBRYBGBRYRY,BRYBRGRYBBRYB,0.5384615384615384
S1_D16_P1,S1_D16,1,7,3,51,BYRBYRRBBGBYR,BRYBGRYYBRYBR,0.3846153846153846
S1_D16_P1,S1_D16,1,7,4,52,BRYBGYBRRBBYB,RBGRYBRRBYRBG,0.5384615384615384
S1_D16_P1,S1_D16,1,7,5,53,BGYBRYGRBYGBR,BYRBGRRBYRBGY,0.4615384615384615
S1_D16_P1,S1_D16,1,7,6,54,RBYBRGYGRRBBY,YRGRYBGRBRYBR,0.3846153846153846
S1_D16_P1,S1_D16,1,7,7,55,RBYBYRBGYRGYB,YRBYRBGRYBRGY,0.5384615384615384
S1_D16_P1,S1_D16,1,7,8,56,YRGBYRGYBGRBY,YRGRYBRGYRBYG,0.6153846153846154
S1_D16_P1,S1_D16,1,8,1,57,RRYBBYRYBBRRG,RYBRYRGBRYBGR,0.4615384615384615
S1_D16_P1,S1_D16,1,8,2,58,RBBGYYBYBYBGY,RYRGBRYRBGGRB,0.2307692307692307
S1_D16_P1,S1_D16,1,8,3,59,RYBRGYBGRYRGB,RBYRGBYRBGRYB,0.5384615384615384
S1_D16_P1,S1_D16,1,8,4,60,RYBGYRGGBBGBG,RBYBBRBGRYRBB,0.3846153846153846
S1_D16_P1,S1_D16,1,8,5,61,RBYRGYBGRBGBY,RBYRGYRBBRYGY,0.6923076923076923
S1_D16_P1,S1_D16,1,8,6,62,RBYBRBBBGRYGR,RGBRBBRBGRYRY,0.6153846153846154
S1_D16_P1,S1_D16,1,8,7,63,RBYRGYRBBYGRB,RBYRGYRBBGRBY,0.8461538461538461
S1_D16_P1,S1_D16,1,8,8,64,RBGRGRBYGRYGR,RGBRGGRBYGRYY,0.6153846153846154
S1_D16_P1,S1_D16,1,9,1,65,BRYGBYBBGYBGG,BRYGRYBRGBYRB,0.5384615384615384
S1_D16_P1,S1_D16,1,9,2,66,YRYYBYYYBRGYY,YBYYRYYYBRGYY,0.8461538461538461
S1_D16_P1,S1_D16,1,9,3,67,BRGBYGRYRGBGR,BRYBYGRYBRYBY,0.6153846153846154
S1_D16_P1,S1_D16,1,9,4,68,YBRYBYYYYGBGY,YRBYBYRYYYGGY,0.6923076923076923
S1_D16_P1,S1_D16,1,9,5,69,BGYBRYBGBYBYB,YBRBYRBYGBYRY,0.4615384615384615
S1_D16_P1,S1_D16,1,9,6,70,YBRGBYBRGYYYG,YRBYGRYBRGYGY,0.6153846153846154
S1_D16_P1,S1_D16,1,9,7,71,YBYRBYRYGYRYY,YRBYRGYRYYGYB,0.6153846153846154
S1_D16_P1,S1_D16,1,9,8,72,YRBGYBGBYYGYY,YBYYYRYYYGYYY,0.5384615384615384
S1_D16_P1,S1_D16,1,10,1,73,YYGBBRBGRYYGG,YYGYBRYBYGRGY,0.5384615384615384
S1_D16_P1,S1_D16,1,10,2,74,RYBRGBYRGRGRG,YRBYRGBRYYGYB,0.3846153846153846
S1_D16_P1,S1_D16,1,10,3,75,YYGYBRBGRYGYG,YYGYBRGBRYGYB,0.7692307692307692
S1_D16_P1,S1_D16,1,10,4,76,YRBYGBYRBRGYG,YGRYRBYRYBGYR,0.5384615384615384
S1_D16_P1,S1_D16,1,10,5,77,YYGYBRGBRGBGY,YGRBRGRBRRGYY,0.5384615384615384
S1_D16_P1,S1_D16,1,10,6,78,YGRYBRYRGYRBY,YRGYRBYBRGYRY,0.5384615384615384
S1_D16_P1,S1_D16,1,10,7,79,YGRYBRRRGGBYY,BYRYBRYYYYYYY,0.4615384615384615
S1_D16_P1,S1_D16,1,10,8,80,YRGYBRYRGYBYY,BYRBRGBYRGYBY,0.5384615384615384
S1_D16_P1,S1_D16,1,11,1,81,GBYGBGYYBGBGB,BYRGBRYRRYBYY,0.3846153846153846
S1_D16_P1,S1_D16,1,11,2,82,YBYYYBRGRGBYG,YRBRBGRBYRYGY,0.3076923076923077
S1_D16_P1,S1_D16,1,11,3,83,BYGBYRGBRYYYY,BRGBYRGRRRRYB,0.6153846153846154
S1_D16_P1,S1_D16,1,11,4,84,YRYGBGRBGYYYB,BRYBGRYBRBBBR,0.3846153846153846
S1_D16_P1,S1_D16,1,11,5,85,BGYBRYGBGRRRY,RYGRBBRYBGRYB,0.3846153846153846
S1_D16_P1,S1_D16,1,11,6,86,BYGBYRGBBBRBR,GBYBRYBGRYBGY,0.3076923076923077
S1_D16_P1,S1_D16,1,11,7,87,RYGBYBRGYRGBY,RGYBYBGBRYBRG,0.4615384615384615
S1_D16_P1,S1_D16,1,11,8,88,YBGRGBYRGBYYY,YRYGBYRYBYGYY,0.6153846153846154
S1_D16_P1,S1_D16,1,12,1,89,GGGYYYGBGBYBY,GGGYYYGGGBYYB,0.7692307692307692
S1_D16_P1,S1_D16,1,12,2,90,RRGGGYGGBGBGB,RYBRGGRGBRRRR,0.3076923076923077
S1_D16_P1,S1_D16,1,12,3,91,GGGYYYGGGYBYY,YBGYRBYYBGYBY,0.4615384615384615
S1_D16_P1,S1_D16,1,12,4,92,RGYBRYBRRRRRR,GYBRRYBRRRRRR,0.8461538461538461
S1_D16_P1,S1_D16,1,12,5,93,YBGYBRYYBGBYY,BYRBGRBRYBYYY,0.5384615384615384
S1_D16_P1,S1_D16,1,12,6,94,GYBYBGRYRRRRR,BYRGBYRRGBRYB,0.3846153846153846
S1_D16_P1,S1_D16,1,12,7,95,BYRBGYBRYBYYY,RBGBBBRYBRYBY,0.5384615384615384
S1_D16_P1,S1_D16,1,12,8,96,BYRGBYRGRBYGY,YRBYRGBRRBRYB,0.4615384615384615
S1_D16_P1,S1_D16,1,13,1,97,RGYGGBYRBRRYY,BRGRRRRRBYRBY,0.3846153846153846
S1_D16_P1,S1_D16,1,13,2,98,BRBRRRYGRBGBB,RBGRYBGRRYBRG,0.3846153846153846
S1_D16_P1,S1_D16,1,13,3,99,BRGBYGRRRYYYB,RYBRGBRYYRGBB,0.3846153846153846
S1_D16_P1,S1_D16,1,13,4,100,RBYGRYBGRYBBB,RYGBBRYBRBYRG,0.3846153846153846
S1_D16_P1,S1_D16,1,13,5,101,RYBRGYBGRBYRG,RYBRGRBYRBBGR,0.6153846153846154
S1_D16_P1,S1_D16,1,13,6,102,RYGBGRBGRYBGY,RYBGRRYBRBYRG,0.4615384615384615
S1_D16_P1,S1_D16,1,13,7,103,RGYBRGYBGRYRG,BYRBGRYYBRBRY,0.3846153846153846
S1_D16_P1,S1_D16,1,13,8,104,RYBRGYRRBYGRY,BYRBGRYBRYBGR,0.3846153846153846
S1_D16_P1,S1_D16,1,14,1,105,RRBGGGRBYRGGG,RYBRGGRYRYBGR,0.5384615384615384
S1_D16_P1,S1_D16,1,14,2,106,RYBRRBBYRBYRR,RYBGRRRYBRBYR,0.6153846153846154
S1_D16_P1,S1_D16,1,14,3,107,RYBRGYRRBYRGR,YRBGRRYBRBYBR,0.4615384615384615
S1_D16_P1,S1_D16,1,14,4,108,RYBGRYGRBYGBY,RBYGRGRBYGBYY,0.6923076923076923
S1_D16_P1,S1_D16,1,14,5,109,YBRYBRYGRYBRY,YBRYBRYGRYBRY,1.0
S1_D16_P1,S1_D16,1,14,6,110,RBYGRBYBYBYBY,RBYGRBYBYBYBY,1.0
S1_D16_P1,S1_D16,1,14,7,111,YBRYBRYGRYBRY,YBRYBRYGRYBRY,1.0
S1_D16_P1,S1_D16,1,14,8,112,RBYGRBYBYBYBY,RBYGRBYBYBYBY,1.0
S1_D16_P1,S1_D16,1,15,1,113,RGGYRBRBBYRGY,RGGYRBRBBRYBR,0.6923076923076923
S1_D16_P1,S1_D16,1,15,2,114,YGYYBYYRYRRYY,YGYYBYYRYRYYY,0.9230769230769232
S1_D16_P1,S1_D16,1,15,3,115,RGYRGRBYBRBBG,RGYRBRRBYRRBR,0.6153846153846154
S1_D16_P1,S1_D16,1,15,4,116,YGYYYBYYRYBGY,YGYYYYYRYBRGY,0.8461538461538461
S1_D16_P1,S1_D16,1,15,5,117,RGYBRBYGYBRRY,YGRBBRGYYBRYB,0.4615384615384615
S1_D16_P1,S1_D16,1,15,6,118,YGYYYYYRBGRYY,YGYYYYBRGRBYR,0.6923076923076923
S1_D16_P1,S1_D16,1,15,7,119,YGRBYBRGRYYYY,BRYBRRBYRBGRY,0.3076923076923077
S1_D16_P1,S1_D16,1,15,8,120,YGYYYYYBRGRBY,RBYBBRBGRBRYB,0.3076923076923077
S1_D16_P2,S1_D16,2,1,1,1,GBYGGGYYGYYGR,GBYGGGYYYBBBR,0.6923076923076923
S1_D16_P2,S1_D16,2,1,2,2,YGRRRYRBGBRRY,YGRRRBYRGRBYG,0.6153846153846154
S1_D16_P2,S1_D16,2,1,3,3,YGBGGGGBRYBRG,YGBGGGGBYRBYR,0.6923076923076923
S1_D16_P2,S1_D16,2,1,4,4,YGRRRRYGRBYGG,YGRRRYGRBRBGR,0.6923076923076923
S1_D16_P2,S1_D16,2,1,5,5,YBGGGGGBRYGBY,YGBGGGRBYGBGG,0.5384615384615384
S1_D16_P2,S1_D16,2,1,6,6,GRRRBRYRBRRBY,GRBRRBBYRBBRG,0.6153846153846154
S1_D16_P2,S1_D16,2,1,7,7,YGBBGGGBRYGGY,YGGBBRBGGYBGY,0.5384615384615384
S1_D16_P2,S1_D16,2,1,8,8,GBBRBRRBYRGBY,YGBRRBBRBRGGB,0.5384615384615384
S1_D16_P2,S1_D16,2,2,1,9,YYBYYGBRRGGGY,YYBYYBRBRGYYY,0.6923076923076923
S1_D16_P2,S1_D16,2,2,2,10,YGBYBYGBRGBBY,YGBYGBRBYRYBY,0.5384615384615384
S1_D16_P2,S1_D16,2,2,3,11,YYBYYBRYBGBBB,YBYBRGRBBBBBY,0.5384615384615384
S1_D16_P2,S1_D16,2,2,4,12,YGBYGBRBRYGBY,YGBYGBRBRYGBB,0.9230769230769232
S1_D16_P2,S1_D16,2,2,5,13,YRBYBYBRGBBBB,YRBRBRGBBBBBB,0.6153846153846154
S1_D16_P2,S1_D16,2,2,6,14,YGBRYBRRGBRYB,YGBRYBRRGYBRG,0.7692307692307692
S1_D16_P2,S1_D16,2,2,7,15,YRBRBRGRBBBBB,YRBRBGRBBBBBB,0.8461538461538461
S1_D16_P2,S1_D16,2,2,8,16,YBRYGRYBRGGYY,YBRYGRBBBGGGG,0.6923076923076923
S1_D16_P2,S1_D16,2,3,1,17,YRGYYBGGYRBBB,YGRYBRGGBBBBB,0.6153846153846154
S1_D16_P2,S1_D16,2,3,2,18,RGBYRBYRBBRBR,YRGGRBRGRRBBR,0.4615384615384615
S1_D16_P2,S1_D16,2,3,3,19,YGRRGRGBBBBBB,YGRGRBBBBBBBB,0.7692307692307692
S1_D16_P2,S1_D16,2,3,4,20,YBGBYRGRRRRRB,YBGRBYRRRRBBB,0.6923076923076923
S1_D16_P2,S1_D16,2,3,5,21,YBGRYBGBBBBBB,YBGRYBGBBBBBB,1.0
S1_D16_P2,S1_D16,2,3,6,22,YGBRYBRRRRBBB,YBGYBRRRRBBBB,0.7692307692307692
S1_D16_P2,S1_D16,2,3,7,23,YGBRYBGBBBBBB,YGBYRBGBBBBBB,0.8461538461538461
S1_D16_P2,S1_D16,2,3,8,24,YGBYBRRRRBBBB,YGBYBRRRRBBBB,1.0
S1_D16_P2,S1_D16,2,4,1,25,RRYBYGYRYYYBY,YBRYGRBBBYYYY,0.3846153846153846
S1_D16_P2,S1_D16,2,4,2,26,YBYBBBRYGBRBB,YBYBBBRGYBBBB,0.7692307692307692
S1_D16_P2,S1_D16,2,4,3,27,YGBYBRYGBBYYY,YBGYRBGGRRBYY,0.3846153846153846
S1_D16_P2,S1_D16,2,4,4,28,YBYBRGBRBBBBB,YGYBRBBBBBBBB,0.7692307692307692
S1_D16_P2,S1_D16,2,4,5,29,YGYBRYRBGRRYY,YGYBRBRRYYYYY,0.6153846153846154
S1_D16_P2,S1_D16,2,4,6,30,YGYBRYRBBBBBB,YGYBRYBBBBBBB,0.9230769230769232
S1_D16_P2,S1_D16,2,4,7,31,YGYBYBRYYYYYY,YGYBRYYYYYYYY,0.7692307692307692
S1_D16_P2,S1_D16,2,4,8,32,GYBRYBRBYBBBB,GYBRYBRBYBBBB,1.0
S1_D16_P2,S1_D16,2,5,1,33,BBRGYYGYRYYBR,BBRYGRBBRYGRY,0.3846153846153846
S1_D16_P2,S1_D16,2,5,2,34,RGBGRRRRRRYBG,RGBGRRRRYBGRY,0.6923076923076923
S1_D16_P2,S1_D16,2,5,3,35,BBGRBGBRYRYBR,BBGRBYRRBGRBB,0.5384615384615384
S1_D16_P2,S1_D16,2,5,4,36,RGBRBRRRYBGRY,RGBRRRRBYBGRR,0.7692307692307692
S1_D16_P2,S1_D16,2,5,5,37,BGRYBGRBBYRBY,BGRBYBGRBYBGR,0.6153846153846154
S1_D16_P2,S1_D16,2,5,6,38,RGBYBRBGRRRRR,RGBYRBRGRRRRR,0.8461538461538461
S1_D16_P2,S1_D16,2,5,7,39,BGRYBRGYRRBBB,BGRBYRGRBBBBY,0.6153846153846154
S1_D16_P2,S1_D16,2,5,8,40,BYRBYBRGBYRBB,BYRBGRYGRYBYB,0.5384615384615384
S1_D16_P2,S1_D16,2,6,1,41,RBRBGRBYRGYGR,RBRRGRYGBYGYY,0.5384615384615384
S1_D16_P2,S1_D16,2,6,2,42,RYBGYBRRRYBGR,RYBGYBRGYRRRY,0.6153846153846154
S1_D16_P2,S1_D16,2,6,3,43,BRYBBYGYBYRRY,BYRBBYYGRGYRR,0.5384615384615384
S1_D16_P2,S1_D16,2,6,4,44,BYRGYBBRBBYYG,BYRBYGBRBBBYY,0.6923076923076923
S1_D16_P2,S1_D16,2,6,5,45,BYRGBRYYBGBYR,BYRBGYBRRGBBY,0.5384615384615384
S1_D16_P2,S1_D16,2,6,6,46,BYRGBRBBYRGBY,BYRBGYBBRRGGY,0.6153846153846154
S1_D16_P2,S1_D16,2,6,7,47,BRYBRBRGBRBYR,BYRBRBRGBYGRY,0.5384615384615384
S1_D16_P2,S1_D16,2,6,8,48,RBRBBYRGBYBRB,RBRBYGRBYBGBB,0.6153846153846154
S1_D16_P2,S1_D16,2,7,1,49,BGYBYRGGRYRYR,BGYBRYBGBRYRY,0.6923076923076923
S1_D16_P2,S1_D16,2,7,2,50,BRYBBRYBRGBRY,BYRBYRRBBGBYR,0.4615384615384615
S1_D16_P2,S1_D16,2,7,3,51,BRYBRGRYBBRYB,BRYBGYBRRBBYB,0.6153846153846154
S1_D16_P2,S1_D16,2,7,4,52,BRYBGRYYBRYBR,BGYBRYGRBYGBR,0.5384615384615384
S1_D16_P2,S1_D16,2,7,5,53,RBGRYBRRBYRBG,RBYBRGYGRRBBY,0.4615384615384615
S1_D16_P2,S1_D16,2,7,6,54,BYRBGRRBYRBGY,RBYBYRBGYRGYB,0.4615384615384615
S1_D16_P2,S1_D16,2,7,7,55,YRGRYBGRBRYBR,YRGBYRGYBGRBY,0.5384615384615384
S1_D16_P2,S1_D16,2,7,8,56,YRBYRBGRYBRGY,YRBYRBYRGBRBY,0.7692307692307692
S1_D16_P2,S1_D16,2,8,1,57,RBBGYYBYBYGGY,RBBGYYBYBYBGY,0.9230769230769232
S1_D16_P2,S1_D16,2,8,2,58,RYBRYRGBRYBGR,RYBRGYBGRYRGB,0.6153846153846154
S1_D16_P2,S1_D16,2,8,3,59,RYRGBRYRBGGRB,RYBGYRGGBBGBG,0.4615384615384615
S1_D16_P2,S1_D16,2,8,4,60,RBYRGBYRBGRYB,RBYRGYBGRBGBY,0.6923076923076923
S1_D16_P2,S1_D16,2,8,5,61,RBYBBRBGRYRBB,RBYBRBBBGRYGR,0.6153846153846154
S1_D16_P2,S1_D16,2,8,6,62,RBYRGYRBBRYGY,RBYRGYRBBYGRB,0.7692307692307692
S1_D16_P2,S1_D16,2,8,7,63,RGBRBBRBGRYRY,RBGRGRBYGRYGR,0.4615384615384615
S1_D16_P2,S1_D16,2,8,8,64,RBYRGYRBBGRBY,YRBYGRGBYGRBY,0.6153846153846154
S1_D16_P2,S1_D16,2,9,1,65,YYRYYYBBRGGYG,YRYYBYYYBRGYY,0.5384615384615384
S1_D16_P2,S1_D16,2,9,2,66,BRYGRYBRGBYRB,BRGBYGRYRGBGR,0.6153846153846154
S1_D16_P2,S1_D16,2,9,3,67,YBYYRYYYBRGYY,YBRYBYYYYGBGY,0.5384615384615384
S1_D16_P2,S1_D16,2,9,4,68,BRYBYGRYBRYBY,BGYBRYBGBYBYB,0.5384615384615384
S1_D16_P2,S1_D16,2,9,5,69,YRBYBYRYYYGGY,YBRGBYBRGYYYG,0.5384615384615384
S1_D16_P2,S1_D16,2,9,6,70,YBRBYRBYGBYRY,YBYRBYRYGYRYY,0.6923076923076923
S1_D16_P2,S1_D16,2,9,7,71,YRBYGRYBRGYGY,YRBGYBGBYYGYY,0.5384615384615384
S1_D16_P2,S1_D16,2,9,8,72,YRBYRGYRYYGYB,YRBYYGRGYBYGY,0.6153846153846154
S1_D16_P2,S1_D16,2,10,1,73,RGBYBRYBRGRGR,RYBRGBYRGRGRG,0.6153846153846154
S1_D16_P2,S1_D16,2,10,2,74,YYGYBRYBYGRGY,YYGYBRBGRYGYG,0.6923076923076923
S1_D16_P2,S1_D16,2,10,3,75,YRBYRGBRYYGYB,YRBYGBYRBRGYG,0.6153846153846154
S1_D16_P2,S1_D16,2,10,4,76,YYGYBRGBRYGYB,YYGYBRGBRGBGY,0.7692307692307692
S1_D16_P2,S1_D16,2,10,5,77,YGRYRBYRYBGYR,YGRYBRYRGYRBY,0.6153846153846154
S1_D16_P2,S1_D16,2,10,6,78,YGRBRGRBRRGYY,YGRYBRRRGGBYY,0.6153846153846154
S1_D16_P2,S1_D16,2,10,7,79,YRGYRBYBRGYRY,YRGYBRYRGYBYY,0.6153846153846154
S1_D16_P2,S1_D16,2,10,8,80,BYRYBRYYYYYYY,BYRRYBYYYYYYY,0.8461538461538461
S1_D16_P2,S1_D16,2,11,1,81,YBYRGGGRGBGYR,YBYYYBRGRGBYG,0.5384615384615384
S1_D16_P2,S1_D16,2,11,2,82,BYRGBRYRRYBYY,BYGBYRGBRYYYY,0.6153846153846154
S1_D16_P2,S1_D16,2,11,3,83,YRBRBGRBYRYGY,YRYGBGRBGYYYB,0.5384615384615384
S1_D16_P2,S1_D16,2,11,4,84,BRGBYRGRRRRYB,BGYBRYGBGRRRY,0.4615384615384615
S1_D16_P2,S1_D16,2,11,5,85,BRYBGRYBRBBBR,BYGBYRGBBBRBR,0.5384615384615384
S1_D16_P2,S1_D16,2,11,6,86,RYGRBBRYBGRYB,RYGBYBRGYRGBY,0.5384615384615384
S1_D16_P2,S1_D16,2,11,7,87,GBYBRYBGRYBGY,YBGRGBYRGBYYY,0.3846153846153846
S1_D16_P2,S1_D16,2,11,8,88,RGYBYBGBRYBRG,RGYBYBGYBBYGR,0.6923076923076923
S1_D16_P2,S1_D16,2,12,1,89,RRGGGRGYGGRRB,RRGGGYGGBGBGB,0.6153846153846154
S1_D16_P2,S1_D16,2,12,2,90,GGGYYYGGGBYYB,GGGYYYGGGYBYY,0.8461538461538461
S1_D16_P2,S1_D16,2,12,3,91,RYBRGGRGBRRRR,RGYBRYBRRRRRR,0.6153846153846154
S1_D16_P2,S1_D16,2,12,4,92,YBGYRBYYBGYBY,YBGYBRYYBGBYY,0.6923076923076923
S1_D16_P2,S1_D16,2,12,5,93,GYBRRYBRRRRRR,GYBYBGRYRRRRR,0.6923076923076923
S1_D16_P2,S1_D16,2,12,6,94,BYRBGRBRYBYYY,BYRBGYBRYBYYY,0.9230769230769232
S1_D16_P2,S1_D16,2,12,7,95,BYRGBYRRGBRYB,BYRGBYRGRBYGY,0.6153846153846154
S1_D16_P2,S1_D16,2,12,8,96,RBGBBBRYBRYBY,BRGBYBRBYBBBB,0.4615384615384615
S1_D16_P2,S1_D16,2,13,1,97,BRBRRYGRRRBGB,BRBRRRYGRBGBB,0.6923076923076923
S1_D16_P2,S1_D16,2,13,2,98,BRGRRRRRBYRBY,BRGBYGRRRYYYB,0.5384615384615384
S1_D16_P2,S1_D16,2,13,3,99,RBGRYBGRRYBRG,RBYGRYBGRYBBB,0.6923076923076923
S1_D16_P2,S1_D16,2,13,4,100,RYBRGBRYYRGBB,RYBRGYBGRBYRG,0.6153846153846154
S1_D16_P2,S1_D16,2,13,5,101,RYGBBRYBRBYRG,RYGBGRBGRYBGY,0.5384615384615384
S1_D16_P2,S1_D16,2,13,6,102,RYBRGRBYRBBGR,RGYBRGYBGRYRG,0.5384615384615384
S1_D16_P2,S1_D16,2,13,7,103,RYBGRRYBRBYRG,RYBRGYRRBYGRY,0.6153846153846154
S1_D16_P2,S1_D16,2,13,8,104,BYRBGRYYBRBRY,BRGBBYGRYBBBB,0.3846153846153846
S1_D16_P2,S1_D16,2,14,1,105,RRYRBRRRYYBBR,RYBRRBBYRBYRR,0.4615384615384615
S1_D16_P2,S1_D16,2,14,2,106,RYBRGGRYRYBGR,RYBRGYRRBYRGR,0.6923076923076923
S1_D16_P2,S1_D16,2,14,3,107,RYBGRRRYBRBYR,RYBGRYGRBYGBY,0.5384615384615384
S1_D16_P2,S1_D16,2,14,4,108,YRBGRRYBRBYBR,YBRYBRYGRYBRY,0.4615384615384615
S1_D16_P2,S1_D16,2,14,5,109,RBYGRGRBYGBYY,RBYGRBYBYBYBY,0.6923076923076923
S1_D16_P2,S1_D16,2,14,6,110,YBRYBRYGRYBRY,YBRYBRYGRYBRY,1.0
S1_D16_P2,S1_D16,2,14,7,111,RBYGRBYBYBYBY,RBYGRBYBYBYBY,1.0
S1_D16_P2,S1_D16,2,14,8,112,YBRYBRYGRYBRY,YBRYBRYBRYBRY,0.9230769230769232
S1_D16_P2,S1_D16,2,15,1,113,YGYBYRYRYRRYY,YGYYBYYRYRRYY,0.8461538461538461
S1_D16_P2,S1_D16,2,15,2,114,RGGYRBRBBRYBR,RGYRGRBYBRBBG,0.6153846153846154
S1_D16_P2,S1_D16,2,15,3,115,YGYYBYYRYRYYY,YGYYYBYYRYBGY,0.6923076923076923
S1_D16_P2,S1_D16,2,15,4,116,RGYRBRRBYRRBR,RGYBRBYGYBRRY,0.5384615384615384
S1_D16_P2,S1_D16,2,15,5,117,YGYYYYYRYBRGY,YGYYYYYRBGRYY,0.7692307692307692
S1_D16_P2,S1_D16,2,15,6,118,YGRBBRGYYBRYB,YGRBYBRGRYYYY,0.6153846153846154
S1_D16_P2,S1_D16,2,15,7,119,YGYYYYBRGRBYR,YGYYYYYBRGRBY,0.8461538461538461
S1_D16_P2,S1_D16,2,15,8,120,BRYBRRBYRBGRY,YRBYRBRRBYRBG,0.6153846153846154
S1_D17_P1,S1_D17,1,1,1,1,RRBRYGRBBYRYG,RRBYGYBRBYGRB,0.5384615384615384
S1_D17_P1,S1_D17,1,1,2,2,RYGGRYYGGRYRG,RYYGRYYGYRYGG,0.7692307692307692
S1_D17_P1,S1_D17,1,1,3,3,RRBYGRBYGYBRB,RRBYGYBRRBYYB,0.5384615384615384
S1_D17_P1,S1_D17,1,1,4,4,RYYGRYBRYGRYR,RYYGYBRYGYRBG,0.6923076923076923
S1_D17_P1,S1_D17,1,1,5,5,RRBYGYBRRBYGY,RRBYGYBRRRBYG,0.8461538461538461
S1_D17_P1,S1_D17,1,1,6,6,RYYGYRBRYYGRG,RRYGYRRRYGYRY,0.6153846153846154
S1_D17_P1,S1_D17,1,1,7,7,RRBYGYBRRRBYG,RRBYGYBRRBYGY,0.8461538461538461
S1_D17_P1,S1_D17,1,1,8,8,RRYGYRRRYGYRY,RRYGYRRRYGYRY,1.0
S1_D17_P1,S1_D17,1,2,1,9,BBBYYGBBYGGGG,BBBYGBYGGGGGG,0.6923076923076923
S1_D17_P1,S1_D17,1,2,2,10,BYBRRRRRRBYGG,BBBYGYBBBBYGG,0.4615384615384615
S1_D17_P1,S1_D17,1,2,3,11,BBYGYBYGGGGGG,BBYYBGGGGGGGG,0.7692307692307692
S1_D17_P1,S1_D17,1,2,4,12,BBYGYBBBBYGGG,BBYGBBBBYGGGG,0.8461538461538461
S1_D17_P1,S1_D17,1,2,5,13,BBYBBYGGGGGGG,BBYBYGGGGGGGG,0.8461538461538461
S1_D17_P1,S1_D17,1,2,6,14,BBYBGYBYGGGGG,BBBYGBBYGGGGG,0.7692307692307692
S1_D17_P1,S1_D17,1,2,7,15,BBYBYGYGGGGGG,BBBYBBYGGGGGG,0.7692307692307692
S1_D17_P1,S1_D17,1,2,8,16,BBBYGBYGGGGGG,BBBYGYBYGGGGG,0.8461538461538461
S1_D17_P1,S1_D17,1,3,1,17,YYBYRYBGRGRGR,YYBRGRGRGRGRG,0.6923076923076923
S1_D17_P1,S1_D17,1,3,2,18,GGBGYBBYYRRBB,GGYBBYGGBRGYB,0.4615384615384615
S1_D17_P1,S1_D17,1,3,3,19,YYBYBRGRGRGRG,YYBRBYBRGRGRG,0.7692307692307692
S1_D17_P1,S1_D17,1,3,4,20,GGYBBYGBYRRGY,GGYBRBYGYBRGR,0.6923076923076923
S1_D17_P1,S1_D17,1,3,5,21,YYBRBYBRGRGRG,YYBRGRGRGRGRG,0.7692307692307692
S1_D17_P1,S1_D17,1,3,6,22,GGYBRBYGRGRGR,GGYBRGRGRGRGR,0.8461538461538461
S1_D17_P1,S1_D17,1,3,7,23,YYBRGRGRGRGRG,YYBRGRGRGRGRG,1.0
S1_D17_P1,S1_D17,1,3,8,24,GGYBRGRGRGRGR,YYBRGRGRGRGRG,0.7692307692307692
S1_D17_P1,S1_D17,1,4,1,25,GRRYYRBYBGYRR,GGYRYGBGYRGRR,0.4615384615384615
S1_D17_P1,S1_D17,1,4,2,26,RYYBRYBBBYBYB,RRYRYBYBYBBRY,0.5384615384615384
S1_D17_P1,S1_D17,1,4,3,27,GYRGBYRYRGRGR,GYRYGYBGRYRGR,0.6153846153846154
S1_D17_P1,S1_D17,1,4,4,28,RRBYBYBRBYBYB,RRBYBRYBRYYBY,0.7692307692307692
S1_D17_P1,S1_D17,1,4,5,29,YRYBGYRGYGRGB,YYRGRBRYGYBRY,0.3846153846153846
S1_D17_P1,S1_D17,1,4,6,30,RRYBRBYYBRYRB,YYBRYRYBGBYRY,0.4615384615384615
S1_D17_P1,S1_D17,1,4,7,31,YYRGYBBYYRGYB,YYBYRGYBGRYBR,0.4615384615384615
S1_D17_P1,S1_D17,1,4,8,32,YBYYBRYGYBRYR,YYRYBRYBYRYBY,0.5384615384615384
S1_D17_P1,S1_D17,1,5,1,33,BRRYRYRBBRBYR,BBRYBRBBYRBYB,0.6153846153846154
S1_D17_P1,S1_D17,1,5,2,34,GGYBGYRGYGYGY,GGYGYRGBYRGYG,0.6923076923076923
S1_D17_P1,S1_D17,1,5,3,35,BRYYBRBBYRBYB,GGYRBYRRGYRBY,0.4615384615384615
S1_D17_P1,S1_D17,1,5,4,36,GYGGRGYRGBRGG,GGYRYGGYRBGYR,0.3846153846153846
S1_D17_P1,S1_D17,1,5,5,37,GYRBYBRGYBRYG,GYRRYGBYRGYRG,0.6153846153846154
S1_D17_P1,S1_D17,1,5,6,38,GGYRBRYGGYRBG,GGYRYGYRYGYBG,0.6153846153846154
S1_D17_P1,S1_D17,1,5,7,39,GYRRRRGYRBYRG,GYGRRRGYBBGYB,0.6153846153846154
S1_D17_P1,S1_D17,1,5,8,40,GYRYGBYRGYGYG,GGYGYRGYBYGYG,0.6153846153846154
S1_D17_P1,S1_D17,1,6,1,41,GYRGBBRGYRRRB,GYRYYGBGYGYRG,0.4615384615384615
S1_D17_P1,S1_D17,1,6,2,42,GBRRGRGRBGBBB,GRGBGRGRBGBBB,0.7692307692307692
S1_D17_P1,S1_D17,1,6,3,43,GYRGYGBYGBYRG,GYBGRGBGYRGBY,0.5384615384615384
S1_D17_P1,S1_D17,1,6,4,44,GRGBGRGBBBGBB,GRGBGRGBGBBGB,0.8461538461538461
S1_D17_P1,S1_D17,1,6,5,45,GRGYBGBRGBYYY,GGBYGYBGYBGBY,0.4615384615384615
S1_D17_P1,S1_D17,1,6,6,46,GRGBGRGBYBGYR,GBGRGGBGRYBYB,0.4615384615384615
S1_D17_P1,S1_D17,1,6,7,47,GGYRGBYGBYGGG,GGYBYGGGYBGGY,0.5384615384615384
S1_D17_P1,S1_D17,1,6,8,48,BGRGGBGYBYBYB,BBYBYGYBYBYYG,0.4615384615384615
S1_D17_P1,S1_D17,1,7,1,49,GYGGRYRRGBGRY,GGRYGBYRYGYGG,0.3846153846153846
S1_D17_P1,S1_D17,1,7,2,50,YYYYYGBYRBRYY,YYYYYYGYBYRYG,0.6153846153846154
S1_D17_P1,S1_D17,1,7,3,51,GGYRRYRGGYGGG,GGYRYGYRBYGGG,0.6923076923076923
S1_D17_P1,S1_D17,1,7,4,52,YYYYYYGYBYRYG,YYYYGYRYGYGYR,0.6153846153846154
S1_D17_P1,S1_D17,1,7,5,53,GGYRBGYRBRYBG,GGGGYRGYRBYGY,0.5384615384615384
S1_D17_P1,S1_D17,1,7,6,54,YYYYGYRYGYRYG,YYYYRYGYGYRYY,0.7692307692307692
S1_D17_P1,S1_D17,1,7,7,55,GGGGYRGYBRYGY,GGGYGYRYGYRRG,0.6153846153846154
S1_D17_P1,S1_D17,1,7,8,56,YYYYRYGYRYGYY,YYYYRYGYGGYRY,0.7692307692307692
S1_D17_P1,S1_D17,1,8,1,57,BGRGBGYRRYGRY,YYYRYGYRYGYYR,0.3846153846153846
S1_D17_P1,S1_D17,1,8,2,58,GYRGRYRGRBBBB,GYRYGYRGYBBBB,0.7692307692307692
S1_D17_P1,S1_D17,1,8,3,59,YYYRYGYGYRYYY,GGGYGRRGYGYGB,0.3076923076923077
S1_D17_P1,S1_D17,1,8,4,60,GYRYGYGYRYGBB,GYRYGYRGGYBBB,0.6923076923076923
S1_D17_P1,S1_D17,1,8,5,61,GGGYRYGYGBBBB,GGYRYGYYBBBBB,0.7692307692307692
S1_D17_P1,S1_D17,1,8,6,62,GYRGGYGYGGBBB,GGYRYGBYGGYGY,0.4615384615384615
S1_D17_P1,S1_D17,1,8,7,63,GGYRYGGYBBBBB,GGYRYGYBBBBBB,0.8461538461538461
S1_D17_P1,S1_D17,1,8,8,64,GGYRYGBYGYYGG,GGYRYGYYGYRRY,0.6923076923076923
S1_D17_P1,S1_D17,1,9,1,65,RRRRYRYBGGYRY,RRRYRRBGGBGGG,0.5384615384615384
S1_D17_P1,S1_D17,1,9,2,66,RGRYRBYRGGGGG,RYRYYGGGGYGYG,0.5384615384615384
S1_D17_P1,S1_D17,1,9,3,67,RRRYRYRBGGGGG,GGYRYGYYRYGYG,0.3076923076923077
S1_D17_P1,S1_D17,1,9,4,68,RRYRYBGYGYGYG,RRYGYBYGYRYBY,0.6153846153846154
S1_D17_P1,S1_D17,1,9,5,69,GGYRYGGYRYGGG,GYRYYGYGYRYGG,0.6923076923076923
S1_D17_P1,S1_D17,1,9,6,70,RRYBYGRBYBYBY,RRBYGYRBYYBYB,0.6923076923076923
S1_D17_P1,S1_D17,1,9,7,71,GRYGRYBYGGGGG,GGYRYGBYGBYGY,0.5384615384615384
S1_D17_P1,S1_D17,1,9,8,72,RRBYGYBRYBYBY,RRBYBRBYBRBYB,0.6153846153846154
S1_D17_P1,S1_D17,1,10,1,73,RRBYRYBYGGRBB,RRBYBRBBYBBGG,0.4615384615384615
S1_D17_P1,S1_D17,1,10,2,74,GRBRGRRYRBYRR,GGRYRRYBBBRRG,0.5384615384615384
S1_D17_P1,S1_D17,1,10,3,75,RBYBRBBYBYGGG,RRBYBRBBYGYBR,0.6153846153846154
S1_D17_P1,S1_D17,1,10,4,76,RRYGYBRYBBBRR,GGYRYGYYBRYGY,0.3076923076923077
S1_D17_P1,S1_D17,1,10,5,77,RRBYBRBBYGYBG,RRBYYRBYGYYRB,0.6153846153846154
S1_D17_P1,S1_D17,1,10,6,78,RRYGYRBBRYGYY,RRYGYRGYYRYGY,0.6923076923076923
S1_D17_P1,S1_D17,1,10,7,79,RRBYRBYYGYYBB,RRBYBBYGYBRRB,0.6153846153846154
S1_D17_P1,S1_D17,1,10,8,80,RRYGRYRYGYGGY,RRYGYYYRYYRYR,0.5384615384615384
S1_D17_P1,S1_D17,1,11,1,81,GGBBGRGRRGGGG,GGBBGRGRRGRGB,0.8461538461538461
S1_D17_P1,S1_D17,1,11,2,82,RRBBRYRYBYRRR,RRBYYBRRBYBRB,0.5384615384615384
S1_D17_P1,S1_D17,1,11,3,83,GRGRGBRGRGBBG,GGRGBGRGBGBBG,0.7692307692307692
S1_D17_P1,S1_D17,1,11,4,84,RRBYBYBRRYBBR,RRBYRRYBRBBBB,0.6153846153846154
S1_D17_P1,S1_D17,1,11,5,85,GGRGBGRGBGRGB,GGRGBGRRRBGGB,0.7692307692307692
S1_D17_P1,S1_D17,1,11,6,86,RRBYRRYBRBBBB,RRBYYBRBYBBBB,0.6923076923076923
S1_D17_P1,S1_D17,1,11,7,87,GGGBRRRGBGBBG,GGRGBBGBRGBRG,0.5384615384615384
S1_D17_P1,S1_D17,1,11,8,88,RRBYYBRBYBBBB,RRBYBBRYBRYBG,0.6153846153846154
S1_D17_P1,S1_D17,1,12,1,89,GYYRYYGYRBYRG,GGRGBYGYBRYYG,0.4615384615384615
S1_D17_P1,S1_D17,1,12,2,90,RRBRYYRYRBRGG,GGRYGGBYGBYGR,0.3076923076923077
S1_D17_P1,S1_D17,1,12,3,91,RRGRGYRBBRYGG,RRBYGYBRYBYGG,0.6153846153846154
S1_D17_P1,S1_D17,1,12,4,92,GGRYGGYBGGYGB,GRGYYGGRBYYBB,0.5384615384615384
S1_D17_P1,S1_D17,1,12,5,93,RRBRGYBRGYGGG,RRBYBRRBBBGYR,0.3846153846153846
S1_D17_P1,S1_D17,1,12,6,94,GGYRGGRBYBRBB,GGYBYYGYRBYGG,0.3846153846153846
S1_D17_P1,S1_D17,1,12,7,95,RRBRRYBBRRGGG,RRYGRRGBYGRRR,0.3846153846153846
S1_D17_P1,S1_D17,1,12,8,96,GYGYYBRYGYBRG,GGBRBYGGYBRGR,0.5384615384615384
S1_D17_P1,S1_D17,1,13,1,97,BRRYBGBGRRBYR,GGBBYGBRBYGBR,0.3076923076923077
S1_D17_P1,S1_D17,1,13,2,98,BBYBBRGGBRYBG,BBYRYBBBBBBYB,0.4615384615384615
S1_D17_P1,S1_D17,1,13,3,99,RYBRYGBRYGBRG,RRYBYGYBBGYBG,0.4615384615384615
S1_D17_P1,S1_D17,1,13,4,100,BBYRBYBBBBBBY,RRBYBBBBBBBBY,0.6923076923076923
S1_D17_P1,S1_D17,1,13,5,101,BBRYBYGBBGYYY,RRYGYBYGYYBYG,0.4615384615384615
S1_D17_P1,S1_D17,1,13,6,102,RYBBBBBBBBBYY,BBYGYBYGYBRBY,0.3076923076923077
S1_D17_P1,S1_D17,1,13,7,103,BBRYGYRBYYRYG,GGYBYRBBYGYBY,0.3846153846153846
S1_D17_P1,S1_D17,1,13,8,104,BBYBYGYBYGYRY,BBYGYBYGYYBRR,0.6153846153846154
S1_D17_P1,S1_D17,1,14,1,105,YBGRGYBYRBGRY,YYRGRGYBYBRYB,0.6153846153846154
S1_D17_P1,S1_D17,1,14,2,106,GYRBBRGGGBBGG,YYBYGGBYGBBYR,0.3846153846153846
S1_D17_P1,S1_D17,1,14,3,107,GYRGBRGYYRGYB,GGYRYGYYRYGYB,0.6153846153846154
S1_D17_P1,S1_D17,1,14,4,108,YYRGYYBYYYRGB,BBYRYBYGYYBYG,0.3846153846153846
S1_D17_P1,S1_D17,1,14,5,109,YYGYYGYGYYBBB,YGYYYGYYBBBBB,0.6923076923076923
S1_D17_P1,S1_D17,1,14,6,110,YYBYYBRYYYGYB,YYGYBYGYRRYGB,0.4615384615384615
S1_D17_P1,S1_D17,1,14,7,111,YYGYYYGYBBBBB,BYYBYYGYBYBGY,0.5384615384615384
S1_D17_P1,S1_D17,1,14,8,112,YYGYBYGYYBRGB,YYYRYBYGGYRBY,0.5384615384615384
S1_D17_P1,S1_D17,1,15,1,113,GYBBYGYYBGGRR,GYBYGYRYYGGYB,0.6153846153846154
S1_D17_P1,S1_D17,1,15,2,114,BBYRYGYRBGGGG,YRYYBYYRYGGGG,0.5384615384615384
S1_D17_P1,S1_D17,1,15,3,115,BYGBYRGYGYGBY,GBGGYBGYRGYBG,0.4615384615384615
S1_D17_P1,S1_D17,1,15,4,116,YRGYBYYYRYGGG,YGYYRYYYBYGYY,0.5384615384615384
S1_D17_P1,S1_D17,1,15,5,117,GYGGYBRYBYGRG,GGYRYGGBYGGYR,0.3846153846153846
S1_D17_P1,S1_D17,1,15,6,118,YGYYYBRYYRGYY,GGYRYGGYRYYGB,0.3846153846153846
S1_D17_P1,S1_D17,1,15,7,119,GGYGGRGBYGRYG,GGYRYGGYBYYGY,0.4615384615384615
S1_D17_P1,S1_D17,1,15,8,120,GYGGYRGYYGYYB,GGYGGYBYGGYRG,0.5384615384615384
S1_D17_P2,S1_D17,2,1,1,1,RYGGRYYGGBYGR,RYGGRYYGGRYRG,0.7692307692307692
S1_D17_P2,S1_D17,2,1,2,2,RRBYGYBRBYGRB,RRBYGRBYGYBRB,0.6923076923076923
S1_D17_P2,S1_D17,2,1,3,3,RYYGRYYGYRYGG,RYYGRYBRYGRYR,0.6153846153846154
S1_D17_P2,S1_D17,2,1,4,4,RRBYGYBRRBYYB,RRBYGYBRRBYGY,0.8461538461538461
S1_D17_P2,S1_D17,2,1,5,5,RYYGYBRYGYRBG,RYYGYRBRYYGRG,0.6923076923076923
S1_D17_P2,S1_D17,2,1,6,6,RRBYGYBRRRBYG,RRBYGYBRRRBYG,1.0
S1_D17_P2,S1_D17,2,1,7,7,RRYGYRRRYGYRY,RRYGYRRRYGYRY,1.0
S1_D17_P2,S1_D17,2,1,8,8,RRBYGYBRRBYGY,RRBYGYBRRBYGY,1.0
S1_D17_P2,S1_D17,2,2,1,9,BBRYRRRRRYBGY,BYBRRRRRRBYGG,0.6153846153846154
S1_D17_P2,S1_D17,2,2,2,10,BBBYGBYGGGGGG,BBYGYBYGGGGGG,0.8461538461538461
S1_D17_P2,S1_D17,2,2,3,11,BBBYGYBBBBYGG,BBYGYBBBBYGGG,0.8461538461538461
S1_D17_P2,S1_D17,2,2,4,12,BBYYBGGGGGGGG,BBYBBYGGGGGGG,0.8461538461538461
S1_D17_P2,S1_D17,2,2,5,13,BBYGBBBBYGGGG,BBYBGYBYGGGGG,0.6923076923076923
S1_D17_P2,S1_D17,2,2,6,14,BBYBYGGGGGGGG,BBYBYGYGGGGGG,0.9230769230769232
S1_D17_P2,S1_D17,2,2,7,15,BBBYGBBYGGGGG,BBBYGBYGGGGGG,0.8461538461538461
S1_D17_P2,S1_D17,2,2,8,16,BBBYBBYGGGGGG,BBBYBBYGGGGGG,1.0
S1_D17_P2,S1_D17,2,3,1,17,GBYGBBBYRRGGB,GGBGYBBYYRRBB,0.5384615384615384
S1_D17_P2,S1_D17,2,3,2,18,YYBRGRGRGRGRG,YYBYBRGRGRGRG,0.8461538461538461
S1_D17_P2,S1_D17,2,3,3,19,GGYBBYGGBRGYB,GGYBBYGBYRRGY,0.6923076923076923
S1_D17_P2,S1_D17,2,3,4,20,YYBRBYBRGRGRG,YYBRBYBRGRGRG,1.0
S1_D17_P2,S1_D17,2,3,5,21,GGYBRBYGYBRGR,GGYBRBYGRGRGR,0.8461538461538461
S1_D17_P2,S1_D17,2,3,6,22,YYBRGRGRGRGRG,YYBRGRGRGRGRG,1.0
S1_D17_P2,S1_D17,2,3,7,23,GGYBRGRGRGRGR,GGYBRGRGRGRGR,1.0
S1_D17_P2,S1_D17,2,3,8,24,YYBRGRGRGRGRG,YYBRGRGRGRGRG,1.0
S1_D17_P2,S1_D17,2,4,1,25,RYYBRBRYBBBYY,RYYBRYBBBYBYB,0.6923076923076923
S1_D17_P2,S1_D17,2,4,2,26,GGYRYGBGYRGRR,GYRGBYRYRGRGR,0.6153846153846154
S1_D17_P2,S1_D17,2,4,3,27,RRYRYBYBYBBRY,RRBYBYBRBYBYB,0.5384615384615384
S1_D17_P2,S1_D17,2,4,4,28,GYRYGYBGRYRGR,YRYBGYRGYGRGB,0.5384615384615384
S1_D17_P2,S1_D17,2,4,5,29,RRBYBRYBRYYBY,RRYBRBYYBRYRB,0.6153846153846154
S1_D17_P2,S1_D17,2,4,6,30,YYRGRBRYGYBRY,YYRGYBBYYRGYB,0.5384615384615384
S1_D17_P2,S1_D17,2,4,7,31,YYBRYRYBGBYRY,YBYYBRYGYBRYR,0.5384615384615384
S1_D17_P2,S1_D17,2,4,8,32,YYBYRGYBGRYBR,YYRGYBRGRYGRY,0.6153846153846154
S1_D17_P2,S1_D17,2,5,1,33,GBBGYGYRRBGYR,GGYBGYRGYGYGY,0.4615384615384615
S1_D17_P2,S1_D17,2,5,2,34,BBRYBRBBYRBYB,BRYYBRBBYRBYB,0.8461538461538461
S1_D17_P2,S1_D17,2,5,3,35,GGYGYRGBYRGYG,GYGGRGYRGBRGG,0.6153846153846154
S1_D17_P2,S1_D17,2,5,4,36,GGYRBYRRGYRBY,GYRBYBRGYBRYG,0.6153846153846154
S1_D17_P2,S1_D17,2,5,5,37,GGYRYGGYRBGYR,GGYRBRYGGYRBG,0.6923076923076923
S1_D17_P2,S1_D17,2,5,6,38,GYRRYGBYRGYRG,GYRRRRGYRBYRG,0.6923076923076923
S1_D17_P2,S1_D17,2,5,7,39,GGYRYGYRYGYBG,GYRYGBYRGYGYG,0.6923076923076923
S1_D17_P2,S1_D17,2,5,8,40,GYGRRRGYBBGYB,GYRRGGBBYBYGG,0.4615384615384615
S1_D17_P2,S1_D17,2,6,1,41,GBBRGRRRBRBBB,GBRRGRGRBGBBB,0.7692307692307692
S1_D17_P2,S1_D17,2,6,2,42,GYRYYGBGYGYRG,GYRGYGBYGBYRG,0.7692307692307692
S1_D17_P2,S1_D17,2,6,3,43,GRGBGRGRBGBBB,GRGBGRGBBBGBB,0.7692307692307692
S1_D17_P2,S1_D17,2,6,4,44,GYBGRGBGYRGBY,GRGYBGBRGBYYY,0.4615384615384615
S1_D17_P2,S1_D17,2,6,5,45,GRGBGRGBGBBGB,GRGBGRGBYBGYR,0.6923076923076923
S1_D17_P2,S1_D17,2,6,6,46,GGBYGYBGYBGBY,GGYRGBYGBYGGG,0.3846153846153846
S1_D17_P2,S1_D17,2,6,7,47,GBGRGGBGRYBYB,BGRGGBGYBYBYB,0.7692307692307692
S1_D17_P2,S1_D17,2,6,8,48,GGYBYGGGYBGGY,GGYBGYGGBYBGG,0.7692307692307692
S1_D17_P2,S1_D17,2,7,1,49,YYYYYGBYRYBRY,YYYYYGBYRBRYY,0.8461538461538461
S1_D17_P2,S1_D17,2,7,2,50,GGRYGBYRYGYGG,GGYRRYRGGYGGG,0.6153846153846154
S1_D17_P2,S1_D17,2,7,3,51,YYYYYYGYBYRYG,YYYYYYGYBYRYG,1.0
S1_D17_P2,S1_D17,2,7,4,52,GGYRYGYRBYGGG,GGYRBGYRBRYBG,0.6923076923076923
S1_D17_P2,S1_D17,2,7,5,53,YYYYGYRYGYGYR,YYYYGYRYGYRYG,0.8461538461538461
S1_D17_P2,S1_D17,2,7,6,54,GGGGYRGYRBYGY,GGGGYRGYBRYGY,0.8461538461538461
S1_D17_P2,S1_D17,2,7,7,55,YYYYRYGYGYRYY,YYYYRYGYRYGYY,0.8461538461538461
S1_D17_P2,S1_D17,2,7,8,56,GGGYGYRYGYRRG,GGGYRYGYRYRGG,0.6923076923076923
S1_D17_P2,S1_D17,2,8,1,57,YGRGRYRGGRBBR,GYRGRYRGRBBBB,0.6153846153846154
S1_D17_P2,S1_D17,2,8,2,58,YYYRYGYRYGYYR,YYYRYGYGYRYYY,0.7692307692307692
S1_D17_P2,S1_D17,2,8,3,59,GYRYGYRGYBBBB,GYRYGYGYRYGBB,0.6923076923076923
S1_D17_P2,S1_D17,2,8,4,60,GGGYGRRGYGYGB,GGGYRYGYGBBBB,0.6153846153846154
S1_D17_P2,S1_D17,2,8,5,61,GYRYGYRGGYBBB,GYRGGYGYGGBBB,0.6923076923076923
S1_D17_P2,S1_D17,2,8,6,62,GGYRYGYYBBBBB,GGYRYGGYBBBBB,0.9230769230769232
S1_D17_P2,S1_D17,2,8,7,63,GGYRYGBYGGYGY,GGYRYGBYGYYGG,0.8461538461538461
S1_D17_P2,S1_D17,2,8,8,64,GGYRYGYBBBBBB,GYRYGGYBBBBBB,0.8461538461538461
S1_D17_P2,S1_D17,2,9,1,65,RGRYYBBRBGGGB,RGRYRBYRGGGGG,0.6923076923076923
S1_D17_P2,S1_D17,2,9,2,66,RRRYRRBGGBGGG,RRRYRYRBGGGGG,0.8461538461538461
S1_D17_P2,S1_D17,2,9,3,67,RYRYYGGGGYGYG,RRYRYBGYGYGYG,0.6923076923076923
S1_D17_P2,S1_D17,2,9,4,68,GGYRYGYYRYGYG,GGYRYGGYRYGGG,0.8461538461538461
S1_D17_P2,S1_D17,2,9,5,69,RRYGYBYGYRYBY,RRYBYGRBYBYBY,0.6153846153846154
S1_D17_P2,S1_D17,2,9,6,70,GYRYYGYGYRYGG,GRYGRYBYGGGGG,0.4615384615384615
S1_D17_P2,S1_D17,2,9,7,71,RRBYGYRBYYBYB,RRBYGYBRYBYBY,0.7692307692307692
S1_D17_P2,S1_D17,2,9,8,72,GGYRYGBYGBYGY,GGYBRYGYBYYGY,0.6923076923076923
S1_D17_P2,S1_D17,2,10,1,73,GRBGRRRYRRYRR,GRBRGRRYRBYRR,0.7692307692307692
S1_D17_P2,S1_D17,2,10,2,74,RRBYBRBBYBBGG,RBYBRBBYBYGGG,0.7692307692307692
S1_D17_P2,S1_D17,2,10,3,75,GGRYRRYBBBRRG,RRYGYBRYBBBRR,0.5384615384615384
S1_D17_P2,S1_D17,2,10,4,76,RRBYBRBBYGYBR,RRBYBRBBYGYBG,0.9230769230769232
S1_D17_P2,S1_D17,2,10,5,77,GGYRYGYYBRYGY,RRYGYRBBRYGYY,0.5384615384615384
S1_D17_P2,S1_D17,2,10,6,78,RRBYYRBYGYYRB,RRBYRBYYGYYBB,0.7692307692307692
S1_D17_P2,S1_D17,2,10,7,79,RRYGYRGYYRYGY,RRYGRYRYGYGGY,0.6153846153846154
S1_D17_P2,S1_D17,2,10,8,80,RRBYBBYGYBRRB,RRBYBBRBYGYRB,0.6923076923076923
S1_D17_P2,S1_D17,2,11,1,81,RRBBBRYRYRRRY,RRBBRYRYBYRRR,0.6923076923076923
S1_D17_P2,S1_D17,2,11,2,82,GGBBGRGRRGRGB,GRGRGBRGRGBBG,0.5384615384615384
S1_D17_P2,S1_D17,2,11,3,83,RRBYYBRRBYBRB,RRBYBYBRRYBBR,0.6923076923076923
S1_D17_P2,S1_D17,2,11,4,84,GGRGBGRGBGBBG,GGRGBGRGBGRGB,0.7692307692307692
S1_D17_P2,S1_D17,2,11,5,85,RRBYRRYBRBBBB,RRBYRRYBRBBBB,1.0
S1_D17_P2,S1_D17,2,11,6,86,GGRGBGRRRBGGB,GGGBRRRGBGBBG,0.6153846153846154
S1_D17_P2,S1_D17,2,11,7,87,RRBYYBRBYBBBB,RRBYYBRBYBBBB,1.0
S1_D17_P2,S1_D17,2,11,8,88,GGRGBBGBRGBRG,RRGRGGBGRGBGB,0.5384615384615384
S1_D17_P2,S1_D17,2,12,1,89,RBRRYRYRBGRGG,RRBRYYRYRBRGG,0.7692307692307692
S1_D17_P2,S1_D17,2,12,2,90,GGRGBYGYBRYYG,RRGRGYRBBRYGG,0.5384615384615384
S1_D17_P2,S1_D17,2,12,3,91,GGRYGGBYGBYGR,GGRYGGYBGGYGB,0.6923076923076923
S1_D17_P2,S1_D17,2,12,4,92,RRBYGYBRYBYGG,RRBRGYBRGYGGG,0.6923076923076923
S1_D17_P2,S1_D17,2,12,5,93,GRGYYGGRBYYBB,GGYRGGRBYBRBB,0.6923076923076923
S1_D17_P2,S1_D17,2,12,6,94,RRBYBRRBBBGYR,RRBRRYBBRRGGG,0.4615384615384615
S1_D17_P2,S1_D17,2,12,7,95,GGYBYYGYRBYGG,GYGYYBRYGYBRG,0.5384615384615384
S1_D17_P2,S1_D17,2,12,8,96,RRYGRRGBYGRRR,RRYGRRYBRYGRR,0.7692307692307692
S1_D17_P2,S1_D17,2,13,1,97,BYYBBRRGBYGBB,BBYBBRGGBRYBG,0.6153846153846154
S1_D17_P2,S1_D17,2,13,2,98,GGBBYGBRBYGBR,RYBRYGBRYGBRG,0.6153846153846154
S1_D17_P2,S1_D17,2,13,3,99,BBYRYBBBBBBYB,BBYRBYBBBBBBY,0.8461538461538461
S1_D17_P2,S1_D17,2,13,4,100,RRYBYGYBBGYBG,BBRYBYGBBGYYY,0.6153846153846154
S1_D17_P2,S1_D17,2,13,5,101,RRBYBBBBBBBBY,RYBBBBBBBBBYY,0.7692307692307692
S1_D17_P2,S1_D17,2,13,6,102,RRYGYBYGYYBYG,BBRYGYRBYYRYG,0.5384615384615384
S1_D17_P2,S1_D17,2,13,7,103,BBYGYBYGYBRBY,BBYBYGYBYGYRY,0.6923076923076923
S1_D17_P2,S1_D17,2,13,8,104,GGYBYRBBYGYBY,BBYBYYRBRYBYY,0.5384615384615384
S1_D17_P2,S1_D17,2,14,1,105,GYRBRGBYGGBBG,GYRBBRGGGBBGG,0.6923076923076923
S1_D17_P2,S1_D17,2,14,2,106,YYRGRGYBYBRYB,GYRGBRGYYRGYB,0.6153846153846154
S1_D17_P2,S1_D17,2,14,3,107,YYBYGGBYGBBYR,YYRGYYBYYYRGB,0.3076923076923077
S1_D17_P2,S1_D17,2,14,4,108,GGYRYGYYRYGYB,YYGYYGYGYYBBB,0.4615384615384615
S1_D17_P2,S1_D17,2,14,5,109,BBYRYBYGYYBYG,YYBYYBRYYYGYB,0.4615384615384615
S1_D17_P2,S1_D17,2,14,6,110,YGYYYGYYBBBBB,YYGYYYGYBBBBB,0.8461538461538461
S1_D17_P2,S1_D17,2,14,7,111,YYGYBYGYRRYGB,YYGYBYGYYBRGB,0.7692307692307692
S1_D17_P2,S1_D17,2,14,8,112,BYYBYYGYBYBGY,YYGYYYBYBGYGY,0.6153846153846154
S1_D17_P2,S1_D17,2,15,1,113,BYBRBGBRYBGGB,BBYRYGYRBGGGG,0.4615384615384615
S1_D17_P2,S1_D17,2,15,2,114,GYBYGYRYYGGYB,BYGBYRGYGYGBY,0.4615384615384615
S1_D17_P2,S1_D17,2,15,3,115,YRYYBYYRYGGGG,YRGYBYYYRYGGG,0.7692307692307692
S1_D17_P2,S1_D17,2,15,4,116,GBGGYBGYRGYBG,GYGGYBRYBYGRG,0.5384615384615384
S1_D17_P2,S1_D17,2,15,5,117,YGYYRYYYBYGYY,YGYYYBRYYRGYY,0.6153846153846154
S1_D17_P2,S1_D17,2,15,6,118,GGYRYGGBYGGYR,GGYGGRGBYGRYG,0.6153846153846154
S1_D17_P2,S1_D17,2,15,7,119,GGYRYGGYRYYGB,GYGGYRGYYGYYB,0.5384615384615384
S1_D17_P2,S1_D17,2,15,8,120,GGYRYGGYBYYGY,GGGYYRYYBRGYY,0.4615384615384615
S1_D18_P1,S1_D18,1,1,1,1,GYYRGYBYBBYGR,GYYRRGYRBBGYY,0.5384615384615384
S1_D18_P1,S1_D18,1,1,2,2,BYGBBBBBBYBGG,YGBBBBBYGBRYB,0.5384615384615384
S1_D18_P1,S1_D18,1,1,3,3,GYYRRRBGBYYBY,GYYRBGYYBRBYB,0.5384615384615384
S1_D18_P1,S1_D18,1,1,4,4,YGBBBYBRBYGYB,YGBBBRYGBGBYY,0.6153846153846154
S1_D18_P1,S1_D18,1,1,5,5,GYRBBBYGYRBGY,GYRBBBYGBRGYB,0.7692307692307692
S1_D18_P1,S1_D18,1,1,6,6,YGBBBRBGGBRBG,YGBRBBYGRBGGY,0.5384615384615384
S1_D18_P1,S1_D18,1,1,7,7,GYRBBBGYRBGYY,GYBRGBRGYYBRG,0.4615384615384615
S1_D18_P1,S1_D18,1,1,8,8,YGBRBBGYGBRRG,YGBRGYRRBGBRR,0.5384615384615384
S1_D18_P1,S1_D18,1,2,1,9,YBRBRYGYYRGBB,YRBGYRRBYGRBB,0.4615384615384615
S1_D18_P1,S1_D18,1,2,2,10,BGRBYYYYYBRGB,BGRBBBGRYBGRB,0.5384615384615384
S1_D18_P1,S1_D18,1,2,3,11,YRBYRRYGBGBBB,YRBYRGBYGRRBY,0.5384615384615384
S1_D18_P1,S1_D18,1,2,4,12,BGRBBBGYRYBBG,YRGYGRBBGYRBG,0.4615384615384615
S1_D18_P1,S1_D18,1,2,5,13,YRGYRBGRYBBGR,YRGYBRGYBRRGY,0.5384615384615384
S1_D18_P1,S1_D18,1,2,6,14,YRGYGRBBGRYGB,YRGYRBBYRBGYR,0.6153846153846154
S1_D18_P1,S1_D18,1,2,7,15,YRGYGYYBRGBGG,YRGYRGYYBGRBG,0.6923076923076923
S1_D18_P1,S1_D18,1,2,8,16,YRBYRGYRBBGRY,YRBYYRGYBGGBR,0.6153846153846154
S1_D18_P1,S1_D18,1,3,1,17,BYBYGBYBYRBBB,BYRBBGYBRRYBG,0.5384615384615384
S1_D18_P1,S1_D18,1,3,2,18,GBYRGBYRBBBGR,YRGYBRGYBGGRB,0.3846153846153846
S1_D18_P1,S1_D18,1,3,3,19,BRYBRYBBYRGRY,BYGRBYRGYYRGY,0.4615384615384615
S1_D18_P1,S1_D18,1,3,4,20,YRGYBRGYBGGRY,RYBGRYBRBGGRY,0.6153846153846154
S1_D18_P1,S1_D18,1,3,5,21,BYGRBYRGYYRGR,BYGRBYRBYYGRG,0.7692307692307692
S1_D18_P1,S1_D18,1,3,6,22,RYBGRYBRYBGRY,RYBGRBYGYBGRY,0.7692307692307692
S1_D18_P1,S1_D18,1,3,7,23,BYGRBYGRYYRYG,RBYGRBYGYYGRY,0.6923076923076923
S1_D18_P1,S1_D18,1,3,8,24,RYBGYBRGYBGRY,RYBGYBRGRYBRG,0.7692307692307692
S1_D18_P1,S1_D18,1,4,1,25,BBRYYBBBYGGBR,BBRYYRBBBYGRB,0.7692307692307692
S1_D18_P1,S1_D18,1,4,2,26,BRBRGRBRGRRYY,BRBRGBGRBGRYY,0.6923076923076923
S1_D18_P1,S1_D18,1,4,3,27,BBRBBYBBRYGRY,BBRBRYBRGYBRG,0.6153846153846154
S1_D18_P1,S1_D18,1,4,4,28,BGBGRBGRYGRYY,GBRGBRGBYGRYY,0.6153846153846154
S1_D18_P1,S1_D18,1,4,5,29,BRBRYBBRYBBRG,YRBBYRYRBBYGR,0.4615384615384615
S1_D18_P1,S1_D18,1,4,6,30,GBGBRGBYYRGYY,BGRBGRBYYRGYY,0.6923076923076923
S1_D18_P1,S1_D18,1,4,7,31,YYRBBYRRYYBBG,YRBGRRYBGYRRB,0.3846153846153846
S1_D18_P1,S1_D18,1,4,8,32,BGRBGRBYYRGYY,BGRBGRBGYRBYY,0.8461538461538461
S1_D18_P1,S1_D18,1,5,1,33,BRYRGBBBGBBYG,BGRBYBBRGYRBY,0.3846153846153846
S1_D18_P1,S1_D18,1,5,2,34,BRYRBBRYYRBRG,BRYRBBRYBRYBG,0.7692307692307692
S1_D18_P1,S1_D18,1,5,3,35,YRBRYRBGRYYBY,YRBRYRBRYRBYR,0.7692307692307692
S1_D18_P1,S1_D18,1,5,4,36,BRYRBRYBBRYBG,BRYRBBYRBRYRB,0.6923076923076923
S1_D18_P1,S1_D18,1,5,5,37,YRBRYRBRYRBYR,YRBRYRBYRBGYR,0.8461538461538461
S1_D18_P1,S1_D18,1,5,6,38,BRYRBBYRBRYYR,BRYRBYYRBRYRB,0.7692307692307692
S1_D18_P1,S1_D18,1,5,7,39,YRBRYRBYGBRYY,YRBRYRYBRGYYY,0.6923076923076923
S1_D18_P1,S1_D18,1,5,8,40,BRYRBRYYRRYYB,BRYRBYYRBYRBB,0.6923076923076923
S1_D18_P1,S1_D18,1,6,1,41,GRBYBGYGGYRYY,GYRGYBRGYRYYG,0.5384615384615384
S1_D18_P1,S1_D18,1,6,2,42,BGGYGGBBRYBBB,GYGGYGBRGYRBG,0.4615384615384615
S1_D18_P1,S1_D18,1,6,3,43,YRYRGYGYYBGGG,YRGYRYGYRGYRG,0.5384615384615384
S1_D18_P1,S1_D18,1,6,4,44,YRGYRGYRYRYBG,YRGYRGYRYYBRG,0.8461538461538461
S1_D18_P1,S1_D18,1,6,5,45,YRGYGRGYRGYGY,YRGYGRYGRYGRY,0.6923076923076923
S1_D18_P1,S1_D18,1,6,6,46,YRGYRGYYBRGGG,YRGYRGYBGRGYB,0.6923076923076923
S1_D18_P1,S1_D18,1,6,7,47,YRGRYGRYRYGRY,YRGYRGYBGRYGR,0.5384615384615384
S1_D18_P1,S1_D18,1,6,8,48,YRGYBGRYGRRYY,YGRYBGRYBGRYG,0.6153846153846154
S1_D18_P1,S1_D18,1,7,1,49,BRYBGGYYYRYGG,BRGYBRYYYRGYR,0.5384615384615384
S1_D18_P1,S1_D18,1,7,2,50,YYYYBYBRRRBGG,YYYYBYRBYRYGG,0.6923076923076923
S1_D18_P1,S1_D18,1,7,3,51,RGBRGBYYYGYYR,RGRBYYRGBYBBR,0.5384615384615384
S1_D18_P1,S1_D18,1,7,4,52,YYYYBYBRGYRGG,YYYYBYRBGRYGG,0.6923076923076923
S1_D18_P1,S1_D18,1,7,5,53,RGRBYYRGBYYBY,BGYRBBGYRBGYY,0.4615384615384615
S1_D18_P1,S1_D18,1,7,6,54,YYYYBYBGYGGGG,YYYYBYBGRBGGG,0.8461538461538461
S1_D18_P1,S1_D18,1,7,7,55,YYYBYRYBGRYYY,YYYBYRBYYBRYY,0.6923076923076923
S1_D18_P1,S1_D18,1,7,8,56,YYYYBYBRYBGGG,YYYYBYRBYRGGG,0.7692307692307692
S1_D18_P1,S1_D18,1,8,1,57,GYBGRRRGGYBRB,GYRGYBBRGYRBG,0.4615384615384615
S1_D18_P1,S1_D18,1,8,2,58,BBBYBBGBBYBBB,BBBBYBYGBYRGB,0.6153846153846154
S1_D18_P1,S1_D18,1,8,3,59,YYYYYRGGRYBBR,YYYYYRGRYGRBB,0.6923076923076923
S1_D18_P1,S1_D18,1,8,4,60,YYYYBRGBYRGBB,YYYYYRGBRBBBB,0.6923076923076923
S1_D18_P1,S1_D18,1,8,5,61,YYYYRGYRGBBBB,YYYYRGYRGYBBB,0.9230769230769232
S1_D18_P1,S1_D18,1,8,6,62,YYYYRGRYRYBBB,YYYYYRGYRBBBB,0.7692307692307692
S1_D18_P1,S1_D18,1,8,7,63,YYYYRGYRGBBBB,YYYYRGRYGBBBB,0.8461538461538461
S1_D18_P1,S1_D18,1,8,8,64,YYYYRGYRRBBBB,YYYYRGYRGBBBB,0.9230769230769232
S1_D18_P1,S1_D18,1,9,1,65,RBYRBYGBGRBYG,RBYRBYRBGRBGB,0.7692307692307692
S1_D18_P1,S1_D18,1,9,2,66,GGGRGBRGYGRBG,GGGRGBYRBYGRB,0.7692307692307692
S1_D18_P1,S1_D18,1,9,3,67,RBYRBYGRYBRGB,RBYRBYRBGYRBY,0.5384615384615384
S1_D18_P1,S1_D18,1,9,4,68,GGGRGBYRGBRYY,GYRGYRGYBRGYR,0.5384615384615384
S1_D18_P1,S1_D18,1,9,5,69,RBYRBRBGYRBYY,RBYRBRBYGRBYR,0.7692307692307692
S1_D18_P1,S1_D18,1,9,6,70,GYRGYRGYBRGYR,GYRGYRGYBRGYR,1.0
S1_D18_P1,S1_D18,1,9,7,71,RBYRBRBYRBGYR,RBYRBRGBRGYRB,0.6923076923076923
S1_D18_P1,S1_D18,1,9,8,72,GYRGYRGYBRGYR,GYRGYBRGYRGYB,0.7692307692307692
S1_D18_P1,S1_D18,1,10,1,73,GBBRYYRBRRYRR,GYRBGYRBGYRRB,0.4615384615384615
S1_D18_P1,S1_D18,1,10,2,74,GRYGBRGBGRRYR,GYRGYRRBYBRGR,0.4615384615384615
S1_D18_P1,S1_D18,1,10,3,75,GYRBGYRBGYRRB,GYRGYBRGYRBGB,0.6153846153846154
S1_D18_P1,S1_D18,1,10,4,76,GYRGYBRGYRGGR,GYRGYBRGBYGRB,0.6923076923076923
S1_D18_P1,S1_D18,1,10,5,77,GYRGBRGYRRGBB,YRGYRBYRYGGBB,0.6153846153846154
S1_D18_P1,S1_D18,1,10,6,78,GYRGYRGBYRGRR,YRBGRYGRRBYBR,0.3846153846153846
S1_D18_P1,S1_D18,1,10,7,79,YRGYRBGGYRGBB,YRGYRGBRGRBGR,0.5384615384615384
S1_D18_P1,S1_D18,1,10,8,80,YRGYBRRYYRGBB,YRGYBRGYRGBBB,0.7692307692307692
S1_D18_P1,S1_D18,1,11,1,81,BBYGRGBRBBYRR,BYGRGBYGRBYRR,0.6923076923076923
S1_D18_P1,S1_D18,1,11,2,82,YBRYBRYYRRRBR,YRBYRRBGRBYGR,0.3846153846153846
S1_D18_P1,S1_D18,1,11,3,83,BYGRBYGGRBYRR,BYGRBYGGRBYRB,0.9230769230769232
S1_D18_P1,S1_D18,1,11,4,84,YRBYRBYGRBYRR,YRBGRBRRGYRBB,0.5384615384615384
S1_D18_P1,S1_D18,1,11,5,85,BYGRBYGGRBYRB,BYGRBYGGRBYGR,0.8461538461538461
S1_D18_P1,S1_D18,1,11,6,86,RGBGRGRRGYRBB,RGRBGGRBYRGBR,0.5384615384615384
S1_D18_P1,S1_D18,1,11,7,87,BYGRBYGGRBGRR,YGRBYRGBBRGYR,0.6153846153846154
S1_D18_P1,S1_D18,1,11,8,88,RGRYBYGGBYGRG,YBRGGYRBGRBYY,0.3076923076923077
S1_D18_P1,S1_D18,1,12,1,89,RBYRGGRGBBGGB,RBYRGGBYRGBRY,0.5384615384615384
S1_D18_P1,S1_D18,1,12,2,90,RGRYRBYGRBYRY,RBYRGBRGYRBYB,0.4615384615384615
S1_D18_P1,S1_D18,1,12,3,91,RBYRYRBYGRGBY,RBYRYBRYGRBGR,0.6153846153846154
S1_D18_P1,S1_D18,1,12,4,92,RYBYRGRGRBYBB,RBYRBGRYBRGYR,0.4615384615384615
S1_D18_P1,S1_D18,1,12,5,93,RBYRYBRBGRYGB,RBYRYBRGRBYGB,0.8461538461538461
S1_D18_P1,S1_D18,1,12,6,94,BRYBRGYGRYRGG,BRYBRYGBRGYRG,0.6923076923076923
S1_D18_P1,S1_D18,1,12,7,95,RBYRYRGYBYGBB,RBYRYRGRBGRBY,0.6923076923076923
S1_D18_P1,S1_D18,1,12,8,96,BRYBRYGBRGYRG,BRYBRYRBGRBYG,0.6923076923076923
S1_D18_P1,S1_D18,1,13,1,97,BBGYYBYGRGYYG,BRGYRBBGRYBGR,0.5384615384615384
S1_D18_P1,S1_D18,1,13,2,98,GBGRBRGBGBGBB,GBRGBRYRGBGBB,0.6923076923076923
S1_D18_P1,S1_D18,1,13,3,99,BRGRYBGRYRRBB,BGRGBYRGBRGRY,0.3846153846153846
S1_D18_P1,S1_D18,1,13,4,100,GBRGBRGYGRGBB,GBRGBRGYRBGYB,0.7692307692307692
S1_D18_P1,S1_D18,1,13,5,101,BGRGBYRGBGRGY,YBRGBRGYRBGRB,0.4615384615384615
S1_D18_P1,S1_D18,1,13,6,102,GBRGBRGYGRGYB,YRBGRYYBGRBYR,0.3846153846153846
S1_D18_P1,S1_D18,1,13,7,103,YBRGBRGBRYGRB,YBRGBYRBGRYBR,0.6153846153846154
S1_D18_P1,S1_D18,1,13,8,104,RYRGYRGYGRGBG,YRGBYGYBRGRYB,0.4615384615384615
S1_D18_P1,S1_D18,1,14,1,105,RGRYGBBBGBGGY,RYGRYGRYBRGYR,0.4615384615384615
S1_D18_P1,S1_D18,1,14,2,106,RYBGYBGBRYGRY,RYBGYRBGRBGRY,0.7692307692307692
S1_D18_P1,S1_D18,1,14,3,107,RYGRYGRYBYRGR,RYGRYGRBYGRYG,0.6923076923076923
S1_D18_P1,S1_D18,1,14,4,108,RYBGYBGRYBGRY,RYBGYRBGRYBRY,0.8461538461538461
S1_D18_P1,S1_D18,1,14,5,109,RYGRYGRBRYGRG,RYGRYGRBGRYBG,0.7692307692307692
S1_D18_P1,S1_D18,1,14,6,110,RYBGYRBGRGRYY,RYGRYBRGYRBYG,0.4615384615384615
S1_D18_P1,S1_D18,1,14,7,111,RYGRYGRBYGRYG,RYGRYGRBYGRYG,1.0
S1_D18_P1,S1_D18,1,14,8,112,RYGRYBRGYRBRG,RYGRYBRGYRGRY,0.8461538461538461
S1_D18_P1,S1_D18,1,15,1,113,RYRGGRBYRRRYG,YRGYRBGRYRGYR,0.5384615384615384
S1_D18_P1,S1_D18,1,15,2,114,RYGRRBBBYRGGG,RYBRGBBBYRGGG,0.8461538461538461
S1_D18_P1,S1_D18,1,15,3,115,YRGYBGRYRGGRR,YRGBYRRBGRYBR,0.5384615384615384
S1_D18_P1,S1_D18,1,15,4,116,RYBRYBRBYRGGG,RYBRYBRYBGGGG,0.7692307692307692
S1_D18_P1,S1_D18,1,15,5,117,YRGBYRGBYRGRR,YRBGYRBGYBRRR,0.5384615384615384
S1_D18_P1,S1_D18,1,15,6,118,YBRYBRYBGGGGG,YRBYRBYRGGGGG,0.6153846153846154
S1_D18_P1,S1_D18,1,15,7,119,YRBGYRBGYBRRR,YRBGYRBBGRYRB,0.6153846153846154
S1_D18_P1,S1_D18,1,15,8,120,YRBYRBYRGGGGG,YRBYRBYRGGGGG,1.0
S1_D18_P2,S1_D18,2,1,1,1,BYGBBBBBBYBGG,BYGBBBBBBYBGG,1.0
S1_D18_P2,S1_D18,2,1,2,2,GYYRRGYRBBGYY,GYYRRRBGBYYBY,0.6153846153846154
S1_D18_P2,S1_D18,2,1,3,3,YGBBBBBYGBRYB,YGBBBYBRBYGYB,0.6923076923076923
S1_D18_P2,S1_D18,2,1,4,4,GYYRBGYYBRBYB,GYRBBBYGYRBGY,0.4615384615384615
S1_D18_P2,S1_D18,2,1,5,5,YGBBBRYGBGBYY,YGBBBRBGGBRBG,0.6153846153846154
S1_D18_P2,S1_D18,2,1,6,6,GYRBBBYGBRGYB,GYRBBBGYRBGYY,0.6923076923076923
S1_D18_P2,S1_D18,2,1,7,7,YGBRBBYGRBGGY,YGBRBBGYGBRRG,0.6153846153846154
S1_D18_P2,S1_D18,2,1,8,8,GYBRGBRGYYBRG,GYBRGBRGBRGYR,0.6923076923076923
S1_D18_P2,S1_D18,2,2,1,9,BGRRYYYYYBBRG,BGRBYYYYYBRGB,0.7692307692307692
S1_D18_P2,S1_D18,2,2,2,10,YRBGYRRBYGRBB,YRBYRRYGBGBBB,0.6153846153846154
S1_D18_P2,S1_D18,2,2,3,11,BGRBBBGRYBGRB,BGRBBBGYRYBBG,0.6923076923076923
S1_D18_P2,S1_D18,2,2,4,12,YRBYRGBYGRRBY,YRGYRBGRYBBGR,0.4615384615384615
S1_D18_P2,S1_D18,2,2,5,13,YRGYGRBBGYRBG,YRGYGRBBGRYGB,0.7692307692307692
S1_D18_P2,S1_D18,2,2,6,14,YRGYBRGYBRRGY,YRGYGYYBRGBGG,0.5384615384615384
S1_D18_P2,S1_D18,2,2,7,15,YRGYRBBYRBGYR,YRBYRGYRBBGRY,0.5384615384615384
S1_D18_P2,S1_D18,2,2,8,16,YRGYRGYYBGRBG,YRGRGYYBGRYGB,0.7692307692307692
S1_D18_P2,S1_D18,2,3,1,17,GBRYBBBBRGGBB,GBYRGBYRBBBGR,0.3846153846153846
S1_D18_P2,S1_D18,2,3,2,18,BYRBBGYBRRYBG,BRYBRYBBYRGRY,0.3846153846153846
S1_D18_P2,S1_D18,2,3,3,19,YRGYBRGYBGGRB,YRGYBRGYBGGRY,0.9230769230769232
S1_D18_P2,S1_D18,2,3,4,20,BYGRBYRGYYRGY,BYGRBYRGYYRGR,0.9230769230769232
S1_D18_P2,S1_D18,2,3,5,21,RYBGRYBRBGGRY,RYBGRYBRYBGRY,0.8461538461538461
S1_D18_P2,S1_D18,2,3,6,22,BYGRBYRBYYGRG,BYGRBYGRYYRYG,0.6923076923076923
S1_D18_P2,S1_D18,2,3,7,23,RYBGRBYGYBGRY,RYBGYBRGYBGRY,0.8461538461538461
S1_D18_P2,S1_D18,2,3,8,24,RBYGRBYGYYGRY,RBYGRBGYRYYYB,0.6153846153846154
S1_D18_P2,S1_D18,2,4,1,25,BRBRRGRBGRGYY,BRBRGRBRGRRYY,0.7692307692307692
S1_D18_P2,S1_D18,2,4,2,26,BBRYYRBBBYGRB,BBRBBYBBRYGRY,0.6153846153846154
S1_D18_P2,S1_D18,2,4,3,27,BRBRGBGRBGRYY,BGBGRBGRYGRYY,0.6923076923076923
S1_D18_P2,S1_D18,2,4,4,28,BBRBRYBRGYBRG,BRBRYBBRYBBRG,0.6923076923076923
S1_D18_P2,S1_D18,2,4,5,29,GBRGBRGBYGRYY,GBGBRGBYYRGYY,0.7692307692307692
S1_D18_P2,S1_D18,2,4,6,30,YRBBYRYRBBYGR,YYRBBYRRYYBBG,0.6153846153846154
S1_D18_P2,S1_D18,2,4,7,31,BGRBGRBYYRGYY,BGRBGRBYYRGYY,1.0
S1_D18_P2,S1_D18,2,4,8,32,YRBGRRYBGYRRB,YRBRYRBGRYYBB,0.5384615384615384
S1_D18_P2,S1_D18,2,5,1,33,RRBBRGBRGYBRG,BRYRBBRYYRBRG,0.5384615384615384
S1_D18_P2,S1_D18,2,5,2,34,BGRBYBBRGYRBY,YRBRYRBGRYYBY,0.4615384615384615
S1_D18_P2,S1_D18,2,5,3,35,BRYRBBRYBRYBG,BRYRBRYBBRYBG,0.8461538461538461
S1_D18_P2,S1_D18,2,5,4,36,YRBRYRBRYRBYR,YRBRYRBRYRBYR,1.0
S1_D18_P2,S1_D18,2,5,5,37,BRYRBBYRBRYRB,BRYRBBYRBRYYR,0.8461538461538461
S1_D18_P2,S1_D18,2,5,6,38,YRBRYRBYRBGYR,YRBRYRBYGBRYY,0.7692307692307692
S1_D18_P2,S1_D18,2,5,7,39,BRYRBYYRBRYRB,BRYRBRYYRRYYB,0.7692307692307692
S1_D18_P2,S1_D18,2,5,8,40,YRBRYRYBRGYYY,YRBRYRYBRYGYY,0.8461538461538461
S1_D18_P2,S1_D18,2,6,1,41,BGGBGYBBGGBRB,BGGYGGBBRYBBB,0.6153846153846154
S1_D18_P2,S1_D18,2,6,2,42,GYRGYBRGYRYYG,YRYRGYGYYBGGG,0.4615384615384615
S1_D18_P2,S1_D18,2,6,3,43,GYGGYGBRGYRBG,YRGYRGYRYRYBG,0.5384615384615384
S1_D18_P2,S1_D18,2,6,4,44,YRGYRYGYRGYRG,YRGYGRGYRGYGY,0.6923076923076923
S1_D18_P2,S1_D18,2,6,5,45,YRGYRGYRYYBRG,YRGYRGYYBRGGG,0.6923076923076923
S1_D18_P2,S1_D18,2,6,6,46,YRGYGRYGRYGRY,YRGRYGRYRYGRY,0.8461538461538461
S1_D18_P2,S1_D18,2,6,7,47,YRGYRGYBGRGYB,YRGYBGRYGRRYY,0.6153846153846154
S1_D18_P2,S1_D18,2,6,8,48,YRGYRGYBGRYGR,YRGYBGRYRGYBB,0.5384615384615384
S1_D18_P2,S1_D18,2,7,1,49,YYYYBYBRRRBRG,YYYYBYBRRRBGG,0.9230769230769232
S1_D18_P2,S1_D18,2,7,2,50,BRGYBRYYYRGYR,RGBRGBYYYGYYR,0.5384615384615384
S1_D18_P2,S1_D18,2,7,3,51,YYYYBYRBYRYGG,YYYYBYBRGYRGG,0.7692307692307692
S1_D18_P2,S1_D18,2,7,4,52,RGRBYYRGBYBBR,RGRBYYRGBYYBY,0.8461538461538461
S1_D18_P2,S1_D18,2,7,5,53,YYYYBYRBGRYGG,YYYYBYBGYGGGG,0.6923076923076923
S1_D18_P2,S1_D18,2,7,6,54,BGYRBBGYRBGYY,YYYBYRYBGRYYY,0.3846153846153846
S1_D18_P2,S1_D18,2,7,7,55,YYYYBYBGRBGGG,YYYYBYBRYBGGG,0.8461538461538461
S1_D18_P2,S1_D18,2,7,8,56,YYYBYRBYYBRYY,YYYYBYBRRBYYY,0.6153846153846154
S1_D18_P2,S1_D18,2,8,1,57,BBYBBGYGYBBGB,BBBYBBGBBYBBB,0.6923076923076923
S1_D18_P2,S1_D18,2,8,2,58,GYRGYBBRGYRBG,YYYYYRGGRYBBR,0.3076923076923077
S1_D18_P2,S1_D18,2,8,3,59,BBBBYBYGBYRGB,YYYYBRGBYRGBB,0.5384615384615384
S1_D18_P2,S1_D18,2,8,4,60,YYYYYRGRYGRBB,YYYYRGYRGBBBB,0.6153846153846154
S1_D18_P2,S1_D18,2,8,5,61,YYYYYRGBRBBBB,YYYYRGRYRYBBB,0.6923076923076923
S1_D18_P2,S1_D18,2,8,6,62,YYYYRGYRGYBBB,YYYYRGYRGBBBB,0.9230769230769232
S1_D18_P2,S1_D18,2,8,7,63,YYYYYRGYRBBBB,YYYYRGYRRBBBB,0.8461538461538461
S1_D18_P2,S1_D18,2,8,8,64,YYYYRGRYGBBBB,YYYYRGRYGBBBB,1.0
S1_D18_P2,S1_D18,2,9,1,65,GGGRGBRGYGRBG,GGGRGBRGYGRBG,1.0
S1_D18_P2,S1_D18,2,9,2,66,RBYRBYRBGRBGB,RBYRBYGRYBRGB,0.6923076923076923
S1_D18_P2,S1_D18,2,9,3,67,GGGRGBYRBYGRB,GGGRGBYRGBRYY,0.6153846153846154
S1_D18_P2,S1_D18,2,9,4,68,RBYRBYRBGYRBY,RBYRBRBGYRBYY,0.8461538461538461
S1_D18_P2,S1_D18,2,9,5,69,GYRGYRGYBRGYR,GYRGYRGYBRGYR,1.0
S1_D18_P2,S1_D18,2,9,6,70,RBYRBRBYGRBYR,RBYRBRBYRBGYR,0.8461538461538461
S1_D18_P2,S1_D18,2,9,7,71,GYRGYRGYBRGYR,GYRGYRGYBRGYR,1.0
S1_D18_P2,S1_D18,2,9,8,72,RBYRBRGBRGYRB,RBYRBYRBGYRGB,0.6923076923076923
S1_D18_P2,S1_D18,2,10,1,73,GRYGGBRBRGRRY,GRYGBRGBGRRYR,0.6923076923076923
S1_D18_P2,S1_D18,2,10,2,74,GYRBGYRBGYRRB,GYRBGYRBGYRRB,1.0
S1_D18_P2,S1_D18,2,10,3,75,GYRGYRRBYBRGR,GYRGYBRGYRGGR,0.6923076923076923
S1_D18_P2,S1_D18,2,10,4,76,GYRGYBRGYRBGB,GYRGBRGYRRGBB,0.7692307692307692
S1_D18_P2,S1_D18,2,10,5,77,GYRGYBRGBYGRB,GYRGYRGBYRGRR,0.7692307692307692
S1_D18_P2,S1_D18,2,10,6,78,YRGYRBYRYGGBB,YRGYRBGGYRGBB,0.7692307692307692
S1_D18_P2,S1_D18,2,10,7,79,YRBGRYGRRBYBR,YRGYBRRYYRGBB,0.4615384615384615
S1_D18_P2,S1_D18,2,10,8,80,YRGYRGBRGRBGR,YRGYRGYBGRYGR,0.7692307692307692
S1_D18_P2,S1_D18,2,11,1,81,YBRYYGYBRRRBR,YBRYBRYYRRRBR,0.7692307692307692
S1_D18_P2,S1_D18,2,11,2,82,BYGRGBYGRBYRR,BYGRBYGGRBYRR,0.8461538461538461
S1_D18_P2,S1_D18,2,11,3,83,YRBYRRBGRBYGR,YRBYRBYGRBYRR,0.7692307692307692
S1_D18_P2,S1_D18,2,11,4,84,BYGRBYGGRBYRB,BYGRBYGGRBYRB,1.0
S1_D18_P2,S1_D18,2,11,5,85,YRBGRBRRGYRBB,RGBGRGRRGYRBB,0.7692307692307692
S1_D18_P2,S1_D18,2,11,6,86,BYGRBYGGRBYGR,BYGRBYGGRBGRR,0.8461538461538461
S1_D18_P2,S1_D18,2,11,7,87,RGRBGGRBYRGBR,RGRYBYGGBYGRG,0.5384615384615384
S1_D18_P2,S1_D18,2,11,8,88,YGRBYRGBBRGYR,YGRYRGBBGRRBY,0.6153846153846154
S1_D18_P2,S1_D18,2,12,1,89,GGYBYBYGRBYRY,RGRYRBYGRBYRY,0.6923076923076923
S1_D18_P2,S1_D18,2,12,2,90,RBYRGGBYRGBRY,RBYRYRBYGRGBY,0.6923076923076923
S1_D18_P2,S1_D18,2,12,3,91,RBYRGBRGYRBYB,RYBYRGRGRBYBB,0.6923076923076923
S1_D18_P2,S1_D18,2,12,4,92,RBYRYBRYGRBGR,RBYRYBRBGRYGB,0.7692307692307692
S1_D18_P2,S1_D18,2,12,5,93,RBYRBGRYBRGYR,BRYBRGYGRYRGG,0.3846153846153846
S1_D18_P2,S1_D18,2,12,6,94,RBYRYBRGRBYGB,RBYRYRGYBYGBB,0.7692307692307692
S1_D18_P2,S1_D18,2,12,7,95,BRYBRYGBRGYRG,BRYBRYGBRGYRG,1.0
S1_D18_P2,S1_D18,2,12,8,96,RBYRYRGRBGRBY,RBYRYRGBRGRBY,0.8461538461538461
S1_D18_P2,S1_D18,2,13,1,97,GBGRBRBGBBGBB,GBGRBRGBGBGBB,0.8461538461538461
S1_D18_P2,S1_D18,2,13,2,98,BRGYRBBGRYBGR,BRGRYBGRYRRBB,0.5384615384615384
S1_D18_P2,S1_D18,2,13,3,99,GBRGBRYRGBGBB,GBRGBRGYGRGBB,0.7692307692307692
S1_D18_P2,S1_D18,2,13,4,100,BGRGBYRGBRGRY,BGRGBYRGBGRGY,0.8461538461538461
S1_D18_P2,S1_D18,2,13,5,101,GBRGBRGYRBGYB,GBRGBRGYGRGYB,0.8461538461538461
S1_D18_P2,S1_D18,2,13,6,102,YBRGBRGYRBGRB,YBRGBRGBRYGRB,0.8461538461538461
S1_D18_P2,S1_D18,2,13,7,103,YRBGRYYBGRBYR,RYRGYRGYGRGBG,0.3846153846153846
S1_D18_P2,S1_D18,2,13,8,104,YBRGBYRBGRYBR,YBRGBYRBGRYBG,0.9230769230769232
S1_D18_P2,S1_D18,2,14,1,105,RYBRYRGBBYBRR,RYBGYBGBRYGRY,0.6153846153846154
S1_D18_P2,S1_D18,2,14,2,106,RYGRYGRYBRGYR,RYGRYGRYBYRGR,0.8461538461538461
S1_D18_P2,S1_D18,2,14,3,107,RYBGYRBGRBGRY,RYBGYBGRYBGRY,0.8461538461538461
S1_D18_P2,S1_D18,2,14,4,108,RYGRYGRBYGRYG,RYGRYGRBRYGRG,0.8461538461538461
S1_D18_P2,S1_D18,2,14,5,109,RYBGYRBGRYBRY,RYBGYRBGRGRYY,0.7692307692307692
S1_D18_P2,S1_D18,2,14,6,110,RYGRYGRBGRYBG,RYGRYGRBYGRYG,0.8461538461538461
S1_D18_P2,S1_D18,2,14,7,111,RYGRYBRGYRBYG,RYGRYBRGYRBRG,0.9230769230769232
S1_D18_P2,S1_D18,2,14,8,112,RYGRYGRBYGRYG,RYGRYGRBYGRYG,1.0
S1_D18_P2,S1_D18,2,15,1,113,RYYGBRRBYBRRG,RYGRRBBBYRGGG,0.5384615384615384
S1_D18_P2,S1_D18,2,15,2,114,YRGYRBGRYRGYR,YRGYBGRYRGGRR,0.7692307692307692
S1_D18_P2,S1_D18,2,15,3,115,RYBRGBBBYRGGG,RYBRYBRBYRGGG,0.8461538461538461
S1_D18_P2,S1_D18,2,15,4,116,YRGBYRRBGRYBR,YRGBYRGBYRGRR,0.6923076923076923
S1_D18_P2,S1_D18,2,15,5,117,RYBRYBRYBGGGG,YBRYBRYBGGGGG,0.8461538461538461
S1_D18_P2,S1_D18,2,15,6,118,YRBGYRBGYBRRR,YRBGYRBGYBRRR,1.0
S1_D18_P2,S1_D18,2,15,7,119,YRBYRBYRGGGGG,YRBYRBYRGGGGG,1.0
S1_D18_P2,S1_D18,2,15,8,120,YRBGYRBBGRYRB,YRBGRBYRGRYRB,0.7692307692307692
S1_D19_P1,S1_D19,1,1,1,1,BBGGBGGYRYRRY,BBGGBBBBYYRRY,0.6923076923076923
S1_D19_P1,S1_D19,1,1,2,2,RYYGRBYGRBGGG,RYYRYGRBGGGGG,0.6923076923076923
S1_D19_P1,S1_D19,1,1,3,3,BBGGBBBBYYRRB,BBGGBBBBRYRBB,0.8461538461538461
S1_D19_P1,S1_D19,1,1,4,4,RYYRYRBGRBGGG,RYYRRBYBGGGGG,0.6153846153846154
S1_D19_P1,S1_D19,1,1,5,5,BBGGBBBBRBYRB,BBGGBBBBYRBBB,0.7692307692307692
S1_D19_P1,S1_D19,1,1,6,6,RYYRBYBGGGGGG,RRYYBYYBGGGGG,0.6923076923076923
S1_D19_P1,S1_D19,1,1,7,7,BBGGBBBBYRBBB,BBGGBBBBYRBBB,1.0
S1_D19_P1,S1_D19,1,1,8,8,RRYYBYBYBGGGG,RRYYBYBYBGGGG,1.0
S1_D19_P1,S1_D19,1,2,1,9,GGBRRGRRBRRBR,GBRBRBRBRRRRR,0.5384615384615384
S1_D19_P1,S1_D19,1,2,2,10,RBGYYGYRBGGYG,RBGYYGBRYYGGG,0.6923076923076923
S1_D19_P1,S1_D19,1,2,3,11,GBRBRBRBRRRRR,GBRBRBRRRRRRR,0.9230769230769232
S1_D19_P1,S1_D19,1,2,4,12,RBGYYGBRYYGGG,RBGYYGBRYYGGG,1.0
S1_D19_P1,S1_D19,1,2,5,13,GBRBRBRRRRRRR,GBRBRBRRRRRRR,1.0
S1_D19_P1,S1_D19,1,2,6,14,RBGYYGBRYYGGG,RBGYYGBRYYGGG,1.0
S1_D19_P1,S1_D19,1,2,7,15,BRBRBRRRRRRRR,BRBRBRRRRRRRR,1.0
S1_D19_P1,S1_D19,1,2,8,16,RBGYYGBRYYGGG,RBGYYGBRYYGGG,1.0
S1_D19_P1,S1_D19,1,3,1,17,RRYYYRYYRBGBY,RRYYRRYYYBYRB,0.6153846153846154
S1_D19_P1,S1_D19,1,3,2,18,BRGYBYRRBYRYR,BGYBRYRYRYRYY,0.6153846153846154
S1_D19_P1,S1_D19,1,3,3,19,RRYYRRYYYBRYB,RRYYRRYYYBRYB,1.0
S1_D19_P1,S1_D19,1,3,4,20,BGYBRYRRYYRYR,BGYBRYRYRYRRY,0.7692307692307692
S1_D19_P1,S1_D19,1,3,5,21,RRYYRRYYYBRYB,RRYYRRYYYBRYB,1.0
S1_D19_P1,S1_D19,1,3,6,22,BGYBRYRYRYRRY,BGYBRYRYRRYRR,0.8461538461538461
S1_D19_P1,S1_D19,1,3,7,23,RRYYRRYYYBRYB,RRYYRRYYBRYBB,0.8461538461538461
S1_D19_P1,S1_D19,1,3,8,24,BGYBRYRYRRYRR,BGYBRYRRYRYRR,0.8461538461538461
S1_D19_P1,S1_D19,1,4,1,25,BYRGGRRYRYYGY,BYRGGBYRGRGRG,0.5384615384615384
S1_D19_P1,S1_D19,1,4,2,26,RYYGBGBBRYYGB,YYYGBRYGRYGRG,0.4615384615384615
S1_D19_P1,S1_D19,1,4,3,27,BYRGGBYRGRGRG,BYRGGBYRGRGRG,1.0
S1_D19_P1,S1_D19,1,4,4,28,YYYGBRYGRBYYG,YYYBRGBRYYYYY,0.5384615384615384
S1_D19_P1,S1_D19,1,4,5,29,BYRGGBRGRGRGR,GBYGGBYRRGRGR,0.6923076923076923
S1_D19_P1,S1_D19,1,4,6,30,YYYBRGBRGYYYY,YYYBRGBRGYYYY,1.0
S1_D19_P1,S1_D19,1,4,7,31,GBYGGBRBYGRGR,GGGBYGBRBRGRG,0.6153846153846154
S1_D19_P1,S1_D19,1,4,8,32,YYYBRGBRGYYYY,YYYBRGBRGYYYY,1.0
S1_D19_P1,S1_D19,1,5,1,33,RBYYGBYYGYBRB,RBYGBGYYYYYRR,0.6153846153846154
S1_D19_P1,S1_D19,1,5,2,34,BBGBRYYRGGGBB,BBGBRYYRGGBBB,0.9230769230769232
S1_D19_P1,S1_D19,1,5,3,35,RBYGRBYYYYRBR,RBYGRBYYYYRBR,1.0
S1_D19_P1,S1_D19,1,5,4,36,BBGBRYYRGBGGB,BBGBRYYRGBGBB,0.9230769230769232
S1_D19_P1,S1_D19,1,5,5,37,RBYGRBYYYRBYR,RBYGRBYYYRBGB,0.8461538461538461
S1_D19_P1,S1_D19,1,5,6,38,BBGBRYYRYBGBG,BBGBRYYRGBGBB,0.8461538461538461
S1_D19_P1,S1_D19,1,5,7,39,RBYGRBYYYRBGR,RBYGRBYYYRBGB,0.9230769230769232
S1_D19_P1,S1_D19,1,5,8,40,BBGBRYYRGBGBB,BBGBRYYRBGBGB,0.8461538461538461
S1_D19_P1,S1_D19,1,6,1,41,GRGGGGRBGYYGG,GRGGGGGGBGYGG,0.7692307692307692
S1_D19_P1,S1_D19,1,6,2,42,GBBBGYGBGBRGY,GBBBGYBGGRGYG,0.7692307692307692
S1_D19_P1,S1_D19,1,6,3,43,GRGGGGGGBYGGB,GBGGGGGGBYGGG,0.8461538461538461
S1_D19_P1,S1_D19,1,6,4,44,GBBBGYBGGRBGG,GBBGYBGRBGGGG,0.6923076923076923
S1_D19_P1,S1_D19,1,6,5,45,GBGGGGGGBYGGG,GBGGGGGGBYGGG,1.0
S1_D19_P1,S1_D19,1,6,6,46,GBBGBYRGGGGBB,GBBGBYRGGGGGG,0.8461538461538461
S1_D19_P1,S1_D19,1,6,7,47,GBGGGGGGBYGGG,BGGGGGGBYGGGG,0.8461538461538461
S1_D19_P1,S1_D19,1,6,8,48,GBBGBRGBGGGGG,GBBGBRGBGGGGG,1.0
S1_D19_P1,S1_D19,1,7,1,49,YBBBGGYBBBYBG,YBBBGYYGYBGYB,0.6153846153846154
S1_D19_P1,S1_D19,1,7,2,50,BBBRYYBGRGBBY,BBBYBRYBRGBBB,0.6153846153846154
S1_D19_P1,S1_D19,1,7,3,51,YBBBGYGYYBGYB,YBBBGYBGBGBBB,0.6153846153846154
S1_D19_P1,S1_D19,1,7,4,52,YBBBGYBRBGGYB,YBBBRYBGGYGYB,0.6923076923076923
S1_D19_P1,S1_D19,1,7,5,53,YBBBGYBGBBGGB,YBBBGYBGGBBGB,0.8461538461538461
S1_D19_P1,S1_D19,1,7,6,54,YBBBRYBGGYBRY,YBBBRYBGGYRBB,0.7692307692307692
S1_D19_P1,S1_D19,1,7,7,55,YBBBGYBGGBGBB,YBBBGBBBBGGBG,0.6153846153846154
S1_D19_P1,S1_D19,1,7,8,56,YBBBGBRYBRRGY,YBBBBGBRGYYYY,0.5384615384615384
S1_D19_P1,S1_D19,1,8,1,57,BBBGGBBBBBGYR,BBBGBBBBBBGYR,0.9230769230769232
S1_D19_P1,S1_D19,1,8,2,58,YRRBBBGYYBRRY,BBRBBBGYBRRBB,0.6153846153846154
S1_D19_P1,S1_D19,1,8,3,59,BBBGBBBBBBGRY,BBBGBBBBBBRGY,0.8461538461538461
S1_D19_P1,S1_D19,1,8,4,60,BBRBBBGYBRRBB,BBBRBBBBGYRBR,0.6153846153846154
S1_D19_P1,S1_D19,1,8,5,61,GBBBGBBBBBBRG,GBBBGBBBBBBGG,0.9230769230769232
S1_D19_P1,S1_D19,1,8,6,62,RBBBRBBBBGYRB,RBBRBBBBRGBRR,0.6923076923076923
S1_D19_P1,S1_D19,1,8,7,63,GBBBBGBBBBBGG,GBBBGBBBBBGGB,0.8461538461538461
S1_D19_P1,S1_D19,1,8,8,64,RBBRBBBRGBRRR,RBBRBBBRRRRGR,0.7692307692307692
S1_D19_P1,S1_D19,1,9,1,65,GGRBBBYYBRBRR,GGRRBBGRBYGRR,0.6153846153846154
S1_D19_P1,S1_D19,1,9,2,66,RBYBRGGYRBYRR,RBYBRGGYRGBRR,0.8461538461538461
S1_D19_P1,S1_D19,1,9,3,67,GGRRBBGRBYGRR,GGBBBBRGRRRRR,0.5384615384615384
S1_D19_P1,S1_D19,1,9,4,68,RBYBRGGYRYBRB,RBYBRGGYRGYBB,0.8461538461538461
S1_D19_P1,S1_D19,1,9,5,69,GGBBBBRGGRRRR,GGBBBBGBGRRRR,0.8461538461538461
S1_D19_P1,S1_D19,1,9,6,70,RYBRGGRYBBRBB,RYBRRBGRGYBBB,0.6153846153846154
S1_D19_P1,S1_D19,1,9,7,71,GGBBBBGBGBRRR,GGBBBBGBRBGBR,0.7692307692307692
S1_D19_P1,S1_D19,1,9,8,72,RYBYRGRGRYBYB,RYBYRGRGRGYBB,0.8461538461538461
S1_D19_P1,S1_D19,1,10,1,73,GYGRRGBBBGBRR,GYGYBGBBBGRYR,0.6923076923076923
S1_D19_P1,S1_D19,1,10,2,74,BGGYYBBGGYBRB,BGGYYBGGYYBBB,0.7692307692307692
S1_D19_P1,S1_D19,1,10,3,75,BGYGYBGBBBGRB,BGYGYGBBBBBBB,0.6923076923076923
S1_D19_P1,S1_D19,1,10,4,76,BGGYYBGGYYBGB,BGGYYBGYBGYBB,0.6923076923076923
S1_D19_P1,S1_D19,1,10,5,77,BGYGYGBBBBBBB,BGYGYBBBGBBBB,0.8461538461538461
S1_D19_P1,S1_D19,1,10,6,78,BGGYYBGYBGYBB,BGYYYBGYBGBBB,0.8461538461538461
S1_D19_P1,S1_D19,1,10,7,79,BGYGYBGBGBBBB,BGYGBBGBBBBBB,0.8461538461538461
S1_D19_P1,S1_D19,1,10,8,80,BGYYBGYBGBBBB,BGYYBBGYBGBBB,0.8461538461538461
S1_D19_P1,S1_D19,1,11,1,81,BYBYGYYBGRGBB,BGBYYBGBRRRRR,0.3846153846153846
S1_D19_P1,S1_D19,1,11,2,82,BGYGYRYRYYBGR,BYGYGYRYRYRYB,0.6923076923076923
S1_D19_P1,S1_D19,1,11,3,83,BGYBYYBGYBRRR,BGYBYBGYBRBBB,0.6923076923076923
S1_D19_P1,S1_D19,1,11,4,84,BGYGRYRYRYBYB,BGYGRYRYRYBGY,0.8461538461538461
S1_D19_P1,S1_D19,1,11,5,85,BGYBGYRYRBBBB,BGYBRGYRBBBBB,0.7692307692307692
S1_D19_P1,S1_D19,1,11,6,86,BGYRGBRYRYRYB,BGYRBGYRRYBBB,0.6153846153846154
S1_D19_P1,S1_D19,1,11,7,87,BGYRGBRGYBRBB,BGYRGRGYRGBBB,0.6923076923076923
S1_D19_P1,S1_D19,1,11,8,88,BGYRRBGYRRRBY,BGYBBGYRGRRRR,0.6153846153846154
S1_D19_P1,S1_D19,1,12,1,89,GBGYGRYBBGYBB,GBGYGRYBBGYBB,1.0
S1_D19_P1,S1_D19,1,12,2,90,RYRRGGRRBGRBR,RYRRGBBGGRBGR,0.6153846153846154
S1_D19_P1,S1_D19,1,12,3,91,GBGYGRGYGRBGB,GYGYGRYGGBRGB,0.6923076923076923
S1_D19_P1,S1_D19,1,12,4,92,RYRRGBBGBGGRY,RYRRGBGBGGRYR,0.8461538461538461
S1_D19_P1,S1_D19,1,12,5,93,GYGYGRGGBGRGY,GYGGGRGGBYRYR,0.6923076923076923
S1_D19_P1,S1_D19,1,12,6,94,RYRRGBGBGGRYG,RYRRGBGBRYGGG,0.6923076923076923
S1_D19_P1,S1_D19,1,12,7,95,GYGGGRGRBYBRY,GYGGGRGGRBYRB,0.7692307692307692
S1_D19_P1,S1_D19,1,12,8,96,RYRRGBGBRYRBG,RYRRGBGGRYGRY,0.6923076923076923
S1_D19_P1,S1_D19,1,13,1,97,GGGRYYYRYBBBG,GGGYRRRYGBGBB,0.5384615384615384
S1_D19_P1,S1_D19,1,13,2,98,BYRGGGGYBRGRB,BYRGGGGBYRGBB,0.7692307692307692
S1_D19_P1,S1_D19,1,13,3,99,GGGYRRBGGRRBB,GGGYRRBBGGRBB,0.8461538461538461
S1_D19_P1,S1_D19,1,13,4,100,BRGGGGBRGBYRG,BRGGGGBRYBRGG,0.7692307692307692
S1_D19_P1,S1_D19,1,13,5,101,GGGYRRBBRBGGR,GGGYRRBBRBRBG,0.7692307692307692
S1_D19_P1,S1_D19,1,13,6,102,BRGGGBRYBRGGB,BRRGBRYGYRGBB,0.6153846153846154
S1_D19_P1,S1_D19,1,13,7,103,GGGYRBRBRBGGY,GGGYRRBRBRBGR,0.7692307692307692
S1_D19_P1,S1_D19,1,13,8,104,BRRGBRRYBRGYB,BRRGBRRYBRGYB,1.0
S1_D19_P1,S1_D19,1,14,1,105,GYYBYGRBBRBYB,GYYBYGRBRYGBB,0.6923076923076923
S1_D19_P1,S1_D19,1,14,2,106,GGBRRYRYRRBYR,GGBYRYRYYGRBB,0.6153846153846154
S1_D19_P1,S1_D19,1,14,3,107,GYYBYBGRBRGYY,GYYBYBGRBRGYY,1.0
S1_D19_P1,S1_D19,1,14,4,108,GGBYRYRYYGBRB,GGBYRYRYRYGRB,0.8461538461538461
S1_D19_P1,S1_D19,1,14,5,109,GYYBYBGRBRBGY,GYYBYBGRBRGYB,0.8461538461538461
S1_D19_P1,S1_D19,1,14,6,110,GGBYRYRYRYGRB,GGBYRYRYRYGRB,1.0
S1_D19_P1,S1_D19,1,14,7,111,GGYYBYBGRBRGY,GGYYBYBGRBGYY,0.8461538461538461
S1_D19_P1,S1_D19,1,14,8,112,GGBYRYRYRYGRB,GGBYRYRYRYGRB,1.0
S1_D19_P1,S1_D19,1,15,1,113,GGBGRBGBYYRBY,GGBGRBGYRGRBB,0.6923076923076923
S1_D19_P1,S1_D19,1,15,2,114,RBGGGRBYRBGGR,RBGYRBGGGGRBB,0.4615384615384615
S1_D19_P1,S1_D19,1,15,3,115,GGBGRBGYGGRBG,GGBGRBGYYBRRR,0.6923076923076923
S1_D19_P1,S1_D19,1,15,4,116,RBGYRBGGGRBGR,RBGYRBGGBGYGR,0.7692307692307692
S1_D19_P1,S1_D19,1,15,5,117,GGBGRBGYYRBRB,GGBGRBGYRBRBR,0.8461538461538461
S1_D19_P1,S1_D19,1,15,6,118,RBGYRBGGBGYRB,RBGYRBGGRBYGR,0.6923076923076923
S1_D19_P1,S1_D19,1,15,7,119,RBGGYRBGYRRBR,RBGYYRBGYRBBB,0.7692307692307692
S1_D19_P1,S1_D19,1,15,8,120,RBGYRBGGRBYRB,RBGYRBGGRBYRB,1.0
S1_D19_P2,S1_D19,2,1,1,1,RYYGRBBYGGYRG,RYYGRBYGRBGGG,0.6153846153846154
S1_D19_P2,S1_D19,2,1,2,2,BBGGBBBBYYRRY,BBGGBBBBYYRRB,0.9230769230769232
S1_D19_P2,S1_D19,2,1,3,3,RYYRYGRBGGGGG,RYYRYRBGRBGGG,0.7692307692307692
S1_D19_P2,S1_D19,2,1,4,4,BBGGBBBBRYRBB,BBGGBBBBRBYRB,0.8461538461538461
S1_D19_P2,S1_D19,2,1,5,5,RYYRRBYBGGGGG,RYYRBYBGGGGGG,0.8461538461538461
S1_D19_P2,S1_D19,2,1,6,6,BBGGBBBBYRBBB,BBGGBBBBYRBBB,1.0
S1_D19_P2,S1_D19,2,1,7,7,RRYYBYYBGGGGG,RRYYBYBYBGGGG,0.8461538461538461
S1_D19_P2,S1_D19,2,1,8,8,BBGGBBBBYRBBB,BBGGBBBBYRBBB,1.0
S1_D19_P2,S1_D19,2,2,1,9,RBGYYGYBRGGYY,RBGYYGYRBGGYG,0.7692307692307692
S1_D19_P2,S1_D19,2,2,2,10,GBRBRBRBRRRRR,GBRBRBRBRRRRR,1.0
S1_D19_P2,S1_D19,2,2,3,11,RBGYYGBRYYGGG,RBGYYGBRYYGGG,1.0
S1_D19_P2,S1_D19,2,2,4,12,GBRBRBRRRRRRR,GBRBRBRRRRRRR,1.0
S1_D19_P2,S1_D19,2,2,5,13,RBGYYGBRYYGGG,RBGYYGBRYYGGG,1.0
S1_D19_P2,S1_D19,2,2,6,14,GBRBRBRRRRRRR,BRBRBRRRRRRRR,0.8461538461538461
S1_D19_P2,S1_D19,2,2,7,15,RBGYYGBRYYGGG,RBGYYGBRYYGGG,1.0
S1_D19_P2,S1_D19,2,2,8,16,BRBRBRRRRRRRR,BRBRBRRRRRRRR,1.0
S1_D19_P2,S1_D19,2,3,1,17,BRGYRYBRRBYRY,BRGYBYRRBYRYR,0.7692307692307692
S1_D19_P2,S1_D19,2,3,2,18,RRYYRRYYYBYRB,RRYYRRYYYBRYB,0.8461538461538461
S1_D19_P2,S1_D19,2,3,3,19,BGYBRYRYRYRYY,BGYBRYRRYYRYR,0.7692307692307692
S1_D19_P2,S1_D19,2,3,4,20,RRYYRRYYYBRYB,RRYYRRYYYBRYB,1.0
S1_D19_P2,S1_D19,2,3,5,21,BGYBRYRYRYRRY,BGYBRYRYRYRRY,1.0
S1_D19_P2,S1_D19,2,3,6,22,RRYYRRYYYBRYB,RRYYRRYYYBRYB,1.0
S1_D19_P2,S1_D19,2,3,7,23,BGYBRYRYRRYRR,BGYBRYRYRRYRR,1.0
S1_D19_P2,S1_D19,2,3,8,24,RRYYRRYYBRYBB,RRYYRRYYYBRYR,0.7692307692307692
S1_D19_P2,S1_D19,2,4,1,25,RYYGBGBBYRRRG,RYYGBGBBRYYGB,0.6923076923076923
S1_D19_P2,S1_D19,2,4,2,26,BYRGGBYRGRGRG,BYRGGBYRGRGRG,1.0
S1_D19_P2,S1_D19,2,4,3,27,YYYGBRYGRYGRG,YYYGBRYGRBYYG,0.7692307692307692
S1_D19_P2,S1_D19,2,4,4,28,BYRGGBYRGRGRG,BYRGGBRGRGRGR,0.8461538461538461
S1_D19_P2,S1_D19,2,4,5,29,YYYBRGBRYYYYY,YYYBRGBRGYYYY,0.9230769230769232
S1_D19_P2,S1_D19,2,4,6,30,GBYGGBYRRGRGR,GBYGGBRBYGRGR,0.7692307692307692
S1_D19_P2,S1_D19,2,4,7,31,YYYBRGBRGYYYY,YYYBRGBRGYYYY,1.0
S1_D19_P2,S1_D19,2,4,8,32,GGGBYGBRBRGRG,GGGBYGBRBRGRG,1.0
S1_D19_P2,S1_D19,2,5,1,33,BBGBRYYRGGGGB,BBGBRYYRGGGBB,0.9230769230769232
S1_D19_P2,S1_D19,2,5,2,34,RBYGBGYYYYYRR,RBYGRBYYYYRBR,0.6923076923076923
S1_D19_P2,S1_D19,2,5,3,35,BBGBRYYRGGBBB,BBGBRYYRGBGGB,0.7692307692307692
S1_D19_P2,S1_D19,2,5,4,36,RBYGRBYYYYRBR,RBYGRBYYYRBYR,0.8461538461538461
S1_D19_P2,S1_D19,2,5,5,37,BBGBRYYRGBGBB,BBGBRYYRYBGBG,0.8461538461538461
S1_D19_P2,S1_D19,2,5,6,38,RBYGRBYYYRBGB,RBYGRBYYYRBGR,0.9230769230769232
S1_D19_P2,S1_D19,2,5,7,39,BBGBRYYRGBGBB,BBGBRYYRGBGBB,1.0
S1_D19_P2,S1_D19,2,5,8,40,RBYGRBYYYRBGB,RBYGRBYYYRBGB,1.0
S1_D19_P2,S1_D19,2,6,1,41,GBBBGYGBGBRGY,GBBBGYGBGBRGY,1.0
S1_D19_P2,S1_D19,2,6,2,42,GRGGGGGGBGYGG,GRGGGGGGBYGGB,0.8461538461538461
S1_D19_P2,S1_D19,2,6,3,43,GBBBGYBGGRGYG,GBBBGYBGGRBGG,0.8461538461538461
S1_D19_P2,S1_D19,2,6,4,44,GBGGGGGGBYGGG,GBGGGGGGBYGGG,1.0
S1_D19_P2,S1_D19,2,6,5,45,GBBGYBGRBGGGG,GBBGBYRGGGGBB,0.6153846153846154
S1_D19_P2,S1_D19,2,6,6,46,GBGGGGGGBYGGG,GBGGGGGGBYGGG,1.0
S1_D19_P2,S1_D19,2,6,7,47,GBBGBYRGGGGGG,GBBGBRGBGGGGG,0.8461538461538461
S1_D19_P2,S1_D19,2,6,8,48,BGGGGGGBYGGGG,GBGGGGGGBYGGG,0.8461538461538461
S1_D19_P2,S1_D19,2,7,1,49,BBBRYYRGRBGYR,BBBRYYBGRGBBY,0.6923076923076923
S1_D19_P2,S1_D19,2,7,2,50,YBBBGYYGYBGYB,YBBBGYGYYBGYB,0.8461538461538461
S1_D19_P2,S1_D19,2,7,3,51,BBBYBRYBRGBBB,YBBBGYBRBGGYB,0.5384615384615384
S1_D19_P2,S1_D19,2,7,4,52,YBBBGYBGBGBBB,YBBBGYBGBBGGB,0.7692307692307692
S1_D19_P2,S1_D19,2,7,5,53,YBBBRYBGGYGYB,YBBBRYBGGYBRY,0.7692307692307692
S1_D19_P2,S1_D19,2,7,6,54,YBBBGYBGGBBGB,YBBBGYBGGBGBB,0.8461538461538461
S1_D19_P2,S1_D19,2,7,7,55,YBBBRYBGGYRBB,YBBBGBRYBRRGY,0.4615384615384615
S1_D19_P2,S1_D19,2,7,8,56,YBBBGBBBBGGBG,YBBBGBGBBBGGB,0.8461538461538461
S1_D19_P2,S1_D19,2,8,1,57,YRRBBBGYYBRYG,YRRBBBGYYBRRY,0.8461538461538461
S1_D19_P2,S1_D19,2,8,2,58,BBBGBBBBBBGYR,BBBGBBBBBBGRY,0.8461538461538461
S1_D19_P2,S1_D19,2,8,3,59,BBRBBBGYBRRBB,BBRBBBGYBRRBB,1.0
S1_D19_P2,S1_D19,2,8,4,60,BBBGBBBBBBRGY,GBBBGBBBBBBRG,0.8461538461538461
S1_D19_P2,S1_D19,2,8,5,61,BBBRBBBBGYRBR,RBBBRBBBBGYRB,0.8461538461538461
S1_D19_P2,S1_D19,2,8,6,62,GBBBGBBBBBBGG,GBBBBGBBBBBGG,0.8461538461538461
S1_D19_P2,S1_D19,2,8,7,63,RBBRBBBBRGBRR,RBBRBBBRGBRRR,0.8461538461538461
S1_D19_P2,S1_D19,2,8,8,64,GBBBGBBBBBGGB,GBBBGBBBBBGGB,1.0
S1_D19_P2,S1_D19,2,9,1,65,RBYBGGGRYYGYR,RBYBRGGYRBYRR,0.6153846153846154
S1_D19_P2,S1_D19,2,9,2,66,GGRRBBGRBYGRR,GGRRBBGRBYGRR,1.0
S1_D19_P2,S1_D19,2,9,3,67,RBYBRGGYRGBRR,RBYBRGGYRYBRB,0.8461538461538461
S1_D19_P2,S1_D19,2,9,4,68,GGBBBBRGRRRRR,GGBBBBRGGRRRR,0.9230769230769232
S1_D19_P2,S1_D19,2,9,5,69,RBYBRGGYRGYBB,RYBRGGRYBBRBB,0.6153846153846154
S1_D19_P2,S1_D19,2,9,6,70,GGBBBBGBGRRRR,GGBBBBGBGBRRR,0.9230769230769232
S1_D19_P2,S1_D19,2,9,7,71,RYBRRBGRGYBBB,RYBYRGRGRYBYB,0.6923076923076923
S1_D19_P2,S1_D19,2,9,8,72,GGBBBBGBRBGBR,GGBBBBGBRBGRG,0.8461538461538461
S1_D19_P2,S1_D19,2,10,1,73,BGGYYGGBBGGBY,BGGYYBBGGYBRB,0.6153846153846154
S1_D19_P2,S1_D19,2,10,2,74,GYGYBGBBBGRYR,BGYGYBGBBBGRB,0.7692307692307692
S1_D19_P2,S1_D19,2,10,3,75,BGGYYBGGYYBBB,BGGYYBGGYYBGB,0.9230769230769232
S1_D19_P2,S1_D19,2,10,4,76,BGYGYGBBBBBBB,BGYGYGBBBBBBB,1.0
S1_D19_P2,S1_D19,2,10,5,77,BGGYYBGYBGYBB,BGGYYBGYBGYBB,1.0
S1_D19_P2,S1_D19,2,10,6,78,BGYGYBBBGBBBB,BGYGYBGBGBBBB,0.9230769230769232
S1_D19_P2,S1_D19,2,10,7,79,BGYYYBGYBGBBB,BGYYBGYBGBBBB,0.8461538461538461
S1_D19_P2,S1_D19,2,10,8,80,BGYGBBGBBBBBB,BGYYBGYGBBBBB,0.6923076923076923
S1_D19_P2,S1_D19,2,11,1,81,BYGYRYRYYBGBG,BGYGYRYRYYBGR,0.7692307692307692
S1_D19_P2,S1_D19,2,11,2,82,BGBYYBGBRRRRR,BGYBYYBGYBRRR,0.6923076923076923
S1_D19_P2,S1_D19,2,11,3,83,BYGYGYRYRYRYB,BGYGRYRYRYBYB,0.7692307692307692
S1_D19_P2,S1_D19,2,11,4,84,BGYBYBGYBRBBB,BGYBGYRYRBBBB,0.6153846153846154
S1_D19_P2,S1_D19,2,11,5,85,BGYGRYRYRYBGY,BGYRGBRYRYRYB,0.6923076923076923
S1_D19_P2,S1_D19,2,11,6,86,BGYBRGYRBBBBB,BGYRGBRGYBRBB,0.6153846153846154
S1_D19_P2,S1_D19,2,11,7,87,BGYRBGYRRYBBB,BGYRRBGYRRRBY,0.6923076923076923
S1_D19_P2,S1_D19,2,11,8,88,BGYRGRGYRGBBB,BGYRGRRYGRBBB,0.7692307692307692
S1_D19_P2,S1_D19,2,12,1,89,RYRRGGRRBGBRB,RYRRGGRRBGRBR,0.8461538461538461
S1_D19_P2,S1_D19,2,12,2,90,GBGYGRYBBGYBB,GBGYGRGYGRBGB,0.6153846153846154
S1_D19_P2,S1_D19,2,12,3,91,RYRRGBBGGRBGR,RYRRGBBGBGGRY,0.6923076923076923
S1_D19_P2,S1_D19,2,12,4,92,GYGYGRYGGBRGB,GYGYGRGGBGRGY,0.7692307692307692
S1_D19_P2,S1_D19,2,12,5,93,RYRRGBGBGGRYR,RYRRGBGBGGRYG,0.9230769230769232
S1_D19_P2,S1_D19,2,12,6,94,GYGGGRGGBYRYR,GYGGGRGRBYBRY,0.7692307692307692
S1_D19_P2,S1_D19,2,12,7,95,RYRRGBGBRYGGG,RYRRGBGBRYRBG,0.8461538461538461
S1_D19_P2,S1_D19,2,12,8,96,GYGGGRGGRBYRB,GYGGGRGGRBYRB,1.0
S1_D19_P2,S1_D19,2,13,1,97,BYRGGGGYBRGRB,BYRGGGGYBRGRB,1.0
S1_D19_P2,S1_D19,2,13,2,98,GGGYRRRYGBGBB,GGGYRRBGGRRBB,0.6923076923076923
S1_D19_P2,S1_D19,2,13,3,99,BYRGGGGBYRGBB,BRGGGGBRGBYRG,0.6153846153846154
S1_D19_P2,S1_D19,2,13,4,100,GGGYRRBBGGRBB,GGGYRRBBRBGGR,0.6923076923076923
S1_D19_P2,S1_D19,2,13,5,101,BRGGGGBRYBRGG,BRGGGBRYBRGGB,0.8461538461538461
S1_D19_P2,S1_D19,2,13,6,102,GGGYRRBBRBRBG,GGGYRBRBRBGGY,0.6923076923076923
S1_D19_P2,S1_D19,2,13,7,103,BRRGBRYGYRGBB,BRRGBRRYBRGYB,0.6923076923076923
S1_D19_P2,S1_D19,2,13,8,104,GGGYRRBRBRBGR,GGGYRRBRBRRBR,0.8461538461538461
S1_D19_P2,S1_D19,2,14,1,105,GGBRRYYBBRYRR,GGBRRYRYRRBYR,0.6153846153846154
S1_D19_P2,S1_D19,2,14,2,106,GYYBYGRBRYGBB,GYYBYBGRBRGYY,0.6923076923076923
S1_D19_P2,S1_D19,2,14,3,107,GGBYRYRYYGRBB,GGBYRYRYYGBRB,0.8461538461538461
S1_D19_P2,S1_D19,2,14,4,108,GYYBYBGRBRGYY,GYYBYBGRBRBGY,0.8461538461538461
S1_D19_P2,S1_D19,2,14,5,109,GGBYRYRYRYGRB,GGBYRYRYRYGRB,1.0
S1_D19_P2,S1_D19,2,14,6,110,GYYBYBGRBRGYB,GGYYBYBGRBRGY,0.8461538461538461
S1_D19_P2,S1_D19,2,14,7,111,GGBYRYRYRYGRB,GGBYRYRYRYGRB,1.0
S1_D19_P2,S1_D19,2,14,8,112,GGYYBYBGRBGYY,GYYBBYBRGYYBR,0.5384615384615384
S1_D19_P2,S1_D19,2,15,1,113,RBGGGRYBGYYYR,RBGGGRBYRBGGR,0.6153846153846154
S1_D19_P2,S1_D19,2,15,2,114,GGBGRBGYRGRBB,GGBGRBGYGGRBG,0.8461538461538461
S1_D19_P2,S1_D19,2,15,3,115,RBGYRBGGGGRBB,RBGYRBGGGRBGR,0.7692307692307692
S1_D19_P2,S1_D19,2,15,4,116,GGBGRBGYYBRRR,GGBGRBGYYRBRB,0.7692307692307692
S1_D19_P2,S1_D19,2,15,5,117,RBGYRBGGBGYGR,RBGYRBGGBGYRB,0.8461538461538461
S1_D19_P2,S1_D19,2,15,6,118,GGBGRBGYRBRBR,RBGGYRBGYRRBR,0.6153846153846154
S1_D19_P2,S1_D19,2,15,7,119,RBGYRBGGRBYGR,RBGYRBGGRBYRB,0.8461538461538461
S1_D19_P2,S1_D19,2,15,8,120,RBGYYRBGYRBBB,RBGYYRBYRBBBB,0.8461538461538461
S1_D20_P1,S1_D20,1,1,1,1,BGBBYGGBYGYRR,BGBBGGYBGYRRR,0.6923076923076923
S1_D20_P1,S1_D20,1,1,2,2,RYRRGRYRGYRYR,RRYRYRYGRYRYR,0.6153846153846154
S1_D20_P1,S1_D20,1,1,3,3,BGBGBGYBRRRRR,BGBGBYBRRRRRR,0.8461538461538461
S1_D20_P1,S1_D20,1,1,4,4,RYRYRRYGRYRRY,RYRYRRGRYRRRR,0.7692307692307692
S1_D20_P1,S1_D20,1,1,5,5,BGBGBGYGRRRRR,BGBGBGYRRRRRR,0.9230769230769232
S1_D20_P1,S1_D20,1,1,6,6,RYRYRRYRRRRRR,RYRYRRYRRRRRR,1.0
S1_D20_P1,S1_D20,1,1,7,7,BGBGBGYRRRRRR,BGBGBGYRRRRRR,1.0
S1_D20_P1,S1_D20,1,1,8,8,RYRYRRYRRRRRR,RYRYRRRRRRRRR,0.9230769230769232
S1_D20_P1,S1_D20,1,2,1,9,YYYYBYGGBYYBY,YYYBYYGYBYYYB,0.6153846153846154
S1_D20_P1,S1_D20,1,2,2,10,RGRGBBRGRGBYG,RGRGBBRGRYYBY,0.7692307692307692
S1_D20_P1,S1_D20,1,2,3,11,YYYBYYGYYYBYB,YYYYYBYYGYYBY,0.6923076923076923
S1_D20_P1,S1_D20,1,2,4,12,RGRGBRGRGYBRG,RGRGRRGYBRGRG,0.6923076923076923
S1_D20_P1,S1_D20,1,2,5,13,YYYYYBYYGYYBY,YYYYYBYYGYYBY,1.0
S1_D20_P1,S1_D20,1,2,6,14,RGRGRRYBRGRGY,RGRGRRYBRGRGR,0.9230769230769232
S1_D20_P1,S1_D20,1,2,7,15,YYYYYBYYGYYBY,YYYYBYYGYYBYB,0.8461538461538461
S1_D20_P1,S1_D20,1,2,8,16,RGRGRRYBRGRGR,RGRGRRYBRGRGR,1.0
S1_D20_P1,S1_D20,1,3,1,17,RYGBRBGRGRBRY,RYGBRBGRGRBGR,0.8461538461538461
S1_D20_P1,S1_D20,1,3,2,18,GBRGYGBRGBYBB,GBRGYGBGGBGRB,0.7692307692307692
S1_D20_P1,S1_D20,1,3,3,19,RYGBRBRGRBRGR,RYGBRBRGRGBRG,0.8461538461538461
S1_D20_P1,S1_D20,1,3,4,20,GBRYGBGGBGRGB,GBRYGBGBGBGBB,0.7692307692307692
S1_D20_P1,S1_D20,1,3,5,21,RYGBRGRBRGBRG,RYGBRBGRBRGRB,0.7692307692307692
S1_D20_P1,S1_D20,1,3,6,22,GBRYGBGBGBGBB,GBRYGBGBGBGBB,1.0
S1_D20_P1,S1_D20,1,3,7,23,YGBRBRGRBRGRB,YGBRBRBRGRBRG,0.6923076923076923
S1_D20_P1,S1_D20,1,3,8,24,GBRYGBGBGBBBG,GBYRGBGBGBGBG,0.7692307692307692
S1_D20_P1,S1_D20,1,4,1,25,RRBYGBYGBBBRB,RRBYGBGBBRBRR,0.7692307692307692
S1_D20_P1,S1_D20,1,4,2,26,YRBRYGYRBYGYG,YRBYBGYYBRYBG,0.5384615384615384
S1_D20_P1,S1_D20,1,4,3,27,RBYGRGRBRBRBB,RBYGRGRBRBRBR,0.9230769230769232
S1_D20_P1,S1_D20,1,4,4,28,YRBYGYYRBYGYR,YRBYGBYYRBYRY,0.7692307692307692
S1_D20_P1,S1_D20,1,4,5,29,RBYGRGRGRBBRB,RBYGRGRGRBRBB,0.8461538461538461
S1_D20_P1,S1_D20,1,4,6,30,YRBYGYRBYGYRB,YRBYGBYGYRBYB,0.6923076923076923
S1_D20_P1,S1_D20,1,4,7,31,RBYGRGRGRBRBB,RBYGRGRBRBRBB,0.9230769230769232
S1_D20_P1,S1_D20,1,4,8,32,YRBYGYRYBYBBB,YRBYGBYGYBBBB,0.7692307692307692
S1_D20_P1,S1_D20,1,5,1,33,GYRGRGRBGGBBY,GYRGGRGBGBBGB,0.6153846153846154
S1_D20_P1,S1_D20,1,5,2,34,YYRYYYYRYGYRB,YYRYYYRYYRGBY,0.6923076923076923
S1_D20_P1,S1_D20,1,5,3,35,GYRGRGRBGRGRR,GYRGRGBRGRGRR,0.8461538461538461
S1_D20_P1,S1_D20,1,5,4,36,YYRYYYRYYRGBY,YYRYYYRYYRGBY,1.0
S1_D20_P1,S1_D20,1,5,5,37,GBRYGBGGRYRYR,GBRYGGBGRYRYR,0.8461538461538461
S1_D20_P1,S1_D20,1,5,6,38,YYRYYYRYYRGBY,YYRYYYRYYRYGB,0.8461538461538461
S1_D20_P1,S1_D20,1,5,7,39,GRBYGBGYRBRBR,GRBYGBYGRBRBR,0.8461538461538461
S1_D20_P1,S1_D20,1,5,8,40,GYBRRBYGGYBRR,GYBRRBYGGYBRR,1.0
S1_D20_P1,S1_D20,1,6,1,41,RGGYBRBYRBYBG,RBYGGYRBYBYGB,0.5384615384615384
S1_D20_P1,S1_D20,1,6,2,42,RYBRRRRRYGRBR,RYBRRRRYGBRRR,0.7692307692307692
S1_D20_P1,S1_D20,1,6,3,43,RYBGYGYRBRBRB,RYBRGYBRYBYBR,0.5384615384615384
S1_D20_P1,S1_D20,1,6,4,44,RYBRRRRYGBRRR,RYBRRYBGYRRRR,0.6153846153846154
S1_D20_P1,S1_D20,1,6,5,45,RYBRGRYBRGRBB,RYBRGBRRGBRRR,0.5384615384615384
S1_D20_P1,S1_D20,1,6,6,46,RYBRGRYBGRYRR,RYBRGRRYBRRRR,0.7692307692307692
S1_D20_P1,S1_D20,1,6,7,47,RYBGRBYRRRRRR,RYBGYRYBRRRRR,0.7692307692307692
S1_D20_P1,S1_D20,1,6,8,48,RYBRGRYBRRRYB,RYBGYRRRBYRRR,0.4615384615384615
S1_D20_P1,S1_D20,1,7,1,49,BBBGRBRRYGBBY,BBBGBRGBRBBBB,0.5384615384615384
S1_D20_P1,S1_D20,1,7,2,50,YRGRRGYRGRGRR,YRGYRRGRYRRRR,0.6923076923076923
S1_D20_P1,S1_D20,1,7,3,51,BBBGBRBGBBBBB,BBGBBRBBBBBBB,0.7692307692307692
S1_D20_P1,S1_D20,1,7,4,52,YRGYRRGRRRRRR,YRGYRRGRGRRRR,0.9230769230769232
S1_D20_P1,S1_D20,1,7,5,53,BBGBBRBBBBBBB,BBGBBRBBBBBBB,1.0
S1_D20_P1,S1_D20,1,7,6,54,YRGYRRGRGRGRR,RGYRRGRGRRRRR,0.7692307692307692
S1_D20_P1,S1_D20,1,7,7,55,BGBBRBBBBBBBB,BGBBRBBBBBBBB,1.0
S1_D20_P1,S1_D20,1,7,8,56,RGYRRGRGRGRRR,RGYRRGRGRRRRR,0.9230769230769232
S1_D20_P1,S1_D20,1,8,1,57,GRYYGRRBBYBRY,GYRRYRYBYBBBB,0.3846153846153846
S1_D20_P1,S1_D20,1,8,2,58,YBBGRYBBRBBBB,YBBGRYBYBBBBB,0.8461538461538461
S1_D20_P1,S1_D20,1,8,3,59,GYGRBBRGYBBBR,GYRYBRBRBBBRB,0.6153846153846154
S1_D20_P1,S1_D20,1,8,4,60,YBGRYBYBBBBBB,YBGRYBYBBBBBB,1.0
S1_D20_P1,S1_D20,1,8,5,61,GYRBRBBRBRBBB,GYRBBRBRBBRBB,0.6923076923076923
S1_D20_P1,S1_D20,1,8,6,62,YBGRYBYBYBBBY,YBGRYBYBYBBBY,1.0
S1_D20_P1,S1_D20,1,8,7,63,GYRBRBBRBBBBR,GYRBRBBRBBBBR,1.0
S1_D20_P1,S1_D20,1,8,8,64,YBGRYBYBYBBBY,YBGRYBYBYBBYB,0.8461538461538461
S1_D20_P1,S1_D20,1,9,1,65,GBGRYBGRYYYBB,GBGBRYBYBYBBY,0.6153846153846154
S1_D20_P1,S1_D20,1,9,2,66,GRBGYRRBYBYBR,GRBGYBRBRBRBR,0.7692307692307692
S1_D20_P1,S1_D20,1,9,3,67,GBGRGBYBYBYBY,GBGBGBRYBGBYB,0.6923076923076923
S1_D20_P1,S1_D20,1,9,4,68,GRBGYBGRBRBRB,GRBGYGBRRBRBR,0.7692307692307692
S1_D20_P1,S1_D20,1,9,5,69,GBGBRYBYBGBBB,GBRBRBGYBYBRB,0.6153846153846154
S1_D20_P1,S1_D20,1,9,6,70,GBRYGYBRBRBRR,GBRYGYBYBRBRB,0.8461538461538461
S1_D20_P1,S1_D20,1,9,7,71,GBRBRBYBYBRBR,GBRGBRYBYBYBR,0.7692307692307692
S1_D20_P1,S1_D20,1,9,8,72,GBRGYGYBYBRBR,GBRYGYBYBRBRB,0.8461538461538461
S1_D20_P1,S1_D20,1,10,1,73,RBRRRGGRRBYRR,RBRRGGRRBYRBR,0.8461538461538461
S1_D20_P1,S1_D20,1,10,2,74,BRGRBGRGRBGBR,BRGBRGGBRGBRB,0.6153846153846154
S1_D20_P1,S1_D20,1,10,3,75,RBRRGRGRYBRGR,RBRRGRBRYRGRG,0.7692307692307692
S1_D20_P1,S1_D20,1,10,4,76,BRGBRGGBRGBRB,BRGBRGGBRGBRB,1.0
S1_D20_P1,S1_D20,1,10,5,77,RBRRGRBRYRBRG,RBGRRBRBRYBRR,0.6923076923076923
S1_D20_P1,S1_D20,1,10,6,78,BRGBRGGBRGBRB,BRGBRGGBRGBRB,1.0
S1_D20_P1,S1_D20,1,10,7,79,RBGRBRBGRBRBR,RBGRGBRBBRBRR,0.7692307692307692
S1_D20_P1,S1_D20,1,10,8,80,BRGBRGGBRGBRB,BRGBRGBBRGBRB,0.9230769230769232
S1_D20_P1,S1_D20,1,11,1,81,GYRBRGBGGGBRG,GYRGBRGGGGGGG,0.6923076923076923
S1_D20_P1,S1_D20,1,11,2,82,RBGRBRBGBRYYB,RBGBRBGRRBYYY,0.6923076923076923
S1_D20_P1,S1_D20,1,11,3,83,GYRGBRGGGGGGG,GBRBGGGGGGGGG,0.6923076923076923
S1_D20_P1,S1_D20,1,11,4,84,GRYBRBGRGBRBR,GRYBRBRBRBRBR,0.7692307692307692
S1_D20_P1,S1_D20,1,11,5,85,GRGRBRYBRGRRG,GRGRGRYBGRRGR,0.7692307692307692
S1_D20_P1,S1_D20,1,11,6,86,GRYRBRBRBRBRB,GRRBRBRRBRBRB,0.8461538461538461
S1_D20_P1,S1_D20,1,11,7,87,GRYGRBGRGRGRG,GRYRBGRRGRGRG,0.8461538461538461
S1_D20_P1,S1_D20,1,11,8,88,GRBRRBRBRRBRB,GRBRBRBRRBRBR,0.8461538461538461
S1_D20_P1,S1_D20,1,12,1,89,GGRYRGGYGBRRB,GGRGRYBGGGGGG,0.3846153846153846
S1_D20_P1,S1_D20,1,12,2,90,RYYGGBBRRGRBR,RYYGGBBRRGRGR,0.9230769230769232
S1_D20_P1,S1_D20,1,12,3,91,GGRGRYBRGGGGG,GGRYGRBGGGGGG,0.7692307692307692
S1_D20_P1,S1_D20,1,12,4,92,RYRGGRBRBRGRY,GGRGBRGGRGRGR,0.4615384615384615
S1_D20_P1,S1_D20,1,12,5,93,GGRYRBGGGGGGG,GGRYRBGGGGGGG,1.0
S1_D20_P1,S1_D20,1,12,6,94,GBRBYBGRGRGRG,GBGYGRGRGRGRG,0.6923076923076923
S1_D20_P1,S1_D20,1,12,7,95,GGRGYBRGGGGGG,GGRYGBGGGGGGG,0.7692307692307692
S1_D20_P1,S1_D20,1,12,8,96,GBGYGRGRGRGRG,GBYGGYGRGRRGR,0.6923076923076923
S1_D20_P1,S1_D20,1,13,1,97,RRRGBRRYGYGGR,RRRGBRRYGBYRR,0.7692307692307692
S1_D20_P1,S1_D20,1,13,2,98,RYRYGGBRYRYRY,RRYRGRYRYRRRR,0.5384615384615384
S1_D20_P1,S1_D20,1,13,3,99,RRRGBRRYGBGYR,RRRGBRRYGBYRR,0.8461538461538461
S1_D20_P1,S1_D20,1,13,4,100,RYGYRBRYRRRRR,RYGBYRGRRRRRR,0.7692307692307692
S1_D20_P1,S1_D20,1,13,5,101,GBRYRYRYBGBRY,GBRGRYBYRBGYR,0.6153846153846154
S1_D20_P1,S1_D20,1,13,6,102,GYBRBRBYRYRYR,GYRBRBRYRYRYR,0.8461538461538461
S1_D20_P1,S1_D20,1,13,7,103,GBRYBYBYBGRBR,GYRBYBYGRBRBR,0.6153846153846154
S1_D20_P1,S1_D20,1,13,8,104,GYRBRBRYRYRYR,GBGYBGBRYRYRY,0.6153846153846154
S1_D20_P1,S1_D20,1,14,1,105,YYBRYGBGBBYGG,YYBRYYBBGGBGB,0.6153846153846154
S1_D20_P1,S1_D20,1,14,2,106,BYGYRGRGRYBYB,BGYBGYRGRGRYB,0.6923076923076923
S1_D20_P1,S1_D20,1,14,3,107,YYBYBYRBYBYRG,YBYBYRYBRYRGR,0.6923076923076923
S1_D20_P1,S1_D20,1,14,4,108,BGYBGYRGRGRBY,BGYBGYBGRBYBR,0.6923076923076923
S1_D20_P1,S1_D20,1,14,5,109,YBYRBYBYRGGRR,YBYRBGRYRBGRB,0.6923076923076923
S1_D20_P1,S1_D20,1,14,6,110,BGYBGYBGRBYBR,BGYBGYGYRBRYB,0.6923076923076923
S1_D20_P1,S1_D20,1,14,7,111,YBYRGRRGRBRYR,YBRYRYBRYRYBR,0.5384615384615384
S1_D20_P1,S1_D20,1,14,8,112,BGYBGYRBYBRYB,BGYBGYBRYBGYB,0.7692307692307692
S1_D20_P1,S1_D20,1,15,1,113,GGBYRBGBRRRYR,GBGBGYRYRRRBY,0.4615384615384615
S1_D20_P1,S1_D20,1,15,2,114,YGBYGGYGGRGBG,YBGYBGYGGYGRR,0.5384615384615384
S1_D20_P1,S1_D20,1,15,3,115,GBGBYRYRYBYRB,GBGBGYRBGBRBR,0.5384615384615384
S1_D20_P1,S1_D20,1,15,4,116,YBGYBGGYGRRBR,GYBGYBRRBRBRB,0.4615384615384615
S1_D20_P1,S1_D20,1,15,5,117,GYGBYRBRRRYBR,GYBGYBRBRBRBR,0.6153846153846154
S1_D20_P1,S1_D20,1,15,6,118,YBGYBRBRBRBRB,YBRYBRBRBRBRB,0.9230769230769232
S1_D20_P1,S1_D20,1,15,7,119,GYBGYBRBRBRBR,GYBRYRBRBRBRR,0.7692307692307692
S1_D20_P1,S1_D20,1,15,8,120,YBRYBRBRBRBRB,BRBRYBRYRRRBR,0.6153846153846154
S1_D20_P2,S1_D20,2,1,1,1,RYRRYGGRGRYRY,RYRRGRYRGYRYR,0.6153846153846154
S1_D20_P2,S1_D20,2,1,2,2,BGBBGGYBGYRRR,BGBGBGYBRRRRR,0.6923076923076923
S1_D20_P2,S1_D20,2,1,3,3,RRYRYRYGRYRYR,RYRYRRYGRYRRY,0.6923076923076923
S1_D20_P2,S1_D20,2,1,4,4,BGBGBYBRRRRRR,BGBGBGYGRRRRR,0.7692307692307692
S1_D20_P2,S1_D20,2,1,5,5,RYRYRRGRYRRRR,RYRYRRYRRRRRR,0.8461538461538461
S1_D20_P2,S1_D20,2,1,6,6,BGBGBGYRRRRRR,BGBGBGYRRRRRR,1.0
S1_D20_P2,S1_D20,2,1,7,7,RYRYRRYRRRRRR,RYRYRRYRRRRRR,1.0
S1_D20_P2,S1_D20,2,1,8,8,BGBGBGYRRRRRR,BGBGBGYRRRRRR,1.0
S1_D20_P2,S1_D20,2,2,1,9,RGRBBGRBBBGYR,RGRGBBRGRGBYG,0.5384615384615384
S1_D20_P2,S1_D20,2,2,2,10,YYYBYYGYBYYYB,YYYBYYGYYYBYB,0.8461538461538461
S1_D20_P2,S1_D20,2,2,3,11,RGRGBBRGRYYBY,RGRGBRGRGYBRG,0.6923076923076923
S1_D20_P2,S1_D20,2,2,4,12,YYYYYBYYGYYBY,YYYYYBYYGYYBY,1.0
S1_D20_P2,S1_D20,2,2,5,13,RGRGRRGYBRGRG,RGRGRRYBRGRGY,0.8461538461538461
S1_D20_P2,S1_D20,2,2,6,14,YYYYYBYYGYYBY,YYYYYBYYGYYBY,1.0
S1_D20_P2,S1_D20,2,2,7,15,RGRGRRYBRGRGR,RGRGRRYBRGRGR,1.0
S1_D20_P2,S1_D20,2,2,8,16,YYYYBYYGYYBYB,YYYYBYYGYYBYB,1.0
S1_D20_P2,S1_D20,2,3,1,17,GBRGYYGYGBRBG,GBRGYGBRGBYBB,0.6153846153846154
S1_D20_P2,S1_D20,2,3,2,18,RYGBRBGRGRBGR,RYGBRBRGRBRGR,0.8461538461538461
S1_D20_P2,S1_D20,2,3,3,19,GBRGYGBGGBGRB,GBRYGBGGBGRGB,0.8461538461538461
S1_D20_P2,S1_D20,2,3,4,20,RYGBRBRGRGBRG,RYGBRGRBRGBRG,0.8461538461538461
S1_D20_P2,S1_D20,2,3,5,21,GBRYGBGBGBGBB,GBRYGBGBGBGBB,1.0
S1_D20_P2,S1_D20,2,3,6,22,RYGBRBGRBRGRB,YGBRBRGRBRGRB,0.8461538461538461
S1_D20_P2,S1_D20,2,3,7,23,GBRYGBGBGBGBB,GBRYGBGBGBBBG,0.8461538461538461
S1_D20_P2,S1_D20,2,3,8,24,YGBRBRBRGRBRG,YGBRBRBRGRBRG,1.0
S1_D20_P2,S1_D20,2,4,1,25,YYRBYGGYGYBBR,YRBRYGYRBYGYG,0.3846153846153846
S1_D20_P2,S1_D20,2,4,2,26,RRBYGBGBBRBRR,RBYGRGRBRBRBB,0.6153846153846154
S1_D20_P2,S1_D20,2,4,3,27,YRBYBGYYBRYBG,YRBYGYYRBYGYR,0.5384615384615384
S1_D20_P2,S1_D20,2,4,4,28,RBYGRGRBRBRBR,RBYGRGRGRBBRB,0.7692307692307692
S1_D20_P2,S1_D20,2,4,5,29,YRBYGBYYRBYRY,YRBYGYRBYGYRB,0.6153846153846154
S1_D20_P2,S1_D20,2,4,6,30,RBYGRGRGRBRBB,RBYGRGRGRBRBB,1.0
S1_D20_P2,S1_D20,2,4,7,31,YRBYGBYGYRBYB,YRBYGYRYBYBBB,0.6153846153846154
S1_D20_P2,S1_D20,2,4,8,32,RBYGRGRBRBRBB,RBYGRGBRBRBBB,0.8461538461538461
S1_D20_P2,S1_D20,2,5,1,33,YYRYYYYGYGRRB,YYRYYYYRYGYRB,0.8461538461538461
S1_D20_P2,S1_D20,2,5,2,34,GYRGGRGBGBBGB,GYRGRGRBGRGRR,0.5384615384615384
S1_D20_P2,S1_D20,2,5,3,35,YYRYYYRYYRGBY,YYRYYYRYYRGBY,1.0
S1_D20_P2,S1_D20,2,5,4,36,GYRGRGBRGRGRR,GBRYGBGGRYRYR,0.5384615384615384
S1_D20_P2,S1_D20,2,5,5,37,YYRYYYRYYRGBY,YYRYYYRYYRGBY,1.0
S1_D20_P2,S1_D20,2,5,6,38,GBRYGGBGRYRYR,GRBYGBGYRBRBR,0.5384615384615384
S1_D20_P2,S1_D20,2,5,7,39,YYRYYYRYYRYGB,GYBRRBYGGYBRR,0.2307692307692307
S1_D20_P2,S1_D20,2,5,8,40,GRBYGBYGRBRBR,GRBYGBGRBBRBR,0.8461538461538461
S1_D20_P2,S1_D20,2,6,1,41,BYRRRRYBGRGBR,RYBRRRRRYGRBR,0.6153846153846154
S1_D20_P2,S1_D20,2,6,2,42,RBYGGYRBYBYGB,RYBGYGYRBRBRB,0.5384615384615384
S1_D20_P2,S1_D20,2,6,3,43,RYBRRRRYGBRRR,RYBRRRRYGBRRR,1.0
S1_D20_P2,S1_D20,2,6,4,44,RYBRGYBRYBYBR,RYBRGRYBRGRBB,0.6153846153846154
S1_D20_P2,S1_D20,2,6,5,45,RYBRRYBGYRRRR,RYBRGRYBGRYRR,0.7692307692307692
S1_D20_P2,S1_D20,2,6,6,46,RYBRGBRRGBRRR,RYBGRBYRRRRRR,0.6153846153846154
S1_D20_P2,S1_D20,2,6,7,47,RYBRGRRYBRRRR,RYBRGRYBRRRYB,0.7692307692307692
S1_D20_P2,S1_D20,2,6,8,48,RYBGYRYBRRRRR,RYBGYRYBRRRRR,1.0
S1_D20_P2,S1_D20,2,7,1,49,YRRGGRGYGRYGR,YRGRRGYRGRGRR,0.6153846153846154
S1_D20_P2,S1_D20,2,7,2,50,BBBGBRGBRBBBB,BBBGBRBGBBBBB,0.8461538461538461
S1_D20_P2,S1_D20,2,7,3,51,YRGYRRGRYRRRR,YRGYRRGRRRRRR,0.9230769230769232
S1_D20_P2,S1_D20,2,7,4,52,BBGBBRBBBBBBB,BBGBBRBBBBBBB,1.0
S1_D20_P2,S1_D20,2,7,5,53,YRGYRRGRGRRRR,YRGYRRGRGRGRR,0.9230769230769232
S1_D20_P2,S1_D20,2,7,6,54,BBGBBRBBBBBBB,BGBBRBBBBBBBB,0.8461538461538461
S1_D20_P2,S1_D20,2,7,7,55,RGYRRGRGRRRRR,RGYRRGRGRGRRR,0.9230769230769232
S1_D20_P2,S1_D20,2,7,8,56,BGBBRBBBBBBBB,BBGBRBBBBBBBB,0.8461538461538461
S1_D20_P2,S1_D20,2,8,1,57,YBBYGRRBYYBRY,YBBGRYBBRBBBB,0.4615384615384615
S1_D20_P2,S1_D20,2,8,2,58,GYRRYRYBYBBBB,GYGRBBRGYBBBR,0.5384615384615384
S1_D20_P2,S1_D20,2,8,3,59,YBBGRYBYBBBBB,YBGRYBYBBBBBB,0.8461538461538461
S1_D20_P2,S1_D20,2,8,4,60,GYRYBRBRBBBRB,GYRBRBBRBRBBB,0.6923076923076923
S1_D20_P2,S1_D20,2,8,5,61,YBGRYBYBBBBBB,YBGRYBYBYBBBY,0.8461538461538461
S1_D20_P2,S1_D20,2,8,6,62,GYRBBRBRBBRBB,GYRBRBBRBBBBR,0.6923076923076923
S1_D20_P2,S1_D20,2,8,7,63,YBGRYBYBYBBBY,YBGRYBYBYBBBY,1.0
S1_D20_P2,S1_D20,2,8,8,64,GYRBRBBRBBBBR,GYRBRBBRBBBBR,1.0
S1_D20_P2,S1_D20,2,9,1,65,GRBGYRRYBBYBR,GRBGYRRBYBYBR,0.8461538461538461
S1_D20_P2,S1_D20,2,9,2,66,GBGBRYBYBYBBY,GBGRGBYBYBYBY,0.7692307692307692
S1_D20_P2,S1_D20,2,9,3,67,GRBGYBRBRBRBR,GRBGYBGRBRBRB,0.8461538461538461
S1_D20_P2,S1_D20,2,9,4,68,GBGBGBRYBGBYB,GBGBRYBYBGBBB,0.6923076923076923
S1_D20_P2,S1_D20,2,9,5,69,GRBGYGBRRBRBR,GBRYGYBRBRBRR,0.6153846153846154
S1_D20_P2,S1_D20,2,9,6,70,GBRBRBGYBYBRB,GBRBRBYBYBRBR,0.8461538461538461
S1_D20_P2,S1_D20,2,9,7,71,GBRYGYBYBRBRB,GBRGYGYBYBRBR,0.8461538461538461
S1_D20_P2,S1_D20,2,9,8,72,GBRGBRYBYBYBR,GBRYBYBRBRBRY,0.6153846153846154
S1_D20_P2,S1_D20,2,10,1,73,YBBBRGRGBRGRB,BRGRBGRGRBGBR,0.3846153846153846
S1_D20_P2,S1_D20,2,10,2,74,RBRRGGRRBYRBR,RBRRGRGRYBRGR,0.6923076923076923
S1_D20_P2,S1_D20,2,10,3,75,BRGBRGGBRGBRB,BRGBRGGBRGBRB,1.0
S1_D20_P2,S1_D20,2,10,4,76,RBRRGRBRYRGRG,RBRRGRBRYRBRG,0.9230769230769232
S1_D20_P2,S1_D20,2,10,5,77,BRGBRGGBRGBRB,BRGBRGGBRGBRB,1.0
S1_D20_P2,S1_D20,2,10,6,78,RBGRRBRBRYBRR,RBGRBRBGRBRBR,0.6923076923076923
S1_D20_P2,S1_D20,2,10,7,79,BRGBRGGBRGBRB,BRGBRGGBRGBRB,1.0
S1_D20_P2,S1_D20,2,10,8,80,RBGRGBRBBRBRR,RBGRBGRBBBBRR,0.7692307692307692
S1_D20_P2,S1_D20,2,11,1,81,RBGBBBYRBGGRR,RBGRBRBGBRYYB,0.4615384615384615
S1_D20_P2,S1_D20,2,11,2,82,GYRGBRGGGGGGG,GYRGBRGGGGGGG,1.0
S1_D20_P2,S1_D20,2,11,3,83,RBGBRBGRRBYYY,GRYBRBGRGBRBR,0.4615384615384615
S1_D20_P2,S1_D20,2,11,4,84,GBRBGGGGGGGGG,GRGRBRYBRGRRG,0.3076923076923077
S1_D20_P2,S1_D20,2,11,5,85,GRYBRBRBRBRBR,GRYRBRBRBRBRB,0.8461538461538461
S1_D20_P2,S1_D20,2,11,6,86,GRGRGRYBGRRGR,GRYGRBGRGRGRG,0.6153846153846154
S1_D20_P2,S1_D20,2,11,7,87,GRRBRBRRBRBRB,GRBRRBRBRRBRB,0.6923076923076923
S1_D20_P2,S1_D20,2,11,8,88,GRYRBGRRGRGRG,GRYRBRGRGGRRG,0.7692307692307692
S1_D20_P2,S1_D20,2,12,1,89,RYYGGBBBRRGBR,RYYGGBBRRGRBR,0.8461538461538461
S1_D20_P2,S1_D20,2,12,2,90,GGRGRYBGGGGGG,GGRGRYBRGGGGG,0.9230769230769232
S1_D20_P2,S1_D20,2,12,3,91,RYYGGBBRRGRGR,RYRGGRBRBRGRY,0.6153846153846154
S1_D20_P2,S1_D20,2,12,4,92,GGRYGRBGGGGGG,GGRYRBGGGGGGG,0.8461538461538461
S1_D20_P2,S1_D20,2,12,5,93,GGRGBRGGRGRGR,GBRBYBGRGRGRG,0.6153846153846154
S1_D20_P2,S1_D20,2,12,6,94,GGRYRBGGGGGGG,GGRGYBRGGGGGG,0.7692307692307692
S1_D20_P2,S1_D20,2,12,7,95,GBGYGRGRGRGRG,GBGYGRGRGRGRG,1.0
S1_D20_P2,S1_D20,2,12,8,96,GGRYGBGGGGGGG,GRGYGBGRRGGGG,0.6923076923076923
S1_D20_P2,S1_D20,2,13,1,97,RYYGGYRBGGYRY,RYRYGGBRYRYRY,0.6153846153846154
S1_D20_P2,S1_D20,2,13,2,98,RRRGBRRYGBYRR,RRRGBRRYGBGYR,0.8461538461538461
S1_D20_P2,S1_D20,2,13,3,99,RRYRGRYRYRRRR,RYGYRBRYRRRRR,0.6923076923076923
S1_D20_P2,S1_D20,2,13,4,100,RRRGBRRYGBYRR,GBRYRYRYBGBRY,0.3846153846153846
S1_D20_P2,S1_D20,2,13,5,101,RYGBYRGRRRRRR,GYBRBRBYRYRYR,0.3846153846153846
S1_D20_P2,S1_D20,2,13,6,102,GBRGRYBYRBGYR,GBRYBYBYBGRBR,0.6153846153846154
S1_D20_P2,S1_D20,2,13,7,103,GYRBRBRYRYRYR,GYRBRBRYRYRYR,1.0
S1_D20_P2,S1_D20,2,13,8,104,GYRBYBYGRBRBR,GYBRBBYBYBRBY,0.6153846153846154
S1_D20_P2,S1_D20,2,14,1,105,RYGBRGGYBYYYB,BYGYRGRGRYBYB,0.5384615384615384
S1_D20_P2,S1_D20,2,14,2,106,YYBRYYBBGGBGB,YYBYBYRBYBYRG,0.3846153846153846
S1_D20_P2,S1_D20,2,14,3,107,BGYBGYRGRGRYB,BGYBGYRGRGRBY,0.8461538461538461
S1_D20_P2,S1_D20,2,14,4,108,YBYBYRYBRYRGR,YBYRBYBYRGGRR,0.5384615384615384
S1_D20_P2,S1_D20,2,14,5,109,BGYBGYBGRBYBR,BGYBGYBGRBYBR,1.0
S1_D20_P2,S1_D20,2,14,6,110,YBYRBGRYRBGRB,YBYRGRRGRBRYR,0.5384615384615384
S1_D20_P2,S1_D20,2,14,7,111,BGYBGYGYRBRYB,BGYBGYRBYBRYB,0.7692307692307692
S1_D20_P2,S1_D20,2,14,8,112,YBRYRYBRYRYBR,YBRYRBYBYRBYB,0.6923076923076923
S1_D20_P2,S1_D20,2,15,1,113,YGBGYYRGGBGRR,YGBYGGYGGRGBG,0.5384615384615384
S1_D20_P2,S1_D20,2,15,2,114,GBGBGYRYRRRBY,GBGBYRYRYBYRB,0.6153846153846154
S1_D20_P2,S1_D20,2,15,3,115,YBGYBGYGGYGRR,YBGYBGGYGRRBR,0.6923076923076923
S1_D20_P2,S1_D20,2,15,4,116,GBGBGYRBGBRBR,GYGBYRBRRRYBR,0.6153846153846154
S1_D20_P2,S1_D20,2,15,5,117,GYBGYBRRBRBRB,YBGYBRBRBRBRB,0.8461538461538461
S1_D20_P2,S1_D20,2,15,6,118,GYBGYBRBRBRBR,GYBGYBRBRBRBR,1.0
S1_D20_P2,S1_D20,2,15,7,119,YBRYBRBRBRBRB,YBRYBRBRBRBRB,1.0
S1_D20_P2,S1_D20,2,15,8,120,GYBRYRBRBRBRR,GYBRYRBRBRBRB,0.9230769230769232
S1_D22_P1,S1_D22,1,1,1,1,GBGBBRGBBRYGR,GBGBBRGBRGYBB,0.6923076923076923
S1_D22_P1,S1_D22,1,1,2,2,BRBGBRBYGBRBB,BRBGBGBYYBRBG,0.7692307692307692
S1_D22_P1,S1_D22,1,1,3,3,GBGBBRGBRGYBB,GBGBBRGBRGYBB,1.0
S1_D22_P1,S1_D22,1,1,4,4,BRBRGYBBYBRGB,BRBRGYBYBBYBR,0.6923076923076923
S1_D22_P1,S1_D22,1,1,5,5,GBGBBRGBRGYBB,GBBBRGYBBBBRB,0.5384615384615384
S1_D22_P1,S1_D22,1,1,6,6,GBGBYYBYBBYBB,GBGBYYBYBBYYB,0.9230769230769232
S1_D22_P1,S1_D22,1,1,7,7,GBBBRGYBBBBRB,GBBBRGYBBBRBB,0.8461538461538461
S1_D22_P1,S1_D22,1,1,8,8,GBGBYYBYBBYYB,GBGBYYBYBBYYB,1.0
S1_D22_P1,S1_D22,1,2,1,9,YBRBRBBRBGRRY,YBRBBRBRRBGRB,0.6923076923076923
S1_D22_P1,S1_D22,1,2,2,10,GRGYGBYYGYRBB,GRGYGRGYYBGRB,0.6153846153846154
S1_D22_P1,S1_D22,1,2,3,11,YBRBBRBBRGBBB,YBRBBRBBRGBBB,1.0
S1_D22_P1,S1_D22,1,2,4,12,GYGRGYBGRYBBR,GYGGYBBRYBGBR,0.7692307692307692
S1_D22_P1,S1_D22,1,2,5,13,YBRBBRBBBGBBB,YBRBBBRBGBBBB,0.7692307692307692
S1_D22_P1,S1_D22,1,2,6,14,GYGGYBBRYGBRR,GYGGYBBRGYBRR,0.8461538461538461
S1_D22_P1,S1_D22,1,2,7,15,YRBBBBBRGBBBB,YRBBBBBRBGBBB,0.8461538461538461
S1_D22_P1,S1_D22,1,2,8,16,GYGGYBYBRBRGB,GYGGYBBYBRBRY,0.7692307692307692
S1_D22_P1,S1_D22,1,3,1,17,YRGGYRYRYRGRB,YRGGYRRYRYRBY,0.7692307692307692
S1_D22_P1,S1_D22,1,3,2,18,RGRGYGGYBGBBR,RGRGYGGBYBBGR,0.7692307692307692
S1_D22_P1,S1_D22,1,3,3,19,GYRRGYRYRRYBR,GYRRGYRGRRYRB,0.7692307692307692
S1_D22_P1,S1_D22,1,3,4,20,RGRGYGYRBRBBG,RGRGYGYRBRBBB,0.9230769230769232
S1_D22_P1,S1_D22,1,3,5,21,GYRRGYRGRRYBR,GYRRGYRGRRYBR,1.0
S1_D22_P1,S1_D22,1,3,6,22,RGRGYGYRBRBBB,RGRGYRBRBBBRB,0.6923076923076923
S1_D22_P1,S1_D22,1,3,7,23,GYRRGYRYRRYBR,GYRRGYRGRRYBR,0.9230769230769232
S1_D22_P1,S1_D22,1,3,8,24,RGRGYRRBRBRBB,GRGRGYRRBRRBR,0.7692307692307692
S1_D22_P1,S1_D22,1,4,1,25,BBBBGYBBGBRBR,BBBBGYBGBBRBB,0.7692307692307692
S1_D22_P1,S1_D22,1,4,2,26,GYYYRYGRYRYRB,GYYYRYGYYRBRB,0.8461538461538461
S1_D22_P1,S1_D22,1,4,3,27,BBBYBGBBRBBBB,GBBBYGBBRBRBB,0.7692307692307692
S1_D22_P1,S1_D22,1,4,4,28,GYYYRYYBRYRBR,GYYYRYYRBRBRB,0.7692307692307692
S1_D22_P1,S1_D22,1,4,5,29,GBBBYGBRBRRBB,GBBBGYRBRBBRR,0.6153846153846154
S1_D22_P1,S1_D22,1,4,6,30,GYYYRYYRBRBRB,GYYYRYYRBRBRB,1.0
S1_D22_P1,S1_D22,1,4,7,31,GBBBGYRBGYBRR,GBBBGYRBGYBRR,1.0
S1_D22_P1,S1_D22,1,4,8,32,GYYYRYYRBRBRB,GYYYRYYRBRBBR,0.8461538461538461
S1_D22_P1,S1_D22,1,5,1,33,GBYYBGGRYRRRR,GBYYGBYGBGRRR,0.6153846153846154
S1_D22_P1,S1_D22,1,5,2,34,GGGYRRBRBGGGR,GGGYRRBRRBGGG,0.8461538461538461
S1_D22_P1,S1_D22,1,5,3,35,GBYYGBYGBGRRR,GBYYGBYGBGRRR,1.0
S1_D22_P1,S1_D22,1,5,4,36,GGGYRRBRRBGGG,GGGYRRBRRBGGG,1.0
S1_D22_P1,S1_D22,1,5,5,37,GBYYGBYGBGRRR,GBYYGBYGBGBRR,0.9230769230769232
S1_D22_P1,S1_D22,1,5,6,38,GGGYRRBRRBGGG,GGGYRRBRRBGGG,1.0
S1_D22_P1,S1_D22,1,5,7,39,GBYYGBYGBYGRR,GBYYYGBYGBYRR,0.8461538461538461
S1_D22_P1,S1_D22,1,5,8,40,GGGYRRBRRBGGG,GGGYRRBRBGGGG,0.8461538461538461
S1_D22_P1,S1_D22,1,6,1,41,RBGYYYBGRGYBG,RBGYYYBGRGRBY,0.8461538461538461
S1_D22_P1,S1_D22,1,6,2,42,BYGBYRBYYBYYY,BYGBYYRBYRBYY,0.7692307692307692
S1_D22_P1,S1_D22,1,6,3,43,BGRYYYBGRGRBR,BGRYYBGRBRGBY,0.6923076923076923
S1_D22_P1,S1_D22,1,6,4,44,BYGBYRBYRBBYY,BYGBYRBRRBBRY,0.8461538461538461
S1_D22_P1,S1_D22,1,6,5,45,BYGYYBBGRGRBR,BGYBYYRGRGRBR,0.6923076923076923
S1_D22_P1,S1_D22,1,6,6,46,BYGBYRBRRBBRY,BGYBGYRRBRBBR,0.5384615384615384
S1_D22_P1,S1_D22,1,6,7,47,BGYBYYRGRBGRR,BGYYRGRGRRBRB,0.5384615384615384
S1_D22_P1,S1_D22,1,6,8,48,BYBGYRRBRBBRR,BGBYBGYRBRRBR,0.6153846153846154
S1_D22_P1,S1_D22,1,7,1,49,GBRGBYYGBBBRR,GBRYYGBBBRGBB,0.6153846153846154
S1_D22_P1,S1_D22,1,7,2,50,YRGRGBGBRRBRR,YRGRGBRBRRRGB,0.6923076923076923
S1_D22_P1,S1_D22,1,7,3,51,GYRGYYBBBRBBB,GYRGGYBBBRYBB,0.8461538461538461
S1_D22_P1,S1_D22,1,7,4,52,GYGRBRBRRBRRR,GYGRBRRBRBRRR,0.8461538461538461
S1_D22_P1,S1_D22,1,7,5,53,GYRGYGGBBBRBR,GYRGYGGRBRRBB,0.7692307692307692
S1_D22_P1,S1_D22,1,7,6,54,GYGRBRRBRBRRR,GYGRBRRBRBRRR,1.0
S1_D22_P1,S1_D22,1,7,7,55,GYRGYGGRBRRBB,GYRGYRGGRBBRR,0.6923076923076923
S1_D22_P1,S1_D22,1,7,8,56,GYGRBRRBRRRRR,GYGBRBRRRRRRR,0.8461538461538461
S1_D22_P1,S1_D22,1,8,1,57,RBBBGRYYGGRYG,RBBBYGRYGGRYG,0.8461538461538461
S1_D22_P1,S1_D22,1,8,2,58,YRBRGBRRRBGYB,YRBRBGRRRBRBR,0.6153846153846154
S1_D22_P1,S1_D22,1,8,3,59,YRBYGGYGRRYBB,YBYGGYGYRYRBY,0.6923076923076923
S1_D22_P1,S1_D22,1,8,4,60,YRBRBGRGRRBRR,YRBRBGRGGRBRR,0.9230769230769232
S1_D22_P1,S1_D22,1,8,5,61,YBYYGGYYRYBGR,YBYYGGYRBYGYB,0.6153846153846154
S1_D22_P1,S1_D22,1,8,6,62,YRBRRGRGGRRBR,YBRRBGRRGRRBR,0.7692307692307692
S1_D22_P1,S1_D22,1,8,7,63,YRBYGGYYRBYGY,YRBYGGYYRBYGY,1.0
S1_D22_P1,S1_D22,1,8,8,64,YRBRBGRBRBGRB,YRBRBGRBRGRBR,0.8461538461538461
S1_D22_P1,S1_D22,1,9,1,65,YBGRBYGGGBYRY,YBGRYBGGGBYRB,0.7692307692307692
S1_D22_P1,S1_D22,1,9,2,66,GGBYYYGBYBYBB,GBGGGBYYBYGBY,0.4615384615384615
S1_D22_P1,S1_D22,1,9,3,67,GBYRYBGYYBRYB,GBYRGYBYYGYRB,0.6153846153846154
S1_D22_P1,S1_D22,1,9,4,68,YBBYGBBYBBYYG,YBBYGGBBYBYBB,0.6923076923076923
S1_D22_P1,S1_D22,1,9,5,69,BYGYGRBYYGYRB,BYBYGRBRBYBGY,0.5384615384615384
S1_D22_P1,S1_D22,1,9,6,70,YBBYGBBBRBYRB,YBBYGBBBRYBYB,0.8461538461538461
S1_D22_P1,S1_D22,1,9,7,71,YBYYGRGRBBYGB,YBYYGRGRBYGYY,0.7692307692307692
S1_D22_P1,S1_D22,1,9,8,72,YBYBGBBRYBYBB,YBYBGBBRYBYBB,1.0
S1_D22_P1,S1_D22,1,10,1,73,YBYYGYRGYYRGG,YBYYGYRGGYYRG,0.8461538461538461
S1_D22_P1,S1_D22,1,10,2,74,GBGBBYGRYBGYB,GBGBYYGRBYGBR,0.6153846153846154
S1_D22_P1,S1_D22,1,10,3,75,GBYYGYRRGYGYR,GBYYGYRGYYBGY,0.6923076923076923
S1_D22_P1,S1_D22,1,10,4,76,GBYBYYYBBGBRR,GBYYBYYYGBRBY,0.6153846153846154
S1_D22_P1,S1_D22,1,10,5,77,YBRYRYBGYGBYY,YBRYBGYBRGYYB,0.5384615384615384
S1_D22_P1,S1_D22,1,10,6,78,YGBYBYYYGBYGR,YGBYGBYYBGRBY,0.6153846153846154
S1_D22_P1,S1_D22,1,10,7,79,YRBYGBYRBGYYB,YRBYRBGGYRBGY,0.6153846153846154
S1_D22_P1,S1_D22,1,10,8,80,YGBYBBYYBGRBY,YGBBGBYYRBYBY,0.6153846153846154
S1_D22_P1,S1_D22,1,11,1,81,BYRYRGBGYRBGB,BYRYRBGYBGYRB,0.6923076923076923
S1_D22_P1,S1_D22,1,11,2,82,BGBGBRYRGYRRR,BGBGBYRYRGBGY,0.6153846153846154
S1_D22_P1,S1_D22,1,11,3,83,BYRYRBYGBGGYB,BGRYRGYBGYBGG,0.5384615384615384
S1_D22_P1,S1_D22,1,11,4,84,BGBGBRYRYRGBG,BGBGBRYRYRGBG,1.0
S1_D22_P1,S1_D22,1,11,5,85,BGRRYGRYGGRRY,BGRYBGRYGGRRY,0.8461538461538461
S1_D22_P1,S1_D22,1,11,6,86,BGBGBRYRYRGBG,BGBGRYRYRGBGR,0.8461538461538461
S1_D22_P1,S1_D22,1,11,7,87,BBRYBGRYGGRRY,BBRYBGYGGRRYG,0.8461538461538461
S1_D22_P1,S1_D22,1,11,8,88,BGBGRYRYRBGRR,BGBGRYRYRBGBG,0.8461538461538461
S1_D22_P1,S1_D22,1,12,1,89,GBGGYGYYRBBRR,GBGYGYYRRBGGB,0.6153846153846154
S1_D22_P1,S1_D22,1,12,2,90,BBYBYGYRGYBYR,BBYBYBGGYRBYB,0.6153846153846154
S1_D22_P1,S1_D22,1,12,3,91,GBGYGYYGBBRRB,GBGYYBBGYGBRB,0.5384615384615384
S1_D22_P1,S1_D22,1,12,4,92,BBYBYBYGBYRBR,BBYBYBGYBYBRB,0.6923076923076923
S1_D22_P1,S1_D22,1,12,5,93,GYGBBYYGYGBRB,YBBYGRBGYBBGY,0.3846153846153846
S1_D22_P1,S1_D22,1,12,6,94,BBYBYBGYBYBRY,BYBYBGYBYBRYB,0.8461538461538461
S1_D22_P1,S1_D22,1,12,7,95,YBBYYRBYYGBYG,YBBYYRYYBGYYB,0.6923076923076923
S1_D22_P1,S1_D22,1,12,8,96,YBBYGYBYGBRYB,YBBYGYRBYBRYB,0.8461538461538461
S1_D22_P1,S1_D22,1,13,1,97,RGGYBBYYGGYBG,RGYBYYBRGYBGY,0.6153846153846154
S1_D22_P1,S1_D22,1,13,2,98,YYBRRBYGBYYYY,YYBRRBRGBYYYY,0.9230769230769232
S1_D22_P1,S1_D22,1,13,3,99,RGYBYYBGYRGYB,RGYBYYBGYRGYB,1.0
S1_D22_P1,S1_D22,1,13,4,100,YYBRRBRGBYYYY,YYBRRBRGBYYYY,1.0
S1_D22_P1,S1_D22,1,13,5,101,RGYBYBGRGYYGY,RGYBYBRGYGYYY,0.7692307692307692
S1_D22_P1,S1_D22,1,13,6,102,YYBRRBRGBYYYY,YYBRRBRRBGRYB,0.6923076923076923
S1_D22_P1,S1_D22,1,13,7,103,YBRGRGYBGYYYY,YBRGRGBYGYYYY,0.8461538461538461
S1_D22_P1,S1_D22,1,13,8,104,YBBRRBRRBGRYB,YBBRRBRBBGRBB,0.8461538461538461
S1_D22_P1,S1_D22,1,14,1,105,YRGRBGGBGRBYY,YRGRBGRBGRGRY,0.7692307692307692
S1_D22_P1,S1_D22,1,14,2,106,RYYYYYBRYBRGG,RYYYYYBRYBRYB,0.8461538461538461
S1_D22_P1,S1_D22,1,14,3,107,YRGRBBYGGRGYR,YRGGRGRBYGYRG,0.5384615384615384
S1_D22_P1,S1_D22,1,14,4,108,RYYYYYBRYBRYB,RYYYYYBRYBRYB,1.0
S1_D22_P1,S1_D22,1,14,5,109,GYRRGRGYRRGGR,GYRRGGYRRGYBR,0.7692307692307692
S1_D22_P1,S1_D22,1,14,6,110,RYYYYYBRYBRYB,RYYYYYBRYBRYB,1.0
S1_D22_P1,S1_D22,1,14,7,111,RYYYRGGYRGYBR,RYYYRGYRGBRGY,0.6923076923076923
S1_D22_P1,S1_D22,1,14,8,112,RYYYYYBRYBRYB,RYYYYYBRYBRYB,1.0
S1_D22_P1,S1_D22,1,15,1,113,RYBRRRYBRGGGR,RYBRYBRRYGGRB,0.6153846153846154
S1_D22_P1,S1_D22,1,15,2,114,YGYYRYRGYRBRB,YGYYRYRRGYRBR,0.8461538461538461
S1_D22_P1,S1_D22,1,15,3,115,RYGRYYBYGRYGR,RYGYYBYBRYGRY,0.7692307692307692
S1_D22_P1,S1_D22,1,15,4,116,YGYYYRRGYRBRR,YGYYYRGYBRBGY,0.6923076923076923
S1_D22_P1,S1_D22,1,15,5,117,RYGYYBYBRYGRB,RGYYYGYBRGYYB,0.5384615384615384
S1_D22_P1,S1_D22,1,15,6,118,YYYRYRYGYRGYR,YRYYYRYRYGGYR,0.6923076923076923
S1_D22_P1,S1_D22,1,15,7,119,RGYYYGBYGRYYB,RGYYYRGBGYYRY,0.6153846153846154
S1_D22_P1,S1_D22,1,15,8,120,YRYYYRYRYGGYR,YRYRYGGYGYRYR,0.5384615384615384
S1_D22_P2,S1_D22,2,1,1,1,BRBGRBRYGBRBB,BRBGBRBYGBRBB,0.8461538461538461
S1_D22_P2,S1_D22,2,1,2,2,GBGBBRGBRGYBB,GBGBBRGBRGYBB,1.0
S1_D22_P2,S1_D22,2,1,3,3,BRBGBGBYYBRBG,BRBRGYBBYBRGB,0.5384615384615384
S1_D22_P2,S1_D22,2,1,4,4,GBGBBRGBRGYBB,GBGBBRGBRGYBB,1.0
S1_D22_P2,S1_D22,2,1,5,5,BRBRGYBYBBYBR,GBGBYYBYBBYBB,0.6153846153846154
S1_D22_P2,S1_D22,2,1,6,6,GBBBRGYBBBBRB,GBBBRGYBBBBRB,1.0
S1_D22_P2,S1_D22,2,1,7,7,GBGBYYBYBBYYB,GBGBYYBYBBYYB,1.0
S1_D22_P2,S1_D22,2,1,8,8,GBBBRGYBBBRBB,GBBBRGYBBYBBB,0.8461538461538461
S1_D22_P2,S1_D22,2,2,1,9,GRGYGBYYGGRBB,GRGYGBYYGYRBB,0.9230769230769232
S1_D22_P2,S1_D22,2,2,2,10,YBRBBRBRRBGRB,YBRBBRBBRGBBB,0.6923076923076923
S1_D22_P2,S1_D22,2,2,3,11,GRGYGRGYYBGRB,GYGRGYBGRYBBR,0.5384615384615384
S1_D22_P2,S1_D22,2,2,4,12,YBRBBRBBRGBBB,YBRBBRBBBGBBB,0.9230769230769232
S1_D22_P2,S1_D22,2,2,5,13,GYGGYBBRYBGBR,GYGGYBBRYGBRR,0.8461538461538461
S1_D22_P2,S1_D22,2,2,6,14,YBRBBBRBGBBBB,YRBBBBBRGBBBB,0.7692307692307692
S1_D22_P2,S1_D22,2,2,7,15,GYGGYBBRGYBRR,GYGGYBYBRBRGB,0.6153846153846154
S1_D22_P2,S1_D22,2,2,8,16,YRBBBBBRBGBBB,YRBBRBBBBGBBB,0.8461538461538461
S1_D22_P2,S1_D22,2,3,1,17,RGRGYGRGYGBBR,RGRGYGGYBGBBR,0.8461538461538461
S1_D22_P2,S1_D22,2,3,2,18,YRGGYRRYRYRBY,GYRRGYRYRRYBR,0.5384615384615384
S1_D22_P2,S1_D22,2,3,3,19,RGRGYGGBYBBGR,RGRGYGYRBRBBG,0.6923076923076923
S1_D22_P2,S1_D22,2,3,4,20,GYRRGYRGRRYRB,GYRRGYRGRRYBR,0.8461538461538461
S1_D22_P2,S1_D22,2,3,5,21,RGRGYGYRBRBBB,RGRGYGYRBRBBB,1.0
S1_D22_P2,S1_D22,2,3,6,22,GYRRGYRGRRYBR,GYRRGYRYRRYBR,0.9230769230769232
S1_D22_P2,S1_D22,2,3,7,23,RGRGYRBRBBBRB,RGRGYRRBRBRBB,0.7692307692307692
S1_D22_P2,S1_D22,2,3,8,24,GYRRGYRGRRYBR,GYRRGYRYRRYBR,0.9230769230769232
S1_D22_P2,S1_D22,2,4,1,25,YGGGRYGYGYBGR,GYYYRYGRYRYRB,0.3076923076923077
S1_D22_P2,S1_D22,2,4,2,26,BBBBGYBGBBRBB,BBBYBGBBRBBBB,0.6923076923076923
S1_D22_P2,S1_D22,2,4,3,27,GYYYRYGYYRBRB,GYYYRYYBRYRBR,0.6923076923076923
S1_D22_P2,S1_D22,2,4,4,28,GBBBYGBBRBRBB,GBBBYGBRBRRBB,0.8461538461538461
S1_D22_P2,S1_D22,2,4,5,29,GYYYRYYRBRBRB,GYYYRYYRBRBRB,1.0
S1_D22_P2,S1_D22,2,4,6,30,GBBBGYRBRBBRR,GBBBGYRBGYBRR,0.8461538461538461
S1_D22_P2,S1_D22,2,4,7,31,GYYYRYYRBRBRB,GYYYRYYRBRBRB,1.0
S1_D22_P2,S1_D22,2,4,8,32,GBBBGYRBGYBRR,GBBGYRBRYBRRR,0.7692307692307692
S1_D22_P2,S1_D22,2,5,1,33,GGGYRRBRBGGGR,GGGYRRBRBGGGR,1.0
S1_D22_P2,S1_D22,2,5,2,34,GBYYGBYGBGRRR,GBYYGBYGBGRRR,1.0
S1_D22_P2,S1_D22,2,5,3,35,GGGYRRBRRBGGG,GGGYRRBRRBGGG,1.0
S1_D22_P2,S1_D22,2,5,4,36,GBYYGBYGBGRRR,GBYYGBYGBGRRR,1.0
S1_D22_P2,S1_D22,2,5,5,37,GGGYRRBRRBGGG,GGGYRRBRRBGGG,1.0
S1_D22_P2,S1_D22,2,5,6,38,GBYYGBYGBGBRR,GBYYGBYGBYGRR,0.8461538461538461
S1_D22_P2,S1_D22,2,5,7,39,GGGYRRBRRBGGG,GGGYRRBRRBGGG,1.0
S1_D22_P2,S1_D22,2,5,8,40,GBYYYGBYGBYRR,GBYYYGBYGBYRR,1.0
S1_D22_P2,S1_D22,2,6,1,41,GGYYBRBYYGBYY,BYGBYRBYYBYYY,0.5384615384615384
S1_D22_P2,S1_D22,2,6,2,42,RBGYYYBGRGRBY,BGRYYYBGRGRBR,0.7692307692307692
S1_D22_P2,S1_D22,2,6,3,43,BYGBYYRBYRBYY,BYGBYRBYRBBYY,0.8461538461538461
S1_D22_P2,S1_D22,2,6,4,44,BGRYYBGRBRGBY,BYGYYBBGRGRBR,0.5384615384615384
S1_D22_P2,S1_D22,2,6,5,45,BYGBYRBRRBBRY,BYGBYRBRRBBRY,1.0
S1_D22_P2,S1_D22,2,6,6,46,BGYBYYRGRGRBR,BGYBYYRGRBGRR,0.8461538461538461
S1_D22_P2,S1_D22,2,6,7,47,BGYBGYRRBRBBR,BYBGYRRBRBBRR,0.8461538461538461
S1_D22_P2,S1_D22,2,6,8,48,BGYYRGRGRRBRB,BGYGYRRRBRBRB,0.6923076923076923
S1_D22_P2,S1_D22,2,7,1,49,YRGBRGBGRBBRR,YRGRGBGBRRBRR,0.7692307692307692
S1_D22_P2,S1_D22,2,7,2,50,GBRYYGBBBRGBB,GYRGYYBBBRBBB,0.6923076923076923
S1_D22_P2,S1_D22,2,7,3,51,YRGRGBRBRRRGB,GYGRBRBRRBRRR,0.5384615384615384
S1_D22_P2,S1_D22,2,7,4,52,GYRGGYBBBRYBB,GYRGYGGBBBRBR,0.6923076923076923
S1_D22_P2,S1_D22,2,7,5,53,GYGRBRRBRBRRR,GYGRBRRBRBRRR,1.0
S1_D22_P2,S1_D22,2,7,6,54,GYRGYGGRBRRBB,GYRGYGGRBRRBB,1.0
S1_D22_P2,S1_D22,2,7,7,55,GYGRBRRBRBRRR,GYGRBRRBRRRRR,0.9230769230769232
S1_D22_P2,S1_D22,2,7,8,56,GYRGYRGGRBBRR,GYRGYRGGRRBBR,0.8461538461538461
S1_D22_P2,S1_D22,2,8,1,57,BBYRRGBRRRYGB,YRBRGBRRRBGYB,0.6153846153846154
S1_D22_P2,S1_D22,2,8,2,58,RBBBYGRYGGRYG,YRBYGGYGRRYBB,0.4615384615384615
S1_D22_P2,S1_D22,2,8,3,59,YRBRBGRRRBRBR,YRBRBGRGRRBRR,0.8461538461538461
S1_D22_P2,S1_D22,2,8,4,60,YBYGGYGYRYRBY,YBYYGGYYRYBGR,0.6153846153846154
S1_D22_P2,S1_D22,2,8,5,61,YRBRBGRGGRBRR,YRBRRGRGGRRBR,0.7692307692307692
S1_D22_P2,S1_D22,2,8,6,62,YBYYGGYRBYGYB,YRBYGGYYRBYGY,0.6923076923076923
S1_D22_P2,S1_D22,2,8,7,63,YBRRBGRRGRRBR,YRBRBGRBRBGRB,0.5384615384615384
S1_D22_P2,S1_D22,2,8,8,64,YRBYGGYYRBYGY,YRBBGRYGRBYGY,0.7692307692307692
S1_D22_P2,S1_D22,2,9,1,65,GGBYYYGGBYBYB,GGBYYYGBYBYBB,0.8461538461538461
S1_D22_P2,S1_D22,2,9,2,66,YBGRYBGGGBYRB,GBYRYBGYYBRYB,0.5384615384615384
S1_D22_P2,S1_D22,2,9,3,67,GBGGGBYYBYGBY,YBBYGBBYBBYYG,0.3846153846153846
S1_D22_P2,S1_D22,2,9,4,68,GBYRGYBYYGYRB,BYGYGRBYYGYRB,0.6923076923076923
S1_D22_P2,S1_D22,2,9,5,69,YBBYGGBBYBYBB,YBBYGBBBRBYRB,0.7692307692307692
S1_D22_P2,S1_D22,2,9,6,70,BYBYGRBRBYBGY,YBYYGRGRBBYGB,0.5384615384615384
S1_D22_P2,S1_D22,2,9,7,71,YBBYGBBBRYBYB,YBYBGBBRYBYBB,0.6923076923076923
S1_D22_P2,S1_D22,2,9,8,72,YBYYGRGRBYGYY,GYBGRYBYGYBYG,0.4615384615384615
S1_D22_P2,S1_D22,2,10,1,73,YBGBBYGGRYRBB,GBGBBYGRYBGYB,0.6153846153846154
S1_D22_P2,S1_D22,2,10,2,74,YBYYGYRGGYYRG,GBYYGYRRGYGYR,0.6923076923076923
S1_D22_P2,S1_D22,2,10,3,75,GBGBYYGRBYGBR,GBYBYYYBBGBRR,0.6153846153846154
S1_D22_P2,S1_D22,2,10,4,76,GBYYGYRGYYBGY,YBRYRYBGYGBYY,0.5384615384615384
S1_D22_P2,S1_D22,2,10,5,77,GBYYBYYYGBRBY,YGBYBYYYGBYGR,0.6153846153846154
S1_D22_P2,S1_D22,2,10,6,78,YBRYBGYBRGYYB,YRBYGBYRBGYYB,0.5384615384615384
S1_D22_P2,S1_D22,2,10,7,79,YGBYGBYYBGRBY,YGBYBBYYBGRBY,0.9230769230769232
S1_D22_P2,S1_D22,2,10,8,80,YRBYRBGGYRBGY,YRBYRBGGYRBGY,1.0
S1_D22_P2,S1_D22,2,11,1,81,BGBGBRRYRGYRR,BGBGBRYRGYRRR,0.8461538461538461
S1_D22_P2,S1_D22,2,11,2,82,BYRYRBGYBGYRB,BYRYRBYGBGGYB,0.6923076923076923
S1_D22_P2,S1_D22,2,11,3,83,BGBGBYRYRGBGY,BGBGBRYRYRGBG,0.8461538461538461
S1_D22_P2,S1_D22,2,11,4,84,BGRYRGYBGYBGG,BGRRYGRYGGRRY,0.3846153846153846
S1_D22_P2,S1_D22,2,11,5,85,BGBGBRYRYRGBG,BGBGBRYRYRGBG,1.0
S1_D22_P2,S1_D22,2,11,6,86,BGRYBGRYGGRRY,BBRYBGRYGGRRY,0.9230769230769232
S1_D22_P2,S1_D22,2,11,7,87,BGBGRYRYRGBGR,BGBGRYRYRBGRR,0.8461538461538461
S1_D22_P2,S1_D22,2,11,8,88,BBRYBGYGGRRYG,BYRBYYYGRGYBY,0.4615384615384615
S1_D22_P2,S1_D22,2,12,1,89,BBGBYRYBBRRBR,BBYBYGYRGYBYR,0.4615384615384615
S1_D22_P2,S1_D22,2,12,2,90,GBGYGYYRRBGGB,GBGYGYYGBBRRB,0.6923076923076923
S1_D22_P2,S1_D22,2,12,3,91,BBYBYBGGYRBYB,BBYBYBYGBYRBR,0.6923076923076923
S1_D22_P2,S1_D22,2,12,4,92,GBGYYBBGYGBRB,GYGBBYYGYGBRB,0.6153846153846154
S1_D22_P2,S1_D22,2,12,5,93,BBYBYBGYBYBRB,BBYBYBGYBYBRY,0.9230769230769232
S1_D22_P2,S1_D22,2,12,6,94,YBBYGRBGYBBGY,YBBYYRBYYGBYG,0.6153846153846154
S1_D22_P2,S1_D22,2,12,7,95,BYBYBGYBYBRYB,YBBYGYBYGBRYB,0.6923076923076923
S1_D22_P2,S1_D22,2,12,8,96,YBBYYRYYBGYYB,YYBYYRYYBGYYB,0.9230769230769232
S1_D22_P2,S1_D22,2,13,1,97,YYBBYRBYYRGBG,YYBRRBYGBYYYY,0.4615384615384615
S1_D22_P2,S1_D22,2,13,2,98,RGYBYYBRGYBGY,RGYBYYBGYRGYB,0.7692307692307692
S1_D22_P2,S1_D22,2,13,3,99,YYBRRBRGBYYYY,YYBRRBRGBYYYY,1.0
S1_D22_P2,S1_D22,2,13,4,100,RGYBYYBGYRGYB,RGYBYBGRGYYGY,0.6153846153846154
S1_D22_P2,S1_D22,2,13,5,101,YYBRRBRGBYYYY,YYBRRBRGBYYYY,1.0
S1_D22_P2,S1_D22,2,13,6,102,RGYBYBRGYGYYY,YBRGRGYBGYYYY,0.5384615384615384
S1_D22_P2,S1_D22,2,13,7,103,YYBRRBRRBGRYB,YBBRRBRRBGRYB,0.9230769230769232
S1_D22_P2,S1_D22,2,13,8,104,YBRGRGBYGYYYY,YBRGRGBYGYYYY,1.0
S1_D22_P2,S1_D22,2,14,1,105,RYYYYYBRYRRBG,RYYYYYBRYBRGG,0.8461538461538461
S1_D22_P2,S1_D22,2,14,2,106,YRGRBGRBGRGRY,YRGRBBYGGRGYR,0.6153846153846154
S1_D22_P2,S1_D22,2,14,3,107,RYYYYYBRYBRYB,RYYYYYBRYBRYB,1.0
S1_D22_P2,S1_D22,2,14,4,108,YRGGRGRBYGYRG,GYRRGRGYRRGGR,0.4615384615384615
S1_D22_P2,S1_D22,2,14,5,109,RYYYYYBRYBRYB,RYYYYYBRYBRYB,1.0
S1_D22_P2,S1_D22,2,14,6,110,GYRRGGYRRGYBR,RYYYRGGYRGYBR,0.6923076923076923
S1_D22_P2,S1_D22,2,14,7,111,RYYYYYBRYBRYB,RYYYYYBRYBRYB,1.0
S1_D22_P2,S1_D22,2,14,8,112,RYYYRGYRGBRGY,RYYRGYRGBYRGB,0.7692307692307692
S1_D22_P2,S1_D22,2,15,1,113,YRYGYRGYYRRBR,YGYYRYRGYRBRB,0.5384615384615384
S1_D22_P2,S1_D22,2,15,2,114,RYBRYBRRYGGRB,RYGRYYBYGRYGR,0.5384615384615384
S1_D22_P2,S1_D22,2,15,3,115,YGYYRYRRGYRBR,YGYYYRRGYRBRR,0.8461538461538461
S1_D22_P2,S1_D22,2,15,4,116,RYGYYBYBRYGRY,RYGYYBYBRYGRB,0.9230769230769232
S1_D22_P2,S1_D22,2,15,5,117,YGYYYRGYBRBGY,YYYRYRYGYRGYR,0.5384615384615384
S1_D22_P2,S1_D22,2,15,6,118,RGYYYGYBRGYYB,RGYYYGBYGRYYB,0.7692307692307692
S1_D22_P2,S1_D22,2,15,7,119,YRYYYRYRYGGYR,YRYYYRYRYGGYR,1.0
S1_D22_P2,S1_D22,2,15,8,120,RGYYYRGBGYYRY,RGYYYGRGYBGBR,0.6153846153846154
S1_D23_P1,S1_D23,1,1,1,1,GRGYRYGGGYBRY,GRGYRYGGGYRBR,0.8461538461538461
S1_D23_P1,S1_D23,1,1,2,2,GRYRGRYRGGYYR,GRYRGYRGGYRGY,0.6923076923076923
S1_D23_P1,S1_D23,1,1,3,3,GGYGGRYYYBGRG,GGYGGYRYYYBBG,0.7692307692307692
S1_D23_P1,S1_D23,1,1,4,4,GYGRRGGRGRYGG,GYGGRGRGGYRGG,0.6923076923076923
S1_D23_P1,S1_D23,1,1,5,5,RYYYGYBGRRRRG,RYYYGYBGRRRRG,1.0
S1_D23_P1,S1_D23,1,1,6,6,GGYGGGYYYYYYG,GGYGGGYYYYYYG,1.0
S1_D23_P1,S1_D23,1,1,7,7,GYYRGGYRRRRBB,GGYRGYRRRRGGB,0.6923076923076923
S1_D23_P1,S1_D23,1,1,8,8,GGGYGGGYYGYGY,GGGYGGGYYGYGY,1.0
S1_D23_P1,S1_D23,1,2,1,9,RRGYBYBRYRBRB,RRGYBYBYRBYRB,0.8461538461538461
S1_D23_P1,S1_D23,1,2,2,10,GGRGBBBBBBBYB,GGRGBBBBBBBYB,1.0
S1_D23_P1,S1_D23,1,2,3,11,GRYRRYGYYBRYR,GRYRYGYBRYRYR,0.6923076923076923
S1_D23_P1,S1_D23,1,2,4,12,GRGRGRBBBBBBB,GRGRGBBBBBBBB,0.9230769230769232
S1_D23_P1,S1_D23,1,2,5,13,GYBGGYRYRYRYR,GYBGGYRRYRYRY,0.8461538461538461
S1_D23_P1,S1_D23,1,2,6,14,GRGRBBBBBBBBB,GRGRGBBBBBBBB,0.9230769230769232
S1_D23_P1,S1_D23,1,2,7,15,GYGYBRYRYRYRY,GYGYBRYRYRYRY,1.0
S1_D23_P1,S1_D23,1,2,8,16,RGRGBBBBBBBBB,RGRGBBBBBBBBB,1.0
S1_D23_P1,S1_D23,1,3,1,17,GYRRRGRRGBYYG,GYRRRGRRBYGYY,0.7692307692307692
S1_D23_P1,S1_D23,1,3,2,18,GGBGBRYRYRYRY,GGBGBRYRYRYYR,0.8461538461538461
S1_D23_P1,S1_D23,1,3,3,19,GRYGGRRRYYGYY,GRYGRRRYGYYYG,0.6923076923076923
S1_D23_P1,S1_D23,1,3,4,20,GGBGBGRYYRYRY,GBGGBGRYRYYRY,0.6923076923076923
S1_D23_P1,S1_D23,1,3,5,21,GRYRGRYYRGYYR,GRYRGYGRGYGYR,0.7692307692307692
S1_D23_P1,S1_D23,1,3,6,22,GBGYRYRRRYRYY,GBGYRRRRRYYRY,0.7692307692307692
S1_D23_P1,S1_D23,1,3,7,23,GRYGRRRYGRYGY,GRYGRRRYRGYGY,0.8461538461538461
S1_D23_P1,S1_D23,1,3,8,24,GBGBRYRRRYRYR,GBGBRYRRYRYRY,0.8461538461538461
S1_D23_P1,S1_D23,1,4,1,25,BGBGYGYRGRGRB,BGBGYGYGRGBGY,0.6923076923076923
S1_D23_P1,S1_D23,1,4,2,26,GRYBBGBRYYRYB,YRGBGBYRBRYBY,0.4615384615384615
S1_D23_P1,S1_D23,1,4,3,27,GBGBGYRYRRBBY,GBGBGYRRYRBYG,0.6923076923076923
S1_D23_P1,S1_D23,1,4,4,28,GRRYRYBGYBYBY,GRRYRYGYBGYBY,0.8461538461538461
S1_D23_P1,S1_D23,1,4,5,29,GBGBGYRYRGBRG,GBGBGYRYRGBRG,1.0
S1_D23_P1,S1_D23,1,4,6,30,GRGRYBBBYBYYB,GRGRYBYBBBYBY,0.6923076923076923
S1_D23_P1,S1_D23,1,4,7,31,RYRYRGYBGYBBG,RYRYRRGYBGYBB,0.8461538461538461
S1_D23_P1,S1_D23,1,4,8,32,GRGRGRGYBYBYB,GRGRGRGYBYBYB,1.0
S1_D23_P1,S1_D23,1,5,1,33,GBBBYGGGGGRYY,GBBBYGGGGGRYG,0.9230769230769232
S1_D23_P1,S1_D23,1,5,2,34,GRYYBRGBBBBBB,GRYYBRGRBBBBB,0.9230769230769232
S1_D23_P1,S1_D23,1,5,3,35,GBGYGGGGYBGYR,GBGYGGGGYBYRB,0.8461538461538461
S1_D23_P1,S1_D23,1,5,4,36,RGRYRBBBBBBBB,RGRYRGRBBBBBB,0.8461538461538461
S1_D23_P1,S1_D23,1,5,5,37,GBGBGYGGGYRBG,GBGBGYGGGRBGY,0.8461538461538461
S1_D23_P1,S1_D23,1,5,6,38,GRGYRGBBBBBBB,RGYRGBBBBBBBB,0.8461538461538461
S1_D23_P1,S1_D23,1,5,7,39,GBGBGYGGGRYBG,GBGBGYGGGYGRY,0.6923076923076923
S1_D23_P1,S1_D23,1,5,8,40,GRGRBBBBBBBBB,GRGBBBBBBBBBB,0.9230769230769232
S1_D23_P1,S1_D23,1,6,1,41,GGYYBBBGYGYYB,GGYYBBBGYYGGY,0.7692307692307692
S1_D23_P1,S1_D23,1,6,2,42,RRYYRBBRYBYBB,RRYYRYBBRRYYB,0.6923076923076923
S1_D23_P1,S1_D23,1,6,3,43,GGYYBBBBGYGGY,GGYYBBBBGGYGY,0.8461538461538461
S1_D23_P1,S1_D23,1,6,4,44,BRYBBRYRYYBYY,BRYYBBRYYBBRY,0.6923076923076923
S1_D23_P1,S1_D23,1,6,5,45,GGYYBBBGGGGGG,GGYYBBBBGGGGG,0.9230769230769232
S1_D23_P1,S1_D23,1,6,6,46,RYBRBRYRBRYRY,RYBRYRBBRYYRY,0.6923076923076923
S1_D23_P1,S1_D23,1,6,7,47,GGYYBBBGGGGGG,GGYYBBBGGGGGG,1.0
S1_D23_P1,S1_D23,1,6,8,48,RYBRYRRYRYYYY,RYBRYBRYRRYYY,0.8461538461538461
S1_D23_P1,S1_D23,1,7,1,49,RGYRYGYBRYRRR,RGYGYBYBRYRRR,0.8461538461538461
S1_D23_P1,S1_D23,1,7,2,50,GRYRBBRBRBGGG,GRYRBRRBBBRGR,0.6923076923076923
S1_D23_P1,S1_D23,1,7,3,51,GRYBYYBYYRRRR,GRYBYYBYBYRRR,0.8461538461538461
S1_D23_P1,S1_D23,1,7,4,52,GRYRRYRYBRRRB,GRYRRYRRYBRYR,0.7692307692307692
S1_D23_P1,S1_D23,1,7,5,53,GRYBYBYYBYRRR,GRYBYBYYBYRRR,1.0
S1_D23_P1,S1_D23,1,7,6,54,GRYRYRRYYRBYR,GRYRRYRRYYYBR,0.7692307692307692
S1_D23_P1,S1_D23,1,7,7,55,GRYBYBYYBRRRR,GRYBYBYYBYRRR,0.9230769230769232
S1_D23_P1,S1_D23,1,7,8,56,GRYRRYRYRYYBB,GRYRRYRYYRYBR,0.7692307692307692
S1_D23_P1,S1_D23,1,8,1,57,YYGRBBGGBGYRR,YYGRBGBBGGYGR,0.6923076923076923
S1_D23_P1,S1_D23,1,8,2,58,GYBGBYYBGRBRR,GYBGGYBRYRBRG,0.6153846153846154
S1_D23_P1,S1_D23,1,8,3,59,GYBGBGGYRYRRY,GYBGGYBGYRRYR,0.6153846153846154
S1_D23_P1,S1_D23,1,8,4,60,GYRYRYGGRYRBG,GYRYGYRBGYRYR,0.5384615384615384
S1_D23_P1,S1_D23,1,8,5,61,GYBGGBGYYRBRR,GYBGGBGYRBRRR,0.8461538461538461
S1_D23_P1,S1_D23,1,8,6,62,GRYBBGYBGBRYR,GRYBGYBGYRBYR,0.7692307692307692
S1_D23_P1,S1_D23,1,8,7,63,GYBGYGYBRRRRR,GBGYBGYGYRRRR,0.6923076923076923
S1_D23_P1,S1_D23,1,8,8,64,GRYBGYGYBRYRR,GRBGGYBRYRBRY,0.6923076923076923
S1_D23_P1,S1_D23,1,9,1,65,YYYRBYGYRGGYR,YYYGBRRGRBYYR,0.5384615384615384
S1_D23_P1,S1_D23,1,9,2,66,GRYBBBGYBYGRR,RYBBBGYRYBRBY,0.6153846153846154
S1_D23_P1,S1_D23,1,9,3,67,GYYYYBGYBYRRR,GYYYYBGYBYRRR,1.0
S1_D23_P1,S1_D23,1,9,4,68,RYBBGGBRYRRYR,RYBBGGYRBRRYY,0.7692307692307692
S1_D23_P1,S1_D23,1,9,5,69,GYBGYYRRRRRRR,GYBGBYRRRRRRR,0.9230769230769232
S1_D23_P1,S1_D23,1,9,6,70,RBBBRGYBBRYRR,RBBBRGYBBRRBB,0.7692307692307692
S1_D23_P1,S1_D23,1,9,7,71,GYBGYBYRRRRRR,GYBGYBYRRRRRR,1.0
S1_D23_P1,S1_D23,1,9,8,72,RYBBBGYRBBYBB,RYBBBGYRGYBRB,0.7692307692307692
S1_D23_P1,S1_D23,1,10,1,73,BRBYGYRBRYYBG,BRBYGYRBYRBGY,0.7692307692307692
S1_D23_P1,S1_D23,1,10,2,74,RYRYRGGGYGRRR,RYYRGGYGRRRRR,0.6923076923076923
S1_D23_P1,S1_D23,1,10,3,75,GRGRRYBBRRBRR,GRGRRBRYBRRBR,0.6923076923076923
S1_D23_P1,S1_D23,1,10,4,76,GRYRBYGRRRRRR,GRYRBYRGBRRRR,0.7692307692307692
S1_D23_P1,S1_D23,1,10,5,77,GRYRYRGYRGGRB,GYRGYRRYGGYRB,0.6153846153846154
S1_D23_P1,S1_D23,1,10,6,78,GRYBRRGRYBRRR,GRYBRRGGRYBRR,0.8461538461538461
S1_D23_P1,S1_D23,1,10,7,79,GYRGRYYGYGBRY,GRYGRGYGGRRRY,0.5384615384615384
S1_D23_P1,S1_D23,1,10,8,80,GRYBGRYGRYYRY,GRYBRYYRBRYBR,0.5384615384615384
S1_D23_P1,S1_D23,1,11,1,81,YYYBBRRYGYYGB,YYYBBRRYGYBRY,0.7692307692307692
S1_D23_P1,S1_D23,1,11,2,82,GRYBGRRGRGYRR,GRYBGRRGRGRGB,0.7692307692307692
S1_D23_P1,S1_D23,1,11,3,83,GBYBYYBBYBYRR,GBYBYYBYBBYRR,0.8461538461538461
S1_D23_P1,S1_D23,1,11,4,84,GRYRGGRYGGBYR,GRYGRGYGYRGYR,0.6153846153846154
S1_D23_P1,S1_D23,1,11,5,85,GGBYBBYBYBBYR,GGBYBBYBYBBYB,0.9230769230769232
S1_D23_P1,S1_D23,1,11,6,86,GYRGYRRRGYRRG,GYRGYRRRGYRRG,1.0
S1_D23_P1,S1_D23,1,11,7,87,BGYBYBYBBYBYB,BGYBGYBBYBBBY,0.6923076923076923
S1_D23_P1,S1_D23,1,11,8,88,GYRGYRRGGYYRG,GYRGRRGGYYRGY,0.8461538461538461
S1_D23_P1,S1_D23,1,12,1,89,GGYYRYGRYRYRY,GGYYRGYRYRYRR,0.7692307692307692
S1_D23_P1,S1_D23,1,12,2,90,GRYYGGYRYBBGG,GRYYGGRBBBRGY,0.6923076923076923
S1_D23_P1,S1_D23,1,12,3,91,GYRGYGYGYRRRR,GYRGYGYGGYRRR,0.8461538461538461
S1_D23_P1,S1_D23,1,12,4,92,GRYRRRBBGYYBY,GRRRRBBGYBRRY,0.6923076923076923
S1_D23_P1,S1_D23,1,12,5,93,GYRGYGYGRRRRR,GYRYYYRGRRRRR,0.7692307692307692
S1_D23_P1,S1_D23,1,12,6,94,BBRYRRBBBRBBB,BBRYBRRBBBRRB,0.7692307692307692
S1_D23_P1,S1_D23,1,12,7,95,GRYRRYRYRRRGR,GRYRRGRYRRGYR,0.7692307692307692
S1_D23_P1,S1_D23,1,12,8,96,RYYRRYBYRRYBR,RYYRRYBRYYBRR,0.7692307692307692
S1_D23_P1,S1_D23,1,13,1,97,BRGBYYBGBGGYG,BRBRYYBRGBGBG,0.6153846153846154
S1_D23_P1,S1_D23,1,13,2,98,GYBYRYBRRBGBG,GYBYBYRYRBGYG,0.6923076923076923
S1_D23_P1,S1_D23,1,13,3,99,GYRYBYRBYRRBY,GYRBGYRRYRBGY,0.6153846153846154
S1_D23_P1,S1_D23,1,13,4,100,GRYRYBYBYRGYG,GRYRYBRYBRGYR,0.7692307692307692
S1_D23_P1,S1_D23,1,13,5,101,GRYRYRYGGGGGR,GRYRYRYRGGGRR,0.8461538461538461
S1_D23_P1,S1_D23,1,13,6,102,GRRBYRYRRGRGG,GRRBYRRBYGGRR,0.5384615384615384
S1_D23_P1,S1_D23,1,13,7,103,GYRYRYRRGGGGG,GYRYRRYRGGGGG,0.8461538461538461
S1_D23_P1,S1_D23,1,13,8,104,GYBBGRYBBGGGY,GYBBGRYBRGGYG,0.7692307692307692
S1_D23_P1,S1_D23,1,14,1,105,BYBGGYYYBYYGG,BYBGGYYBYYYBG,0.7692307692307692
S1_D23_P1,S1_D23,1,14,2,106,GRYRGRGRYBRGG,GRYRGRGRYBGYG,0.8461538461538461
S1_D23_P1,S1_D23,1,14,3,107,GRYBYBYBBGYBR,GRYBYBYBBGYBR,1.0
S1_D23_P1,S1_D23,1,14,4,108,GRYRRGRYBYGYG,GRYRRRYBGYRRB,0.6153846153846154
S1_D23_P1,S1_D23,1,14,5,109,GRBRYBYBYBYGB,GRBRBYBBYBGRB,0.6923076923076923
S1_D23_P1,S1_D23,1,14,6,110,GRYBRYRYBGGYG,GRBGRBYGBGBYB,0.4615384615384615
S1_D23_P1,S1_D23,1,14,7,111,GRYBYYBYYGRBB,GYBYYBYYGRBBY,0.8461538461538461
S1_D23_P1,S1_D23,1,14,8,112,GRBGRBYRBGYBY,GRBGRBYGRYBYG,0.6923076923076923
S1_D23_P1,S1_D23,1,15,1,113,BRBYBGRYGYYGB,BRBYBYGRGYYYG,0.6923076923076923
S1_D23_P1,S1_D23,1,15,2,114,GRYBGGGYYYYYY,GRYBGGGYYYYYY,1.0
S1_D23_P1,S1_D23,1,15,3,115,GRYBBYRYBBYBY,GRYBBYRYBBBYR,0.8461538461538461
S1_D23_P1,S1_D23,1,15,4,116,GRYBGGBGGYBYY,GRYBGGBGGYBYY,1.0
S1_D23_P1,S1_D23,1,15,5,117,GRYBGBGBYYRYR,GRYBGBGBYRYRR,0.8461538461538461
S1_D23_P1,S1_D23,1,15,6,118,GRYBGGBGYBYBY,GRYBGGBYBYBYB,0.8461538461538461
S1_D23_P1,S1_D23,1,15,7,119,GRYBBGBRYBYRR,GRYBGBGBRYBRB,0.7692307692307692
S1_D23_P1,S1_D23,1,15,8,120,GRYBGGGBYBYBY,GRYBGGGGBYBYB,0.8461538461538461
S1_D23_P2,S1_D23,2,1,1,1,GRYRYRGRRGRRY,GRYRGRYRGGYYR,0.5384615384615384
S1_D23_P2,S1_D23,2,1,2,2,GRGYRYGGGYRBR,GGYGGRYYYBGRG,0.3846153846153846
S1_D23_P2,S1_D23,2,1,3,3,GRYRGYRGGYRGY,GYGRRGGRGRYGG,0.4615384615384615
S1_D23_P2,S1_D23,2,1,4,4,GGYGGYRYYYBBG,RYYYGYBGRRRRG,0.3076923076923077
S1_D23_P2,S1_D23,2,1,5,5,GYGGRGRGGYRGG,GGYGGGYYYYYYG,0.4615384615384615
S1_D23_P2,S1_D23,2,1,6,6,RYYYGYBGRRRRG,GYYRGGYRRRRBB,0.4615384615384615
S1_D23_P2,S1_D23,2,1,7,7,GGYGGGYYYYYYG,GGGYGGGYYGYGY,0.6923076923076923
S1_D23_P2,S1_D23,2,1,8,8,GGYRGYRRRRGGB,GGGYYRGGGBYBG,0.3846153846153846
S1_D23_P2,S1_D23,2,2,1,9,GRRGGYBYYGGBB,GGRGBBBBBBBYB,0.3846153846153846
S1_D23_P2,S1_D23,2,2,2,10,RRGYBYBYRBYRB,GRYRRYGYYBRYR,0.3846153846153846
S1_D23_P2,S1_D23,2,2,3,11,GGRGBBBBBBBYB,GRGRGRBBBBBBB,0.7692307692307692
S1_D23_P2,S1_D23,2,2,4,12,GRYRYGYBRYRYR,GYBGGYRYRYRYR,0.6153846153846154
S1_D23_P2,S1_D23,2,2,5,13,GRGRGBBBBBBBB,GRGRBBBBBBBBB,0.9230769230769232
S1_D23_P2,S1_D23,2,2,6,14,GYBGGYRRYRYRY,GYGYBRYRYRYRY,0.6923076923076923
S1_D23_P2,S1_D23,2,2,7,15,GRGRGBBBBBBBB,RGRGBBBBBBBBB,0.8461538461538461
S1_D23_P2,S1_D23,2,2,8,16,GYGYBRYRYRYRY,GYGYGBRYRYYRY,0.8461538461538461
S1_D23_P2,S1_D23,2,3,1,17,BGBRRRBGRRBYR,GGBGBRYRYRYRY,0.3846153846153846
S1_D23_P2,S1_D23,2,3,2,18,GYRRRGRRBYGYY,GRYGGRRRYYGYY,0.6153846153846154
S1_D23_P2,S1_D23,2,3,3,19,GGBGBRYRYRYYR,GGBGBGRYYRYRY,0.6923076923076923
S1_D23_P2,S1_D23,2,3,4,20,GRYGRRRYGYYYG,GRYRGRYYRGYYR,0.5384615384615384
S1_D23_P2,S1_D23,2,3,5,21,GBGGBGRYRYYRY,GBGYRYRRRYRYY,0.5384615384615384
S1_D23_P2,S1_D23,2,3,6,22,GRYRGYGRGYGYR,GRYGRRRYGRYGY,0.6153846153846154
S1_D23_P2,S1_D23,2,3,7,23,GBGYRRRRRYYRY,GBGBRYRRRYRYR,0.6923076923076923
S1_D23_P2,S1_D23,2,3,8,24,GRYGRRRYRGYGY,GRYGRRRYGRYRG,0.6923076923076923
S1_D23_P2,S1_D23,2,4,1,25,RGBYYRBGGYBGY,GRYBBGBRYYRYB,0.3076923076923077
S1_D23_P2,S1_D23,2,4,2,26,BGBGYGYGRGBGY,GBGBGYRYRRBBY,0.6153846153846154
S1_D23_P2,S1_D23,2,4,3,27,YRGBGBYRBRYBY,GRRYRYBGYBYBY,0.4615384615384615
S1_D23_P2,S1_D23,2,4,4,28,GBGBGYRRYRBYG,GBGBGYRYRGBRG,0.7692307692307692
S1_D23_P2,S1_D23,2,4,5,29,GRRYRYGYBGYBY,GRGRYBBBYBYYB,0.5384615384615384
S1_D23_P2,S1_D23,2,4,6,30,GBGBGYRYRGBRG,RYRYRGYBGYBBG,0.3076923076923077
S1_D23_P2,S1_D23,2,4,7,31,GRGRYBYBBBYBY,GRGRGRGYBYBYB,0.6153846153846154
S1_D23_P2,S1_D23,2,4,8,32,RYRYRRGYBGYBB,RRYRRBGBGBYRY,0.5384615384615384
S1_D23_P2,S1_D23,2,5,1,33,RYBGYYYGRYRBB,GRYYBRGBBBBBB,0.3076923076923077
S1_D23_P2,S1_D23,2,5,2,34,GBBBYGGGGGRYG,GBGYGGGGYBGYR,0.5384615384615384
S1_D23_P2,S1_D23,2,5,3,35,GRYYBRGRBBBBB,RGRYRBBBBBBBB,0.6153846153846154
S1_D23_P2,S1_D23,2,5,4,36,GBGYGGGGYBYRB,GBGBGYGGGYRBG,0.6153846153846154
S1_D23_P2,S1_D23,2,5,5,37,RGRYRGRBBBBBB,GRGYRGBBBBBBB,0.7692307692307692
S1_D23_P2,S1_D23,2,5,6,38,GBGBGYGGGRBGY,GBGBGYGGGRYBG,0.8461538461538461
S1_D23_P2,S1_D23,2,5,7,39,RGYRGBBBBBBBB,GRGRBBBBBBBBB,0.7692307692307692
S1_D23_P2,S1_D23,2,5,8,40,GBGBGYGGGYGRY,GBGBGYGGYGRGG,0.7692307692307692
S1_D23_P2,S1_D23,2,6,1,41,RRYYBBYYBYBBR,RRYYRBBRYBYBB,0.7692307692307692
S1_D23_P2,S1_D23,2,6,2,42,GGYYBBBGYYGGY,GGYYBBBBGYGGY,0.8461538461538461
S1_D23_P2,S1_D23,2,6,3,43,RRYYRYBBRRYYB,BRYBBRYRYYBYY,0.4615384615384615
S1_D23_P2,S1_D23,2,6,4,44,GGYYBBBBGGYGY,GGYYBBBGGGGGG,0.7692307692307692
S1_D23_P2,S1_D23,2,6,5,45,BRYYBBRYYBBRY,RYBRBRYRBRYRY,0.5384615384615384
S1_D23_P2,S1_D23,2,6,6,46,GGYYBBBBGGGGG,GGYYBBBGGGGGG,0.9230769230769232
S1_D23_P2,S1_D23,2,6,7,47,RYBRYRBBRYYRY,RYBRYRRYRYYYY,0.7692307692307692
S1_D23_P2,S1_D23,2,6,8,48,GGYYBBBGGGGGG,GGYYBBBGGGGGG,1.0
S1_D23_P2,S1_D23,2,7,1,49,BRGGYGYRRBRBG,GRYRBBRBRBGGG,0.3846153846153846
S1_D23_P2,S1_D23,2,7,2,50,RGYGYBYBRYRRR,GRYBYYBYYRRRR,0.5384615384615384
S1_D23_P2,S1_D23,2,7,3,51,GRYRBRRBBBRGR,GRYRRYRYBRRRB,0.5384615384615384
S1_D23_P2,S1_D23,2,7,4,52,GRYBYYBYBYRRR,GRYBYBYYBYRRR,0.8461538461538461
S1_D23_P2,S1_D23,2,7,5,53,GRYRRYRRYBRYR,GRYRYRRYYRBYR,0.7692307692307692
S1_D23_P2,S1_D23,2,7,6,54,GRYBYBYYBYRRR,GRYBYBYYBRRRR,0.9230769230769232
S1_D23_P2,S1_D23,2,7,7,55,GRYRRYRRYYYBR,GRYRRYRYRYYBB,0.7692307692307692
S1_D23_P2,S1_D23,2,7,8,56,GRYBYBYYBYRRR,GRYBYYBYBYBBR,0.6923076923076923
S1_D23_P2,S1_D23,2,8,1,57,YGBRYBRGRBRRB,GYBGBYYBGRBRR,0.6153846153846154
S1_D23_P2,S1_D23,2,8,2,58,YYGRBGBBGGYGR,GYBGBGGYRYRRY,0.3846153846153846
S1_D23_P2,S1_D23,2,8,3,59,GYBGGYBRYRBRG,GYRYRYGGRYRBG,0.5384615384615384
S1_D23_P2,S1_D23,2,8,4,60,GYBGGYBGYRRYR,GYBGGBGYYRBRR,0.6923076923076923
S1_D23_P2,S1_D23,2,8,5,61,GYRYGYRBGYRYR,GRYBBGYBGBRYR,0.6153846153846154
S1_D23_P2,S1_D23,2,8,6,62,GYBGGBGYRBRRR,GYBGYGYBRRRRR,0.6923076923076923
S1_D23_P2,S1_D23,2,8,7,63,GRYBGYBGYRBYR,GRYBGYGYBRYRR,0.6923076923076923
S1_D23_P2,S1_D23,2,8,8,64,GBGYBGYGYRRRR,GBGYBYRRRRRRR,0.6923076923076923
S1_D23_P2,S1_D23,2,9,1,65,RYBBYRBRBBYGR,GRYBBBGYBYGRR,0.5384615384615384
S1_D23_P2,S1_D23,2,9,2,66,YYYGBRRGRBYYR,GYYYYBGYBYRRR,0.4615384615384615
S1_D23_P2,S1_D23,2,9,3,67,RYBBBGYRYBRBY,RYBBGGBRYRRYR,0.6153846153846154
S1_D23_P2,S1_D23,2,9,4,68,GYYYYBGYBYRRR,GYBGYYRRRRRRR,0.4615384615384615
S1_D23_P2,S1_D23,2,9,5,69,RYBBGGYRBRRYY,RBBBRGYBBRYRR,0.5384615384615384
S1_D23_P2,S1_D23,2,9,6,70,GYBGBYRRRRRRR,GYBGYBYRRRRRR,0.8461538461538461
S1_D23_P2,S1_D23,2,9,7,71,RBBBRGYBBRRBB,RYBBBGYRBBYBB,0.6153846153846154
S1_D23_P2,S1_D23,2,9,8,72,GYBGYBYRRRRRR,GBGYYYRRRRRRR,0.7692307692307692
S1_D23_P2,S1_D23,2,10,1,73,RYGYBGGGGGRRB,RYRYRGGGYGRRR,0.6923076923076923
S1_D23_P2,S1_D23,2,10,2,74,BRBYGYRBYRBGY,GRGRRYBBRRBRR,0.3846153846153846
S1_D23_P2,S1_D23,2,10,3,75,RYYRGGYGRRRRR,GRYRBYGRRRRRR,0.6153846153846154
S1_D23_P2,S1_D23,2,10,4,76,GRGRRBRYBRRBR,GRYRYRGYRGGRB,0.3846153846153846
S1_D23_P2,S1_D23,2,10,5,77,GRYRBYRGBRRRR,GRYBRRGRYBRRR,0.6153846153846154
S1_D23_P2,S1_D23,2,10,6,78,GYRGYRRYGGYRB,GYRGRYYGYGBRY,0.6153846153846154
S1_D23_P2,S1_D23,2,10,7,79,GRYBRRGGRYBRR,GRYBGRYGRYYRY,0.6923076923076923
S1_D23_P2,S1_D23,2,10,8,80,GRYGRGYGGRRRY,GRYBBYGYRYRRY,0.6153846153846154
S1_D23_P2,S1_D23,2,11,1,81,BYRGBYGBGRGRR,GRYBGRRGRGYRR,0.4615384615384615
S1_D23_P2,S1_D23,2,11,2,82,YYYBBRRYGYBRY,GBYBYYBBYBYRR,0.3846153846153846
S1_D23_P2,S1_D23,2,11,3,83,GRYBGRRGRGRGB,GRYRGGRYGGBYR,0.4615384615384615
S1_D23_P2,S1_D23,2,11,4,84,GBYBYYBYBBYRR,GGBYBBYBYBBYR,0.7692307692307692
S1_D23_P2,S1_D23,2,11,5,85,GRYGRGYGYRGYR,GYRGYRRRGYRRG,0.5384615384615384
S1_D23_P2,S1_D23,2,11,6,86,GGBYBBYBYBBYB,BGYBYBYBBYBYB,0.6153846153846154
S1_D23_P2,S1_D23,2,11,7,87,GYRGYRRRGYRRG,GYRGYRRGGYYRG,0.8461538461538461
S1_D23_P2,S1_D23,2,11,8,88,BGYBGYBBYBBBY,GYGBBBBBYBBBB,0.6153846153846154
S1_D23_P2,S1_D23,2,12,1,89,RGYYYRGYBGBBB,GRYYGGYRYBBGG,0.4615384615384615
S1_D23_P2,S1_D23,2,12,2,90,GGYYRGYRYRYRR,GYRGYGYGYRRRR,0.5384615384615384
S1_D23_P2,S1_D23,2,12,3,91,GRYYGGRBBBRGY,GRYRRRBBGYYBY,0.4615384615384615
S1_D23_P2,S1_D23,2,12,4,92,GYRGYGYGGYRRR,GYRGYGYGRRRRR,0.8461538461538461
S1_D23_P2,S1_D23,2,12,5,93,GRRRRBBGYBRRY,BBRYRRBBBRBBB,0.3846153846153846
S1_D23_P2,S1_D23,2,12,6,94,GYRYYYRGRRRRR,GRYRRYRYRRRGR,0.6153846153846154
S1_D23_P2,S1_D23,2,12,7,95,BBRYBRRBBBRRB,RYYRRYBYRRYBR,0.4615384615384615
S1_D23_P2,S1_D23,2,12,8,96,GRYRRGRYRRGYR,GGRYRRGYGRGRY,0.6153846153846154
S1_D23_P2,S1_D23,2,13,1,97,RBBRBBRGBRRBG,GYBYRYBRRBGBG,0.4615384615384615
S1_D23_P2,S1_D23,2,13,2,98,BRBRYYBRGBGBG,GYRYBYRBYRRBY,0.2307692307692307
S1_D23_P2,S1_D23,2,13,3,99,GYBYBYRYRBGYG,GRYRYBYBYRGYG,0.6923076923076923
S1_D23_P2,S1_D23,2,13,4,100,GYRBGYRRYRBGY,GRYRYRYGGGGGR,0.3076923076923077
S1_D23_P2,S1_D23,2,13,5,101,GRYRYBRYBRGYR,GRRBYRYRRGRGG,0.4615384615384615
S1_D23_P2,S1_D23,2,13,6,102,GRYRYRYRGGGRR,GYRYRYRRGGGGG,0.6923076923076923
S1_D23_P2,S1_D23,2,13,7,103,GRRBYRRBYGGRR,GYBBGRYBBGGGY,0.4615384615384615
S1_D23_P2,S1_D23,2,13,8,104,GYRYRRYRGGGGG,GYRYRRRGGGGGG,0.8461538461538461
S1_D23_P2,S1_D23,2,14,1,105,RGGRGRGYBYBGR,GRYRGRGRYBRGG,0.4615384615384615
S1_D23_P2,S1_D23,2,14,2,106,BYBGGYYBYYYBG,GRYBYBYBBGYBR,0.3846153846153846
S1_D23_P2,S1_D23,2,14,3,107,GRYRGRGRYBGYG,GRYRRGRYBYGYG,0.8461538461538461
S1_D23_P2,S1_D23,2,14,4,108,GRYBYBYBBGYBR,GRBRYBYBYBYGB,0.6153846153846154
S1_D23_P2,S1_D23,2,14,5,109,GRYRRRYBGYRRB,GRYBRYRYBGGYG,0.5384615384615384
S1_D23_P2,S1_D23,2,14,6,110,GRBRBYBBYBGRB,GRYBYYBYYGRBB,0.6153846153846154
S1_D23_P2,S1_D23,2,14,7,111,GRBGRBYGBGBYB,GRBGRBYRBGYBY,0.7692307692307692
S1_D23_P2,S1_D23,2,14,8,112,GYBYYBYYGRBBY,GYBYBYBGYBBYB,0.6923076923076923
S1_D23_P2,S1_D23,2,15,1,113,BYRBRYGGGYYYY,GRYBGGGYYYYYY,0.4615384615384615
S1_D23_P2,S1_D23,2,15,2,114,BRBYBYGRGYYYG,GRYBBYRYBBYBY,0.3076923076923077
S1_D23_P2,S1_D23,2,15,3,115,GRYBGGGYYYYYY,GRYBGGBGGYBYY,0.6923076923076923
S1_D23_P2,S1_D23,2,15,4,116,GRYBBYRYBBBYR,GRYBGBGBYYRYR,0.5384615384615384
S1_D23_P2,S1_D23,2,15,5,117,GRYBGGBGGYBYY,GRYBGGBGYBYBY,0.8461538461538461
S1_D23_P2,S1_D23,2,15,6,118,GRYBGBGBYRYRR,GRYBBGBRYBYRR,0.7692307692307692
S1_D23_P2,S1_D23,2,15,7,119,GRYBGGBYBYBYB,GRYBGGGBYBYBY,0.8461538461538461
S1_D23_P2,S1_D23,2,15,8,120,GRYBGBGBRYBRB,GRYBGGBGBYRBY,0.6923076923076923
S1_D30_P1,S1_D30,1,1,1,1,RRYGBBRYRGYGY,RRYYGBRGBRRBY,0.4615384615384615
S1_D30_P1,S1_D30,1,1,2,2,YRRBGRBRBGRBY,YRBBGYRRBGYGB,0.5384615384615384
S1_D30_P1,S1_D30,1,1,3,3,RRYYGBRGBRGRB,RYYBGGGRYYGBR,0.3846153846153846
S1_D30_P1,S1_D30,1,1,4,4,YRBBGYBGGYBGY,RYGBYGYBRRYGY,0.5384615384615384
S1_D30_P1,S1_D30,1,1,5,5,RYYBGGGRYYBGB,RYYGBYGYBRGRB,0.4615384615384615
S1_D30_P1,S1_D30,1,1,6,6,RYBGRYYGBRYBR,RYRBGYRBRGYRB,0.4615384615384615
S1_D30_P1,S1_D30,1,1,7,7,RYYGBRBGRYBRB,RYGBYGBRGBRYG,0.4615384615384615
S1_D30_P1,S1_D30,1,1,8,8,RYRBYGRBGBBYR,RYRBGRBRGYGYB,0.6153846153846154
S1_D30_P1,S1_D30,1,2,1,9,YRRRYBRBRRRRG,YRRRBYRBGRRRR,0.6923076923076923
S1_D30_P1,S1_D30,1,2,2,10,RYGGGGYRBGRBG,YRYGGBYRYGYBG,0.6153846153846154
S1_D30_P1,S1_D30,1,2,3,11,YRBGYRBGRRRBB,YRYBYGYBGYRBR,0.5384615384615384
S1_D30_P1,S1_D30,1,2,4,12,YRBYGGRBGGYGB,YRYBGGGGYBGBR,0.5384615384615384
S1_D30_P1,S1_D30,1,2,5,13,RYBYBGYBYBRBR,YRBGYGYRYBYBY,0.4615384615384615
S1_D30_P1,S1_D30,1,2,6,14,YRBGGGYRBYRBY,YRYBBYGYRBGYR,0.5384615384615384
S1_D30_P1,S1_D30,1,2,7,15,YRBGYRBYBYBYB,YRGYBYBYBYBYB,0.7692307692307692
S1_D30_P1,S1_D30,1,2,8,16,YRBYYBGRBGRBY,YRYGBGBYBYBYG,0.4615384615384615
S1_D30_P1,S1_D30,1,3,1,17,RYGRBGGRRRGBY,YRGRRGYBYRGBY,0.5384615384615384
S1_D30_P1,S1_D30,1,3,2,18,RBGGGRGYBRBRB,RBRGGGRYRGRBG,0.6153846153846154
S1_D30_P1,S1_D30,1,3,3,19,RGRRGYBYRGYBR,RGRBRYRGBGBRY,0.4615384615384615
S1_D30_P1,S1_D30,1,3,4,20,RBRGGGRYRGRBR,RGRRYRGBYGRBG,0.4615384615384615
S1_D30_P1,S1_D30,1,3,5,21,RGBRYRGBRGRGR,RGBRYGGRBGRGR,0.7692307692307692
S1_D30_P1,S1_D30,1,3,6,22,RGRRYBRGRBRBR,RGBRYRGRYBRBR,0.7692307692307692
S1_D30_P1,S1_D30,1,3,7,23,RGBYRYBRGRGRG,RGBYRRGRBRYBY,0.5384615384615384
S1_D30_P1,S1_D30,1,3,8,24,RGBRYRGRBRGBY,RGBYRGRRYRGYB,0.6153846153846154
S1_D30_P1,S1_D30,1,4,1,25,GYBRGRRGRGYRG,GYGBRRYGBYGRG,0.5384615384615384
S1_D30_P1,S1_D30,1,4,2,26,BRRGYBBYYBYYB,BRGYBBYYBYYBB,0.8461538461538461
S1_D30_P1,S1_D30,1,4,3,27,GYGGBRYGYRBYG,GYGRGYGBYGRGY,0.4615384615384615
S1_D30_P1,S1_D30,1,4,4,28,BRGYBBYYBYYBB,BRGYBBYYBYBBY,0.8461538461538461
S1_D30_P1,S1_D30,1,4,5,29,GYGGRGYBGYGBG,GYBRGYYGRGYBG,0.6153846153846154
S1_D30_P1,S1_D30,1,4,6,30,BRGYBBYYBYBBY,BRGYBBYBYYBBY,0.8461538461538461
S1_D30_P1,S1_D30,1,4,7,31,BGYYYGRGYBRBG,BYGYBGYYGBYGR,0.3846153846153846
S1_D30_P1,S1_D30,1,4,8,32,YBGRYBBYBBRGY,YBGRYBBYBGBGR,0.7692307692307692
S1_D30_P1,S1_D30,1,5,1,33,RBGRYGRRYBBGY,RYGRBBRYGRYBG,0.4615384615384615
S1_D30_P1,S1_D30,1,5,2,34,BRGGBGGRYBRGB,RRGRYRGRBGRRB,0.4615384615384615
S1_D30_P1,S1_D30,1,5,3,35,RGYBBRYBYGRGY,RGYBRYYRGYBGR,0.5384615384615384
S1_D30_P1,S1_D30,1,5,4,36,RRGYRYRGRBGYR,RGYBRGRYGYBRG,0.5384615384615384
S1_D30_P1,S1_D30,1,5,5,37,RGYBRYRGYBGYB,RGYBRYRGGBGRY,0.7692307692307692
S1_D30_P1,S1_D30,1,5,6,38,RGYBRGGRYBRBR,RGYBRGRGRYBRG,0.7692307692307692
S1_D30_P1,S1_D30,1,5,7,39,RGYBRYRGGBRBR,RGYBRYYRBYGRG,0.5384615384615384
S1_D30_P1,S1_D30,1,5,8,40,RGYBRGRGRGRBY,RYBRYYRGRBYGR,0.5384615384615384
S1_D30_P1,S1_D30,1,6,1,41,RYBYRRYGRYGYR,RBYRYRYGYYRBY,0.5384615384615384
S1_D30_P1,S1_D30,1,6,2,42,RGYBRYYRBRGRB,RBYRYYBRBGRYB,0.6153846153846154
S1_D30_P1,S1_D30,1,6,3,43,RBYYRBYGRBYBR,RBYRYRBYGRBRY,0.6923076923076923
S1_D30_P1,S1_D30,1,6,4,44,RBYYRBGRBYRGB,RYRYRGRBRYGRB,0.5384615384615384
S1_D30_P1,S1_D30,1,6,5,45,RBYRGRBGRBYBR,RBRYRGRBRYRBG,0.6153846153846154
S1_D30_P1,S1_D30,1,6,6,46,RYRYRGRBRGYRB,RYYRGRYRBRGRY,0.6153846153846154
S1_D30_P1,S1_D30,1,6,7,47,RBRYRGRBRYRGR,RBRYRGRBRYGRB,0.8461538461538461
S1_D30_P1,S1_D30,1,6,8,48,RYYRGRYRBRGBG,RYRGRYYRBGYGB,0.6153846153846154
S1_D30_P1,S1_D30,1,7,1,49,RRGGBYGGYBRRY,RRGGBBYGRBYGY,0.6153846153846154
S1_D30_P1,S1_D30,1,7,2,50,YGGRRBYRGBYBR,GGRRBGRYGRGRY,0.4615384615384615
S1_D30_P1,S1_D30,1,7,3,51,GGRRBBYGRBRGY,GGRRBBYGYGRBY,0.7692307692307692
S1_D30_P1,S1_D30,1,7,4,52,GRBGYBGRGRGRG,GRBGRGBGRGRGR,0.7692307692307692
S1_D30_P1,S1_D30,1,7,5,53,GGRRBBYGYBRYB,GGRRBBYGGRYBY,0.7692307692307692
S1_D30_P1,S1_D30,1,7,6,54,GRBGRGRBGRGRG,GBGYGRGBGRYGR,0.6153846153846154
S1_D30_P1,S1_D30,1,7,7,55,GGRRBBYGGRYBY,GGRRBBYGRYRGY,0.7692307692307692
S1_D30_P1,S1_D30,1,7,8,56,GBYGYBGRGBGYG,GBYGYGRGBYGYY,0.7692307692307692
S1_D30_P1,S1_D30,1,8,1,57,YRGRYYGYGYYRG,YGRYRGGYBYGRY,0.5384615384615384
S1_D30_P1,S1_D30,1,8,2,58,RYGBRBRRYRGRB,GYRRBGRYBYGRG,0.4615384615384615
S1_D30_P1,S1_D30,1,8,3,59,YGRYRRGYGRBYB,GRRYGYRYRBBYG,0.4615384615384615
S1_D30_P1,S1_D30,1,8,4,60,GGYRBGRBYGRBY,GGYRBGRYGYBYG,0.7692307692307692
S1_D30_P1,S1_D30,1,8,5,61,GRRYGYRYRRBYB,RRYBGRYBGRYGY,0.3846153846153846
S1_D30_P1,S1_D30,1,8,6,62,GGYRBGYGGYRBR,GGYRBRGYGRYBR,0.7692307692307692
S1_D30_P1,S1_D30,1,8,7,63,RRYBGRYBGRGYG,RRYBRBRGBRYRB,0.4615384615384615
S1_D30_P1,S1_D30,1,8,8,64,GGYRBRGYBGYBR,GGYRBRYRBGRBG,0.6923076923076923
S1_D30_P1,S1_D30,1,9,1,65,BBBRGRGRRRBBG,RRGRBRBBRGGBR,0.3076923076923077
S1_D30_P1,S1_D30,1,9,2,66,RYGBRYGRYGRBR,RYGBRYYGRBGBY,0.6923076923076923
S1_D30_P1,S1_D30,1,9,3,67,RRBGRBGYGRBRB,RBRBRGYBRGBRG,0.5384615384615384
S1_D30_P1,S1_D30,1,9,4,68,RYGBRYYGRBGYB,RYYRGRBGBGYRG,0.3846153846153846
S1_D30_P1,S1_D30,1,9,5,69,RBRBRGYBRGBRB,RBRBYGRRBRYRB,0.6153846153846154
S1_D30_P1,S1_D30,1,9,6,70,RGYRGYRBGRBYB,RGYRYRGYBRGRY,0.5384615384615384
S1_D30_P1,S1_D30,1,9,7,71,RBRBYYGRBGYRB,RRGGRBRGYGRBB,0.4615384615384615
S1_D30_P1,S1_D30,1,9,8,72,RGYRGYBRGYRGB,RGYRYGYRBYGRG,0.6153846153846154
S1_D30_P1,S1_D30,1,10,1,73,RRBGYYRRRGYGR,RRBGYRGRBRYRG,0.5384615384615384
S1_D30_P1,S1_D30,1,10,2,74,GYYRBRGRBYRBR,GYRBGRYBGRYGY,0.4615384615384615
S1_D30_P1,S1_D30,1,10,3,75,RRYGYRBGRGBRY,RYGRYRGRYRBRG,0.5384615384615384
S1_D30_P1,S1_D30,1,10,4,76,YGBRGRBYRYGYG,YBGRGRBYGBGYR,0.6153846153846154
S1_D30_P1,S1_D30,1,10,5,77,RYRGYRBRBGRBY,RGRYGYBYRGYGB,0.3846153846153846
S1_D30_P1,S1_D30,1,10,6,78,BYRGGRBYYGRBB,BYRGRBRYRGYBG,0.6153846153846154
S1_D30_P1,S1_D30,1,10,7,79,RGYYGRYGRBYRB,RGYRGYGRBGGRY,0.6153846153846154
S1_D30_P1,S1_D30,1,10,8,80,BYRGGRBRYBGRB,BYRGGRYBRBRYR,0.6153846153846154
S1_D30_P1,S1_D30,1,11,1,81,BRRYBGYYYYGGG,BRYRBRYYGYGBG,0.6153846153846154
S1_D30_P1,S1_D30,1,11,2,82,GBBRRBYGGBBRB,RGRYRBRRBRGRY,0.3076923076923077
S1_D30_P1,S1_D30,1,11,3,83,BRYYRBYRBGGRB,RBYYRBGRYBYRG,0.4615384615384615
S1_D30_P1,S1_D30,1,11,4,84,RGRYRBGRYBRBR,RGRYGYGRRBBYB,0.5384615384615384
S1_D30_P1,S1_D30,1,11,5,85,RBYYRBGRBYRBG,RBRRBGRGRYRBR,0.6153846153846154
S1_D30_P1,S1_D30,1,11,6,86,RGGYBRGRBYGRB,RGYBRGRYRBYGR,0.6923076923076923
S1_D30_P1,S1_D30,1,11,7,87,RBRRBGRRYRBRB,RYGRBRGRYBYGR,0.3846153846153846
S1_D30_P1,S1_D30,1,11,8,88,RBGYRBYGRBYRB,RGBYRBYGYGRBR,0.5384615384615384
S1_D30_P1,S1_D30,1,12,1,89,YGYBBGRRBGYBB,YGGYBGRGYRBGR,0.4615384615384615
S1_D30_P1,S1_D30,1,12,2,90,YYBGGBRRBYGRY,GRBGRYBGRYGRB,0.4615384615384615
S1_D30_P1,S1_D30,1,12,3,91,YYGYBGRBRBRGR,YGYBYRGYBGRYB,0.4615384615384615
S1_D30_P1,S1_D30,1,12,4,92,GRBGRBYRBYRBG,RGRBYGRGYGRBY,0.5384615384615384
S1_D30_P1,S1_D30,1,12,5,93,YGBYGYGRYBYBR,YGYBYRYGYBGBG,0.6153846153846154
S1_D30_P1,S1_D30,1,12,6,94,RGBYYBRGYGRBB,RBRBGYRYGYBYG,0.3846153846153846
S1_D30_P1,S1_D30,1,12,7,95,YGBYGBRGYBRBG,GYBGRBGYGBRGY,0.3846153846153846
S1_D30_P1,S1_D30,1,12,8,96,RBRBGRGYRBGRB,RBRBRGRBGRGBR,0.6923076923076923
S1_D30_P1,S1_D30,1,13,1,97,GBGYRGGYRGYGR,GRGBRGRGYBYGR,0.6153846153846154
S1_D30_P1,S1_D30,1,13,2,98,GYBRRGYBRGYBG,GYBRGBYGRGBYG,0.6153846153846154
S1_D30_P1,S1_D30,1,13,3,99,GYGBRGRBYGRBY,GYGRBGRGYRYGB,0.5384615384615384
S1_D30_P1,S1_D30,1,13,4,100,GRBYGBYGRBGRB,GYBRGBYGYBRGB,0.6153846153846154
S1_D30_P1,S1_D30,1,13,5,101,GYGRBGRBRGYGY,GYBGYGYBYRGBG,0.4615384615384615
S1_D30_P1,S1_D30,1,13,6,102,GYBRGRBYRYBGR,GYBRGBGYBYGRY,0.6153846153846154
S1_D30_P1,S1_D30,1,13,7,103,GYBGYGYBRYBGR,GYBGYGRGYBRGR,0.6923076923076923
S1_D30_P1,S1_D30,1,13,8,104,GRBYGBGYGBYRB,GRBGRGYGBGRYG,0.6153846153846154
S1_D30_P1,S1_D30,1,14,1,105,YRGYGRYYRRGYY,YRGYGRGYRGBGR,0.6153846153846154
S1_D30_P1,S1_D30,1,14,2,106,YRGGBYGGYYBYG,YGGBRGYBYGRBY,0.4615384615384615
S1_D30_P1,S1_D30,1,14,3,107,YRGYGRYGRGYRG,GYRGYBYRGRGRG,0.6153846153846154
S1_D30_P1,S1_D30,1,14,4,108,YGGRBRGBRYBRY,YBGRGYRGBYGRG,0.5384615384615384
S1_D30_P1,S1_D30,1,14,5,109,GYRGYRGBRYBRG,GYBGRGYGRYGRB,0.5384615384615384
S1_D30_P1,S1_D30,1,14,6,110,YRGRYGRBGRGRG,YGRGRYGRBGRYG,0.7692307692307692
S1_D30_P1,S1_D30,1,14,7,111,RRGYRBGRBYGRB,RGBYGYGRBRGBY,0.4615384615384615
S1_D30_P1,S1_D30,1,14,8,112,YGRYRGYGRBYGR,YGRYGRGYRBYRG,0.6923076923076923
S1_D30_P1,S1_D30,1,15,1,113,BGRYRYRRGRYBB,GRBGRGRBYRGRB,0.4615384615384615
S1_D30_P1,S1_D30,1,15,2,114,RYGBBYGRBGGGY,RGYRGRYBGRYGB,0.3846153846153846
S1_D30_P1,S1_D30,1,15,3,115,GRBGRYYRGBGRB,GRBGRGYGBRGBG,0.6153846153846154
S1_D30_P1,S1_D30,1,15,4,116,RGYRGBYBGRRGY,GYRGYBYBRRGRG,0.6153846153846154
S1_D30_P1,S1_D30,1,15,5,117,GRBGRYGRBYGRB,GRBGRYRGYGRBY,0.7692307692307692
S1_D30_P1,S1_D30,1,15,6,118,GYRGYBBYBYGYR,GYBGYGBRGRRGR,0.4615384615384615
S1_D30_P1,S1_D30,1,15,7,119,GRBGRYRRYGRBG,GRBGRYYGRBGBR,0.6923076923076923
S1_D30_P1,S1_D30,1,15,8,120,GRBYGRRBRBYRG,GRBYRBBRGRGYR,0.5384615384615384
S1_D30_P2,S1_D30,2,1,1,1,YRRRBRGGGRGGG,YRRBGRBRBGRBY,0.4615384615384615
S1_D30_P2,S1_D30,2,1,2,2,RRYYGBRGBRRBY,RRYYGBRGBRGRB,0.8461538461538461
S1_D30_P2,S1_D30,2,1,3,3,YRBBGYRRBGYGB,YRBBGYBGGYBGY,0.6153846153846154
S1_D30_P2,S1_D30,2,1,4,4,RYYBGGGRYYGBR,RYYBGGGRYYBGB,0.8461538461538461
S1_D30_P2,S1_D30,2,1,5,5,RYGBYGYBRRYGY,RYBGRYYGBRYBR,0.4615384615384615
S1_D30_P2,S1_D30,2,1,6,6,RYYGBYGYBRGRB,RYYGBRBGRYBRB,0.6153846153846154
S1_D30_P2,S1_D30,2,1,7,7,RYRBGYRBRGYRB,RYRBYGRBGBBYR,0.5384615384615384
S1_D30_P2,S1_D30,2,1,8,8,RYGBYGBRGBRYG,RYBGYGBRGRBGR,0.6153846153846154
S1_D30_P2,S1_D30,2,2,1,9,RGGGGYBRBRGRG,RYGGGGYRBGRBG,0.6923076923076923
S1_D30_P2,S1_D30,2,2,2,10,YRRRBYRBGRRRR,YRBGYRBGRRRBB,0.6153846153846154
S1_D30_P2,S1_D30,2,2,3,11,YRYGGBYRYGYBG,YRBYGGRBGGYGB,0.5384615384615384
S1_D30_P2,S1_D30,2,2,4,12,YRYBYGYBGYRBR,RYBYBGYBYBRBR,0.6923076923076923
S1_D30_P2,S1_D30,2,2,5,13,YRYBGGGGYBGBR,YRBGGGYRBYRBY,0.5384615384615384
S1_D30_P2,S1_D30,2,2,6,14,YRBGYGYRYBYBY,YRBGYRBYBYBYB,0.6923076923076923
S1_D30_P2,S1_D30,2,2,7,15,YRYBBYGYRBGYR,YRBYYBGRBGRBY,0.4615384615384615
S1_D30_P2,S1_D30,2,2,8,16,YRGYBYBYBYBYB,YRGYBYBYBYBYB,1.0
S1_D30_P2,S1_D30,2,3,1,17,RGGGBYGRRBRRY,RBGGGRGYBRBRB,0.4615384615384615
S1_D30_P2,S1_D30,2,3,2,18,YRGRRGYBYRGBY,RGRRGYBYRGYBR,0.7692307692307692
S1_D30_P2,S1_D30,2,3,3,19,RBRGGGRYRGRBG,RBRGGGRYRGRBR,0.9230769230769232
S1_D30_P2,S1_D30,2,3,4,20,RGRBRYRGBGBRY,RGBRYRGBRGRGR,0.6153846153846154
S1_D30_P2,S1_D30,2,3,5,21,RGRRYRGBYGRBG,RGRRYBRGRBRBR,0.6153846153846154
S1_D30_P2,S1_D30,2,3,6,22,RGBRYGGRBGRGR,RGBYRYBRGRGRG,0.6153846153846154
S1_D30_P2,S1_D30,2,3,7,23,RGBRYRGRYBRBR,RGBRYRGRBRGBY,0.7692307692307692
S1_D30_P2,S1_D30,2,3,8,24,RGBYRRGRBRYBY,RGBYRRGRBRYBY,1.0
S1_D30_P2,S1_D30,2,4,1,25,BRRGYBYBBBYYB,BRRGYBBYYBYYB,0.7692307692307692
S1_D30_P2,S1_D30,2,4,2,26,GYGBRRYGBYGRG,GYGGBRYGYRBYG,0.5384615384615384
S1_D30_P2,S1_D30,2,4,3,27,BRGYBBYYBYYBB,BRGYBBYYBYYBB,1.0
S1_D30_P2,S1_D30,2,4,4,28,GYGRGYGBYGRGY,GYGGRGYBGYGBG,0.6153846153846154
S1_D30_P2,S1_D30,2,4,5,29,BRGYBBYYBYBBY,BRGYBBYYBYBBY,1.0
S1_D30_P2,S1_D30,2,4,6,30,GYBRGYYGRGYBG,BGYYYGRGYBRBG,0.5384615384615384
S1_D30_P2,S1_D30,2,4,7,31,BRGYBBYBYYBBY,YBGRYBBYBBRGY,0.4615384615384615
S1_D30_P2,S1_D30,2,4,8,32,BYGYBGYYGBYGR,BYGYBYGRBYBYG,0.6153846153846154
S1_D30_P2,S1_D30,2,5,1,33,BBGRRYYBRGBGG,BRGGBGGRYBRGB,0.4615384615384615
S1_D30_P2,S1_D30,2,5,2,34,RYGRBBRYGRYBG,RGYBBRYBYGRGY,0.4615384615384615
S1_D30_P2,S1_D30,2,5,3,35,RRGRYRGRBGRRB,RRGYRYRGRBGYR,0.7692307692307692
S1_D30_P2,S1_D30,2,5,4,36,RGYBRYYRGYBGR,RGYBRYRGYBGYB,0.7692307692307692
S1_D30_P2,S1_D30,2,5,5,37,RGYBRGRYGYBRG,RGYBRGGRYBRBR,0.6923076923076923
S1_D30_P2,S1_D30,2,5,6,38,RGYBRYRGGBGRY,RGYBRYRGGBRBR,0.7692307692307692
S1_D30_P2,S1_D30,2,5,7,39,RGYBRGRGRYBRG,RGYBRGRGRGRBY,0.6923076923076923
S1_D30_P2,S1_D30,2,5,8,40,RGYBRYYRBYGRG,RGYBRYRBRGRBR,0.6923076923076923
S1_D30_P2,S1_D30,2,6,1,41,GRRYRBRRGBRGY,RGYBRYYRBRGRB,0.3846153846153846
S1_D30_P2,S1_D30,2,6,2,42,RBYRYRYGYYRBY,RBYYRBYGRBYBR,0.5384615384615384
S1_D30_P2,S1_D30,2,6,3,43,RBYRYYBRBGRYB,RBYYRBGRBYRGB,0.6153846153846154
S1_D30_P2,S1_D30,2,6,4,44,RBYRYRBYGRBRY,RBYRGRBGRBYBR,0.6153846153846154
S1_D30_P2,S1_D30,2,6,5,45,RYRYRGRBRYGRB,RYRYRGRBRGYRB,0.8461538461538461
S1_D30_P2,S1_D30,2,6,6,46,RBRYRGRBRYRBG,RBRYRGRBRYRGR,0.8461538461538461
S1_D30_P2,S1_D30,2,6,7,47,RYYRGRYRBRGRY,RYYRGRYRBRGBG,0.8461538461538461
S1_D30_P2,S1_D30,2,6,8,48,RBRYRGRBRYGRB,RBRYRGRBRYRGR,0.8461538461538461
S1_D30_P2,S1_D30,2,7,1,49,YGGRRRRRGBGRG,YGGRRBYRGBYBR,0.6153846153846154
S1_D30_P2,S1_D30,2,7,2,50,RRGGBBYGRBYGY,GGRRBBYGRBRGY,0.6153846153846154
S1_D30_P2,S1_D30,2,7,3,51,GGRRBGRYGRGRY,GRBGYBGRGRGRG,0.5384615384615384
S1_D30_P2,S1_D30,2,7,4,52,GGRRBBYGYGRBY,GGRRBBYGYBRYB,0.7692307692307692
S1_D30_P2,S1_D30,2,7,5,53,GRBGRGBGRGRGR,GRBGRGRBGRGRG,0.8461538461538461
S1_D30_P2,S1_D30,2,7,6,54,GGRRBBYGGRYBY,GGRRBBYGGRYBY,1.0
S1_D30_P2,S1_D30,2,7,7,55,GBGYGRGBGRYGR,GBYGYBGRGBGYG,0.6923076923076923
S1_D30_P2,S1_D30,2,7,8,56,GGRRBBYGRYRGY,RGYBRYRGBRBYB,0.3076923076923077
S1_D30_P2,S1_D30,2,8,1,57,RYGBRBRYGRGYR,RYGBRBRRYRGRB,0.6923076923076923
S1_D30_P2,S1_D30,2,8,2,58,YGRYRGGYBYGRY,YGRYRRGYGRBYB,0.6153846153846154
S1_D30_P2,S1_D30,2,8,3,59,GYRRBGRYBYGRG,GGYRBGRBYGRBY,0.6153846153846154
S1_D30_P2,S1_D30,2,8,4,60,GRRYGYRYRBBYG,GRRYGYRYRRBYB,0.8461538461538461
S1_D30_P2,S1_D30,2,8,5,61,GGYRBGRYGYBYG,GGYRBGYGGYRBR,0.6153846153846154
S1_D30_P2,S1_D30,2,8,6,62,RRYBGRYBGRYGY,RRYBGRYBGRGYG,0.8461538461538461
S1_D30_P2,S1_D30,2,8,7,63,GGYRBRGYGRYBR,GGYRBRGYBGYBR,0.8461538461538461
S1_D30_P2,S1_D30,2,8,8,64,RRYBRBRGBRYRB,RRYGRYRBGRBRB,0.6153846153846154
S1_D30_P2,S1_D30,2,9,1,65,RYGRBGBYGBRBB,RYGBRYGRYGRBR,0.6153846153846154
S1_D30_P2,S1_D30,2,9,2,66,RRGRBRBBRGGBR,RRBGRBGYGRBRB,0.4615384615384615
S1_D30_P2,S1_D30,2,9,3,67,RYGBRYYGRBGBY,RYGBRYYGRBGYB,0.8461538461538461
S1_D30_P2,S1_D30,2,9,4,68,RBRBRGYBRGBRG,RBRBRGYBRGBRB,0.9230769230769232
S1_D30_P2,S1_D30,2,9,5,69,RYYRGRBGBGYRG,RGYRGYRBGRBYB,0.5384615384615384
S1_D30_P2,S1_D30,2,9,6,70,RBRBYGRRBRYRB,RBRBYYGRBGYRB,0.7692307692307692
S1_D30_P2,S1_D30,2,9,7,71,RGYRYRGYBRGRY,RGYRGYBRGYRGB,0.6153846153846154
S1_D30_P2,S1_D30,2,9,8,72,RRGGRBRGYGRBB,RGRGGRBYGRBRB,0.6923076923076923
S1_D30_P2,S1_D30,2,10,1,73,GYYRRRRBYYBRY,GYYRBRGRBYRBR,0.6923076923076923
S1_D30_P2,S1_D30,2,10,2,74,RRBGYRGRBRYRG,RRYGYRBGRGBRY,0.6153846153846154
S1_D30_P2,S1_D30,2,10,3,75,GYRBGRYBGRYGY,YGBRGRBYRYGYG,0.5384615384615384
S1_D30_P2,S1_D30,2,10,4,76,RYGRYRGRYRBRG,RYRGYRBRBGRBY,0.4615384615384615
S1_D30_P2,S1_D30,2,10,5,77,YBGRGRBYGBGYR,BYRGGRBYYGRBB,0.3846153846153846
S1_D30_P2,S1_D30,2,10,6,78,RGRYGYBYRGYGB,RGYYGRYGRBYRB,0.5384615384615384
S1_D30_P2,S1_D30,2,10,7,79,BYRGRBRYRGYBG,BYRGGRBRYBGRB,0.6923076923076923
S1_D30_P2,S1_D30,2,10,8,80,RGYRGYGRBGGRY,RGYRGGRBGRBRY,0.7692307692307692
S1_D30_P2,S1_D30,2,11,1,81,GBBRRRBYGBGGB,GBBRRBYGGBBRB,0.6923076923076923
S1_D30_P2,S1_D30,2,11,2,82,BRYRBRYYGYGBG,BRYYRBYRBGGRB,0.4615384615384615
S1_D30_P2,S1_D30,2,11,3,83,RGRYRBRRBRGRY,RGRYRBGRYBRBR,0.6923076923076923
S1_D30_P2,S1_D30,2,11,4,84,RBYYRBGRYBYRG,RBYYRBGRBYRBG,0.8461538461538461
S1_D30_P2,S1_D30,2,11,5,85,RGRYGYGRRBBYB,RGGYBRGRBYGRB,0.4615384615384615
S1_D30_P2,S1_D30,2,11,6,86,RBRRBGRGRYRBR,RBRRBGRRYRBRB,0.8461538461538461
S1_D30_P2,S1_D30,2,11,7,87,RGYBRGRYRBYGR,RBGYRBYGRBYRB,0.4615384615384615
S1_D30_P2,S1_D30,2,11,8,88,RYGRBRGRYBYGR,RBGYRGRYBYYBG,0.5384615384615384
S1_D30_P2,S1_D30,2,12,1,89,YYBGGBRRYGRYG,YYBGGBRRBYGRY,0.8461538461538461
S1_D30_P2,S1_D30,2,12,2,90,YGGYBGRGYRBGR,YYGYBGRBRBRGR,0.6923076923076923
S1_D30_P2,S1_D30,2,12,3,91,GRBGRYBGRYGRB,GRBGRBYRBYRBG,0.6153846153846154
S1_D30_P2,S1_D30,2,12,4,92,YGYBYRGYBGRYB,YGBYGYGRYBYBR,0.5384615384615384
S1_D30_P2,S1_D30,2,12,5,93,RGRBYGRGYGRBY,RGBYYBRGYGRBB,0.6923076923076923
S1_D30_P2,S1_D30,2,12,6,94,YGYBYRYGYBGBG,YGBYGBRGYBRBG,0.6153846153846154
S1_D30_P2,S1_D30,2,12,7,95,RBRBGYRYGYBYG,RBRBGRGYRBGRB,0.5384615384615384
S1_D30_P2,S1_D30,2,12,8,96,GYBGRBGYGBRGY,GYBGRBGYGYBGY,0.8461538461538461
S1_D30_P2,S1_D30,2,13,1,97,GYBRRGYBRBRGY,GYBRRGYBRGYBG,0.6923076923076923
S1_D30_P2,S1_D30,2,13,2,98,GRGBRGRGYBYGR,GYGBRGRBYGRBY,0.6153846153846154
S1_D30_P2,S1_D30,2,13,3,99,GYBRGBYGRGBYG,GRBYGBYGRBGRB,0.5384615384615384
S1_D30_P2,S1_D30,2,13,4,100,GYGRBGRGYRYGB,GYGRBGRBRGYGY,0.6923076923076923
S1_D30_P2,S1_D30,2,13,5,101,GYBRGBYGYBRGB,GYBRGRBYRYBGR,0.6923076923076923
S1_D30_P2,S1_D30,2,13,6,102,GYBGYGYBYRGBG,GYBGYGYBRYBGR,0.7692307692307692
S1_D30_P2,S1_D30,2,13,7,103,GYBRGBGYBYGRY,GRBYGBGYGBYRB,0.6153846153846154
S1_D30_P2,S1_D30,2,13,8,104,GYBGYGRGYBRGR,GYBGYBRGYRBYG,0.6923076923076923
S1_D30_P2,S1_D30,2,14,1,105,YRGGYBYYGGYYB,YRGGBYGGYYBYG,0.6923076923076923
S1_D30_P2,S1_D30,2,14,2,106,YRGYGRGYRGBGR,YRGYGRYGRGYRG,0.6153846153846154
S1_D30_P2,S1_D30,2,14,3,107,YGGBRGYBYGRBY,YGGRBRGBRYBRY,0.6153846153846154
S1_D30_P2,S1_D30,2,14,4,108,GYRGYBYRGRGRG,GYRGYRGBRYBRG,0.6153846153846154
S1_D30_P2,S1_D30,2,14,5,109,YBGRGYRGBYGRG,YRGRYGRBGRGRG,0.5384615384615384
S1_D30_P2,S1_D30,2,14,6,110,GYBGRGYGRYGRB,RRGYRBGRBYGRB,0.4615384615384615
S1_D30_P2,S1_D30,2,14,7,111,YGRGRYGRBGRYG,YGRYRGYGRBYGR,0.6153846153846154
S1_D30_P2,S1_D30,2,14,8,112,RGBYGYGRBRGBY,RGBYGYGRBRGYB,0.8461538461538461
S1_D30_P2,S1_D30,2,15,1,113,RYGBBYBGGGGYG,RYGBBYGRBGGGY,0.6923076923076923
S1_D30_P2,S1_D30,2,15,2,114,GRBGRGRBYRGRB,GRBGRYYRGBGRB,0.6153846153846154
S1_D30_P2,S1_D30,2,15,3,115,RGYRGRYBGRYGB,RGYRGBYBGRRGY,0.7692307692307692
S1_D30_P2,S1_D30,2,15,4,116,GRBGRGYGBRGBG,GRBGRYGRBYGRB,0.6153846153846154
S1_D30_P2,S1_D30,2,15,5,117,GYRGYBYBRRGRG,GYRGYBBYBYGYR,0.6153846153846154
S1_D30_P2,S1_D30,2,15,6,118,GRBGRYRGYGRBY,GRBGRYRRYGRBG,0.8461538461538461
S1_D30_P2,S1_D30,2,15,7,119,GYBGYGBRGRRGR,GRBYGRRBRBYRG,0.4615384615384615
S1_D30_P2,S1_D30,2,15,8,120,GRBGRYYGRBGBR,GRBGRYYGRBBGR,0.8461538461538461
