dyad_id,source_pair_id,condition,block,trial_in_block,global_trial,sequence_type,sequence_member1,sequence_member2,dyad_similarity
S2_D01,0,Child-Child,1,0,,seed,RBRGBGRRBYRYR,GYGRGBGBYBGYG,0.3846153846153846
S2_D01,0,Child-Child,1,1,1,output,RBRGRYBRRRYBR,GYGBBYRRBYGGB,0.23076923076923073
S2_D01,0,Child-Child,1,2,2,output,GYGBYRBGYRYGR,RRBGYRBYGRRRY,0.3076923076923077
S2_D01,0,Child-Child,1,3,3,output,RBYRRRBGYRYGB,GGBYGRBGYYRRG,0.46153846153846156
S2_D01,0,Child-Child,1,4,4,output,GGRYYRBGGGRRR,RBGYRBBGYRRBG,0.3846153846153846
S2_D01,0,Child-Child,1,5,5,output,RBGYRRBGYRRBG,RYGBBRRGYBBRY,0.3846153846153846
S2_D01,0,Child-Child,1,6,6,output,RRYGBRRBYGGRY,RBGYRBGYRRRBG,0.3076923076923077
S2_D01,0,Child-Child,1,7,7,output,RBGYRBGYRRRBG,RRYGBRRBGYRRB,0.5384615384615384
S2_D01,0,Child-Child,1,8,8,output,RRYGRRBYGRRYG,RBGYRBGYRRRBG,0.5384615384615384
S2_D01,0,Child-Child,2,0,,seed,BGYGGRBGBYYRB,RYRRGGRBYRYYB,0.46153846153846156
S2_D01,0,Child-Child,2,1,9,output,BYRBGYBBGYBBY,RYRYRRBGYRRYB,0.3846153846153846
S2_D01,0,Child-Child,2,2,10,output,RYRYRRBRGBBRY,RBYGRBBYRBYGR,0.3076923076923077
S2_D01,0,Child-Child,2,3,11,output,RBYGRBYRRBYGY,RYRRYRBBRRYGB,0.46153846153846156
S2_D01,0,Child-Child,2,4,12,output,RRYRBRYGBRYGB,RBYGRBYRRBYGR,0.46153846153846156
S2_D01,0,Child-Child,2,5,13,output,BYGRBYRBYGBRB,RYRYBRGRRBYRR,0.3076923076923077
S2_D01,0,Child-Child,2,6,14,output,RYBRYGBRYBGRY,GGBBGBRYRGBBB,0.3846153846153846
S2_D01,0,Child-Child,2,7,15,output,GBGGBRGGBRYGB,RBYRBYGRBYRRY,0.3076923076923077
S2_D01,0,Child-Child,2,8,16,output,RBYRBYGRBYRBY,GBGGBRGBGBRYG,0.3076923076923077
S2_D02,1,Adult-Adult,1,0,,seed,GYRGYGYYGYYRY,RYYRRGRBYYGRG,0.3846153846153846
S2_D02,1,Adult-Adult,1,1,1,output,GYRGYYGYGYRGY,RYYRGRYGRRYRR,0.46153846153846156
S2_D02,1,Adult-Adult,1,2,2,output,RYGRYYGRYRRRR,GYGYGYRGYGYGY,0.3076923076923077
S2_D02,1,Adult-Adult,1,3,3,output,GYGYGYRGYGYGY,RYGRYYRYRRRRR,0.3076923076923077
S2_D02,1,Adult-Adult,1,4,4,output,RYRYRYGRYRRRR,GYGYGYRGYGYGY,0.3076923076923077
S2_D02,1,Adult-Adult,1,5,5,output,GYGYGYRGYGYGY,RYRYRYGRRRRRR,0.23076923076923073
S2_D02,1,Adult-Adult,1,6,6,output,RYRYRYGRYRYRR,GYGYGYRGYGYGY,0.3846153846153846
S2_D02,1,Adult-Adult,1,7,7,output,GYGYGYRGYGYGY,YRYRYGRYRYRRR,0.3076923076923077
S2_D02,1,Adult-Adult,1,8,8,output,YRYRYRGYRYRYR,GYGYGYRGYGYGY,0.5384615384615384
S2_D02,1,Adult-Adult,2,0,,seed,RGGGBBRYBYYYG,YGGYRYGYRGRBY,0.23076923076923073
S2_D02,1,Adult-Adult,2,1,9,output,RGRGBRGRGRRRR,YGYGGRYGYGYGR,0.3846153846153846
S2_D02,1,Adult-Adult,2,2,10,output,YGYGYGRYGYGYG,RGRGBRGRGRRRR,0.3076923076923077
S2_D02,1,Adult-Adult,2,3,11,output,RGRGRGBRGRGRR,YGYGYGRYGYGYG,0.3846153846153846
S2_D02,1,Adult-Adult,2,4,12,output,YGYGYGRYGYGYG,RGRGRGBRGRGRR,0.3846153846153846
S2_D02,1,Adult-Adult,2,5,13,output,RGRGRGBRGRGRR,YGYGYGRYGYGYG,0.3846153846153846
S2_D02,1,Adult-Adult,2,6,14,output,YGYGYGRYGYGYG,RGRGRGBRGRGRG,0.46153846153846156
S2_D02,1,Adult-Adult,2,7,15,output,RGRGRGBRGGRGR,YGYGYGRYGYGYG,0.3846153846153846
S2_D02,1,Adult-Adult,2,8,16,output,YGYGYGRYGYGYG,RGRGRGBRGGRGR,0.3846153846153846
S2_D03,2,Child-Child,1,0,,seed,BRRGGGGGBRYYG,RBYGBGYBYRRRG,0.3846153846153846
S2_D03,2,Child-Child,1,1,1,output,BRBGGBRYYYBBR,RBYGGYRRRBBGY,0.3846153846153846
S2_D03,2,Child-Child,1,2,2,output,RBYGGYBYRRRBY,RRRBBYYGGYYYR,0.3076923076923077
S2_D03,2,Child-Child,1,3,3,output,RRGYRBYGGYRBR,RBBYGGYYRBRBY,0.46153846153846156
S2_D03,2,Child-Child,1,4,4,output,RBBGGYGYRBBGG,RRYYGYRBBRYGB,0.46153846153846156
S2_D03,2,Child-Child,1,5,5,output,RRBGGYRRBBGYY,RRYYGYGGBBBBB,0.46153846153846156
S2_D03,2,Child-Child,1,6,6,output,RRYYGGGGGBBBB,BBGGYRRBBGGYR,0.15384615384615385
S2_D03,2,Child-Child,1,7,7,output,BBGGYRBGGYRBB,RRYGGGGGBBBBB,0.3076923076923077
S2_D03,2,Child-Child,1,8,8,output,RRRYGGGGGGBBB,BBGGYRBBGGYRB,0.23076923076923073
S2_D03,2,Child-Child,2,0,,seed,RYYRGRGRYBGRB,BBBRGRGRYBGRY,0.6923076923076923
S2_D03,2,Child-Child,2,1,9,output,RYYRYRGRGGGRB,BBBGRGRYYGBRG,0.3076923076923077
S2_D03,2,Child-Child,2,2,10,output,RGRRGRYRBRRYR,RRYYGGGGBBRYB,0.3846153846153846
S2_D03,2,Child-Child,2,3,11,output,RRYGGGGBRYRRB,RRGRGYYRYBBRY,0.46153846153846156
S2_D03,2,Child-Child,2,4,12,output,RRYGBGYGBRYGB,RRYGRRBRYGRBB,0.5384615384615384
S2_D03,2,Child-Child,2,5,13,output,RRYRGRYRBRBRY,RRYYRGRGYRGBR,0.6153846153846154
S2_D03,2,Child-Child,2,6,14,output,RYYRGRGRRRBRG,RRYGRRBRBRBYR,0.46153846153846156
S2_D03,2,Child-Child,2,7,15,output,GGRBRBRBRBRYR,RRYRYRRGGRGRG,0.3076923076923077
S2_D03,2,Child-Child,2,8,16,output,RRYRYRGRGRGRY,GGGRGRRBRBRBR,0.3076923076923077
S2_D04,3,Adult-Adult,1,0,,seed,BGGGYYYRRGGGR,RRYBRYGRBBYYB,0.15384615384615385
S2_D04,3,Adult-Adult,1,1,1,output,BGGGYGRRBGYYR,RRYYRRBBYGGRY,0.3076923076923077
S2_D04,3,Adult-Adult,1,2,2,output,RRRYYGGYYRBGY,BGGGYRYBYGGYY,0.23076923076923073
S2_D04,3,Adult-Adult,1,3,3,output,BBGGYYRBGGRYY,RRRYYGGYBBYGB,0.15384615384615385
S2_D04,3,Adult-Adult,1,4,4,output,RRRYYGGBGYYRR,RRRYYGGYYRRBB,0.6923076923076923
S2_D04,3,Adult-Adult,1,5,5,output,RRYYGGYYRRBRB,RRRYYGGBBYGYB,0.46153846153846156
S2_D04,3,Adult-Adult,1,6,6,output,RRRYGGYYBYGYB,RRYYGGYRRYBYG,0.6153846153846154
S2_D04,3,Adult-Adult,1,7,7,output,RRYGGYYBYGRBY,RRRYYGGYBYGYB,0.6153846153846154
S2_D04,3,Adult-Adult,1,8,8,output,RRYGGYBYGYBGY,RRYGGYBBYGYBB,0.7692307692307692
S2_D04,3,Adult-Adult,2,0,,seed,GRRRBBRGYRBBB,GGRYBBGBGRYGR,0.3846153846153846
S2_D04,3,Adult-Adult,2,1,9,output,GGGRRBGYRRBGY,GGRYBGRGYBGGR,0.46153846153846156
S2_D04,3,Adult-Adult,2,2,10,output,GGRYBGGBBYYRG,GGGRRYBGRYGYB,0.3846153846153846
S2_D04,3,Adult-Adult,2,3,11,output,GGGRYBGGRYBRB,GGRYBGRYBGGGB,0.6153846153846154
S2_D04,3,Adult-Adult,2,4,12,output,GGGGRRYYGBGGB,GGGRYBGGRYBGG,0.46153846153846156
S2_D04,3,Adult-Adult,2,5,13,output,GGRYBGGRYGGRY,GGGRYGBGGYRBG,0.46153846153846156
S2_D04,3,Adult-Adult,2,6,14,output,GGRYBGGYRGGRY,GGRYBGRYBGGYR,0.6923076923076923
S2_D04,3,Adult-Adult,2,7,15,output,GGRYBGGYRBGRY,GGRYBGGRYGGBG,0.6153846153846154
S2_D04,3,Adult-Adult,2,8,16,output,GGRGGRYGGBYGR,GGGRYBGRYBGYR,0.5384615384615384
S2_D05,4,Child-Child,1,0,,seed,GYRYYGBGYYRBG,GYBGRRRRRGGBB,0.23076923076923073
S2_D05,4,Child-Child,1,1,1,output,GGYRYYRBGRYGB,GYBRRRRRRGYBB,0.3846153846153846
S2_D05,4,Child-Child,1,2,2,output,GYRRRRBGBBBBY,GYBRRGYBRRGRY,0.3846153846153846
S2_D05,4,Child-Child,1,3,3,output,GYRBBRGYGYBBR,GYRRRRBGYRBGY,0.46153846153846156
S2_D05,4,Child-Child,1,4,4,output,GYRRRBGYRGBGY,GYRBBBGYGYRBG,0.5384615384615384
S2_D05,4,Child-Child,1,5,5,output,GYRBGYRBGGYRB,GYRRRRBGBYRBG,0.6153846153846154
S2_D05,4,Child-Child,1,6,6,output,GYRRBGYGGRBGY,GYRBGYRBGYRBG,0.6153846153846154
S2_D05,4,Child-Child,1,7,7,output,GYRBGYRBGBGYR,GYRBBGYRBGYGY,0.7692307692307692
S2_D05,4,Child-Child,1,8,8,output,GYRBGYRBGYYGY,GYRBGYRBGBGYR,0.7692307692307692
S2_D05,4,Child-Child,2,0,,seed,BYRGGYBYRGRYG,BGRRYYRYRYBRR,0.3846153846153846
S2_D05,4,Child-Child,2,1,9,output,BYGBGYRGYGYYR,GBGBRYRYBGYRB,0.46153846153846156
S2_D05,4,Child-Child,2,2,10,output,BGYRBGYRBGYRB,BGBGBYGBRGYBG,0.46153846153846156
S2_D05,4,Child-Child,2,3,11,output,GYBGYRYGBGYGY,BGYRBGYRBGYRB,0.5384615384615384
S2_D05,4,Child-Child,2,4,12,output,BGYRBGYRBGYRB,GBYGBYGRBYGRY,0.3846153846153846
S2_D05,4,Child-Child,2,5,13,output,GBYGBYGBYRBYG,GYRBGYRBGYRBG,0.5384615384615384
S2_D05,4,Child-Child,2,6,14,output,GYRBGYRBGYRBG,GBYGBYGBYRGBY,0.46153846153846156
S2_D05,4,Child-Child,2,7,15,output,GBYGBYGBYRBYG,GYRBGYRBGYRBG,0.5384615384615384
S2_D05,4,Child-Child,2,8,16,output,GYRBGYRBGYRBG,GBYGBYGBYRBGY,0.5384615384615384
S2_D06,5,Child-Child,1,0,,seed,BYYYBYGBGBYYR,BYBYYYGYYYRGB,0.46153846153846156
S2_D06,5,Child-Child,1,1,1,output,YYYGYRYGYYYBY,BBYBYGYYYYGBY,0.5384615384615384
S2_D06,5,Child-Child,1,2,2,output,GGBYGYBYYYYYY,RYYYBGYYRYYBB,0.3846153846153846
S2_D06,5,Child-Child,1,3,3,output,RRYYYBBBRYYBB,YBGYYBGYYYBYY,0.3846153846153846
S2_D06,5,Child-Child,1,4,4,output,YYGGBBBYYBGBB,RRRYBBYYGRBYY,0.3076923076923077
S2_D06,5,Child-Child,1,5,5,output,RYYGGBYRGBBYR,YYGGBBBYYGRRY,0.46153846153846156
S2_D06,5,Child-Child,1,6,6,output,YYGBBBYBRBYYG,BYRGBBYYRRYBB,0.46153846153846156
S2_D06,5,Child-Child,1,7,7,output,YBYRRBYYBGYBR,BBYYGGRYBGRYB,0.46153846153846156
S2_D06,5,Child-Child,1,8,8,output,RYBGRGYBBYRBB,BYBYYGYBYYGYB,0.5384615384615384
S2_D06,5,Child-Child,2,0,,seed,RYYGGBGGGYGBG,YGGRYRRRRYRYR,0.15384615384615385
S2_D06,5,Child-Child,2,1,9,output,YGYGGBYYBYGYG,YRYGBBGYGYRYR,0.5384615384615384
S2_D06,5,Child-Child,2,2,10,output,GBYBYBYRGYGBY,YGYGBRYBYGYGG,0.46153846153846156
S2_D06,5,Child-Child,2,3,11,output,GYGBRBYBRYGGY,YRBYBYGYBYGYR,0.3846153846153846
S2_D06,5,Child-Child,2,4,12,output,RYGYGYBRYBYYG,YRYGGBBGYRBBY,0.46153846153846156
S2_D06,5,Child-Child,2,5,13,output,RYRYBGBYRYBYR,YGYGYRBRYGBBG,0.3076923076923077
S2_D06,5,Child-Child,2,6,14,output,YBGYRRYGBYGYG,YRYRBGYBBGRYY,0.3846153846153846
S2_D06,5,Child-Child,2,7,15,output,BGBGYRYRYRGGY,YRYRRRBGYRYYG,0.23076923076923073
S2_D06,5,Child-Child,2,8,16,output,RYRBRYBYGBYYY,YRYRYRGBYRYGY,0.5384615384615384
S2_D07,6,Adult-Adult,1,0,,seed,BBGGGYYRGGYRY,GGYGYGRGBGYGR,0.46153846153846156
S2_D07,6,Adult-Adult,1,1,1,output,BBRRYYYGYRBGY,GGYRGYRYGBBBB,0.3076923076923077
S2_D07,6,Adult-Adult,1,2,2,output,GGYYRYGYGYBBB,GGRRYYGYBYYBY,0.5384615384615384
S2_D07,6,Adult-Adult,1,3,3,output,GGYYRRGYRGYBB,GGYYYRRBBBBBB,0.5384615384615384
S2_D07,6,Adult-Adult,1,4,4,output,GGYRYBBBBBBBB,GGYYRGYGBBBBB,0.6153846153846154
S2_D07,6,Adult-Adult,1,5,5,output,GGYYRGYGYBBBB,GGYRGYBBBBBBB,0.6923076923076923
S2_D07,6,Adult-Adult,1,6,6,output,GGYRGYBBBBBBB,GGYYRGYGYBBBB,0.6923076923076923
S2_D07,6,Adult-Adult,1,7,7,output,GGYYRGYBBBBBB,GGYYRGYBBBBBB,1.0
S2_D07,6,Adult-Adult,1,8,8,output,GGYYRGYBBBBBB,GGYYRGYBBBBBB,1.0
S2_D07,6,Adult-Adult,2,0,,seed,YGYBBYYRRGRRB,YYBGYRGBGYYYG,0.3076923076923077
S2_D07,6,Adult-Adult,2,1,9,output,YYGYBRYGYYYBB,YYBRGYBBBBBBB,0.3846153846153846
S2_D07,6,Adult-Adult,2,2,10,output,YYGYRGYBBBBBB,YYGGYBRGYYBBB,0.6153846153846154
S2_D07,6,Adult-Adult,2,3,11,output,YYGGRBYGBBBBB,YYGGRGYBBBBBB,0.8461538461538461
S2_D07,6,Adult-Adult,2,4,12,output,YYGGRYGBBBBBB,YYGGRYBBBBBBB,0.9230769230769231
S2_D07,6,Adult-Adult,2,5,13,output,YYGGRYBBBBBBB,YYGGRYGBBBBBB,0.9230769230769231
S2_D07,6,Adult-Adult,2,6,14,output,YYGGRYGBBBBBB,YYGGRYBBBBBBB,0.9230769230769231
S2_D07,6,Adult-Adult,2,7,15,output,YYGGRYBBBBBBB,YYGGRYGBBBBBB,0.9230769230769231
S2_D07,6,Adult-Adult,2,8,16,output,YYGGRYGBBBBBB,YYGGRYBBBBBBB,0.9230769230769231
S2_D08,7,Child-Child,1,0,,seed,YYRBBRRYYBGRB,BYYGGYBYGBYYR,0.23076923076923073
S2_D08,7,Child-Child,1,1,1,output,YYRBBYRBYBGRY,BYYGBYGBYYRBY,0.46153846153846156
S2_D08,7,Child-Child,1,2,2,output,BYYGBYGBYRYRB,RBYBGRYGBRYBG,0.5384615384615384
S2_D08,7,Child-Child,1,3,3,output,RBBYYGRYGRBYR,BYYGBYRBGYYRB,0.46153846153846156
S2_D08,7,Child-Child,1,4,4,output,BGRYBRGBGRRYR,RBBYYGBRYGBRY,0.3846153846153846
S2_D08,7,Child-Child,1,5,5,output,RBYYGBRBYBGRY,RBGYBBRGYBYYR,0.5384615384615384
S2_D08,7,Child-Child,1,6,6,output,BBRGYYRGBBRRR,RBYYGBYGRRBYR,0.3846153846153846
S2_D08,7,Child-Child,1,7,7,output,BYGRBYGBRYRBR,BRYGYRGBBRYBR,0.5384615384615384
S2_D08,7,Child-Child,1,8,8,output,RBGYRGBRYGBRR,RBYGBYRGBYRBG,0.5384615384615384
S2_D08,7,Child-Child,2,0,,seed,BYRRGRYYGBBBB,GRRGGBYRBRYYR,0.3076923076923077
S2_D08,7,Child-Child,2,1,9,output,RBGYYRBGRYBRY,GRRGGRBYRGBRY,0.5384615384615384
S2_D08,7,Child-Child,2,2,10,output,RGGRGRRBYBBRB,RBGYYRRBGYBRG,0.5384615384615384
S2_D08,7,Child-Child,2,3,11,output,RBYGRGRGRGRRG,RGRGRRBRBRYRG,0.5384615384615384
S2_D08,7,Child-Child,2,4,12,output,RRGGRRGGRBYRG,RBYGRGGRRGRRG,0.5384615384615384
S2_D08,7,Child-Child,2,5,13,output,RBGRRGBRYBGGB,RRGGRRGGRRGGR,0.5384615384615384
S2_D08,7,Child-Child,2,6,14,output,RRGGRRGGRRGGR,RRGGRBGYBGRRB,0.5384615384615384
S2_D08,7,Child-Child,2,7,15,output,RRRBYGBYGRBYB,RRGGRRGGRRGGR,0.23076923076923073
S2_D08,7,Child-Child,2,8,16,output,RRGGRRGGRRGGR,RRRBYGRYGBBRY,0.3846153846153846
S2_D09,8,Child-Child,1,0,,seed,YRGGGBYRBYYGY,RRBBRRYGYGRRY,0.3076923076923077
S2_D09,8,Child-Child,1,1,1,output,BRYYGGRRBBYYG,RBBBRYRGBRYBB,0.3076923076923077
S2_D09,8,Child-Child,1,2,2,output,BRYGBBYRGBGRY,RRBYGGRRBBYYG,0.3076923076923077
S2_D09,8,Child-Child,1,3,3,output,RBBYGRBBYGGRB,BYGBYRBGYRBYY,0.3076923076923077
S2_D09,8,Child-Child,1,4,4,output,BYGRBGYGBYYRB,RBYGRRBBYRBBY,0.46153846153846156
S2_D09,8,Child-Child,1,5,5,output,RBYGRRBBYRYGB,GYRBGYBRGYRGB,0.3846153846153846
S2_D09,8,Child-Child,1,6,6,output,YRBGYRBGRYBGY,RRBBYYGRBYYRY,0.46153846153846156
S2_D09,8,Child-Child,1,7,7,output,RRBBYGBYYRYBG,YRBGYBGRYBYBB,0.46153846153846156
S2_D09,8,Child-Child,1,8,8,output,RBRYBGBYYYRBG,RRBBBRYGRYRGB,0.3846153846153846
S2_D09,8,Child-Child,2,0,,seed,RYBYRBRGBRYRY,BBYYGGBBRYRRY,0.46153846153846156
S2_D09,8,Child-Child,2,1,9,output,RYBRGYBBRYGRR,BBYYGBYYRYRYR,0.3076923076923077
S2_D09,8,Child-Child,2,2,10,output,BYGRRYGBYGBBB,RRBBYYRBBYYGG,0.15384615384615385
S2_D09,8,Child-Child,2,3,11,output,RRBBYYGRBYGYB,BBYGRBYRGBYRG,0.46153846153846156
S2_D09,8,Child-Child,2,4,12,output,RRBBYYGGRBYGR,RRBBYYRRBBYYG,0.6153846153846154
S2_D09,8,Child-Child,2,5,13,output,RRBBYYRRBBYYG,RRBBYYGGRBYGR,0.6153846153846154
S2_D09,8,Child-Child,2,6,14,output,RRBBYYGGRBYGR,RRBBYYRRBBYGG,0.6923076923076923
S2_D09,8,Child-Child,2,7,15,output,RRBBYYRRBBYGR,RRBBYYGGRBYRR,0.6923076923076923
S2_D09,8,Child-Child,2,8,16,output,RRBBYYGGRBYGR,RRBBYYRRBBGRR,0.6923076923076923
S2_D10,9,Adult-Adult,1,0,,seed,YGGGRGYYYBGGR,GBGRRGGGYYYRB,0.3076923076923077
S2_D10,9,Adult-Adult,1,1,1,output,YGGGRRGYGBBYB,GBGRRYYYYYBRB,0.46153846153846156
S2_D10,9,Adult-Adult,1,2,2,output,GBGRRYYYYBGBR,YGGGGBRYRYBYB,0.3846153846153846
S2_D10,9,Adult-Adult,1,3,3,output,YGGGGBRYBYGYB,GBGRRYYYYGBGB,0.3846153846153846
S2_D10,9,Adult-Adult,1,4,4,output,GBGRRYYYYRYGB,YGGGBRBRYRBYR,0.3076923076923077
S2_D10,9,Adult-Adult,1,5,5,output,YGGGBRBGRRRRB,GBGGRYRBGYYYY,0.3076923076923077
S2_D10,9,Adult-Adult,1,6,6,output,YGGGBRBYYYYYY,YGYYGGGBRRRRY,0.3076923076923077
S2_D10,9,Adult-Adult,1,7,7,output,GYYGGGBRRBYBB,GGGBBRYYYYYYY,0.3076923076923077
S2_D10,9,Adult-Adult,1,8,8,output,GGBBRYYYYYYYY,GYGGYYRBBRBBB,0.15384615384615385
S2_D10,9,Adult-Adult,2,0,,seed,BGYBGGGBBGGGY,GGGRRBYGBGGBB,0.3076923076923077
S2_D10,9,Adult-Adult,2,1,9,output,BGGYGGGBBGGYB,GGBGGRRRYYBYB,0.3846153846153846
S2_D10,9,Adult-Adult,2,2,10,output,GGGBGRRRYGGYY,BGGGYGGYYBBBB,0.3076923076923077
S2_D10,9,Adult-Adult,2,3,11,output,BGGGYGGGBYYYB,GGGBRGGBRRYYY,0.5384615384615384
S2_D10,9,Adult-Adult,2,4,12,output,GGGBRGGBYYYRB,GBBGGGGBYGYBY,0.46153846153846156
S2_D10,9,Adult-Adult,2,5,13,output,GBBGBGGBYBBBB,GGGBGYRRBYYBY,0.3846153846153846
S2_D10,9,Adult-Adult,2,6,14,output,GGGBGYRRBGGYB,GBGBBYBYBRGGB,0.5384615384615384
S2_D10,9,Adult-Adult,2,7,15,output,GGGBBYBYBRYRB,GGGBRBYRYBGGG,0.5384615384615384
S2_D10,9,Adult-Adult,2,8,16,output,GGGBRBYRBGBYG,GGGBYYBYRYBGY,0.6153846153846154
S2_D11,10,Adult-Adult,1,0,,seed,RBRBBBYYGYRRR,BYRBYGBRBYBGB,0.23076923076923073
S2_D11,10,Adult-Adult,1,1,1,output,RRBBYYGYGGRRY,BYRGBYRGBRGBG,0.3076923076923077
S2_D11,10,Adult-Adult,1,2,2,output,RYGBRYGBGGRGY,RRYYGGBGYYRRB,0.3076923076923077
S2_D11,10,Adult-Adult,1,3,3,output,RRYYGGBGYGRRG,RYGBRGYBGYRBG,0.46153846153846156
S2_D11,10,Adult-Adult,1,4,4,output,RYGBRYGBGYBGY,YGRRYYBBGGYYR,0.3846153846153846
S2_D11,10,Adult-Adult,1,5,5,output,RBYGRBYYBGYRY,RYGBRYGBYRBGY,0.46153846153846156
S2_D11,10,Adult-Adult,1,6,6,output,RBYRBGBYBYGBB,RBYGRBYGYGBRY,0.5384615384615384
S2_D11,10,Adult-Adult,1,7,7,output,RBYGRBGYBGYBR,RBYRBYGBYGBYB,0.5384615384615384
S2_D11,10,Adult-Adult,1,8,8,output,RBYRBYGBYGYBG,YRBYGYBRYRBGR,0.46153846153846156
S2_D11,10,Adult-Adult,2,0,,seed,RBBYRRGBBGYYY,YRYYGRBRBBBRB,0.23076923076923073
S2_D11,10,Adult-Adult,2,1,9,output,RBYBBGYBGYYYY,YRYYGYBRBBYBG,0.3076923076923077
S2_D11,10,Adult-Adult,2,2,10,output,YRBYGYBBYGRBY,RYBBGYRBBYGYB,0.5384615384615384
S2_D11,10,Adult-Adult,2,3,11,output,YBBGGRBBYRBYG,YYYGYBYYRYYGB,0.46153846153846156
S2_D11,10,Adult-Adult,2,4,12,output,YGYYBYYGRYBYY,YRBYGYRYBGYBR,0.3846153846153846
S2_D11,10,Adult-Adult,2,5,13,output,YRBYGYRYBYRGY,GYRYBYYBYGYYY,0.46153846153846156
S2_D11,10,Adult-Adult,2,6,14,output,GYYBYGYRYYYYY,YGBYRYGBYRBYG,0.3846153846153846
S2_D11,10,Adult-Adult,2,7,15,output,GYRBYBYRYYBYY,YYYBYRYYYYYYY,0.6153846153846154
S2_D11,10,Adult-Adult,2,8,16,output,YYRYBYYYYYYYY,GYRYBYYBRYGYY,0.6923076923076923
S2_D12,11,Child-Child,1,0,,seed,YGBGYYGBRRGRB,YBGGRYYRYBGGG,0.3076923076923077
S2_D12,11,Child-Child,1,1,1,output,BYYBGGGBRBGBB,RRRGYYYBGRYRG,0.15384615384615385
S2_D12,11,Child-Child,1,2,2,output,RRRBYGGYYYBBR,BGGYYRGGYGBGR,0.3846153846153846
S2_D12,11,Child-Child,1,3,3,output,RRBBYGGGYYBBB,RRYGGYBBBYGBG,0.46153846153846156
S2_D12,11,Child-Child,1,4,4,output,GGGBBRYYYGGGB,RBYGGYYYBBGGG,0.3076923076923077
S2_D12,11,Child-Child,1,5,5,output,RBYYGGGGRBYGG,GGBYYRGGGGYRG,0.5384615384615384
S2_D12,11,Child-Child,1,6,6,output,GGGYYBBBRRYYB,RRBBYYGGGGRYR,0.23076923076923073
S2_D12,11,Child-Child,1,7,7,output,RRYYBGGGRRRBY,RBYBYYYGRRRGY,0.5384615384615384
S2_D12,11,Child-Child,1,8,8,output,RRBBYGGRRGGYY,RRYYGGBBRBGRB,0.46153846153846156
S2_D12,11,Child-Child,2,0,,seed,RBYBBRYYRYGRG,RRGYRGBYRYRRG,0.46153846153846156
S2_D12,11,Child-Child,2,1,9,output,RBYYRYYBBBYGG,RGRRBYRBYYGBR,0.3846153846153846
S2_D12,11,Child-Child,2,2,10,output,RRBBYYBBGGYYB,RRYYBBRRYBRBB,0.46153846153846156
S2_D12,11,Child-Child,2,3,11,output,RRYYBBRRGYYBB,RGRBYGRYRBBRG,0.3076923076923077
S2_D12,11,Child-Child,2,4,12,output,RGGRYYYGYBBRB,BYRRYRBRYRBBY,0.3076923076923077
S2_D12,11,Child-Child,2,5,13,output,RRBYYBBRRBBYB,RRGGYYGGYRGYB,0.46153846153846156
S2_D12,11,Child-Child,2,6,14,output,RRGYYRYGGRYBB,RBBYRRRYYRBBY,0.3846153846153846
S2_D12,11,Child-Child,2,7,15,output,RRBBYBBRYYRYB,RRGGBBGRYRRGY,0.46153846153846156
S2_D12,11,Child-Child,2,8,16,output,RRGGYBBBRRYYR,RRYYBBRYRBBYR,0.5384615384615384
S2_D13,12,Adult-Adult,1,0,,seed,YRGYBYBBGRBRR,BGYGBBRGYGBGY,0.3076923076923077
S2_D13,12,Adult-Adult,1,1,1,output,YRBYBRGBYRGYB,BGGBRYYGBGGBY,0.23076923076923073
S2_D13,12,Adult-Adult,1,2,2,output,GGYRGBBGYRBGB,YRBYGBRYGBYGB,0.3846153846153846
S2_D13,12,Adult-Adult,1,3,3,output,YRBYGRBBYGBYR,GGBGYRYGBGGYB,0.3076923076923077
S2_D13,12,Adult-Adult,1,4,4,output,GGYRBGGYBBGGG,YRBYGBYGYRBYY,0.3076923076923077
S2_D13,12,Adult-Adult,1,5,5,output,YRBYGGGRBYYGY,GYRGBGRBGBGGG,0.3846153846153846
S2_D13,12,Adult-Adult,1,6,6,output,GRYBGBYRGGGGG,YRBYGGGBGRBGY,0.3076923076923077
S2_D13,12,Adult-Adult,1,7,7,output,YRBYGGBYRRGBY,GRBYGRYBGGGGG,0.3846153846153846
S2_D13,12,Adult-Adult,1,8,8,output,GRBYGRYBGGGGG,YGRBGGBBYRBYY,0.3076923076923077
S2_D13,12,Adult-Adult,2,0,,seed,YBYRBRBGRGYRB,GGRBBGYGBYRYG,0.3846153846153846
S2_D13,12,Adult-Adult,2,1,9,output,YRBYRBYGGRBGY,GGRBYGBRBGRYG,0.46153846153846156
S2_D13,12,Adult-Adult,2,2,10,output,GGBYGGYRBGGYG,YGRBYGRBGGGBG,0.5384615384615384
S2_D13,12,Adult-Adult,2,3,11,output,YGRBYGRBGGGGG,GGBGGYGRGBYGG,0.46153846153846156
S2_D13,12,Adult-Adult,2,4,12,output,GGYBGGRBGBGGG,YGRBYGRBGGGGG,0.6923076923076923
S2_D13,12,Adult-Adult,2,5,13,output,YGRBYGRBGGGGG,GGYBGBYGGBGGG,0.5384615384615384
S2_D13,12,Adult-Adult,2,6,14,output,GGYBGGBYGGGGG,YGRBYGRBGGGGG,0.6153846153846154
S2_D13,12,Adult-Adult,2,7,15,output,YGRBYGRBGGGGG,GGYBGGBYGGGGG,0.6153846153846154
S2_D13,12,Adult-Adult,2,8,16,output,GGYBGGBYGGGGG,YGRBYGRBGGGGG,0.6153846153846154
S2_D14,13,Child-Child,1,0,,seed,GRYBRRRRGGBYR,GYGBYRYYGGYYB,0.46153846153846156
S2_D14,13,Child-Child,1,1,1,output,GYBRRRRRGGYYG,RRBRGGRYRBBGR,0.23076923076923073
S2_D14,13,Child-Child,1,2,2,output,RRGGBRRBGGBYB,RBGRYBBGBYGRB,0.46153846153846156
S2_D14,13,Child-Child,1,3,3,output,RBGYRRBGBYRYB,RGBGYYYYYRRGY,0.3076923076923077
S2_D14,13,Child-Child,1,4,4,output,RBGYYYYYYRBGR,GBGYRGGBRBYRR,0.3846153846153846
S2_D14,13,Child-Child,1,5,5,output,RBGRGGBRRGBRR,RYRYBYBYRRBYB,0.3076923076923077
S2_D14,13,Child-Child,1,6,6,output,RYRYBYBYBBRYY,BGRYBRRGRBRGY,0.46153846153846156
S2_D14,13,Child-Child,1,7,7,output,BGRBGRBRYGGRR,RBRRBBRYYRBGR,0.3846153846153846
S2_D14,13,Child-Child,1,8,8,output,RRBBGYRRYBYBG,RRRRRRRRGRRYG,0.3846153846153846
S2_D14,13,Child-Child,2,0,,seed,BBBGGRGRYGBGG,RBGYRRRBRRBYR,0.3076923076923077
S2_D14,13,Child-Child,2,1,9,output,RBBRGYBGGRYRG,GYGGGGGGGGGGG,0.3076923076923077
S2_D14,13,Child-Child,2,2,10,output,GYGGGGGGGGGGG,RRRRRRRRRRRRR,0.0
S2_D14,13,Child-Child,2,3,11,output,RRRRRRRRRRRRR,YGGGGGGGGGGGG,0.0
S2_D14,13,Child-Child,2,4,12,output,YGGGGGGGGGGGG,RRRRRRRRRRRRR,0.0
S2_D14,13,Child-Child,2,5,13,output,RRRRRRRRRRRRR,GYGGGGGGGGGGG,0.0
S2_D14,13,Child-Child,2,6,14,output,GYGGGGGGGGGGG,RRRRRRRRRRRRR,0.0
S2_D14,13,Child-Child,2,7,15,output,RRRRRRRRRRRRR,YGGGGGGGGGGGG,0.0
S2_D14,13,Child-Child,2,8,16,output,YGGGGGGGGGGGG,RRRRRRRRRRRRR,0.0
S2_D15,14,Child-Child,1,0,,seed,YYRRBGRYRBYBY,GGBBGBYYBGBGY,0.3846153846153846
S2_D15,14,Child-Child,1,1,1,output,YYRBGRRBBYGBG,GGGBGBBBYGGGG,0.46153846153846156
S2_D15,14,Child-Child,1,2,2,output,GGGBBGGBYGGGB,GYBBRBBBYGRBB,0.46153846153846156
S2_D15,14,Child-Child,1,3,3,output,BBBGYBBBYGBBY,GGBBBBBBBBBYY,0.46153846153846156
S2_D15,14,Child-Child,1,4,4,output,GGGBBBBBBBYYY,YYGGGBBBBBBBY,0.6923076923076923
S2_D15,14,Child-Child,1,5,5,output,YYYGGBBBBBBYB,GBGBBBBYYGGBY,0.3076923076923077
S2_D15,14,Child-Child,1,6,6,output,GGBBBYGBBBYBG,GGYYBBBYGYBBY,0.6153846153846154
S2_D15,14,Child-Child,1,7,7,output,GGGBBBBBBBGYB,GBBBYGYBBYGBY,0.3846153846153846
S2_D15,14,Child-Child,1,8,8,output,GGGGBBBBBYGBB,GBBBBYYGBBYGY,0.46153846153846156
S2_D15,14,Child-Child,2,0,,seed,GGGYBBRYRGRBY,YRRGYYYYGBGGY,0.23076923076923073
S2_D15,14,Child-Child,2,1,9,output,GBBBYRGYRGGBR,GYRBBYGBBBRYY,0.3076923076923077
S2_D15,14,Child-Child,2,2,10,output,GRBYGYBBBBBBR,GBBBYGRBYYYGY,0.3076923076923077
S2_D15,14,Child-Child,2,3,11,output,GGGBBBRYGGYYY,GYBBRGBBBYGYB,0.3846153846153846
S2_D15,14,Child-Child,2,4,12,output,GYRRBBBGYRGGY,GYRBBYGGYBYRG,0.46153846153846156
S2_D15,14,Child-Child,2,5,13,output,GGYRBBGYBBBRY,RGYYYBBBRGYBB,0.3846153846153846
S2_D15,14,Child-Child,2,6,14,output,GGGRYYGRRRBBB,GBBBBYRRBBBYG,0.3846153846153846
S2_D15,14,Child-Child,2,7,15,output,GGGBBBBBYYRYY,RBBBGGYYGBRYY,0.46153846153846156
S2_D15,14,Child-Child,2,8,16,output,GGGYGRRBYGGGY,GBBBBRYYBBBYY,0.23076923076923073
S2_D16,15,Child-Child,1,0,,seed,BGGGYYYRRGGGR,RRYBRYGRBBYYB,0.15384615384615385
S2_D16,15,Child-Child,1,1,1,output,BRGGGGYYYYYRR,RRYGBGRYBBGGY,0.3076923076923077
S2_D16,15,Child-Child,1,2,2,output,YGGYYBRGYBBGY,GGGYYYYYYBBBR,0.5384615384615384
S2_D16,15,Child-Child,1,3,3,output,GGYYYYYYBBBRR,YYBRGBBGGYRRR,0.23076923076923073
S2_D16,15,Child-Child,1,4,4,output,GGYBGYBYRRRGY,GRRBBBBBBBBBB,0.23076923076923073
S2_D16,15,Child-Child,1,5,5,output,GGGRRRBBBBBBB,GYBBGYRRBYGGY,0.23076923076923073
S2_D16,15,Child-Child,1,6,6,output,GGYBRRBGYRRGY,GGGBBBBBBBBBB,0.3076923076923077
S2_D16,15,Child-Child,1,7,7,output,GGGGGGBBBBBBB,GGYRBBGRRYBBR,0.3076923076923077
S2_D16,15,Child-Child,1,8,8,output,GGYBRGRYBBGBB,BBBBBBBBBBBBB,0.3846153846153846
S2_D16,15,Child-Child,2,0,,seed,GRRRBBRGYRBBB,GGRYBBGBGRYGR,0.3846153846153846
S2_D16,15,Child-Child,2,1,9,output,GRRYBBGYRBBBB,GGRBBGYRBYBRB,0.6923076923076923
S2_D16,15,Child-Child,2,2,10,output,BBRRYBBGRYBGB,GRYGGBBBBBBBB,0.3076923076923077
S2_D16,15,Child-Child,2,3,11,output,GGRYYGBBBBBBB,BBYYBGGYYYRGG,0.15384615384615385
S2_D16,15,Child-Child,2,4,12,output,GGBYYRYYYBBGY,YGRBYGBGRRRBR,0.23076923076923073
S2_D16,15,Child-Child,2,5,13,output,YGRBYGBRBYGRB,GGYRYYBGRYRRY,0.3846153846153846
S2_D16,15,Child-Child,2,6,14,output,GRYRYGRYGRYBB,YGRBYGBRBGRYG,0.46153846153846156
S2_D16,15,Child-Child,2,7,15,output,RYGGBRBGRYBGR,GYRRGYYRYGRBB,0.3076923076923077
S2_D16,15,Child-Child,2,8,16,output,GYRYRRYGRBBYG,RRRYBGRYGBYRG,0.46153846153846156
S2_D17,16,Child-Child,1,0,,seed,GYRYYGBGYYRBG,GYBGRRRRRGGBB,0.23076923076923073
S2_D17,16,Child-Child,1,1,1,output,GBYYRGBYYRGGB,GYBGRRRRRBBBB,0.23076923076923073
S2_D17,16,Child-Child,1,2,2,output,GRRRRBBBBYBBB,YGGBBRYYGBBRR,0.23076923076923073
S2_D17,16,Child-Child,1,3,3,output,GGRRBBYYGGRRB,GRRRRYBBBBBYG,0.23076923076923073
S2_D17,16,Child-Child,1,4,4,output,GYRRRRBBGYGBY,GGRRBBYYGGRRB,0.3846153846153846
S2_D17,16,Child-Child,1,5,5,output,GGRRBBYYYYGGR,GGBBBYYGGBBYY,0.3846153846153846
S2_D17,16,Child-Child,1,6,6,output,GBBBBYYGGBBYY,GGRRBBYYYYYGR,0.3076923076923077
S2_D17,16,Child-Child,1,7,7,output,GGRRYYBBBGGRB,BGGBBBBYYYGBB,0.3076923076923077
S2_D17,16,Child-Child,1,8,8,output,BGGGYBBBBGGGG,GGRRBBBYYGGRR,0.46153846153846156
S2_D17,16,Child-Child,2,0,,seed,BYRGGYBYRGRYG,BGRRYYRYRYBRR,0.3846153846153846
S2_D17,16,Child-Child,2,1,9,output,BRGYGBYRGRBYR,YYRRBBGGYYRRB,0.23076923076923073
S2_D17,16,Child-Child,2,2,10,output,YYRRBBGGYYRRB,GBBRRYYRRBBYY,0.3076923076923077
S2_D17,16,Child-Child,2,3,11,output,GBBRRRRYYBBGG,YYRRBBGGYYRRB,0.15384615384615385
S2_D17,16,Child-Child,2,4,12,output,YYRRBBGGYYRRB,GGYYBBRRGGYYB,0.3846153846153846
S2_D17,16,Child-Child,2,5,13,output,GGYYBBRRGGYYB,YYRRBBGGYYRRB,0.3846153846153846
S2_D17,16,Child-Child,2,6,14,output,YYRRBBGGYYRRB,YYBBRRGGYYBBR,0.46153846153846156
S2_D17,16,Child-Child,2,7,15,output,YYBBRRGGYYBBR,YYRRBBGGYYRRB,0.46153846153846156
S2_D17,16,Child-Child,2,8,16,output,YYRRBBGGYYRRB,YYBBRRGGYYBBR,0.46153846153846156
S2_D18,17,Adult-Child,1,0,,seed,GBYYGGYGBGRBY,BGBYGRRGYGRGG,0.46153846153846156
S2_D18,17,Adult-Child,1,1,1,output,GGRGBYRBGRYBR,BGBGRYYRYRGGG,0.3076923076923077
S2_D18,17,Adult-Child,1,2,2,output,GGBBGBGBGBRYR,GGBGRYRBGYGBG,0.3846153846153846
S2_D18,17,Adult-Child,1,3,3,output,RRRRRRRRRGBYR,GGBGBGBGRYRYR,0.23076923076923073
S2_D18,17,Adult-Child,1,4,4,output,RBGBYRGGRGYRG,RRRRRRRRGYBRR,0.3846153846153846
S2_D18,17,Adult-Child,1,5,5,output,RRRRRRRRGYGBR,RBYRRGYRGYBRR,0.5384615384615384
S2_D18,17,Adult-Child,1,6,6,output,RGYBRGYBRRGYB,RRRRRRRRGYBGR,0.3846153846153846
S2_D18,17,Adult-Child,1,7,7,output,RRRRRRRRGYBGY,RGYBRGYBRRGYB,0.3846153846153846
S2_D18,17,Adult-Child,1,8,8,output,RGYBRGYBRGYBR,RRRRRRGYBGGYB,0.5384615384615384
S2_D18,17,Adult-Child,2,0,,seed,BRBGBBBBYRBYY,YBBRRRRRGYRRG,0.15384615384615385
S2_D18,17,Adult-Child,2,1,9,output,BYBYRYGRBYGRB,YBRRRRRRGYRRB,0.46153846153846156
S2_D18,17,Adult-Child,2,2,10,output,RRRRRRRRGYBRG,YBRYBBRGRGYRG,0.46153846153846156
S2_D18,17,Adult-Child,2,3,11,output,RBGRRRBYRBYRG,RRRRRGYBRRGBY,0.46153846153846156
S2_D18,17,Adult-Child,2,4,12,output,RRRRRGYBRGBRG,RRBYGRGYRBGYR,0.46153846153846156
S2_D18,17,Adult-Child,2,5,13,output,YRRRGBYRGBYRG,RRRRRRGYBRGBR,0.46153846153846156
S2_D18,17,Adult-Child,2,6,14,output,RRRRRRRGYBRGY,YRRGBYRGYRYBR,0.3846153846153846
S2_D18,17,Adult-Child,2,7,15,output,RBYGRBYGBYRBG,RRRRRRRGYBGYR,0.3076923076923077
S2_D18,17,Adult-Child,2,8,16,output,RRRRRRRGYBGYB,RBYGRBYGRYGBR,0.3076923076923077
S2_D19,18,Adult-Child,1,0,,seed,BRBGBBYGBBRRY,GGBGGBYGBYRGG,0.5384615384615384
S2_D19,18,Adult-Child,1,1,1,output,BRGYBBYRRGYRB,GGBBYRBGGBGBG,0.3846153846153846
S2_D19,18,Adult-Child,1,2,2,output,GYGBBGGBBGBBG,BYGRBGYBGGBRR,0.5384615384615384
S2_D19,18,Adult-Child,1,3,3,output,GYBRGYRRGBBGY,GGYYBBGBYRBBB,0.3846153846153846
S2_D19,18,Adult-Child,1,4,4,output,GGYYBBGRGBBGB,GYRGYBBBGBRBG,0.46153846153846156
S2_D19,18,Adult-Child,1,5,5,output,GBYRGBBYRBBBB,GGYYBBGGBRBBR,0.46153846153846156
S2_D19,18,Adult-Child,1,6,6,output,GGYYBBGYBGBYR,GGYYBBGGRYRBG,0.6153846153846154
S2_D19,18,Adult-Child,1,7,7,output,GGYYBBGGBBGRY,GGYYBBGBYBGBG,0.6923076923076923
S2_D19,18,Adult-Child,1,8,8,output,GGYYBBGYBGGBB,GGYYBBGGYRBGG,0.6923076923076923
S2_D19,18,Adult-Child,2,0,,seed,RYRBRRBGBGGRR,YRGRGYYRRRBGB,0.23076923076923073
S2_D19,18,Adult-Child,2,1,9,output,RYRRYBRRYGBBG,YYRGBRGYRBGRY,0.3846153846153846
S2_D19,18,Adult-Child,2,2,10,output,YYRRGBYRGBYRB,RRYYRYBGBBBBB,0.3076923076923077
S2_D19,18,Adult-Child,2,3,11,output,RRYYRRBYBBBBB,YYRRGBYYRGGBG,0.3846153846153846
S2_D19,18,Adult-Child,2,4,12,output,YYRRGBBYYRBYG,YYRRYYRGBBBRB,0.46153846153846156
S2_D19,18,Adult-Child,2,5,13,output,YYRRYYRGBBBBG,YYRRGBRYYGBBB,0.5384615384615384
S2_D19,18,Adult-Child,2,6,14,output,YYRRYRGGBBRBG,YYRRGBRYYGBBB,0.5384615384615384
S2_D19,18,Adult-Child,2,7,15,output,YYRRYGBBBBBYB,YYRRGBYRRRGBB,0.46153846153846156
S2_D19,18,Adult-Child,2,8,16,output,YYRRYRGBYRBGY,YYRRYGBGRYBBB,0.6153846153846154
S2_D20,19,Adult-Child,1,0,,seed,RGYGYRYRYRYGY,BRYGBYGYBGGBB,0.3076923076923077
S2_D20,19,Adult-Child,1,1,1,output,BGRYRYRYRYRYB,BRYGBYGRGGYBR,0.3846153846153846
S2_D20,19,Adult-Child,1,2,2,output,BBRYGBBBGYRGR,BGYRYRBGYRYBB,0.3846153846153846
S2_D20,19,Adult-Child,1,3,3,output,BGRYGBYRRYGBB,BBRYGBBBRYGBR,0.6923076923076923
S2_D20,19,Adult-Child,1,4,4,output,BYBBRGYRBGRBB,BGYRBGYBRGRBB,0.6153846153846154
S2_D20,19,Adult-Child,1,5,5,output,BGRYYGBRYBGBB,BYBRGBBYRBGRY,0.3846153846153846
S2_D20,19,Adult-Child,1,6,6,output,BGBRYRGBYRBGR,BGRYRGBYGGBBB,0.6153846153846154
S2_D20,19,Adult-Child,1,7,7,output,BGYBRYGBYBBYG,BGYRBGBGRYRBB,0.46153846153846156
S2_D20,19,Adult-Child,1,8,8,output,BGYRGYBBRRGYB,BYGBGYRYBYRYG,0.3846153846153846
S2_D20,19,Adult-Child,2,0,,seed,BYGYGGYYGGBRR,YYRYBBBRYYBBR,0.3076923076923077
S2_D20,19,Adult-Child,2,1,9,output,BYGBRGYBGBRGY,YYBYRBBYRBYYY,0.3076923076923077
S2_D20,19,Adult-Child,2,2,10,output,YYBRGYBRYYYGR,BGYRBYGRBBYGB,0.3846153846153846
S2_D20,19,Adult-Child,2,3,11,output,GBGBYGRBGBYRG,YYBRYBRGBGYYY,0.3076923076923077
S2_D20,19,Adult-Child,2,4,12,output,GBYYRGBRYGRYB,GBGYBRYRYBYRG,0.46153846153846156
S2_D20,19,Adult-Child,2,5,13,output,YBGBRYBGYRBYY,GBYRGBYBRYRGB,0.3846153846153846
S2_D20,19,Adult-Child,2,6,14,output,YBRGYRYYGBGYR,YBGRYBRGBBRGY,0.46153846153846156
S2_D20,19,Adult-Child,2,7,15,output,BYGBRYGYBRYRG,YBRGYYBRGYBYR,0.46153846153846156
S2_D20,19,Adult-Child,2,8,16,output,YBRGYBGGBRYRG,BYGRYBRBYGGYR,0.3076923076923077
S2_D21,20,Adult-Child,1,0,,seed,YRBYBRRYGBBRG,YYGGGBGYBRBGB,0.3076923076923077
S2_D21,20,Adult-Child,1,1,1,output,YGRRBYBBBGYRB,YYGGGBGYRBGBR,0.3846153846153846
S2_D21,20,Adult-Child,1,2,2,output,GBBYGBBGYBRGY,YYGRYGBRYYGBG,0.3076923076923077
S2_D21,20,Adult-Child,1,3,3,output,YRBBYGRBBBBYG,GGBBGYGBGRRBY,0.3846153846153846
S2_D21,20,Adult-Child,1,4,4,output,GBBYRGBBBBYGB,RBYGBBBBGYBRY,0.46153846153846156
S2_D21,20,Adult-Child,1,5,5,output,GBYRGBBRGBBYR,GBBRYGBBBBYGR,0.6153846153846154
S2_D21,20,Adult-Child,1,6,6,output,GBBRGBYRGBYRG,GBYRGBYGBBYGB,0.6153846153846154
S2_D21,20,Adult-Child,1,7,7,output,GBGBYRGBGBYRG,GBBRYGBYRGBRY,0.46153846153846156
S2_D21,20,Adult-Child,1,8,8,output,GBBYRGBYRGBRG,GBGBYRGBGBRYG,0.6923076923076923
S2_D21,20,Adult-Child,2,0,,seed,RYGYRRBRGRBRB,YYYGGRGGBGGGB,0.3076923076923077
S2_D21,20,Adult-Child,2,1,9,output,RBRGYBRGYBGRY,YYGGGRGGGGBGY,0.3076923076923077
S2_D21,20,Adult-Child,2,2,10,output,BRBBYRBYRBYGR,RBRGYRGBRGYBR,0.46153846153846156
S2_D21,20,Adult-Child,2,3,11,output,YGBRYGBRGYBRG,BYRBYRBYRBGGR,0.3076923076923077
S2_D21,20,Adult-Child,2,4,12,output,BBGYRBBBBBGYR,YGBRYGBRYGBRG,0.3076923076923077
S2_D21,20,Adult-Child,2,5,13,output,YGRYGRBYGRBBY,BBGYRBBBBBGRY,0.3076923076923077
S2_D21,20,Adult-Child,2,6,14,output,BGYRBGYRBGRBB,YGRBYGRBYGRBY,0.5384615384615384
S2_D21,20,Adult-Child,2,7,15,output,YGRYGBRYGBRYG,BGYRBGYRBGRBB,0.3846153846153846
S2_D21,20,Adult-Child,2,8,16,output,BBGYRBGYRBBGY,YGRBYGRYGRBGB,0.3846153846153846
S2_D22,21,Child-Child,1,0,,seed,GYGRYBYYYYRRR,YRBRRGYRRBYRY,0.3076923076923077
S2_D22,21,Child-Child,1,1,1,output,GGGYRBBBGYYYY,YRBBRRGYRBGYR,0.3076923076923077
S2_D22,21,Child-Child,1,2,2,output,YRBGYRBGRBYGR,YRGGGYBBYRGYY,0.46153846153846156
S2_D22,21,Child-Child,1,3,3,output,YRBGYRBBBBGRY,YRBGYRBGRBYGR,0.6923076923076923
S2_D22,21,Child-Child,1,4,4,output,YRBGRGYBRGYBR,YRBGYRBBBBGRY,0.46153846153846156
S2_D22,21,Child-Child,1,5,5,output,YRBGRGYBRGYBB,YGRBGYRBGRGYB,0.5384615384615384
S2_D22,21,Child-Child,1,6,6,output,YRGBRGYRGGBRR,YRBGYRBGRGYBR,0.5384615384615384
S2_D22,21,Child-Child,1,7,7,output,RYGBRGRGRBGRR,YRGBYGRBYRGRY,0.46153846153846156
S2_D22,21,Child-Child,1,8,8,output,YRGBRGYRGBYRG,RYGBRYGGYRBGR,0.46153846153846156
S2_D22,21,Child-Child,2,0,,seed,BYGRGRGRRGYGG,GBGBYRYYBBRRR,0.15384615384615385
S2_D22,21,Child-Child,2,1,9,output,YBRGRGRGRGRGY,GBGBRYYBBRRRY,0.3076923076923077
S2_D22,21,Child-Child,2,2,10,output,YBYRGYRGBRYBR,GYBRGYBRYYBBR,0.5384615384615384
S2_D22,21,Child-Child,2,3,11,output,RYGBRGYRBBGBY,GBYRGYRRGYRBY,0.46153846153846156
S2_D22,21,Child-Child,2,4,12,output,RGYRBGRYBRGBG,RYGBRYGRRBGRY,0.46153846153846156
S2_D22,21,Child-Child,2,5,13,output,YRGBRGYRYRRRR,RGYRGBRGRYGBR,0.5384615384615384
S2_D22,21,Child-Child,2,6,14,output,YRGYYGRBYRBBB,YRGBRYGRYRRRR,0.5384615384615384
S2_D22,21,Child-Child,2,7,15,output,RYRBGRYGRBGGY,RGYRGYGBYRGRY,0.46153846153846156
S2_D22,21,Child-Child,2,8,16,output,RYGGGRYGYYGRB,YRYGBRYBBGRGB,0.46153846153846156
S2_D23,22,Adult-Child,1,0,,seed,RYRRYBYBRGGYY,BYRGGGGYBRGRR,0.3846153846153846
S2_D23,22,Adult-Child,1,1,1,output,RRYYBBRRGRGYB,BYGRYBGGRYBRG,0.23076923076923073
S2_D23,22,Adult-Child,1,2,2,output,BYBRBYRGRBRYR,RRGGYYBBRYGYB,0.23076923076923073
S2_D23,22,Adult-Child,1,3,3,output,RRGGYYBBRYYBG,BYBRBGYBRGYBB,0.3846153846153846
S2_D23,22,Adult-Child,1,4,4,output,BYRGYBRGBYBRB,GGYYBBRRGYBRG,0.3846153846153846
S2_D23,22,Adult-Child,1,5,5,output,GGYYBBRRGYBRG,BYRYBRBYGGGYB,0.3076923076923077
S2_D23,22,Adult-Child,1,6,6,output,BYBRBYBRGGGBY,GGYYBBRRGYBRG,0.3076923076923077
S2_D23,22,Adult-Child,1,7,7,output,GGYYBBRRGYBRG,BYBRBYBRGGGYB,0.3076923076923077
S2_D23,22,Adult-Child,1,8,8,output,BYBRBYBRGGGBB,GGYYBRRGBYRRG,0.23076923076923073
S2_D23,22,Adult-Child,2,0,,seed,GRYYBYBRBYGBB,GYGYYBRGBGGBG,0.5384615384615384
S2_D23,22,Adult-Child,2,1,9,output,GGBRYRBYGRBYB,GYYBRGBGBGBYR,0.3846153846153846
S2_D23,22,Adult-Child,2,2,10,output,GRGRBYBYGYRRB,GYBRYRBYGRBYG,0.3846153846153846
S2_D23,22,Adult-Child,2,3,11,output,YRBGYRBYGBYBB,GRGRGYBYBGYBB,0.5384615384615384
S2_D23,22,Adult-Child,2,4,12,output,GRGRGRGYBBYBG,GYRGBYGRBYYBY,0.46153846153846156
S2_D23,22,Adult-Child,2,5,13,output,YRGYBYRYBBYBY,GRGRGRYBYBGBR,0.46153846153846156
S2_D23,22,Adult-Child,2,6,14,output,GRGRGRYBYBGGY,YGRYBBYRGYBYB,0.3076923076923077
S2_D23,22,Adult-Child,2,7,15,output,RYYRYBBYRYBBB,GRGRGRYBYBYBG,0.3846153846153846
S2_D23,22,Adult-Child,2,8,16,output,GRGRGRGRBYBYB,YRYYBRYRYYBYG,0.46153846153846156
S2_D24,23,Adult-Child,1,0,,seed,GYYRBRRBRYGBY,BGRYRRYGBBGBY,0.46153846153846156
S2_D24,23,Adult-Child,1,1,1,output,GYRRBBYRBGGYR,RGYRRRBRGRBBB,0.3846153846153846
S2_D24,23,Adult-Child,1,2,2,output,RGBYRRRYBGYRB,GYRBRRYBGBRYY,0.5384615384615384
S2_D24,23,Adult-Child,1,3,3,output,GYRBYRGBRRRYG,BRGYRRRGYBGRB,0.3076923076923077
S2_D24,23,Adult-Child,1,4,4,output,YGBYRRRGYBRBY,GYBRRRRYBRGBR,0.5384615384615384
S2_D24,23,Adult-Child,1,5,5,output,GYBRRRRGBYGRB,YGBYRRYBGRRRY,0.3076923076923077
S2_D24,23,Adult-Child,1,6,6,output,GYBYRRGBYRGBB,GYBRRRRYBRGYR,0.5384615384615384
S2_D24,23,Adult-Child,1,7,7,output,GYRBRRRYGBBGY,GYBYRRGYBYRRR,0.3846153846153846
S2_D24,23,Adult-Child,1,8,8,output,GYBYRRRGBYRGB,GYRRRBRYYBGBG,0.46153846153846156
S2_D24,23,Adult-Child,2,0,,seed,BGGGGGGGBRRRG,BYYRBGBGGRBBG,0.3846153846153846
S2_D24,23,Adult-Child,2,1,9,output,BGGGGGRBGRRRB,BYRBYRRBBGGGG,0.23076923076923073
S2_D24,23,Adult-Child,2,2,10,output,YRBRRRBBBGGGG,BGGGGBRRBGGBR,0.23076923076923073
S2_D24,23,Adult-Child,2,3,11,output,BYRGGGGRRBYBB,YRBRRBBGRRBYR,0.3846153846153846
S2_D24,23,Adult-Child,2,4,12,output,RYBRYRGGRYBRR,YBRGGGRBBRBBR,0.5384615384615384
S2_D24,23,Adult-Child,2,5,13,output,GYRBGGGRRBBYR,RYBRYRGBRRYGG,0.3076923076923077
S2_D24,23,Adult-Child,2,6,14,output,RYBRRGBYRGGBY,GGBRBRBYYRBRB,0.3846153846153846
S2_D24,23,Adult-Child,2,7,15,output,GGBBRYYGRBRBY,RYBRRGBYYRGGR,0.23076923076923073
S2_D24,23,Adult-Child,2,8,16,output,GYRBRRYYGBYRG,GGBBRYYGRBBRR,0.5384615384615384
S2_D25,24,Adult-Child,1,0,,seed,GYYGRGBRGBGGB,RGBBGGYRGRBRY,0.3076923076923077
S2_D25,24,Adult-Child,1,1,1,output,BBBBBBBBBBBBB,GRBBYGBRBYGYB,0.3846153846153846
S2_D25,24,Adult-Child,1,2,2,output,RBBYGBRYGBBBG,BBBBBBBBBBBBB,0.46153846153846156
S2_D25,24,Adult-Child,1,3,3,output,BBBBBBBBBBBBB,RBGBYBBBRGYBR,0.46153846153846156
S2_D25,24,Adult-Child,1,4,4,output,RBYBBGRRBBBGY,BBBBBBBBBBBBB,0.46153846153846156
S2_D25,24,Adult-Child,1,5,5,output,BBBBBBBBBBBBB,RBYRBBBGYBBRR,0.46153846153846156
S2_D25,24,Adult-Child,1,6,6,output,RBBRGYRBYRBBB,BBBBBBBBBBBBB,0.46153846153846156
S2_D25,24,Adult-Child,1,7,7,output,BBBBBBBBBBBBB,RBBYGRBBYGRRY,0.3076923076923077
S2_D25,24,Adult-Child,1,8,8,output,RBBYGRBBYGRRY,BBBBBBBBBBBBB,0.3076923076923077
S2_D25,24,Adult-Child,2,0,,seed,GYYBGYGRRGGBR,RRRBBBBGGYYYR,0.15384615384615385
S2_D25,24,Adult-Child,2,1,9,output,YYYBGYYBRYRBY,RRRBBBBGGYYRR,0.15384615384615385
S2_D25,24,Adult-Child,2,2,10,output,RRRBBBYYRRBBR,YYYBGRRBYYYBG,0.23076923076923073
S2_D25,24,Adult-Child,2,3,11,output,YYYRBGRBYYRBG,RRRBBBYYRRBBY,0.3846153846153846
S2_D25,24,Adult-Child,2,4,12,output,RRRBBBYYRRBBY,YYYBRGYYRRBBG,0.5384615384615384
S2_D25,24,Adult-Child,2,5,13,output,YYBRGYYBRGBGY,RRRBBBYYRRBBY,0.3846153846153846
S2_D25,24,Adult-Child,2,6,14,output,RRRBBBYYRRBBY,YYBRGYYBRGBBR,0.3846153846153846
S2_D25,24,Adult-Child,2,7,15,output,YYBRGYYBRGYBB,RRRBBBYYRRBBY,0.3076923076923077
S2_D25,24,Adult-Child,2,8,16,output,RRRBBBYYRRBBY,YYBRGYYBRGBBY,0.46153846153846156
S2_D26,25,Adult-Child,1,0,,seed,GBBYYBRYRRBGG,RRGGRYGGGBBGB,0.15384615384615385
S2_D26,25,Adult-Child,1,1,1,output,BBGYYBBRGYYBB,RRGGYGBGGGYBG,0.46153846153846156
S2_D26,25,Adult-Child,1,2,2,output,RRGBBYYBGGRBB,BBGYYBRGGYBBG,0.46153846153846156
S2_D26,25,Adult-Child,1,3,3,output,BBBYYGGYRBGGY,RRGYBRYGBRRGR,0.23076923076923073
S2_D26,25,Adult-Child,1,4,4,output,RBBGYYRRGBBYB,BBBYYGRYYGRBB,0.46153846153846156
S2_D26,25,Adult-Child,1,5,5,output,BBBYGRYGBBRBB,RRBGGYBGRYGBB,0.3846153846153846
S2_D26,25,Adult-Child,1,6,6,output,BBGRYBGYRBGYY,BBYGBBRYGYGRB,0.3846153846153846
S2_D26,25,Adult-Child,1,7,7,output,BBYGRYRGBBYRR,BBGRYBBGRYYGR,0.5384615384615384
S2_D26,25,Adult-Child,1,8,8,output,BBGRYBGRYGBRB,BBGYRYGRBYBRR,0.6153846153846154
S2_D26,25,Adult-Child,2,0,,seed,YYYYYYGBBRYYR,BRRYGRRBBRGBR,0.3846153846153846
S2_D26,25,Adult-Child,2,1,9,output,YYYYYYBGBYYYG,BBYGRYGRGYRRB,0.23076923076923073
S2_D26,25,Adult-Child,2,2,10,output,BBYRGRYBRGRGR,YYYYYYYBGBYYY,0.23076923076923073
S2_D26,25,Adult-Child,2,3,11,output,YYYYYYYBGYYYY,BBYGRYBGYYGRG,0.3846153846153846
S2_D26,25,Adult-Child,2,4,12,output,BBGYRRBGYGYYR,YYYYYYYBGYYYY,0.3846153846153846
S2_D26,25,Adult-Child,2,5,13,output,YYYYYYYBGGYYY,BBGYRRGYBGYGG,0.3076923076923077
S2_D26,25,Adult-Child,2,6,14,output,BBBBYRYBYRYGG,YYYYYYYBGGYYY,0.3076923076923077
S2_D26,25,Adult-Child,2,7,15,output,YYYYYYYBGGYYY,BBBBYRYRBYGGG,0.23076923076923073
S2_D26,25,Adult-Child,2,8,16,output,BBBBBYRYRYGGG,YYYYYYYBGGYYY,0.15384615384615385
S2_D27,26,Adult-Child,1,0,,seed,RYBRRBGRRRYRB,YYBGRYRGBBBGR,0.3076923076923077
S2_D27,26,Adult-Child,1,1,1,output,BBBRRYRRRBYRR,YYBRBGRBYYYBY,0.3076923076923077
S2_D27,26,Adult-Child,1,2,2,output,YYBRYYYBRRYYB,BRRRBYRYBBBBB,0.3076923076923077
S2_D27,26,Adult-Child,1,3,3,output,BBRYYBBRYBRYY,YBRYBRRYBYYYY,0.6153846153846154
S2_D27,26,Adult-Child,1,4,4,output,YBRRYYBRYYYYB,BBRYYBYBBYYYY,0.6153846153846154
S2_D27,26,Adult-Child,1,5,5,output,BYBBYYYYBYYYY,YBRYBRRRYBRYY,0.3846153846153846
S2_D27,26,Adult-Child,1,6,6,output,RYBRYBRRRRYBR,BYBBYYYYBYYYY,0.3076923076923077
S2_D27,26,Adult-Child,1,7,7,output,BBYBYYYYBYBYY,BRYBRRRRYBRRR,0.3076923076923077
S2_D27,26,Adult-Child,1,8,8,output,BBBRRYBRRRRRR,BBBYYYYYYBYBB,0.3076923076923077
S2_D27,26,Adult-Child,2,0,,seed,BBGGRYGGBRGRY,BGRRGRRBYBYYR,0.3076923076923077
S2_D27,26,Adult-Child,2,1,9,output,BBRGGBGRYBBGG,RRBGRBYYBBBBB,0.3076923076923077
S2_D27,26,Adult-Child,2,2,10,output,BBRGYBRYBBBBB,BRRGBRGBBRYBR,0.5384615384615384
S2_D27,26,Adult-Child,2,3,11,output,BBBRGGBBRRGYR,BGYBBBBGYBBBB,0.23076923076923073
S2_D27,26,Adult-Child,2,4,12,output,BGYBGYBBBBBGY,BBRGGYBBRGYBB,0.3846153846153846
S2_D27,26,Adult-Child,2,5,13,output,BBRRRRRRRRRRR,BGYBYBBBBBGYB,0.07692307692307687
S2_D27,26,Adult-Child,2,6,14,output,BBRRGYBRYBRRB,BBRRRRRRRRRRR,0.5384615384615384
S2_D27,26,Adult-Child,2,7,15,output,BBRRRRRRRRRBB,BBRRGYBBRYBBB,0.5384615384615384
S2_D27,26,Adult-Child,2,8,16,output,BBRRYBBYBRYBR,BBRRRRRBBBBBB,0.46153846153846156
S2_D28,27,Adult-Child,1,0,,seed,RRYYYGBBGGGGG,RYGGYRYRYBRYB,0.15384615384615385
S2_D28,27,Adult-Child,1,1,1,output,RRBYYYGBRRRGY,YRRYRYGYGGYRB,0.3076923076923077
S2_D28,27,Adult-Child,1,2,2,output,YYRYRYGYBRRYG,RYRYYGYGRRRYG,0.6923076923076923
S2_D28,27,Adult-Child,1,3,3,output,RYRYYBYRGYYYG,YGYGYYRYGBBBG,0.3846153846153846
S2_D28,27,Adult-Child,1,4,4,output,YGYGYYBRYGYYR,RYRYYBYGGGGGG,0.3076923076923077
S2_D28,27,Adult-Child,1,5,5,output,RYRYYBGGGGGGG,YGYGYYBBGYYGY,0.3846153846153846
S2_D28,27,Adult-Child,1,6,6,output,YGYGYBRYGYYGY,RYRYYBGGGGGGG,0.3846153846153846
S2_D28,27,Adult-Child,1,7,7,output,RYRYYYBGGGGGG,YGYGYBRYYGYYY,0.3076923076923077
S2_D28,27,Adult-Child,1,8,8,output,YGYGYGBRYGYYY,RYRYYYBGGGGGG,0.3076923076923077
S2_D28,27,Adult-Child,2,0,,seed,YYBYYGBGGRBBB,GYBRRRRBBYYBR,0.23076923076923073
S2_D28,27,Adult-Child,2,1,9,output,YYYBGYRBBBBBB,GYBRRBBRRBYGR,0.3076923076923077
S2_D28,27,Adult-Child,2,2,10,output,GYBRBRYYGGYBR,YYYYYRGYBBBBB,0.3076923076923077
S2_D28,27,Adult-Child,2,3,11,output,YYYYYRGYYBYYY,GYGGRYBRRBBBB,0.15384615384615385
S2_D28,27,Adult-Child,2,4,12,output,YGYGGRRBYBRBY,YYYYYBRGYBYYY,0.46153846153846156
S2_D28,27,Adult-Child,2,5,13,output,YYYYYBRGYBBRG,YGYGGRYYYBYYY,0.3076923076923077
S2_D28,27,Adult-Child,2,6,14,output,YGYGGGRBBYYYY,YYYYYBYRYBGGG,0.23076923076923073
S2_D28,27,Adult-Child,2,7,15,output,YYYYYBGYBYRGY,YGYGGRYYYBYYY,0.3846153846153846
S2_D28,27,Adult-Child,2,8,16,output,YGYGYGGRRBYYY,YYYYYBYGYRYYY,0.5384615384615384
S2_D29,28,Adult-Child,1,0,,seed,BRRGYBBGBRGBB,GBBGYBGRRBBRG,0.3846153846153846
S2_D29,28,Adult-Child,1,1,1,output,BBRGYBBGYRBBG,GBBGGRRBGYBGG,0.5384615384615384
S2_D29,28,Adult-Child,1,2,2,output,BBGYBRGBBYRRB,BBGBYRBGBYBGR,0.46153846153846156
S2_D29,28,Adult-Child,1,3,3,output,BBGYRBBGBGRYB,BBGBYRYBGBBRY,0.6923076923076923
S2_D29,28,Adult-Child,1,4,4,output,BBGYRBBGYGYBB,BBGBYBGBBRBGY,0.46153846153846156
S2_D29,28,Adult-Child,1,5,5,output,BBGYBBGBBGYGR,BBGBRBGYBBGRY,0.5384615384615384
S2_D29,28,Adult-Child,1,6,6,output,BBGYBRBBGRGYB,BBGBYBGBBYGRR,0.5384615384615384
S2_D29,28,Adult-Child,1,7,7,output,BBGYBRBBGYRBG,BBGYGRBYRBGBR,0.6153846153846154
S2_D29,28,Adult-Child,1,8,8,output,BBGYBBGRBYRBB,BBGBYRBBGYRBR,0.6153846153846154
S2_D29,28,Adult-Child,2,0,,seed,BGYYYGYRYYRRY,GGYGYGBYRRGBR,0.46153846153846156
S2_D29,28,Adult-Child,2,1,9,output,BBGYYYRGYRBRY,GGGYGBRYGRRBR,0.46153846153846156
S2_D29,28,Adult-Child,2,2,10,output,GGGYRBGYRGBBY,GGYGBGRYBRBBG,0.5384615384615384
S2_D29,28,Adult-Child,2,3,11,output,GGGYBRGRBRYGY,GGGYRGRGYRBGR,0.6153846153846154
S2_D29,28,Adult-Child,2,4,12,output,GGGYBRGYRBGYG,YBRBGGYGBRGRG,0.3846153846153846
S2_D29,28,Adult-Child,2,5,13,output,YRGYBGRYYBGRY,GGGYBRGRYBGYG,0.5384615384615384
S2_D29,28,Adult-Child,2,6,14,output,YBRYGBRYGYBRY,YYBRGYRGBYRYG,0.46153846153846156
S2_D29,28,Adult-Child,2,7,15,output,YYRBYGRBRGYBG,YYBRYRYGYRYBG,0.5384615384615384
S2_D29,28,Adult-Child,2,8,16,output,BGYRYBGYGYRYB,YYRBGBRBGBYRB,0.3846153846153846
S2_D30,29,Adult-Child,1,0,,seed,RBYBYGGRYYGGB,RGYRYYGYRRYYB,0.46153846153846156
S2_D30,29,Adult-Child,1,1,1,output,RBBYYGYYGRYGB,GYRRYGBYRGYYR,0.3076923076923077
S2_D30,29,Adult-Child,1,2,2,output,GYRRYGBYGRYYG,RBYGRYYYYGRBY,0.46153846153846156
S2_D30,29,Adult-Child,1,3,3,output,RBYGYYYYBGRBY,GYYRBYYYRGYYY,0.46153846153846156
S2_D30,29,Adult-Child,1,4,4,output,GYYBYGRYGBBBR,RBGYYYRGYYYRB,0.3076923076923077
S2_D30,29,Adult-Child,1,5,5,output,RBYGYYGYYRBBB,GYBYYYBYRBYBG,0.46153846153846156
S2_D30,29,Adult-Child,1,6,6,output,YYYBYRYYYGGYB,RBYGYYYRBBBBB,0.3076923076923077
S2_D30,29,Adult-Child,1,7,7,output,RBYGYYYYRBBBB,YYYRBYYYGGGBG,0.3846153846153846
S2_D30,29,Adult-Child,1,8,8,output,RYYYYGBBBBGYG,RBYGYYYYRBBBB,0.46153846153846156
S2_D30,29,Adult-Child,2,0,,seed,GBRGRRGRBRBBY,GBGRYRYRYRGGR,0.46153846153846156
S2_D30,29,Adult-Child,2,1,9,output,GBBRYGBBRGYRR,GBGRYGBGBGBRY,0.6153846153846154
S2_D30,29,Adult-Child,2,2,10,output,GYRGBGBGBGBGB,GBYRGGGBYRGBB,0.6153846153846154
S2_D30,29,Adult-Child,2,3,11,output,GYBRGBGBYRBGY,GYRGGGBGBGGGB,0.46153846153846156
S2_D30,29,Adult-Child,2,4,12,output,GGYRBGGYRBGBR,GBYGBGBYGRGGB,0.5384615384615384
S2_D30,29,Adult-Child,2,5,13,output,GBYRGBRYYRGBR,GGYBRGGYRBGRY,0.3846153846153846
S2_D30,29,Adult-Child,2,6,14,output,GGYBRGGRBYGGB,GBYRGBYRBRYRY,0.3846153846153846
S2_D30,29,Adult-Child,2,7,15,output,GYBRGYBRBGYRB,GGYBRGYBGGBRB,0.6923076923076923
S2_D30,29,Adult-Child,2,8,16,output,GGYBRGBRGBYRG,GYBRGBRBGYBRB,0.6153846153846154
S2_D31,30,Adult-Child,1,0,,seed,BYGRRGYYBYGRR,GBGBRRYYRYYGR,0.46153846153846156
S2_D31,30,Adult-Child,1,1,1,output,BYGRRBYGRRBYG,GBGGBRRBYGRBY,0.6153846153846154
S2_D31,30,Adult-Child,1,2,2,output,GGBGRYBGGBRYB,BYRBYGYYGRBYB,0.3846153846153846
S2_D31,30,Adult-Child,1,3,3,output,BYRBYGYYGRBGR,GGBRYBGGBRYBR,0.23076923076923073
S2_D31,30,Adult-Child,1,4,4,output,GGBRYGBYGGYBG,RGYYRGBYYRYYY,0.3846153846153846
S2_D31,30,Adult-Child,1,5,5,output,RGYYRGBYGRYYY,GGBYRRBYRRGGB,0.46153846153846156
S2_D31,30,Adult-Child,1,6,6,output,GGBYRYBGRBGRY,RBYGGRBYGGYBY,0.3076923076923077
S2_D31,30,Adult-Child,1,7,7,output,RBYGGRBYGYBYB,GGRYBGRBYGBYR,0.5384615384615384
S2_D31,30,Adult-Child,1,8,8,output,GGRYGGBYGRYGB,RBYGGRBYGYBRG,0.3846153846153846
S2_D31,30,Adult-Child,2,0,,seed,RGGBGGYRGGGRG,GRYRYGRYGRBGY,0.23076923076923073
S2_D31,30,Adult-Child,2,1,9,output,RGGYBRBGGRGGY,GYBYGRGYBYBYB,0.23076923076923073
S2_D31,30,Adult-Child,2,2,10,output,GGBYGRYBYBYBY,RBYGGRYGRBYBY,0.6153846153846154
S2_D31,30,Adult-Child,2,3,11,output,RBYGGRYRBYBYB,GRYYGRYBYBYBY,0.6153846153846154
S2_D31,30,Adult-Child,2,4,12,output,GRYYGRBBYBYBY,RBYGGRBYGRBYB,0.46153846153846156
S2_D31,30,Adult-Child,2,5,13,output,RBYGGRBYGRBYB,GRYYGRYBYBYBY,0.46153846153846156
S2_D31,30,Adult-Child,2,6,14,output,GRYYGRBBGRYBY,BYGGRBYGRBYBY,0.6153846153846154
S2_D31,30,Adult-Child,2,7,15,output,BYGGRBYGRYBYB,GRYYGRBBGRYBY,0.6153846153846154
S2_D31,30,Adult-Child,2,8,16,output,GRYYGRBBGRYBY,BYGGRBYGRYBYB,0.6153846153846154
S2_D32,31,Adult-Child,1,0,,seed,BYRRBRBYGGRRB,BYGRYRYBYRGBG,0.46153846153846156
S2_D32,31,Adult-Child,1,1,1,output,YRBBRRGYBYGGY,BRYGRRBYGBRGY,0.46153846153846156
S2_D32,31,Adult-Child,1,2,2,output,BGRBGBRGYBBYR,RBBYGYRBGYBRR,0.3846153846153846
S2_D32,31,Adult-Child,1,3,3,output,RGRBYYGRYBGYR,RGBRYGRYGBRYG,0.6153846153846154
S2_D32,31,Adult-Child,1,4,4,output,GRRBRGYBRYYGB,RGBYRBYGRGBYY,0.3076923076923077
S2_D32,31,Adult-Child,1,5,5,output,RBRYGYBBBBBBG,RGBYYGRYGBRBY,0.3846153846153846
S2_D32,31,Adult-Child,1,6,6,output,RBBBRYBGBYYBB,RGYBBBBBGBBBB,0.5384615384615384
S2_D32,31,Adult-Child,1,7,7,output,BBBGBBYYBBBGB,RGBBBYBBGBBBY,0.46153846153846156
S2_D32,31,Adult-Child,1,8,8,output,RGBBYBBBBBBGB,RBBBBBBYBBBGB,0.7692307692307692
S2_D32,31,Adult-Child,2,0,,seed,GBBBYYYRRGRYB,BBGGRBYYBYRYY,0.3076923076923077
S2_D32,31,Adult-Child,2,1,9,output,GBBBRYRRGYBGR,RBBGGYYRBBGGY,0.3846153846153846
S2_D32,31,Adult-Child,2,2,10,output,RBBBBGGGYYRRY,RGGBBYRGGBYBY,0.46153846153846156
S2_D32,31,Adult-Child,2,3,11,output,RGGGBBBYYRYBG,RBBBBGGGYYYRB,0.3076923076923077
S2_D32,31,Adult-Child,2,4,12,output,RRBBYYGGBBYRG,RBBBGGGYYRRBG,0.46153846153846156
S2_D32,31,Adult-Child,2,5,13,output,RBBBBBBBBBGYG,RRBBYYGGRRBBY,0.3076923076923077
S2_D32,31,Adult-Child,2,6,14,output,RRBBGYYRBGYGR,RBBBBBBBBBGYG,0.46153846153846156
S2_D32,31,Adult-Child,2,7,15,output,RRRBBBBGGYYYY,RRBBYYGGYGRRY,0.5384615384615384
S2_D32,31,Adult-Child,2,8,16,output,RBBYYGGGYGGRR,RRRRBBGGYYYGR,0.3846153846153846
S2_D33,32,Adult-Child,1,0,,seed,RRBBRYGBRBYYB,BBRBBGGRYGRBB,0.46153846153846156
S2_D33,32,Adult-Child,1,1,1,output,BBRYBBRGYBBRR,BBBBBRRYGGYRB,0.46153846153846156
S2_D33,32,Adult-Child,1,2,2,output,BBBBRYBBRYRBB,BBRRGYYBBRYGB,0.5384615384615384
S2_D33,32,Adult-Child,1,3,3,output,BBRYGBBRRYBRG,BBBBRYBBRRYYB,0.5384615384615384
S2_D33,32,Adult-Child,1,4,4,output,BBBBRRYBBRYBR,BBRYGBBRGBYBB,0.46153846153846156
S2_D33,32,Adult-Child,1,5,5,output,BBRRYGBBRRYBB,BBBBRYBRRYBBR,0.6153846153846154
S2_D33,32,Adult-Child,1,6,6,output,BBBBRYBBRRYBR,BBRYBGYYBBRGB,0.46153846153846156
S2_D33,32,Adult-Child,1,7,7,output,BBRRGYBBRGGBB,BBBRYBRYBRRYB,0.46153846153846156
S2_D33,32,Adult-Child,1,8,8,output,BBBRRYBRRYBRR,BBRRGYBBRGYBR,0.6153846153846154
S2_D33,32,Adult-Child,2,0,,seed,RBBRRRBBYRRRB,YGBYBYBBRBYGY,0.23076923076923073
S2_D33,32,Adult-Child,2,1,9,output,RRBBYRBRRRYBR,YGYRGYBBRGBYG,0.23076923076923073
S2_D33,32,Adult-Child,2,2,10,output,YGYGBBRYGYBBR,RRBBYRBYYRBRR,0.3076923076923077
S2_D33,32,Adult-Child,2,3,11,output,BBRRYYBRRBBYR,GYGYBRRBGYBRB,0.3846153846153846
S2_D33,32,Adult-Child,2,4,12,output,GYGYBRGYGYRBB,BBRRYYBRYBBRR,0.23076923076923073
S2_D33,32,Adult-Child,2,5,13,output,BBRRGYBBRRBBY,GYGYRBRBGYRBR,0.23076923076923073
S2_D33,32,Adult-Child,2,6,14,output,GYGYRBRBGYRGY,BBRRGYBBRRGYB,0.3076923076923077
S2_D33,32,Adult-Child,2,7,15,output,BBRRGYBBRGRYB,GYGYRBRBGYRGR,0.3076923076923077
S2_D33,32,Adult-Child,2,8,16,output,GYRBGYRBBBGRY,BBRRGYBBRGYRB,0.46153846153846156
S2_D34,33,Adult-Child,1,0,,seed,GRRYRBBRRYGRR,YRRGRBBYBRRBY,0.46153846153846156
S2_D34,33,Adult-Child,1,1,1,output,GRYBBBBBBBBBG,YRRBGRRRBYYYY,0.23076923076923073
S2_D34,33,Adult-Child,1,2,2,output,YRBBGGYBBRBGY,YGRBBBBBBBBBY,0.5384615384615384
S2_D34,33,Adult-Child,1,3,3,output,YRBBGBBBBBBBB,YRBBGGBRBBBYB,0.7692307692307692
S2_D34,33,Adult-Child,1,4,4,output,YRBBBGGYBBGGR,YRBBGGBBBBBBB,0.5384615384615384
S2_D34,33,Adult-Child,1,5,5,output,YRBBBGGBBBBBB,YRBBBGYGBBBBY,0.7692307692307692
S2_D34,33,Adult-Child,1,6,6,output,YRRBGGRRBBBYR,YRBBBGGBBBBBB,0.5384615384615384
S2_D34,33,Adult-Child,1,7,7,output,YRBBBBGGGBBBB,YRRBGGRBBBBBB,0.5384615384615384
S2_D34,33,Adult-Child,1,8,8,output,YRBBGGRRBBGGB,YRBBBGGGBBBBB,0.6153846153846154
S2_D34,33,Adult-Child,2,0,,seed,GRGBBYGYGBGYY,BYRYYGRBRRGBB,0.15384615384615385
S2_D34,33,Adult-Child,2,1,9,output,YRBBBRGBBRYGR,RYBBGRRYBBBGR,0.46153846153846156
S2_D34,33,Adult-Child,2,2,10,output,YRGBBGRYYRGBB,YRBBBGRYGRBBB,0.7692307692307692
S2_D34,33,Adult-Child,2,3,11,output,YRBBBGBBBBBBB,YRBGRBYBBGRYB,0.46153846153846156
S2_D34,33,Adult-Child,2,4,12,output,YRGBBGRYBBGBB,YRBBBGRBBBBBB,0.7692307692307692
S2_D34,33,Adult-Child,2,5,13,output,YRGBBRBBBBBBB,YRBGBRYYGRBBB,0.5384615384615384
S2_D34,33,Adult-Child,2,6,14,output,YRBBGGBYBBRGB,YRGBBGRBBBBBB,0.6153846153846154
S2_D34,33,Adult-Child,2,7,15,output,YRGGBBBBBBBBB,YRBBGGBBRYBBY,0.46153846153846156
S2_D34,33,Adult-Child,2,8,16,output,YRBBGBBYRBBRB,YRGBBBBBBBBBB,0.6153846153846154
S2_D35,34,Adult-Child,1,0,,seed,RYYYYBYBGRYBG,YGGRRGGRYGRBY,0.23076923076923073
S2_D35,34,Adult-Child,1,1,1,output,RYYYYBBGYRYYB,YGGRGYYGGGYYY,0.3076923076923077
S2_D35,34,Adult-Child,1,2,2,output,RYYYYBBBYGYBR,RYYBBYYYYYGYR,0.5384615384615384
S2_D35,34,Adult-Child,1,3,3,output,RYYYYBRRYYYBB,RYYYYBBBGYYYR,0.6153846153846154
S2_D35,34,Adult-Child,1,4,4,output,RYYYGYYYRYYYB,RYYYYBBRYYGYR,0.6153846153846154
S2_D35,34,Adult-Child,1,5,5,output,RYYYYGYYYRGBY,YYYRYYYYYYYGB,0.6153846153846154
S2_D35,34,Adult-Child,1,6,6,output,YYYYRYYYYYYBB,RYYYGYYYRYYYB,0.6923076923076923
S2_D35,34,Adult-Child,1,7,7,output,YRRRBGRYBBRYG,YYYRYYYYYYYBG,0.3076923076923077
S2_D35,34,Adult-Child,1,8,8,output,YYYYYBYYYYRBG,YRRRBGYRRBGYR,0.3076923076923077
S2_D35,34,Adult-Child,2,0,,seed,GBYYYRBRRRYRR,YBRYBRYBBBBBB,0.23076923076923073
S2_D35,34,Adult-Child,2,1,9,output,GBBYYYYYYGBYR,YBYBRYBYBBBBB,0.3076923076923077
S2_D35,34,Adult-Child,2,2,10,output,YYBBBBBBBBBBR,GBBYYYGBYGYBY,0.23076923076923073
S2_D35,34,Adult-Child,2,3,11,output,GBYYBYYYGYBGY,YYBBBRBBBBBBB,0.15384615384615385
S2_D35,34,Adult-Child,2,4,12,output,YBBBBBBBYYBRB,GBYYGBYYBBYGG,0.23076923076923073
S2_D35,34,Adult-Child,2,5,13,output,YBBBBBYBBYGBY,YYBBBBYGYGYGR,0.5384615384615384
S2_D35,34,Adult-Child,2,6,14,output,RBYYGBRBYYGBR,YBBBBBBYYBBBY,0.3846153846153846
S2_D35,34,Adult-Child,2,7,15,output,YBBBBBYBBBBYB,RBBYBYYRBRYBG,0.46153846153846156
S2_D35,34,Adult-Child,2,8,16,output,YGBBRYBRBYGYB,YBBBBYYGYBYYG,0.46153846153846156
S2_D36,35,Adult-Child,1,0,,seed,GBGGGRRYBRBBB,RYYBRRBBYYRBG,0.23076923076923073
S2_D36,35,Adult-Child,1,1,1,output,GBBGGRYBBRGBB,RYYRBYGRBYRRY,0.23076923076923073
S2_D36,35,Adult-Child,1,2,2,output,BBRRYGYBBBGRB,GGBRYGBRYBGYB,0.46153846153846156
S2_D36,35,Adult-Child,1,3,3,output,GGRYRBGGBYRYY,BBRRYGRRBBGYR,0.3076923076923077
S2_D36,35,Adult-Child,1,4,4,output,BBRRGRRBBBYYR,GGRRBYGRGGRRB,0.15384615384615385
S2_D36,35,Adult-Child,1,5,5,output,GGRGYYBGRYBBG,BBRRGYBBBRRYG,0.3846153846153846
S2_D36,35,Adult-Child,1,6,6,output,BBRRGYBBBRRYG,GGRYBBGRYBGGY,0.3076923076923077
S2_D36,35,Adult-Child,1,7,7,output,GGRYBBGYBBRGY,BBRRYGBBBRYGG,0.3846153846153846
S2_D36,35,Adult-Child,1,8,8,output,BBRGBYRGGRGGB,GGBRYGGRBYYGG,0.3076923076923077
S2_D36,35,Adult-Child,2,0,,seed,GRRRYBGGRRGGR,YBRYBBRYRGYBG,0.3076923076923077
S2_D36,35,Adult-Child,2,1,9,output,GRYRBGRRYGGRR,YRBYRBBGRYBRG,0.46153846153846156
S2_D36,35,Adult-Child,2,2,10,output,RGYRGBYRRGBBB,GRYBRGRGGGGGG,0.23076923076923073
S2_D36,35,Adult-Child,2,3,11,output,YYRBBYRBBGGGG,GRBRGYGRBYGBR,0.3076923076923077
S2_D36,35,Adult-Child,2,4,12,output,YBBGRBBGGRYRB,YYRBYRBBGGGGG,0.46153846153846156
S2_D36,35,Adult-Child,2,5,13,output,YRRBRYBGGGGGB,YYRBYGRYBRYBB,0.3846153846153846
S2_D36,35,Adult-Child,2,6,14,output,YYGRBBYYRBBGY,YRRBYRBGGGGGB,0.3076923076923077
S2_D36,35,Adult-Child,2,7,15,output,RGYBRYYGRBBYR,YYGRBYRGYBBGB,0.3846153846153846
S2_D36,35,Adult-Child,2,8,16,output,BBYRGBBYYGBRY,RGYBRGYBRGBBB,0.3846153846153846
S2_D37,36,Child-Child,1,0,,seed,GBRRBRYBYYRYR,YRBRBYRRYRGYB,0.3846153846153846
S2_D37,36,Child-Child,1,1,1,output,BRRBGBRBGBGBR,BBBBRRYGRGBYR,0.46153846153846156
S2_D37,36,Child-Child,1,2,2,output,BBBRYGBRYBGRY,BRRGBRYBRGBRY,0.6153846153846154
S2_D37,36,Child-Child,1,3,3,output,GBBRGRBGBYRBY,BBRYGBYRGGYRB,0.46153846153846156
S2_D37,36,Child-Child,1,4,4,output,BYYRBGYBRYRRY,GBBRYRBRBBRRB,0.3846153846153846
S2_D37,36,Child-Child,1,5,5,output,GBRRBYRBGRBYG,BGYRBRGRYRGBR,0.3076923076923077
S2_D37,36,Child-Child,1,6,6,output,BRGRBBRBYRBYR,BBBRRGYBBBRGY,0.3846153846153846
S2_D37,36,Child-Child,1,7,7,output,BBBRGBBBRGYBR,BRBBRGBYYYRYY,0.46153846153846156
S2_D37,36,Child-Child,1,8,8,output,RRGYRYYYBBYRG,BBBRGGBRYBGBB,0.23076923076923073
S2_D37,36,Child-Child,2,0,,seed,YRGGYGBGRYGGG,RGBGRRYBRBYRY,0.23076923076923073
S2_D37,36,Child-Child,2,1,9,output,BRGBRYRBGYBRG,RBGBYRBGRYBGR,0.5384615384615384
S2_D37,36,Child-Child,2,2,10,output,RGBBRYGBRYBGR,BBBRGBBYRBRBG,0.46153846153846156
S2_D37,36,Child-Child,2,3,11,output,BBBGRYBBRYGRB,BRGBBRYGBRYBB,0.5384615384615384
S2_D37,36,Child-Child,2,4,12,output,BRGBBRBRBGYRR,BBBRGBYRBBGYB,0.5384615384615384
S2_D37,36,Child-Child,2,5,13,output,BBBRRBYRRBYGR,BRBBRGYRBRYBG,0.46153846153846156
S2_D37,36,Child-Child,2,6,14,output,BRBBGRYBGRBBY,BBRGYRBYBYGRB,0.46153846153846156
S2_D37,36,Child-Child,2,7,15,output,BBRYGBYBGGRYB,BBRYBBRGYBRBG,0.46153846153846156
S2_D37,36,Child-Child,2,8,16,output,BBRGYBBYBRGYR,BBRGYRBBGBYRB,0.6153846153846154
S2_D38,37,Adult-Child,1,0,,seed,BRYBBBRBYRRBR,BYRYYBGBYGYGY,0.3846153846153846
S2_D38,37,Adult-Child,1,1,1,output,BRBBRBYBGRRBB,BYRBYRGBYGYBR,0.46153846153846156
S2_D38,37,Adult-Child,1,2,2,output,RBRYGYBGRRBBY,BRRBBRRBYGYRB,0.3076923076923077
S2_D38,37,Adult-Child,1,3,3,output,RBRBBBRBRBYGB,BRYBYGYYRYYGR,0.3846153846153846
S2_D38,37,Adult-Child,1,4,4,output,BRBYYGRBYYRYY,BRBRBRBYGYBYG,0.5384615384615384
S2_D38,37,Adult-Child,1,5,5,output,RRBRBRBGRBGYR,BBYYRYRGYRYGY,0.3076923076923077
S2_D38,37,Adult-Child,1,6,6,output,RBRBRGRBGGRBY,RBRBBGRRBYRYB,0.5384615384615384
S2_D38,37,Adult-Child,1,7,7,output,RBRRRYRGBYGYG,BRBRGBRYYBRGB,0.3846153846153846
S2_D38,37,Adult-Child,1,8,8,output,RBRYGBRYRBGYY,RBRRRBRYRYYRG,0.5384615384615384
S2_D38,37,Adult-Child,2,0,,seed,BYBGRRRGRGGGR,GYRGYRGRRYYRG,0.3846153846153846
S2_D38,37,Adult-Child,2,1,9,output,YRYRRBYRBYGRY,GYRGYRRYYGRYB,0.5384615384615384
S2_D38,37,Adult-Child,2,2,10,output,YRYGBRBRGYRBG,YRYRRYBRYRYGB,0.5384615384615384
S2_D38,37,Adult-Child,2,3,11,output,RYRYRYRYGYRYB,YRYGBYRBGYRBG,0.5384615384615384
S2_D38,37,Adult-Child,2,4,12,output,RBBBGYBBBBBBB,RYRYRYGYRYGBB,0.3076923076923077
S2_D38,37,Adult-Child,2,5,13,output,YRYRYRRYGRYGY,RBBBGYBBBBBBB,0.0
S2_D38,37,Adult-Child,2,6,14,output,RYRGBBBBBBBBB,YRYRYRYRYGRYG,0.15384615384615385
S2_D38,37,Adult-Child,2,7,15,output,YRYRYRYYRGYRY,RYGBBBBBBBBBB,0.07692307692307687
S2_D38,37,Adult-Child,2,8,16,output,RYGBBBBBBBBBB,YRYRYYRGYRYGY,0.07692307692307687
S2_D39,38,Adult-Child,1,0,,seed,RRYYGRGGYYYYR,GGGYGBBYGYYGB,0.3076923076923077
S2_D39,38,Adult-Child,1,1,1,output,RRRYYGRRGRGGG,YGGGBYGGRYYGG,0.3076923076923077
S2_D39,38,Adult-Child,1,2,2,output,YYGBBBBGGGGRY,RYGGGBYRGGGGY,0.5384615384615384
S2_D39,38,Adult-Child,1,3,3,output,RGGGGYYGGRYYG,YGGYGGRGGBBYG,0.5384615384615384
S2_D39,38,Adult-Child,1,4,4,output,RGGYYGGYBYYGY,RGGGGYRGYGGGG,0.46153846153846156
S2_D39,38,Adult-Child,1,5,5,output,RYGGGYGGGGGGY,RGGGRGGGYBGGG,0.6153846153846154
S2_D39,38,Adult-Child,1,6,6,output,RRGGGGBBBBBGG,RGGGRYGGGGGGY,0.3846153846153846
S2_D39,38,Adult-Child,1,7,7,output,RGYGGGGGGYGGG,RRGGGBGGGGBBR,0.46153846153846156
S2_D39,38,Adult-Child,1,8,8,output,RRGGGGBBBBBBB,RGYGGGGGYGGGY,0.3076923076923077
S2_D39,38,Adult-Child,2,0,,seed,RBGYGBRGGGGGB,RYBRGBGBRRBRB,0.3846153846153846
S2_D39,38,Adult-Child,2,1,9,output,RYYYBGBGGBBGG,RYBRGGRBYGRBY,0.3846153846153846
S2_D39,38,Adult-Child,2,2,10,output,RBYGGGGBRBBGY,RGRGGGBYGBBGB,0.5384615384615384
S2_D39,38,Adult-Child,2,3,11,output,RGGGYRGBBGYRY,RBGGGRBYGGBBB,0.3846153846153846
S2_D39,38,Adult-Child,2,4,12,output,RBGGGGYRBGYGG,GYGGRYGBBRGYY,0.3076923076923077
S2_D39,38,Adult-Child,2,5,13,output,RBYGGRGYBBBRY,RGYBBRYGGBGGB,0.3076923076923077
S2_D39,38,Adult-Child,2,6,14,output,RYGGRYRBBGYBB,RBGGRBYYGRBBG,0.46153846153846156
S2_D39,38,Adult-Child,2,7,15,output,RBGYRBGBBYBBG,YGRBYGGBRYGBG,0.46153846153846156
S2_D39,38,Adult-Child,2,8,16,output,YGBRYYRGYYBYY,RBYGRBYRBGGBG,0.3076923076923077
S2_D40,39,Adult-Child,1,0,,seed,YRYBGGRGBBBGR,GYBYBBGRRBRYG,0.46153846153846156
S2_D40,39,Adult-Child,1,1,1,output,YRYRGGRBBBGYR,GYBYRYGYYBYBB,0.3076923076923077
S2_D40,39,Adult-Child,1,2,2,output,YGYRYBYGYYGBR,YRYRGYBYGYRBY,0.6153846153846154
S2_D40,39,Adult-Child,1,3,3,output,GYRYBYGYRBYGY,YRYGBGBYYRBGY,0.5384615384615384
S2_D40,39,Adult-Child,1,4,4,output,YRYRGBYGBRYGB,YGRYBGYRYRYBG,0.46153846153846156
S2_D40,39,Adult-Child,1,5,5,output,RYRYGBRBYGYGR,YRYRGBGBRYRBY,0.3846153846153846
S2_D40,39,Adult-Child,1,6,6,output,RYRYGBGBBYGBY,RYRYGBGRYRBGY,0.6923076923076923
S2_D40,39,Adult-Child,1,7,7,output,RYRYGBGRGBYGY,RYRYGBGBGBYBG,0.7692307692307692
S2_D40,39,Adult-Child,1,8,8,output,RYRYGBGBGRBGY,RYRYGBGRYBYBY,0.6153846153846154
S2_D40,39,Adult-Child,2,0,,seed,GBGYRGYGGYGGG,YGYGRBRYRGGGG,0.46153846153846156
S2_D40,39,Adult-Child,2,1,9,output,GBGYGGYGGGYGG,GYGYRBGBRBGGG,0.46153846153846156
S2_D40,39,Adult-Child,2,2,10,output,GYRRRBGRBYGGG,GBYGBRGGYBGGG,0.5384615384615384
S2_D40,39,Adult-Child,2,3,11,output,GBRYBYGGGGGGG,GYRGGBYRGGGYG,0.5384615384615384
S2_D40,39,Adult-Child,2,4,12,output,GYRRBGBBRYGGG,GBYRBYGGGGGGR,0.3846153846153846
S2_D40,39,Adult-Child,2,5,13,output,GRBYGRBGGGGGG,GYBRGYBGGGYGR,0.6153846153846154
S2_D40,39,Adult-Child,2,6,14,output,GYRBGRGBYGGGG,GRBGRBYGGRBGY,0.6153846153846154
S2_D40,39,Adult-Child,2,7,15,output,GRBYGRBGYRGGG,GYRBYGYGYBGYR,0.5384615384615384
S2_D40,39,Adult-Child,2,8,16,output,YGBRBGYGRBGYB,GRBYGRBGRBGYG,0.5384615384615384
S2_D41,40,Adult-Child,1,0,,seed,BRYBYBRYBBYBB,BGBBBGYBYYRGB,0.46153846153846156
S2_D41,40,Adult-Child,1,1,1,output,BRYGYRGBRBGYB,BGBBBYGBGBBRY,0.3076923076923077
S2_D41,40,Adult-Child,1,2,2,output,BGBBBYGRBGBYG,BRYGBRGYBRYBG,0.3846153846153846
S2_D41,40,Adult-Child,1,3,3,output,BRYGYRGRBGYBB,BGBBBYRGBYRBB,0.46153846153846156
S2_D41,40,Adult-Child,1,4,4,output,BGBBBRYGBBGBB,BRYGBRGYRBYBG,0.3846153846153846
S2_D41,40,Adult-Child,1,5,5,output,BRYGBRGYBRYGB,BBGBBRBYRBBBB,0.3846153846153846
S2_D41,40,Adult-Child,1,6,6,output,BBYRGBYGRBYRG,BRYGBRGYBRYGB,0.46153846153846156
S2_D41,40,Adult-Child,1,7,7,output,BRYGBRYYBRGYB,BYRGBYRGBYRGB,0.46153846153846156
S2_D41,40,Adult-Child,1,8,8,output,BYRGBYRGBYRGB,BRYGBRYYBRYGB,0.46153846153846156
S2_D41,40,Adult-Child,2,0,,seed,RBYGGBGYRGGRY,BGBYYBYBGRYBB,0.3076923076923077
S2_D41,40,Adult-Child,2,1,9,output,RBYGRBGRYGBRY,GBBYBGBYBBBBB,0.3076923076923077
S2_D41,40,Adult-Child,2,2,10,output,BGYBBBBGBBBBB,RBYGRBGRRBYRG,0.23076923076923073
S2_D41,40,Adult-Child,2,3,11,output,RBYGBRGGBYRGB,BGYBGYBBBBBBB,0.23076923076923073
S2_D41,40,Adult-Child,2,4,12,output,BGYBBGYBBBBBB,RBYGRBGGRBYRB,0.3076923076923077
S2_D41,40,Adult-Child,2,5,13,output,RBGYRBYGGRYBR,BGYBGYBBBBBBB,0.3076923076923077
S2_D41,40,Adult-Child,2,6,14,output,BRGYBGBBBBRYB,RBGYRBYGRBYGR,0.3076923076923077
S2_D41,40,Adult-Child,2,7,15,output,RBGYRBYGRBGYR,BRYGBBBYBBBRB,0.3076923076923077
S2_D41,40,Adult-Child,2,8,16,output,BRGYBBBYGRBBB,RBYGRBGYRBYGR,0.3076923076923077
S2_D42,41,Adult-Child,1,0,,seed,RYYYRGGRGGRGG,BRGBBRGYGRGGG,0.46153846153846156
S2_D42,41,Adult-Child,1,1,1,output,RYYYRGGGRYGRY,BBRGBBRGYBYRR,0.23076923076923073
S2_D42,41,Adult-Child,1,2,2,output,BRGYYBRGGYBYB,RYYGGGRGBRGRB,0.3076923076923077
S2_D42,41,Adult-Child,1,3,3,output,BBYGRBYRGRYBR,BRGYYGRBRGRBB,0.5384615384615384
S2_D42,41,Adult-Child,1,4,4,output,BRGYYGRBBRGBY,BBYGGYRGBBBYY,0.3846153846153846
S2_D42,41,Adult-Child,1,5,5,output,BYYGGRYGGBYYG,BRGYBBYGGRBBG,0.3846153846153846
S2_D42,41,Adult-Child,1,6,6,output,BRGYYBYGRGBGG,BGYYGGGRYGGBB,0.46153846153846156
S2_D42,41,Adult-Child,1,7,7,output,BBBBBBBBBRGYB,BYGRYYBBGYRRY,0.3076923076923077
S2_D42,41,Adult-Child,1,8,8,output,BRGYGRYYBGGRR,BBBBBBBBBRBYY,0.15384615384615385
S2_D42,41,Adult-Child,2,0,,seed,YGGBRBYGRRRGR,YRBYRBRGYBYYG,0.3076923076923077
S2_D42,41,Adult-Child,2,1,9,output,YYGGRYGRRRRGR,YYYRRGRGBYGRY,0.46153846153846156
S2_D42,41,Adult-Child,2,2,10,output,YYYGRGYRBRRRG,YRRGGGYRYGGYR,0.3846153846153846
S2_D42,41,Adult-Child,2,3,11,output,YYYYGRYGBGRRG,YYYRGRYYGGBGY,0.5384615384615384
S2_D42,41,Adult-Child,2,4,12,output,YYYYGGRGRGYGB,YYYRYGGGRRYRY,0.6153846153846154
S2_D42,41,Adult-Child,2,5,13,output,YYYGGGRYGYGRB,YYYRGYYRYGBYR,0.5384615384615384
S2_D42,41,Adult-Child,2,6,14,output,YYYRRRGGBYRGY,YYYRYGYRYRBYB,0.5384615384615384
S2_D42,41,Adult-Child,2,7,15,output,YYYRGGYRGBYBB,YYYYRYBGYRYRY,0.46153846153846156
S2_D42,41,Adult-Child,2,8,16,output,YYYYRBGGYRYRB,YYRYRGBBBBBYB,0.46153846153846156
S2_D43,42,Child-Child,1,0,,seed,RRGBBGRRBYBYY,YGBYBBGYBRYBG,0.3076923076923077
S2_D43,42,Child-Child,1,1,1,output,RRBGRGGRRBBBY,YYGBYGBRBYGBB,0.3076923076923077
S2_D43,42,Child-Child,1,2,2,output,YYGRYYBYYGRBY,RRBBGYYGGRRRB,0.23076923076923073
S2_D43,42,Child-Child,1,3,3,output,RRYGGGBRRGYRB,YYGGBBRRBBRRG,0.46153846153846156
S2_D43,42,Child-Child,1,4,4,output,YYRRBBYRRBGGY,RRRGGGYYYBBBG,0.23076923076923073
S2_D43,42,Child-Child,1,5,5,output,RRRGGGYYYBBBG,YRRGGGBBBGGBY,0.46153846153846156
S2_D43,42,Child-Child,1,6,6,output,YYRRGBBYYGBYR,RRRRRRGGGGGGY,0.23076923076923073
S2_D43,42,Child-Child,1,7,7,output,RRRRRRGGGGGYY,GGGGGGYYYYYGG,0.15384615384615385
S2_D43,42,Child-Child,1,8,8,output,GGGGGGGYGGGGG,RRRRRGGGGYYGY,0.3076923076923077
S2_D43,42,Child-Child,2,0,,seed,YRRRYBYBYBRBY,BBGYRBBBRYRYB,0.23076923076923073
S2_D43,42,Child-Child,2,1,9,output,YRRRBYBYBYBRY,BBBBRRGGGYYYR,0.23076923076923073
S2_D43,42,Child-Child,2,2,10,output,BBBBBGGYYRRRR,RRRRRRRBBGGYY,0.15384615384615385
S2_D43,42,Child-Child,2,3,11,output,RRRRRRRRRBBGG,BBBBGGYYRRRRY,0.07692307692307687
S2_D43,42,Child-Child,2,4,12,output,BBBBBGYYRRRYR,RRRRRRRRBBGGG,0.0
S2_D43,42,Child-Child,2,5,13,output,RRRRRRRRRBBGG,BBBBBBRRRRYYY,0.23076923076923073
S2_D43,42,Child-Child,2,6,14,output,RRBBBBBRRRRRY,RRRRRRRRBBBGG,0.23076923076923073
S2_D43,42,Child-Child,2,7,15,output,RRRRRRRRBBBGG,RRBBBRRRRYRRB,0.3846153846153846
S2_D43,42,Child-Child,2,8,16,output,BBBRRRBGRBYRB,RRRRRRRRBBBBG,0.3846153846153846
S2_D44,43,Child-Child,1,0,,seed,BYYYGBRYYYYRY,RGYGRRBYBYYBY,0.46153846153846156
S2_D44,43,Child-Child,1,1,1,output,YYYYGBRYBBGBB,BRYBGRYYBBRRB,0.46153846153846156
S2_D44,43,Child-Child,1,2,2,output,BRBGRBBGBBRGB,YYGBBBBYGBRYB,0.3846153846153846
S2_D44,43,Child-Child,1,3,3,output,YYBBBBRYGBBBB,GBRBBRYRBBGBY,0.5384615384615384
S2_D44,43,Child-Child,1,4,4,output,GGBYRBBYBBBBY,BRGBGRBYYBYRG,0.3846153846153846
S2_D44,43,Child-Child,1,5,5,output,BRGGGBGBRGBRG,BGGRRYYRGRBYB,0.3846153846153846
S2_D44,43,Child-Child,1,6,6,output,RYGBYGBYBRGYY,BRBGRBGRGGBRG,0.3076923076923077
S2_D44,43,Child-Child,1,7,7,output,RRGGBYGRYBBYB,BRBYGBRGGBRYB,0.46153846153846156
S2_D44,43,Child-Child,1,8,8,output,YBGRBBGRRYBRR,RBGYRRGYRBYRG,0.3846153846153846
S2_D44,43,Child-Child,2,0,,seed,BBBBGYYYRBGYG,GGRYBGRBGYRBB,0.23076923076923073
S2_D44,43,Child-Child,2,1,9,output,BYGYRRYGGBRYG,GGRYRBYRYGGYY,0.3846153846153846
S2_D44,43,Child-Child,2,2,10,output,YRRGBBGRBYRGB,BBGGRYBGBBYRG,0.46153846153846156
S2_D44,43,Child-Child,2,3,11,output,BGGYGRYRBGYGB,GBRGBRGBYGBYG,0.3846153846153846
S2_D44,43,Child-Child,2,4,12,output,BGYRGBRRGBYRG,GRYBRYBGYGRBG,0.3846153846153846
S2_D44,43,Child-Child,2,5,13,output,YBRYBRGYGRRBY,YGBBBGBBBRBGY,0.3846153846153846
S2_D44,43,Child-Child,2,6,14,output,BRYBRGGGRYYBR,YRBGYBGRYBGRY,0.3846153846153846
S2_D44,43,Child-Child,2,7,15,output,BRGYRYYBGBRYY,BRGYBRYGBYRYB,0.6153846153846154
S2_D44,43,Child-Child,2,8,16,output,GYBRGYRBGYBGB,GYRGBYGYRGRRR,0.3846153846153846
S2_D45,44,Adult-Adult,1,0,,seed,GRYRRRYYRRYYB,BBGRGBGGYBBGY,0.15384615384615385
S2_D45,44,Adult-Adult,1,1,1,output,RBRRYRGRRYRGR,BBBGYBBBGYBGB,0.3076923076923077
S2_D45,44,Adult-Adult,1,2,2,output,BBBBGGGYGBBBY,BBBRYYGBBRYRB,0.46153846153846156
S2_D45,44,Adult-Adult,1,3,3,output,BBBBBRYGGRRBG,BBBBGGGYBGGGY,0.3846153846153846
S2_D45,44,Adult-Adult,1,4,4,output,BBBBGGYGGBBGY,BBBBBRYGGRRRB,0.5384615384615384
S2_D45,44,Adult-Adult,1,5,5,output,BBBBGGGYRGRBB,BBBBBGGGBBYGY,0.46153846153846156
S2_D45,44,Adult-Adult,1,6,6,output,BBBGGGYGGYYBB,BBBBBGGGGYRGG,0.5384615384615384
S2_D45,44,Adult-Adult,1,7,7,output,BBBBBGGGGYRYG,BBBGGGYGBGGYY,0.5384615384615384
S2_D45,44,Adult-Adult,1,8,8,output,BBBBGGYGGBGYG,BBBBBGGYRGYBB,0.5384615384615384
S2_D45,44,Adult-Adult,2,0,,seed,BBBYRBRYRYYRB,GRYRRBBRRGBBR,0.23076923076923073
S2_D45,44,Adult-Adult,2,1,9,output,BBBYYYBBRYRBB,GYRGGBBRGBBRR,0.23076923076923073
S2_D45,44,Adult-Adult,2,2,10,output,GGGYRYGBBGYGR,BBBYYYRRYYBRG,0.23076923076923073
S2_D45,44,Adult-Adult,2,3,11,output,BBBYYRYYBRYYB,GGGYYRGYBGRGB,0.46153846153846156
S2_D45,44,Adult-Adult,2,4,12,output,GGGYYGRGYRYGR,BBBRYGBBRGYBR,0.3076923076923077
S2_D45,44,Adult-Adult,2,5,13,output,BBBGYGGRGYRBR,GGGGYRGYYRGYR,0.3846153846153846
S2_D45,44,Adult-Adult,2,6,14,output,GGGGYYYRGRRYG,BBBBBRGYRGYBR,0.15384615384615385
S2_D45,44,Adult-Adult,2,7,15,output,BBBBBRGYGYRGR,GGGGYYYRGYYRG,0.3076923076923077
S2_D45,44,Adult-Adult,2,8,16,output,GGGGYYRGRYYRG,BBBBRGYRGYYRG,0.46153846153846156
S2_D46,45,Adult-Adult,1,0,,seed,RRGGYYBBGRGYY,RRBGYYRRGRRGG,0.5384615384615384
S2_D46,45,Adult-Adult,1,1,1,output,RRRBRRRRRRGGB,RRRGGRGBGYRGR,0.3846153846153846
S2_D46,45,Adult-Adult,1,2,2,output,RRRGGGBBBYRGR,RRRBRRGYRRRBG,0.3076923076923077
S2_D46,45,Adult-Adult,1,3,3,output,RRRRRRBBBRGYB,RGGGRBBGRRRRR,0.3076923076923077
S2_D46,45,Adult-Adult,1,4,4,output,RRRRGGBBBBBRR,RRRRGGRBRBRRG,0.6923076923076923
S2_D46,45,Adult-Adult,1,5,5,output,RRRRGGGGBBRGR,RRRBGGRRRRRRR,0.5384615384615384
S2_D46,45,Adult-Adult,1,6,6,output,RRRBGGRRRRRRR,RRRRGGGGGGRRB,0.5384615384615384
S2_D46,45,Adult-Adult,1,7,7,output,RRRRGGGGGBRRR,RRBGGRRRRRRRR,0.46153846153846156
S2_D46,45,Adult-Adult,1,8,8,output,RRRBGGRRRRRRR,RRRRGGGGGBRRR,0.6153846153846154
S2_D46,45,Adult-Adult,2,0,,seed,BYYGYYBGGGYGR,YYGRGGRYBYGYG,0.3846153846153846
S2_D46,45,Adult-Adult,2,1,9,output,BYYYBGGGRRRBR,YYGGBBRGRGBYG,0.3076923076923077
S2_D46,45,Adult-Adult,2,2,10,output,BBYYGGYBRBYRY,YBGGYYRBGRGRB,0.3846153846153846
S2_D46,45,Adult-Adult,2,3,11,output,BBYYGGRGYBGBG,YYBBGGGRBRBGR,0.3846153846153846
S2_D46,45,Adult-Adult,2,4,12,output,BYYBBGGGRGBRR,BBYYBGGBGBGRG,0.5384615384615384
S2_D46,45,Adult-Adult,2,5,13,output,BBYYGGBGRGBBG,BYBYYRRGGRRBG,0.5384615384615384
S2_D46,45,Adult-Adult,2,6,14,output,BYBYYGRBRRBGG,BYYBGBGRBBRGB,0.5384615384615384
S2_D46,45,Adult-Adult,2,7,15,output,BYYBGBRBRBGBR,BYYGRBGRGBGYB,0.5384615384615384
S2_D46,45,Adult-Adult,2,8,16,output,BYYBGBRYBGBYG,BYBGBRBRBGRBG,0.6153846153846154
S2_D47,46,Child-Child,1,0,,seed,GYRYGBBRBRBRG,YYRYBRGGYRRRB,0.3846153846153846
S2_D47,46,Child-Child,1,1,1,output,YYYRBRYRYGYRY,YYRBGYYRRRBYR,0.46153846153846156
S2_D47,46,Child-Child,1,2,2,output,BYGYRGBGYBBBY,YYYRBRBRYGYRY,0.3846153846153846
S2_D47,46,Child-Child,1,3,3,output,YYRGYRGRBGGYR,BBYRBGRYYRBRY,0.3076923076923077
S2_D47,46,Child-Child,1,4,4,output,YYRBGBGRBRYBR,YYRYRGBYRYGBR,0.5384615384615384
S2_D47,46,Child-Child,1,5,5,output,YYRBYBGYBBGYY,YYRGBGRYBGBYR,0.5384615384615384
S2_D47,46,Child-Child,1,6,6,output,YYRBGYYGRYGBR,YRBYBGBRGYBYR,0.46153846153846156
S2_D47,46,Child-Child,1,7,7,output,YGYRYYRGYGRBY,YYRBYGRYGBRYR,0.46153846153846156
S2_D47,46,Child-Child,1,8,8,output,YRYBGYBRYYGYR,YRYGYGRYGYRBG,0.6153846153846154
S2_D47,46,Child-Child,2,0,,seed,BBYYYRBGYBRGY,RGYGBYYRBGGGY,0.46153846153846156
S2_D47,46,Child-Child,2,1,9,output,YRGYBRGGRYBRB,RYBGRYBGYBRYG,0.3846153846153846
S2_D47,46,Child-Child,2,2,10,output,YBGYGRGYRBYGR,YRGYRBGYRGYBR,0.6153846153846154
S2_D47,46,Child-Child,2,3,11,output,RGBYGYRBGYBRG,BRYGRBYGRYGRB,0.3846153846153846
S2_D47,46,Child-Child,2,4,12,output,GBYGYRBYGBYRG,BRGYGYRBBRGYB,0.3846153846153846
S2_D47,46,Child-Child,2,5,13,output,RGYRYRBGYRBGY,YBGRYGRBYGRYB,0.3076923076923077
S2_D47,46,Child-Child,2,6,14,output,BRYBRGYYRBGRY,RYGRYRBGRYRBG,0.46153846153846156
S2_D47,46,Child-Child,2,7,15,output,RGYBGRYYBYBGY,BRGYBYRYGYBGR,0.6153846153846154
S2_D47,46,Child-Child,2,8,16,output,RGYBYGRYGRYGR,RGYBRYGBYRYBG,0.6153846153846154
S2_D48,47,Child-Child,1,0,,seed,RYYBYBYYBBBBY,RBBYYYBRRBGRR,0.3846153846153846
S2_D48,47,Child-Child,1,1,1,output,RGYGYBRBGRGBR,RBYYYRBGRYBGB,0.5384615384615384
S2_D48,47,Child-Child,1,2,2,output,YYYYYYYYYRGBR,RGBRGBYYRBGBY,0.3076923076923077
S2_D48,47,Child-Child,1,3,3,output,BRBRYRGYGRBGR,YYYYYYYYRRBGB,0.3846153846153846
S2_D48,47,Child-Child,1,4,4,output,YGRBGBRGRBBGB,BRBRBRYGBRYGB,0.46153846153846156
S2_D48,47,Child-Child,1,5,5,output,RGYRGRBYBBYGR,GYRBRYGGYGYYR,0.46153846153846156
S2_D48,47,Child-Child,1,6,6,output,GYRGBBBRRRYRG,RGYYRGYBBBRGY,0.46153846153846156
S2_D48,47,Child-Child,1,7,7,output,GRBBYBYRRRYGG,RGYYRBGYYRGBY,0.3076923076923077
S2_D48,47,Child-Child,1,8,8,output,GYBRGBBGRBRRR,RGYBBRGYRBGYR,0.46153846153846156
S2_D48,47,Child-Child,2,0,,seed,RRYGGBGRBRGRB,YRBGGRBGBGYBG,0.46153846153846156
S2_D48,47,Child-Child,2,1,9,output,RRYGBRGRYGBRG,GBRRYRBGBRYBR,0.46153846153846156
S2_D48,47,Child-Child,2,2,10,output,RRGYBRGGYBRGG,RGYYBRGYYGBRG,0.6153846153846154
S2_D48,47,Child-Child,2,3,11,output,GBRGBRGYBGYRR,RGGYRBGYYGBRY,0.3846153846153846
S2_D48,47,Child-Child,2,4,12,output,RGBRGYGBYRGGY,GYRBGYBRRBGYR,0.46153846153846156
S2_D48,47,Child-Child,2,5,13,output,RGYBGGGGBYGRB,RGBRGBYRGBYYG,0.3846153846153846
S2_D48,47,Child-Child,2,6,14,output,GYBGYGGGGGGGG,GYBRGYBRGGGGY,0.6153846153846154
S2_D48,47,Child-Child,2,7,15,output,RBYGGGGGGGGGG,GYBGGGGGGGGGG,0.7692307692307692
S2_D48,47,Child-Child,2,8,16,output,RBBBBBBBBYGGG,RBYGGGGGGGGGG,0.3846153846153846
S2_D49,48,Adult-Adult,1,0,,seed,BGGGRYYRRBGRG,RYGRGBBGBGGBY,0.23076923076923073
S2_D49,48,Adult-Adult,1,1,1,output,BGGGYRYYRGBYY,RRRBBYYGGBYYG,0.3846153846153846
S2_D49,48,Adult-Adult,1,2,2,output,BRRYYGGRYBGGG,RRYYYBBGGYYRR,0.3076923076923077
S2_D49,48,Adult-Adult,1,3,3,output,RYBYGGRBBYYGG,BBRRYYGGRBBGG,0.5384615384615384
S2_D49,48,Adult-Adult,1,4,4,output,BBRYYGGBRYGRB,RRYYBBGGYYGGB,0.46153846153846156
S2_D49,48,Adult-Adult,1,5,5,output,RRYYBBGGYRBYR,RRBBYYRRBBYYG,0.3846153846153846
S2_D49,48,Adult-Adult,1,6,6,output,RRBBYYRRBBGGG,RRBBYYGGBBGGR,0.7692307692307692
S2_D49,48,Adult-Adult,1,7,7,output,RRBBYYGGBBGGR,RRBBYYRRBBGGG,0.7692307692307692
S2_D49,48,Adult-Adult,1,8,8,output,RRBYYRBBGGGGG,RRBBYYGGBBGGR,0.5384615384615384
S2_D49,48,Adult-Adult,2,0,,seed,RBBBGRYGRYBRY,RGBGGBGGYYBYY,0.5384615384615384
S2_D49,48,Adult-Adult,2,1,9,output,RBBBGYRBYBRGY,RRGGBBGGBBYYR,0.3846153846153846
S2_D49,48,Adult-Adult,2,2,10,output,RRGGBBRRYYGGB,RRBBYYGGBBGGR,0.3846153846153846
S2_D49,48,Adult-Adult,2,3,11,output,RRBBYYGGBBGRR,RRGGBBYYRRBBG,0.5384615384615384
S2_D49,48,Adult-Adult,2,4,12,output,RRYYBBGGBBRRR,RRBBYYGGBBGGR,0.5384615384615384
S2_D49,48,Adult-Adult,2,5,13,output,RRBBYYGGBBGGR,RRYYBBGGBBRRR,0.5384615384615384
S2_D49,48,Adult-Adult,2,6,14,output,RRYYBBGGBBRRR,RRBBYYGGRRGGB,0.3076923076923077
S2_D49,48,Adult-Adult,2,7,15,output,RRBBYYGGRRGGR,RRYYBBGGBBRRR,0.3846153846153846
S2_D49,48,Adult-Adult,2,8,16,output,RRBBYYGGBBGGR,RRBBYYGGRRGGR,0.8461538461538461
S2_D50,49,Adult-Child,1,0,,seed,RBYBYBRBRBGYG,GBRYGGBRRGBRG,0.3846153846153846
S2_D50,49,Adult-Child,1,1,1,output,BYBGRBBBGBBBB,GBRRBBGYRBYRR,0.3076923076923077
S2_D50,49,Adult-Child,1,2,2,output,GBBBRBBYGBRBB,BYYBBGRRYYBBR,0.3076923076923077
S2_D50,49,Adult-Child,1,3,3,output,BYYBBYYBGRRBR,GBBBGYYYRBBBG,0.3076923076923077
S2_D50,49,Adult-Child,1,4,4,output,GBGBBGBRRBGYY,YBBBYYYBBGGBB,0.3076923076923077
S2_D50,49,Adult-Child,1,5,5,output,YBBYYBYBBYBBB,BBGGBBYYRYGBB,0.46153846153846156
S2_D50,49,Adult-Child,1,6,6,output,GBBBYBYGRRRRR,YBYYBYYYBBBYB,0.23076923076923073
S2_D50,49,Adult-Child,1,7,7,output,YBBYYYYBBYYYB,BBBYBYYYBBGGB,0.6153846153846154
S2_D50,49,Adult-Child,1,8,8,output,YYBBYBBBBYBGB,YBBBYYBBYYYBY,0.5384615384615384
S2_D50,49,Adult-Child,2,0,,seed,YRGGYRYRBGBBY,GYYGBGYYRGRYG,0.3846153846153846
S2_D50,49,Adult-Child,2,1,9,output,YRGYYRYBGBYRB,BBGYYYRRRGYGB,0.46153846153846156
S2_D50,49,Adult-Child,2,2,10,output,BYBGBYYBGBBRB,BBBGYYYBYYBBG,0.5384615384615384
S2_D50,49,Adult-Child,2,3,11,output,BBBGBBBGBBBBB,BGYGGBBYYGRBR,0.3846153846153846
S2_D50,49,Adult-Child,2,4,12,output,BGBGGBGBYRRRR,BGBBBGBBBBBBB,0.3846153846153846
S2_D50,49,Adult-Child,2,5,13,output,BBGBBBBBBBBBB,BBBYYRRRRRRRR,0.15384615384615385
S2_D50,49,Adult-Child,2,6,14,output,BBBYYRRRRRRRR,BGBBBBBBBBBBB,0.15384615384615385
S2_D50,49,Adult-Child,2,7,15,output,BBBBBBBBBBBBB,BBYYRRRRRRRRR,0.15384615384615385
S2_D50,49,Adult-Child,2,8,16,output,BBBYYRRRRRRRR,BBBBBBBBBBBBB,0.23076923076923073
S2_D51,50,Adult-Adult,1,0,,seed,BBBGGRGGRBBBR,RYYRRRYYRBGBY,0.3076923076923077
S2_D51,50,Adult-Adult,1,1,1,output,BBBBRBRRGBBRR,RRYYYRYGYBYGB,0.15384615384615385
S2_D51,50,Adult-Adult,1,2,2,output,RRYYRYGRBYGBB,BBBRBRBGYBGRB,0.3076923076923077
S2_D51,50,Adult-Adult,1,3,3,output,BBBRBRGBYRBBB,RRRYRGYRRGYYR,0.23076923076923073
S2_D51,50,Adult-Adult,1,4,4,output,RRRYRYRGYRYRR,BBBRBGYBRGBBB,0.15384615384615385
S2_D51,50,Adult-Adult,1,5,5,output,BBBRBRGYBGYBB,RRRYRYRGBYGYR,0.3076923076923077
S2_D51,50,Adult-Adult,1,6,6,output,RRRYRYRBYGYGR,BBBRBRBYGRBRG,0.3846153846153846
S2_D51,50,Adult-Adult,1,7,7,output,BBBRBRBYGRBRG,RRRRYRYRGBYGR,0.3076923076923077
S2_D51,50,Adult-Adult,1,8,8,output,RRRRYRYRBYGRB,BBBBRRYGBRBRG,0.3076923076923077
S2_D51,50,Adult-Adult,2,0,,seed,YBRGRGGYYBGRR,GRRBRRBGGRGBY,0.23076923076923073
S2_D51,50,Adult-Adult,2,1,9,output,YBRGYBYYRGYRR,GGRGBGRBGRBYY,0.23076923076923073
S2_D51,50,Adult-Adult,2,2,10,output,GGRGBGRBGRBGR,YBRGYYBGRYBGR,0.5384615384615384
S2_D51,50,Adult-Adult,2,3,11,output,YBRGYBGRBGRRR,GGRGBRGBRGRBR,0.46153846153846156
S2_D51,50,Adult-Adult,2,4,12,output,GGRBGRBGRRRRG,YBRGYBGRYRGBR,0.3846153846153846
S2_D51,50,Adult-Adult,2,5,13,output,YBRGYBGRYBGRR,GBRGGGBRYGRBG,0.46153846153846156
S2_D51,50,Adult-Adult,2,6,14,output,GGBRGRYGBGRRG,YBRGYBGRYBGRR,0.46153846153846156
S2_D51,50,Adult-Adult,2,7,15,output,YBRGYBGRYBGRR,YGBYGRGYBRYBY,0.46153846153846156
S2_D51,50,Adult-Adult,2,8,16,output,YBGYGRYBRGYYY,YBRGYBGRYBGRR,0.5384615384615384
S2_D52,51,Adult-Child,1,0,,seed,GRRGRYGRBYGBR,YBGGRGRGBRBGG,0.3846153846153846
S2_D52,51,Adult-Child,1,1,1,output,YGYYRBGRYGRGY,YBRRBGRYBRBYG,0.5384615384615384
S2_D52,51,Adult-Child,1,2,2,output,GBYRBGRYBGRRG,YBRGYBRBGYBRB,0.3846153846153846
S2_D52,51,Adult-Child,1,3,3,output,YGBRYGBRGRBYR,YRGBYBGRYBRRG,0.46153846153846156
S2_D52,51,Adult-Child,1,4,4,output,RGYGBYGRYRGBR,YGRBRYGYGBRGB,0.3846153846153846
S2_D52,51,Adult-Child,1,5,5,output,GRGYYRGYYRGBR,YRGBYBRGYRGBB,0.6153846153846154
S2_D52,51,Adult-Child,1,6,6,output,YGRGYBRGYBRYG,GRYRGYGRYGRBR,0.46153846153846156
S2_D52,51,Adult-Child,1,7,7,output,YGRGGRBRGGRBR,YGRBGRGYBGRGY,0.5384615384615384
S2_D52,51,Adult-Child,1,8,8,output,YGBGYRGBRGYGR,YGRBRGGBGRBRG,0.3846153846153846
S2_D52,51,Adult-Child,2,0,,seed,BBYGRGYYGBGYB,RRRRBYGYYRRGR,0.23076923076923073
S2_D52,51,Adult-Child,2,1,9,output,RYGYBGYGYBRGY,RRRBRBGYGBRBB,0.46153846153846156
S2_D52,51,Adult-Child,2,2,10,output,GYGYBRGYGRBGR,RBGBRBYGGRBRB,0.46153846153846156
S2_D52,51,Adult-Child,2,3,11,output,YGRRBRBBGYBRR,GYBRBGRBYGBRB,0.46153846153846156
S2_D52,51,Adult-Child,2,4,12,output,RBRGYRGRBGYRR,YGBRRBYGYBRBR,0.3846153846153846
S2_D52,51,Adult-Child,2,5,13,output,YBRRGYBRBBRGY,RBGRBGYGBGBRR,0.3846153846153846
S2_D52,51,Adult-Child,2,6,14,output,GYBRBRGBRBYRR,RBYGRRBRGYGRB,0.3846153846153846
S2_D52,51,Adult-Child,2,7,15,output,RBGRBGYRBRBGY,YGRBRYRBGRBYB,0.5384615384615384
S2_D52,51,Adult-Child,2,8,16,output,RBGYGGRYBRGYR,RBGRBGRYGBRGR,0.6923076923076923
S2_D53,52,Adult-Child,1,0,,seed,GBYBYBRGBGRBB,RRRGYYBBRBGRR,0.3846153846153846
S2_D53,52,Adult-Child,1,1,1,output,GBBYBYYRGBYRB,RRYRGYYYBBBRR,0.3076923076923077
S2_D53,52,Adult-Child,1,2,2,output,RRYYYBBBGRRRR,GGBBRGGGGGGGG,0.07692307692307687
S2_D53,52,Adult-Child,1,3,3,output,GGBBRGGGGGGGG,RRYYBYYBGRRRG,0.15384615384615385
S2_D53,52,Adult-Child,1,4,4,output,RRYYBYBYRRRRR,GGBRGGGGGGGGG,0.0
S2_D53,52,Adult-Child,1,5,5,output,GBRGGGGGGGGGG,RYYBYYRRRRRRR,0.0
S2_D53,52,Adult-Child,1,6,6,output,YYBYYRRRRRRRR,GRGGGGGGGGGGG,0.0
S2_D53,52,Adult-Child,1,7,7,output,GRGGGGGGGGGGG,YYYYRRRRRRRRR,0.0
S2_D53,52,Adult-Child,1,8,8,output,YYYYYRRRRRRRR,GRGRGGGGGGGGG,0.0
S2_D53,52,Adult-Child,2,0,,seed,BGYRRBYGRYRBG,GYRYRGGGRRBRR,0.46153846153846156
S2_D53,52,Adult-Child,2,1,9,output,GYBRRBYGYYBRG,GBRGGYRYRBGRG,0.5384615384615384
S2_D53,52,Adult-Child,2,2,10,output,GRBRGYGGRBBRG,GYRBRGBRYGGRB,0.5384615384615384
S2_D53,52,Adult-Child,2,3,11,output,GYBRGRYBRGYBG,GBRYBBRGYRGRR,0.46153846153846156
S2_D53,52,Adult-Child,2,4,12,output,GYBRRGRBYGBRR,GYBYRGYBRGYBR,0.6153846153846154
S2_D53,52,Adult-Child,2,5,13,output,GBYGYBRGYBRGY,GYBRGYGBRGBRG,0.6153846153846154
S2_D53,52,Adult-Child,2,6,14,output,GYBRGYBRGGYBR,GBYGBBYGRBRYB,0.3846153846153846
S2_D53,52,Adult-Child,2,7,15,output,GBBYGBYGRBYGY,GYBRGBRGGYBRG,0.46153846153846156
S2_D53,52,Adult-Child,2,8,16,output,GYBRGGYBRGYBR,GBYYGBYRBGRYR,0.3846153846153846
S2_D54,53,Child-Child,1,0,,seed,RRYYRBYRYRBRY,YGRRGYRYBRBRB,0.46153846153846156
S2_D54,53,Child-Child,1,1,1,output,RRYYRBRYRYBGR,YGGRBYYGGBBRR,0.3076923076923077
S2_D54,53,Child-Child,1,2,2,output,YGBRYYGGBRBBY,YYRRYYRBGYRYR,0.3846153846153846
S2_D54,53,Child-Child,1,3,3,output,YYRRYYRBGRBGR,YGBRYGBYGGBRR,0.46153846153846156
S2_D54,53,Child-Child,1,4,4,output,YGBRYGBYGGBRR,YYRRYYRRBGRBG,0.3076923076923077
S2_D54,53,Child-Child,1,5,5,output,YYRRYYRRBGBRB,YGBRYGBRYGGBB,0.46153846153846156
S2_D54,53,Child-Child,1,6,6,output,YGBRYGBRYGGBB,YYRRYYRRGBRBB,0.46153846153846156
S2_D54,53,Child-Child,1,7,7,output,YYRRYYRRGBBRB,YRBGYRBGGGBBR,0.46153846153846156
S2_D54,53,Child-Child,1,8,8,output,YGBRYGBRGGBBR,YYRRYYRRGBBRR,0.5384615384615384
S2_D54,53,Child-Child,2,0,,seed,GRGGRGBGRRBBB,GBRGRBYGGRYYY,0.3846153846153846
S2_D54,53,Child-Child,2,1,9,output,GRGGGBBGGRGGB,BBBYRGRGRBYGG,0.23076923076923073
S2_D54,53,Child-Child,2,2,10,output,BRBBBGRBYRBGB,GRGRGGBGRGRBB,0.3846153846153846
S2_D54,53,Child-Child,2,3,11,output,GRGRBGGGRBBGR,BBRGGRGYBRGYB,0.3076923076923077
S2_D54,53,Child-Child,2,4,12,output,BBBGRGBRYGBRY,BBGBGRRGGBBGR,0.46153846153846156
S2_D54,53,Child-Child,2,5,13,output,BBBGRGBBRGBRB,BBBBYGGBRYGRB,0.6153846153846154
S2_D54,53,Child-Child,2,6,14,output,BBBBGYGBYGRBY,BBBGRBGRBBGRB,0.5384615384615384
S2_D54,53,Child-Child,2,7,15,output,BBBBBGRBGRBBG,BBBBGGYGBRGYG,0.5384615384615384
S2_D54,53,Child-Child,2,8,16,output,BBBBGGYGBGYRB,BBBGRGRBBGRBB,0.5384615384615384
S2_D55,54,Child-Child,1,0,,seed,GGBGGBBBBYGYB,YYGRYRRBBGRRY,0.23076923076923073
S2_D55,54,Child-Child,1,1,1,output,GGGBBGGBYRYYY,YYGRRBYYRBRRG,0.15384615384615385
S2_D55,54,Child-Child,1,2,2,output,YYYGRBYYRYYYR,GGBBGGYYGGRYY,0.23076923076923073
S2_D55,54,Child-Child,1,3,3,output,GGBBYYRRYGGBB,YYYGRBYYRYYRG,0.3846153846153846
S2_D55,54,Child-Child,1,4,4,output,YYYGRBYRYYGRY,GGBBRYYGGRYBB,0.3846153846153846
S2_D55,54,Child-Child,1,5,5,output,GGBBRYRBYRRYR,YYYGRBYRGBBRR,0.3076923076923077
S2_D55,54,Child-Child,1,6,6,output,YYYGRBYYRYGBY,GGBRYRRBYYYGG,0.3846153846153846
S2_D55,54,Child-Child,1,7,7,output,GGGRYYRYGGRYB,YYYBRBYRGBYYG,0.3076923076923077
S2_D55,54,Child-Child,1,8,8,output,YYYRBGRRYYYYY,GGRYYYRRGYRGB,0.23076923076923073
S2_D55,54,Child-Child,2,0,,seed,GRGBYBGBBRRYG,GYGGYYRRYGYGB,0.3076923076923077
S2_D55,54,Child-Child,2,1,9,output,GGRRBYGRBYGGG,YGYRGGYYRGBRG,0.3076923076923077
S2_D55,54,Child-Child,2,2,10,output,YYYGRYGYRGYRB,GGRRBYGGRYGGG,0.23076923076923073
S2_D55,54,Child-Child,2,3,11,output,GGRBYGRYBYGGG,YYRGYYGRGRBBB,0.23076923076923073
S2_D55,54,Child-Child,2,4,12,output,YGRYRGYGRBBBB,GGRBYRYBRYGGG,0.3846153846153846
S2_D55,54,Child-Child,2,5,13,output,GRBYGGRBRYGGG,YRGRGYRGYGBBB,0.3076923076923077
S2_D55,54,Child-Child,2,6,14,output,YGRRYGRYGBBBB,GRBGRYRBGGGGG,0.3076923076923077
S2_D55,54,Child-Child,2,7,15,output,GRBYRBYRGGGGG,YRGYYGRBYRBBB,0.3076923076923077
S2_D55,54,Child-Child,2,8,16,output,YGRYRGYBRGBBB,RBYGRBYGGGGGG,0.23076923076923073
S2_D56,55,Adult-Adult,1,0,,seed,BYYGYYRRYBRRY,YRYBRYBYRGYBY,0.3846153846153846
S2_D56,55,Adult-Adult,1,1,1,output,BBGGRRYBBGRYG,YRYRYBYGYBRYB,0.3076923076923077
S2_D56,55,Adult-Adult,1,2,2,output,YRYRBGYRYBRGY,BBGGYYRBBGYRB,0.23076923076923073
S2_D56,55,Adult-Adult,1,3,3,output,BBGGYYRBYGRYY,BGBGYRBGYRGBY,0.46153846153846156
S2_D56,55,Adult-Adult,1,4,4,output,BGBGYRYRBYRGB,BBGGYYRRBYGRY,0.46153846153846156
S2_D56,55,Adult-Adult,1,5,5,output,BBGGYYRRBYGRB,BGBGYRYRBYGRY,0.6153846153846154
S2_D56,55,Adult-Adult,1,6,6,output,BGBGYRYRBYGRB,BBGGYYRRBYGRB,0.6923076923076923
S2_D56,55,Adult-Adult,1,7,7,output,BBGGYYRRBYGRB,BGBGYRYRBYGRB,0.6923076923076923
S2_D56,55,Adult-Adult,1,8,8,output,BGBGYRYRBYGRB,BBGGYYRRBYGRB,0.6923076923076923
S2_D56,55,Adult-Adult,2,0,,seed,BBYGBBRYYRYGB,BRBBBRRRBBYGY,0.3846153846153846
S2_D56,55,Adult-Adult,2,1,9,output,BBYGRYBYGRBYG,BRBBRRRBBYGYG,0.46153846153846156
S2_D56,55,Adult-Adult,2,2,10,output,BBRRBBRRRYGYG,BBYGRYGRBYGRY,0.3846153846153846
S2_D56,55,Adult-Adult,2,3,11,output,BBYGRBYGRBYGR,BBRRBBRYGYGYG,0.46153846153846156
S2_D56,55,Adult-Adult,2,4,12,output,BRRBBRRYGYGRB,BBYGRBYGRBYGR,0.3846153846153846
S2_D56,55,Adult-Adult,2,5,13,output,BBYGRBYGRBYGR,BRRBBRRYGYGYR,0.3846153846153846
S2_D56,55,Adult-Adult,2,6,14,output,BBRRBBBYYGGYG,BBYGRBYGRBYGR,0.3846153846153846
S2_D56,55,Adult-Adult,2,7,15,output,BBYGRBYGRBYGR,BBRRBBBYYGGYG,0.3846153846153846
S2_D56,55,Adult-Adult,2,8,16,output,BBRRBBBYYGGYG,BBYGRBYGRBYGR,0.3846153846153846
S2_D57,56,Adult-Adult,1,0,,seed,YBYGYBBRGYRRR,GRGRYYRGYGRBR,0.3846153846153846
S2_D57,56,Adult-Adult,1,1,1,output,YBGYBRYGYBRGG,GRGRYGRGGRBYG,0.3846153846153846
S2_D57,56,Adult-Adult,1,2,2,output,GRGRYGRBGRYGG,YBGBRYGBRYGBB,0.46153846153846156
S2_D57,56,Adult-Adult,1,3,3,output,YBRYGBRYGBYGB,GRGRYGRGRRBRG,0.3076923076923077
S2_D57,56,Adult-Adult,1,4,4,output,RGRYGRGRBGRGR,YBRYGYBRYGGYR,0.46153846153846156
S2_D57,56,Adult-Adult,1,5,5,output,YBYRYGYBYGRYB,RGRYGRBGYGRGY,0.46153846153846156
S2_D57,56,Adult-Adult,1,6,6,output,RYRGRRYRGRGGY,YBYRYBGYBRYBG,0.23076923076923073
S2_D57,56,Adult-Adult,1,7,7,output,YBYRGBGYRYBRG,YRGRRYRGRYGGR,0.3076923076923077
S2_D57,56,Adult-Adult,1,8,8,output,YRRGRRYRGRRYR,YBYRGYBRGYRBG,0.3846153846153846
S2_D57,56,Adult-Adult,2,0,,seed,GBYRGBGRRYYBB,YBGBBGGRRYGYR,0.3846153846153846
S2_D57,56,Adult-Adult,2,1,9,output,GBRBRRRYYBBBY,YBYGGRRBBGRYG,0.3076923076923077
S2_D57,56,Adult-Adult,2,2,10,output,BYGRRBGGYYRGG,GBGRRGYRGBBBY,0.3076923076923077
S2_D57,56,Adult-Adult,2,3,11,output,GBBGRYBGRBBBB,BYGRRBGGYRBYG,0.3846153846153846
S2_D57,56,Adult-Adult,2,4,12,output,YGRGGBYRGBBYG,GGRRYGRYBBBBB,0.3846153846153846
S2_D57,56,Adult-Adult,2,5,13,output,GRRYGRRYGBBBB,GRGGBYGRYBGYY,0.3846153846153846
S2_D57,56,Adult-Adult,2,6,14,output,GRBYGGRRBYGRR,GRYRGRRBBBBBB,0.46153846153846156
S2_D57,56,Adult-Adult,2,7,15,output,GRYGRRYBBBBBB,GRBYGGRRBYRBB,0.5384615384615384
S2_D57,56,Adult-Adult,2,8,16,output,GRBYGRRYYBBBB,GRGRRYGRBBBYB,0.6153846153846154
S2_D58,57,Child-Child,1,0,,seed,YRBGYGGYGBBRB,BGBRBRBRBBBGR,0.23076923076923073
S2_D58,57,Child-Child,1,1,1,output,YRBGYGGBRYGBB,BGBRBRBRBBBRG,0.23076923076923073
S2_D58,57,Child-Child,1,2,2,output,BGBRBRBRGBBRB,YGBBRYGRGRYBB,0.46153846153846156
S2_D58,57,Child-Child,1,3,3,output,YRGBBYRBBGRBB,BRBRBGRBBRBGR,0.46153846153846156
S2_D58,57,Child-Child,1,4,4,output,GBRBRGBRGGGRB,RGBRGBBBRYBGR,0.46153846153846156
S2_D58,57,Child-Child,1,5,5,output,RBGRBYRGBBRGY,BBGBRBGBGBRBG,0.46153846153846156
S2_D58,57,Child-Child,1,6,6,output,BGRBBGRBBGGBR,BRBGBRRGRGBGR,0.46153846153846156
S2_D58,57,Child-Child,1,7,7,output,BRBGRBGBRGRBG,BGRBBBBGBGRBG,0.6923076923076923
S2_D58,57,Child-Child,1,8,8,output,BGRBBBBBGRBGB,BBRBGGBGRBRGR,0.5384615384615384
S2_D58,57,Child-Child,2,0,,seed,BRRRBGBRRYRBR,BYYGYBBBGGBBG,0.23076923076923073
S2_D58,57,Child-Child,2,1,9,output,BRBRYGRBGRYBR,BYGBBYGBYYBYB,0.3846153846153846
S2_D58,57,Child-Child,2,2,10,output,BGYBBYGBYGBGY,BGRBBGRBBGRBB,0.46153846153846156
S2_D58,57,Child-Child,2,3,11,output,BGRBRRGBRGBGR,YBGBYGGBYBYGB,0.3846153846153846
S2_D58,57,Child-Child,2,4,12,output,YBGGYBYBGYBGY,BRGBRRRBRGBRG,0.23076923076923073
S2_D58,57,Child-Child,2,5,13,output,BRGBRRRGBRGBR,BGYBGBYGBYGBY,0.46153846153846156
S2_D58,57,Child-Child,2,6,14,output,BYGBYYGBYGBYG,BRGBRRBRGBRGB,0.46153846153846156
S2_D58,57,Child-Child,2,7,15,output,BRBRRBRBGBRGR,BYGBYYGBYGBYG,0.3076923076923077
S2_D58,57,Child-Child,2,8,16,output,BYGBYYGBYGBYG,BRRBBRGBGRBRB,0.3846153846153846
S2_D59,58,Adult-Adult,1,0,,seed,RGYBRYRBGRYBB,YGRGRBGBYBRYY,0.3846153846153846
S2_D59,58,Adult-Adult,1,1,1,output,RRGYBRYBGRYBB,YGRRYGBBBRGYY,0.23076923076923073
S2_D59,58,Adult-Adult,1,2,2,output,YGRRYBGBRYBRB,RGYGRRBYRGRGY,0.3076923076923077
S2_D59,58,Adult-Adult,1,3,3,output,RGYRGYBBRRGYB,YGRRYGRBRGYYG,0.3846153846153846
S2_D59,58,Adult-Adult,1,4,4,output,YGRYGRRYGBRYR,RGYRGYBBRGYRB,0.46153846153846156
S2_D59,58,Adult-Adult,1,5,5,output,RGYRGBRGYBBRY,YGRYGRRGYBBRG,0.6153846153846154
S2_D59,58,Adult-Adult,1,6,6,output,YGRRYGRBRBRYG,RGYRGRRYBBRGY,0.3846153846153846
S2_D59,58,Adult-Adult,1,7,7,output,RGYRGYRBBRGBR,YGRYGRRBRYGYG,0.3846153846153846
S2_D59,58,Adult-Adult,1,8,8,output,YGRYGRRYGBBRY,RGYRGYBBRBRGY,0.46153846153846156
S2_D59,58,Adult-Adult,2,0,,seed,GYGRBYRYGGBRG,GBYYRYGBBYRYB,0.3846153846153846
S2_D59,58,Adult-Adult,2,1,9,output,GYRGYBBRYGBRY,GBYGBYRRBRGYB,0.3846153846153846
S2_D59,58,Adult-Adult,2,2,10,output,GYBGYRBBRGYBR,GYRGYBBRGYGBR,0.7692307692307692
S2_D59,58,Adult-Adult,2,3,11,output,GYRGYRBBRYGBR,GYRGYBBRBGYRG,0.6923076923076923
S2_D59,58,Adult-Adult,2,4,12,output,GYRGYRBBGYRBG,GYRGYBBRBGYRG,0.7692307692307692
S2_D59,58,Adult-Adult,2,5,13,output,GYRGYBBGYRGYB,GYRGYBBRBYGGR,0.6153846153846154
S2_D59,58,Adult-Adult,2,6,14,output,GYRGYBBRBYGBY,GYRGYBBRBRGYR,0.7692307692307692
S2_D59,58,Adult-Adult,2,7,15,output,GYRGYBBRBYGBR,GYRGYBBRBBGYR,0.8461538461538461
S2_D59,58,Adult-Adult,2,8,16,output,GYRGYBBRBGYRB,GYRGYBBRBRBYG,0.6923076923076923
S2_D60,59,Child-Child,1,0,,seed,YYRRBGRRYBBGB,RGBGRYYGYYRGB,0.3846153846153846
S2_D60,59,Child-Child,1,1,1,output,YYRRBGRYBRGYR,RRRRRRRRRRGBB,0.3846153846153846
S2_D60,59,Child-Child,1,2,2,output,RRRRRRRRRRRRR,YYRGBRYRYGBYR,0.3076923076923077
S2_D60,59,Child-Child,1,3,3,output,YRBGYGRBGGRGY,RRRRRRRRRRRRR,0.23076923076923073
S2_D60,59,Child-Child,1,4,4,output,RRRRRRRRRRRRR,YRGBYRBYYGRYG,0.23076923076923073
S2_D60,59,Child-Child,1,5,5,output,YRBBYRGBYRBGY,RRRRRRRRRRRRR,0.23076923076923073
S2_D60,59,Child-Child,1,6,6,output,RRRRRRRRRRRRR,YRBYRGBYRGBYR,0.3076923076923077
S2_D60,59,Child-Child,1,7,7,output,YRBYRGYBGRYBB,RRRRRRRRRRRRR,0.23076923076923073
S2_D60,59,Child-Child,1,8,8,output,RRRRRRRRRRRRR,YRBGYBGYRBGYR,0.23076923076923073
S2_D60,59,Child-Child,2,0,,seed,RYBYGRRGBRRYG,RGRRBRYYBBBRR,0.23076923076923073
S2_D60,59,Child-Child,2,1,9,output,YRBRGRYGBGYGR,RRRGBYRRRBYRG,0.3076923076923077
S2_D60,59,Child-Child,2,2,10,output,RRRRGBYRRRRGY,YRBGYRGYRBYGB,0.3076923076923077
S2_D60,59,Child-Child,2,3,11,output,YRBGRYRGYGBBY,RRRRGBYRRRRGY,0.3076923076923077
S2_D60,59,Child-Child,2,4,12,output,RRRGBYRRRGYRB,RYYGRBYRGYRGB,0.5384615384615384
S2_D60,59,Child-Child,2,5,13,output,RGBYGBYRBGRYB,RRRGYBRRRGYBR,0.3846153846153846
S2_D60,59,Child-Child,2,6,14,output,RRRRGYBRRRGYB,RGBYYBRGBBRYG,0.3076923076923077
S2_D60,59,Child-Child,2,7,15,output,RGBYRGBBRGYBY,RRRGYBRRRRGYB,0.3846153846153846
S2_D60,59,Child-Child,2,8,16,output,RRRGYBRRRRGYR,RGBYRGBBRGYYB,0.3076923076923077
S2_D61,60,Child-Child,1,0,,seed,BBRBBYYGBRBRB,RGYGBRRBYGYYR,0.23076923076923073
S2_D61,60,Child-Child,1,1,1,output,BRBRBYYGBRBRB,RGYGBBBRYGRRY,0.3076923076923077
S2_D61,60,Child-Child,1,2,2,output,RYGBBBGYRGYRB,BBRBRBYYBGBRB,0.46153846153846156
S2_D61,60,Child-Child,1,3,3,output,BBRGYBRBGBYBR,RRYGBBRYGBBYR,0.46153846153846156
S2_D61,60,Child-Child,1,4,4,output,RYBBRYGBRYYRB,BBRGYBRBGBYBR,0.3846153846153846
S2_D61,60,Child-Child,1,5,5,output,BBRYGBRRYBGYB,RRYBYGBRRGYRB,0.46153846153846156
S2_D61,60,Child-Child,1,6,6,output,RRBYRBGYRRBYG,BBBYGBBYGRYYB,0.46153846153846156
S2_D61,60,Child-Child,1,7,7,output,BBBYGBBGYBRGB,RBBYBBGRRBBYG,0.46153846153846156
S2_D61,60,Child-Child,1,8,8,output,RRBBBYGBBRYGB,BBBGYBBGYBBRY,0.3846153846153846
S2_D61,60,Child-Child,2,0,,seed,GBGBRBYRBBYRG,BYBYBGRRBGRRY,0.3846153846153846
S2_D61,60,Child-Child,2,1,9,output,GBGBRBRBBYGRB,BBYBBGRRYBBBG,0.3076923076923077
S2_D61,60,Child-Child,2,2,10,output,BGYRRRYBGRYGY,GBBGBRBBRBYBB,0.23076923076923073
S2_D61,60,Child-Child,2,3,11,output,GBBBRBBYRBGYR,BRBBRYGRRRYBG,0.3076923076923077
S2_D61,60,Child-Child,2,4,12,output,RBBGYRRRBGYRB,GBBBRBBBBBBBB,0.3076923076923077
S2_D61,60,Child-Child,2,5,13,output,GBBBBRBBBBBBB,BBGGRYBRYBGRB,0.3846153846153846
S2_D61,60,Child-Child,2,6,14,output,BBGGYRRGBYBGR,BBBBRRBBBBBBB,0.3846153846153846
S2_D61,60,Child-Child,2,7,15,output,BBBBRRBBBBBBB,BBBGGYRRBYBGY,0.3846153846153846
S2_D61,60,Child-Child,2,8,16,output,BBBGYRRYBGYRB,BBRRBBBBBBBBB,0.3076923076923077
S2_D62,61,Adult-Adult,1,0,,seed,BBYGBBBRRYBRB,GYRGYYGBRRBYY,0.3076923076923077
S2_D62,61,Adult-Adult,1,1,1,output,BBYRBBGYBYRRG,GYGGRRYBBBRGY,0.3076923076923077
S2_D62,61,Adult-Adult,1,2,2,output,GGYBRRYGRBYYY,BBYRBBYGYYRRB,0.23076923076923073
S2_D62,61,Adult-Adult,1,3,3,output,BBYRBBYGBYRBG,GGYRGGYGYGBBB,0.3846153846153846
S2_D62,61,Adult-Adult,1,4,4,output,YYGRYYGYYBBBG,BBYRBBYRBGYGB,0.23076923076923073
S2_D62,61,Adult-Adult,1,5,5,output,BBYRBBYRBBYGY,YYGRYYGRBGYGB,0.3846153846153846
S2_D62,61,Adult-Adult,1,6,6,output,BBYRBBYRBGYBR,YYRBYYBRYYGYB,0.46153846153846156
S2_D62,61,Adult-Adult,1,7,7,output,YYRBYYGRYYGYR,BBYRBBYRBGYGB,0.3846153846153846
S2_D62,61,Adult-Adult,1,8,8,output,BBYRBBYRBGYGY,YYRBYYRGYGYBB,0.5384615384615384
S2_D62,61,Adult-Adult,2,0,,seed,RRRGGRYGRRBYB,RGYRRBYBRGGBG,0.23076923076923073
S2_D62,61,Adult-Adult,2,1,9,output,RRGYRRYRBGBBY,RYGRYRYGBRBRG,0.46153846153846156
S2_D62,61,Adult-Adult,2,2,10,output,RYGRYRGBRYGRB,RRYGRRYBGBRYB,0.6153846153846154
S2_D62,61,Adult-Adult,2,3,11,output,RRYGRRYBGBRYG,RRYGRRYGBGYGB,0.7692307692307692
S2_D62,61,Adult-Adult,2,4,12,output,RRYBRRYGRYGBB,RRYGRRYBYRGBB,0.6923076923076923
S2_D62,61,Adult-Adult,2,5,13,output,RRYBRRYGBGBBB,RRYGRRYBRYGBB,0.6153846153846154
S2_D62,61,Adult-Adult,2,6,14,output,RRYBRRYGBGBBG,RRYBRRYGBGYBB,0.8461538461538461
S2_D62,61,Adult-Adult,2,7,15,output,RRYBRRYGYRBBB,RRYBRRYGBGGBB,0.7692307692307692
S2_D62,61,Adult-Adult,2,8,16,output,RRYBRRYGGYBBB,RRYBRRYGYRBBB,0.8461538461538461
S2_D63,62,Adult-Adult,1,0,,seed,BBYRRRBGGRYGY,YBBBGYYYRBRGB,0.3076923076923077
S2_D63,62,Adult-Adult,1,1,1,output,BBRRBYYGGYRGY,YBBBYBGYRBYBG,0.3846153846153846
S2_D63,62,Adult-Adult,1,2,2,output,YBBBYBYBGRGYR,BBRRBYGRBBGGR,0.46153846153846156
S2_D63,62,Adult-Adult,1,3,3,output,BBRBBBYRGRYGR,YBBYBGRBYBGRR,0.46153846153846156
S2_D63,62,Adult-Adult,1,4,4,output,YBBYBYGRGBRYG,BBGRBYBGRBYGR,0.46153846153846156
S2_D63,62,Adult-Adult,1,5,5,output,BYRBYGRBYGRBY,YBBYBGRYBYGRY,0.6153846153846154
S2_D63,62,Adult-Adult,1,6,6,output,YBYBGRYBGRYBG,BYBGRBYGRBYGR,0.5384615384615384
S2_D63,62,Adult-Adult,1,7,7,output,BYBGRYBYGRBYG,YBYBGRYBGRGYG,0.7692307692307692
S2_D63,62,Adult-Adult,1,8,8,output,YBYBGRYBGRYBG,BYBGRYBGRYBBG,0.8461538461538461
S2_D63,62,Adult-Adult,2,0,,seed,YYRBGRGGGBBYB,YBYGRYBYYGBGY,0.3076923076923077
S2_D63,62,Adult-Adult,2,1,9,output,YYRGBGRYGBGRB,YBGRYBYGRYBYY,0.3846153846153846
S2_D63,62,Adult-Adult,2,2,10,output,YBGRYBYGBRYRY,YRGRYBYRGRYBY,0.6923076923076923
S2_D63,62,Adult-Adult,2,3,11,output,YRGYRGBRGRYRY,YBGRYBYGRYBGR,0.46153846153846156
S2_D63,62,Adult-Adult,2,4,12,output,YBGRYBYGRYGBR,YRGYRGBYRGYRY,0.46153846153846156
S2_D63,62,Adult-Adult,2,5,13,output,YRGYRGBYRYGYR,YBGRYBGRYGRYB,0.5384615384615384
S2_D63,62,Adult-Adult,2,6,14,output,YRGBYRGBYRGYR,YRGYBYRGYBYRG,0.6923076923076923
S2_D63,62,Adult-Adult,2,7,15,output,YRGYBGYRGYBRY,YRGYBYRGYRGYB,0.6923076923076923
S2_D63,62,Adult-Adult,2,8,16,output,YRGYRGYBYRGYB,YRGYRGYBYRGYB,1.0
S2_D64,63,Child-Child,1,0,,seed,YBRBBYBRYGRRY,RGGYBBGBRBYGG,0.3076923076923077
S2_D64,63,Child-Child,1,1,1,output,YBRRGBRYGBBRB,RRBBGGYYGGRRR,0.3076923076923077
S2_D64,63,Child-Child,1,2,2,output,RRBBGGYGGRBYY,BYGRRGGBBRRGY,0.3076923076923077
S2_D64,63,Child-Child,1,3,3,output,YBBRGBRGYYRBG,RBYYGGGYYGGBR,0.3846153846153846
S2_D64,63,Child-Child,1,4,4,output,RBGYGYYYBBRRG,RRBYGBBYYGRBB,0.3846153846153846
S2_D64,63,Child-Child,1,5,5,output,RRBGYRRBGYRBG,RRYYYGGBBRGGY,0.3846153846153846
S2_D64,63,Child-Child,1,6,6,output,RBYYGRBGGYRBG,RBGGYRRYYBGRB,0.3846153846153846
S2_D64,63,Child-Child,1,7,7,output,RBYGRRYGBRRGB,RBYYGRRGGYRRB,0.6923076923076923
S2_D64,63,Child-Child,1,8,8,output,RRYGBYGBYRGYB,RRBBYYGGRBGYR,0.46153846153846156
S2_D64,63,Child-Child,2,0,,seed,BGYRGRYBGGRRB,BGRYYRYGYRBBR,0.46153846153846156
S2_D64,63,Child-Child,2,1,9,output,RRBGYRYGRBBYR,BRYYGYYRGYRYY,0.3076923076923077
S2_D64,63,Child-Child,2,2,10,output,RBYGRRYBGRYBB,BGRRYYRYGBYYR,0.3846153846153846
S2_D64,63,Child-Child,2,3,11,output,RBYGRGBYRGBRY,RRYYGRRYBGBRY,0.6153846153846154
S2_D64,63,Child-Child,2,4,12,output,RRGBRRGBYGRYR,RBYRRBGYBRBYG,0.3846153846153846
S2_D64,63,Child-Child,2,5,13,output,GGGGGGGGGGGGG,RGBYGRBBRRGYG,0.3076923076923077
S2_D64,63,Child-Child,2,6,14,output,RRYGBRGRBYGRB,GGGGGGGGGGGGG,0.23076923076923073
S2_D64,63,Child-Child,2,7,15,output,GGGGGGGGGGGGG,RYBRGYYRBGGYY,0.23076923076923073
S2_D64,63,Child-Child,2,8,16,output,RBYGBYGRBYRYB,GGGGGGGGGGGGG,0.15384615384615385
S2_D65,64,Child-Child,1,0,,seed,BGBYRRYGGBRYY,BBYBGYRGGBBRB,0.46153846153846156
S2_D65,64,Child-Child,1,1,1,output,BBGYRRRYYYBGY,BBYBRGYGRRYRR,0.3076923076923077
S2_D65,64,Child-Child,1,2,2,output,BBBBYGRBYGBBR,BYRBGGYGBYRBG,0.3846153846153846
S2_D65,64,Child-Child,1,3,3,output,BRYGGYRBBGBYR,BBYYGYGYYRGBR,0.46153846153846156
S2_D65,64,Child-Child,1,4,4,output,BBYYGYGYYYRBG,YRGBGYBRBYGRR,0.3076923076923077
S2_D65,64,Child-Child,1,5,5,output,YRGBBYRBGBYGG,YYYBYRGYGYYBB,0.3846153846153846
S2_D65,64,Child-Child,1,6,6,output,YYYBGRYBYBGRR,RRYGRRYBYBRYG,0.46153846153846156
S2_D65,64,Child-Child,1,7,7,output,RYBGYRRRBGYRY,YRGBBGBBRYYBY,0.3076923076923077
S2_D65,64,Child-Child,1,8,8,output,YBGRYYYBGRRYB,YRRBGRYGRYBYY,0.3846153846153846
S2_D65,64,Child-Child,2,0,,seed,GRBRBYYYRRYYY,BBBBGBRYYGYBR,0.3076923076923077
S2_D65,64,Child-Child,2,1,9,output,GRBYBYYYYYRGY,BBBBGRRBYRRYB,0.3076923076923077
S2_D65,64,Child-Child,2,2,10,output,BBBBYRBBBBGGY,BGBGBGRBRGYYB,0.3846153846153846
S2_D65,64,Child-Child,2,3,11,output,BGBBGRGBGYBYG,YYBRRBGYRBGRY,0.3076923076923077
S2_D65,64,Child-Child,2,4,12,output,BGRBGYRYBGYYG,BRGYYYGBYBRBY,0.3076923076923077
S2_D65,64,Child-Child,2,5,13,output,BRGYYYYBRYYYG,BGRBBGBYYRGRB,0.3076923076923077
S2_D65,64,Child-Child,2,6,14,output,BGRBBBYBGGRBG,BRGYYYYGBYRGY,0.3076923076923077
S2_D65,64,Child-Child,2,7,15,output,BRGYYYYRRGBYB,BBRGYBRBGRRYG,0.3846153846153846
S2_D65,64,Child-Child,2,8,16,output,BBRGYBGRYBRGB,BRGYYYYGRBYBY,0.3846153846153846
S2_D66,65,Adult-Adult,1,0,,seed,YGYRBYYGRGBRY,RGRYRRRBRRGRR,0.3846153846153846
S2_D66,65,Adult-Adult,1,1,1,output,YGYBBRYGRRBRY,RGRYRRRGRYRBR,0.46153846153846156
S2_D66,65,Adult-Adult,1,2,2,output,RGRGRRRRGRYRB,YGYGYBRYGYBBR,0.3846153846153846
S2_D66,65,Adult-Adult,1,3,3,output,YGYGYRGYYGGGY,RGRGRRRYRBRGR,0.3846153846153846
S2_D66,65,Adult-Adult,1,4,4,output,RGRGRRRRBRRRR,YGGRRRYGYYGYR,0.3846153846153846
S2_D66,65,Adult-Adult,1,5,5,output,RGGRYRBYYGRYR,RGRGRRRRBRBRR,0.46153846153846156
S2_D66,65,Adult-Adult,1,6,6,output,RGRGRRRRRGGRR,RGGRYRBBRGRYR,0.5384615384615384
S2_D66,65,Adult-Adult,1,7,7,output,RGRGYRRRBRBGR,RGRGRRRRGGRGR,0.6923076923076923
S2_D66,65,Adult-Adult,1,8,8,output,RGRGRRRRGRGRR,RGRGRRRYRBRGR,0.7692307692307692
S2_D66,65,Adult-Adult,2,0,,seed,YRRBGRGRBBBYR,GYGGRBRGBRYRB,0.3846153846153846
S2_D66,65,Adult-Adult,2,1,9,output,YRBRRGGYYRBRG,GRRGRYRBRGRRB,0.3846153846153846
S2_D66,65,Adult-Adult,2,2,10,output,RGGRRRYRRYGRB,GGRYBRRGYRYRR,0.46153846153846156
S2_D66,65,Adult-Adult,2,3,11,output,GRGRYBGRYRRYB,RGRGRRRYRYGRB,0.5384615384615384
S2_D66,65,Adult-Adult,2,4,12,output,RGRGRRRYRGRYB,RGRGRBRGGBBRB,0.5384615384615384
S2_D66,65,Adult-Adult,2,5,13,output,RGRGRGRRGRRGB,RGRGRRRYRGRYR,0.6153846153846154
S2_D66,65,Adult-Adult,2,6,14,output,RGRGRRRYRGRGB,GRGRRGGRGBRBB,0.6153846153846154
S2_D66,65,Adult-Adult,2,7,15,output,GRGRRGGRRGRRB,RGRGRRRYRGRGB,0.6153846153846154
S2_D66,65,Adult-Adult,2,8,16,output,RGRGRRRYRGRGB,RGRGRGGRRGGBR,0.6153846153846154
S2_D67,66,Adult-Adult,1,0,,seed,GRRBYGBYRRBYB,GGBRBGBYBRGGY,0.46153846153846156
S2_D67,66,Adult-Adult,1,1,1,output,GBBBGBBBBRBYG,GGYBRBYGRYBBG,0.3846153846153846
S2_D67,66,Adult-Adult,1,2,2,output,GYBRBBYGBRYGG,GGBBBGBBBGRBY,0.3846153846153846
S2_D67,66,Adult-Adult,1,3,3,output,GBBGGGBBBGRYB,YBBGBBYRBGYBY,0.46153846153846156
S2_D67,66,Adult-Adult,1,4,4,output,YBBYBGGBYRBGY,GBGBBYGBGYRYB,0.3846153846153846
S2_D67,66,Adult-Adult,1,5,5,output,GBGBYRGBRYRYR,YBBYGBYRGYGYG,0.46153846153846156
S2_D67,66,Adult-Adult,1,6,6,output,YBYBBRYBYGYGY,GYGBYGBYGRYGY,0.5384615384615384
S2_D67,66,Adult-Adult,1,7,7,output,GYGYBYRGYGBYG,YBYBYBRGYGYGY,0.6153846153846154
S2_D67,66,Adult-Adult,1,8,8,output,YBYBYRBYGYGYG,GYGYBRYBRGYGY,0.5384615384615384
S2_D67,66,Adult-Adult,2,0,,seed,RRBYYYYRRGBRY,GYRYRYBBBGYYR,0.23076923076923073
S2_D67,66,Adult-Adult,2,1,9,output,RRBYYYYRBYGYG,GYRGYBGYGYBRG,0.3076923076923077
S2_D67,66,Adult-Adult,2,2,10,output,GYRYRGBGYRRBB,RYRRYYYRGYBGY,0.3076923076923077
S2_D67,66,Adult-Adult,2,3,11,output,RYRYYYRGBYRRR,GYBYRRYGBYGYG,0.3846153846153846
S2_D67,66,Adult-Adult,2,4,12,output,GYBYGRYGYGYGY,RYRYRYBGYRYGY,0.6153846153846154
S2_D67,66,Adult-Adult,2,5,13,output,RYRYRYBGYRBGY,GYBRYGYGYBGYG,0.5384615384615384
S2_D67,66,Adult-Adult,2,6,14,output,GYBRYGYGYBRGY,RYRYRYBGYRGGY,0.5384615384615384
S2_D67,66,Adult-Adult,2,7,15,output,RYRYBGYRYRYGY,GYBRGYRGYRGYB,0.46153846153846156
S2_D67,66,Adult-Adult,2,8,16,output,GYBRGBRYGBGYR,RYRYGBYRGYBYG,0.3846153846153846
S2_D68,67,Child-Child,1,0,,seed,YRBRGBBRYBRBY,RGRBGYYBRGBYY,0.46153846153846156
S2_D68,67,Child-Child,1,1,1,output,YRBGYYRBBGYRR,RBYGYYYRBYGRY,0.5384615384615384
S2_D68,67,Child-Child,1,2,2,output,RRBYGYYYRGBBY,YRBGYRRYBGRYB,0.3846153846153846
S2_D68,67,Child-Child,1,3,3,output,YRBBGYRYBYGRY,RBYGRBGYYYRBG,0.3076923076923077
S2_D68,67,Child-Child,1,4,4,output,RBBYGRBGYYYBB,YRBYYGRBYGYBR,0.6153846153846154
S2_D68,67,Child-Child,1,5,5,output,RBYYGBBRYYGBR,RBGYYRBGYYRBY,0.5384615384615384
S2_D68,67,Child-Child,1,6,6,output,RBGYBGYRBRBYB,YRBGYYRBBGYRB,0.5384615384615384
S2_D68,67,Child-Child,1,7,7,output,RBGYGGBBYYRBB,RBYGRBYGYRBGR,0.5384615384615384
S2_D68,67,Child-Child,1,8,8,output,RBYGRBYGRBGRR,BGYBBGRBYRYYG,0.3846153846153846
S2_D68,67,Child-Child,2,0,,seed,RBYRRYBBYGGYY,RYGRGRBYBRGGY,0.46153846153846156
S2_D68,67,Child-Child,2,1,9,output,RBYRRYYGRBYYR,RYGRYBGRBGYRB,0.6153846153846154
S2_D68,67,Child-Child,2,2,10,output,RYGRBGRBYRGBY,RBYYGRBYRGRYR,0.5384615384615384
S2_D68,67,Child-Child,2,3,11,output,RBGBYGRYBRGRG,RYGBRYGRBYGRY,0.6153846153846154
S2_D68,67,Child-Child,2,4,12,output,YGBRYGRRGBRYR,RBYGRBYGGYRBY,0.3076923076923077
S2_D68,67,Child-Child,2,5,13,output,RBYGRBYGGRBBY,RYGBYRBGRBYGG,0.46153846153846156
S2_D68,67,Child-Child,2,6,14,output,RBGYRGBYRYGYB,RBYGGRBYYGRBY,0.5384615384615384
S2_D68,67,Child-Child,2,7,15,output,RBYGGRBYYGRBY,RBYGRGBYRGYRB,0.6153846153846154
S2_D68,67,Child-Child,2,8,16,output,RBYGRRBYRBBGY,RBYGGRBYYGRBY,0.6153846153846154
S2_D69,68,Child-Child,1,0,,seed,RBBGBBBGGGYBG,GRBRBGRRRGBGY,0.3846153846153846
S2_D69,68,Child-Child,1,1,1,output,RBBGGGYBBBGYR,RRBYGRRRRBGYR,0.5384615384615384
S2_D69,68,Child-Child,1,2,2,output,RBYGRRRRBYRRB,RBYYGRBYRBRGB,0.6153846153846154
S2_D69,68,Child-Child,1,3,3,output,RBYYRBYRBYGRB,RRRBRRYBRRBBY,0.3076923076923077
S2_D69,68,Child-Child,1,4,4,output,RBRRRBYYRBYRB,BYRBYYYGRBYYY,0.46153846153846156
S2_D69,68,Child-Child,1,5,5,output,RBYYYYGRBYYYY,RYBRBYRGRBYBY,0.5384615384615384
S2_D69,68,Child-Child,1,6,6,output,RBYYRBYGRBYYR,RBYYYYRBYYYYG,0.5384615384615384
S2_D69,68,Child-Child,1,7,7,output,RBYYYYRBYYYYG,RBYYYRBYYGRBY,0.6153846153846154
S2_D69,68,Child-Child,1,8,8,output,RBYYYYYGYRBYB,RBYYYYGRBYYYY,0.6153846153846154
S2_D69,68,Child-Child,2,0,,seed,RRYGGYGGRRBYG,BBGGYBRYBGBGY,0.3076923076923077
S2_D69,68,Child-Child,2,1,9,output,RYYYGRYBBYGRB,BBBYBRBBBYGRB,0.6153846153846154
S2_D69,68,Child-Child,2,2,10,output,RBYGRBYYGRBYG,RYYYGRBBYGRBR,0.6153846153846154
S2_D69,68,Child-Child,2,3,11,output,RBYYYYGRBYYGR,RYGBBBRYBGRYB,0.3076923076923077
S2_D69,68,Child-Child,2,4,12,output,RYGBRYGBYBBRY,GRBYYYYGRBYYG,0.23076923076923073
S2_D69,68,Child-Child,2,5,13,output,GRBYYYYYYGRBY,BYYYYBRYBYBRR,0.3846153846153846
S2_D69,68,Child-Child,2,6,14,output,BYYYYRBYYYRBY,GRBYYYYYYGRBY,0.6153846153846154
S2_D69,68,Child-Child,2,7,15,output,GRBYYYYYYGRBY,RBYYYYRBYYYYR,0.46153846153846156
S2_D69,68,Child-Child,2,8,16,output,RBYYYYGRBYRYY,GRBYYYYYYGRBY,0.5384615384615384
S2_D70,69,Adult-Adult,1,0,,seed,RRGYYBYGGGYYY,BGRRBBGBYGRRB,0.23076923076923073
S2_D70,69,Adult-Adult,1,1,1,output,RRGYBBYYGRGGY,BGRRBGRRYBRRB,0.15384615384615385
S2_D70,69,Adult-Adult,1,2,2,output,BGRRRBRGGYGRB,RRGYBBRRGYBBG,0.3076923076923077
S2_D70,69,Adult-Adult,1,3,3,output,RRGYBRBBYGBGR,BBGGRYBBGRRYB,0.23076923076923073
S2_D70,69,Adult-Adult,1,4,4,output,BGRRBYGYRBBRG,RRGYBBRRGGBBY,0.23076923076923073
S2_D70,69,Adult-Adult,1,5,5,output,RRGGBBYGRRBBY,BRRGYBBRRGYGY,0.46153846153846156
S2_D70,69,Adult-Adult,1,6,6,output,BBRGYGRBRYGGY,RRGGBBYRRGGBB,0.3846153846153846
S2_D70,69,Adult-Adult,1,7,7,output,RRGGBYGGYRBRG,BBRGYYBRRGGYY,0.23076923076923073
S2_D70,69,Adult-Adult,1,8,8,output,BBRGYYBRRGYYB,RBBGYRRBBGYGG,0.3846153846153846
S2_D70,69,Adult-Adult,2,0,,seed,GYRRRYBYYRRYB,GGGGYGBGRYRGY,0.3076923076923077
S2_D70,69,Adult-Adult,2,1,9,output,GYRRRBYRYGBYB,GGGGYBGYGYRGY,0.3076923076923077
S2_D70,69,Adult-Adult,2,2,10,output,GGGGYBGYRBYGB,GGYBRGYYGBGYR,0.3846153846153846
S2_D70,69,Adult-Adult,2,3,11,output,GGYBRGYYRBBGY,GGGGYBGYRGYBG,0.46153846153846156
S2_D70,69,Adult-Adult,2,4,12,output,GGGGYBGYRBGGY,GGYBRGYRBYGYG,0.6153846153846154
S2_D70,69,Adult-Adult,2,5,13,output,GGYBRGYRBGYGR,GGGGYBRYGGYGY,0.5384615384615384
S2_D70,69,Adult-Adult,2,6,14,output,GGGGYRBGYRGGY,GGYBRGGYRBGYR,0.5384615384615384
S2_D70,69,Adult-Adult,2,7,15,output,GGYBRGYRGBYGG,GGGGYBRGGYRGY,0.5384615384615384
S2_D70,69,Adult-Adult,2,8,16,output,GGGGYBRGYBRGG,GGYBRGYBRGYBR,0.6153846153846154
S2_D71,70,Adult-Adult,1,0,,seed,YRRYRGBRYYGGY,BGGRGYBGGRGYR,0.23076923076923073
S2_D71,70,Adult-Adult,1,1,1,output,YRRYRBGRYBGBY,BBYYRRGYBGRRB,0.3846153846153846
S2_D71,70,Adult-Adult,1,2,2,output,BBYYRRGYBRYGB,RRRGYBRGYRBRY,0.3846153846153846
S2_D71,70,Adult-Adult,1,3,3,output,RRRGYBRYYGRBY,BBYYGYBBRGYYB,0.3076923076923077
S2_D71,70,Adult-Adult,1,4,4,output,BBRRGGYYBRGYB,RRRGYBRYGBRYB,0.46153846153846156
S2_D71,70,Adult-Adult,1,5,5,output,RRRGYBRRYGYBR,BRRGGYYBRGBRG,0.46153846153846156
S2_D71,70,Adult-Adult,1,6,6,output,RRGGYYBRGYBRG,RRRGYBRGYRBGR,0.6153846153846154
S2_D71,70,Adult-Adult,1,7,7,output,RRRGYBRGYBRYB,RRGGYYBRGYBRG,0.6923076923076923
S2_D71,70,Adult-Adult,1,8,8,output,RRGGYYBRGYBRG,RRRGYBRGYBRYB,0.6923076923076923
S2_D71,70,Adult-Adult,2,0,,seed,YGGRRGGGGYYRY,RBRGBRBYGBBBR,0.23076923076923073
S2_D71,70,Adult-Adult,2,1,9,output,YGRRGGGYRGYRG,RBRBGYRBGRBYG,0.3076923076923077
S2_D71,70,Adult-Adult,2,2,10,output,RBRBGYRBGYRBG,YYGRYGRBRGYGR,0.3076923076923077
S2_D71,70,Adult-Adult,2,3,11,output,YYGRYGRYBRGYY,RBRBGYRYRBGYR,0.3846153846153846
S2_D71,70,Adult-Adult,2,4,12,output,RBRBGYRBYGYRB,YGYGRBGYRBYGR,0.5384615384615384
S2_D71,70,Adult-Adult,2,5,13,output,YGYGRBYGYBRYG,RBGYRBYRBGYRB,0.3846153846153846
S2_D71,70,Adult-Adult,2,6,14,output,RBGYBRBYGBRYB,YGYGBRYYRGBYG,0.46153846153846156
S2_D71,70,Adult-Adult,2,7,15,output,YGYGRBRYBRBYG,RBRBYGBRYGRBR,0.3846153846153846
S2_D71,70,Adult-Adult,2,8,16,output,RBRBYGBRBYGRB,YGYGRBYGBRGYR,0.46153846153846156
