participant_id,dyad_id,member,source_participant_id,source_pair_id,condition,block,trial_in_block,global_trial,sequence_type,sequence,reproduction_accuracy,hierarchical_depth,compression_ratio
S2_D01_P1,S2_D01,1,3000,0,Child-Child,1,0,,seed,RBRGBGRRBYRYR,,1,0.7692307692307693
S2_D01_P1,S2_D01,1,3000,0,Child-Child,1,1,1,output,RBRGRYBRRRYBR,0.5384615384615384,2,0.5384615384615384
S2_D01_P1,S2_D01,1,3000,0,Child-Child,1,2,2,output,GYGBYRBGYRYGR,0.5384615384615384,1,0.7692307692307693
S2_D01_P1,S2_D01,1,3000,0,Child-Child,1,3,3,output,RBYRRRBGYRYGB,0.3076923076923077,1,0.7692307692307693
S2_D01_P1,S2_D01,1,3000,0,Child-Child,1,4,4,output,GGRYYRBGGGRRR,0.6153846153846154,1,0.7692307692307693
S2_D01_P1,S2_D01,1,3000,0,Child-Child,1,5,5,output,RBGYRRBGYRRBG,0.9230769230769231,2,0.3076923076923077
S2_D01_P1,S2_D01,1,3000,0,Child-Child,1,6,6,output,RRYGBRRBYGGRY,0.6153846153846154,1,0.7692307692307693
S2_D01_P1,S2_D01,1,3000,0,Child-Child,1,7,7,output,RBGYRBGYRRRBG,1.0,2,0.46153846153846156
S2_D01_P1,S2_D01,1,3000,0,Child-Child,1,8,8,output,RRYGRRBYGRRYG,0.6153846153846154,2,0.5384615384615384
S2_D01_P1,S2_D01,1,3000,0,Child-Child,2,0,,seed,BGYGGRBGBYYRB,,1,0.7692307692307693
S2_D01_P1,S2_D01,1,3000,0,Child-Child,2,1,9,output,BYRBGYBBGYBBY,0.3846153846153846,1,0.46153846153846156
S2_D01_P1,S2_D01,1,3000,0,Child-Child,2,2,10,output,RYRYRRBRGBBRY,0.6923076923076923,1,0.7692307692307693
S2_D01_P1,S2_D01,1,3000,0,Child-Child,2,3,11,output,RBYGRBYRRBYGY,0.7692307692307692,2,0.6153846153846154
S2_D01_P1,S2_D01,1,3000,0,Child-Child,2,4,12,output,RRYRBRYGBRYGB,0.6153846153846154,2,0.46153846153846156
S2_D01_P1,S2_D01,1,3000,0,Child-Child,2,5,13,output,BYGRBYRBYGBRB,0.6923076923076923,2,0.6153846153846154
S2_D01_P1,S2_D01,1,3000,0,Child-Child,2,6,14,output,RYBRYGBRYBGRY,0.46153846153846156,2,0.6153846153846154
S2_D01_P1,S2_D01,1,3000,0,Child-Child,2,7,15,output,GBGGBRGGBRYGB,0.46153846153846156,2,0.5384615384615384
S2_D01_P1,S2_D01,1,3000,0,Child-Child,2,8,16,output,RBYRBYGRBYRBY,0.9230769230769231,2,0.46153846153846156
S2_D01_P2,S2_D01,2,3001,0,Child-Child,1,0,,seed,GYGRGBGBYBGYG,,1,0.7692307692307693
S2_D01_P2,S2_D01,2,3001,0,Child-Child,1,1,1,output,GYGBBYRRBYGGB,0.3846153846153846,1,0.7692307692307693
S2_D01_P2,S2_D01,2,3001,0,Child-Child,1,2,2,output,RRBGYRBYGRRRY,0.46153846153846156,1,0.7692307692307693
S2_D01_P2,S2_D01,2,3001,0,Child-Child,1,3,3,output,GGBYGRBGYYRRG,0.6153846153846154,0,0.7692307692307693
S2_D01_P2,S2_D01,2,3001,0,Child-Child,1,4,4,output,RBGYRBBGYRRBG,0.5384615384615384,1,0.5384615384615384
S2_D01_P2,S2_D01,2,3001,0,Child-Child,1,5,5,output,RYGBBRRGYBBRY,0.23076923076923073,1,0.6153846153846154
S2_D01_P2,S2_D01,2,3001,0,Child-Child,1,6,6,output,RBGYRBGYRRRBG,0.8461538461538461,2,0.46153846153846156
S2_D01_P2,S2_D01,2,3001,0,Child-Child,1,7,7,output,RRYGBRRBGYRRB,0.6923076923076923,2,0.6153846153846154
S2_D01_P2,S2_D01,2,3001,0,Child-Child,1,8,8,output,RBGYRBGYRRRBG,1.0,2,0.46153846153846156
S2_D01_P2,S2_D01,2,3001,0,Child-Child,2,0,,seed,RYRRGGRBYRYYB,,1,0.7692307692307693
S2_D01_P2,S2_D01,2,3001,0,Child-Child,2,1,9,output,RYRYRRBGYRRYB,0.6153846153846154,1,0.6153846153846154
S2_D01_P2,S2_D01,2,3001,0,Child-Child,2,2,10,output,RBYGRBBYRBYGR,0.3846153846153846,2,0.5384615384615384
S2_D01_P2,S2_D01,2,3001,0,Child-Child,2,3,11,output,RYRRYRBBRRYGB,0.46153846153846156,2,0.6153846153846154
S2_D01_P2,S2_D01,2,3001,0,Child-Child,2,4,12,output,RBYGRBYRRBYGR,0.9230769230769231,2,0.5384615384615384
S2_D01_P2,S2_D01,2,3001,0,Child-Child,2,5,13,output,RYRYBRGRRBYRR,0.46153846153846156,1,0.7692307692307693
S2_D01_P2,S2_D01,2,3001,0,Child-Child,2,6,14,output,GGBBGBRYRGBBB,0.3846153846153846,2,0.6153846153846154
S2_D01_P2,S2_D01,2,3001,0,Child-Child,2,7,15,output,RBYRBYGRBYRRY,0.46153846153846156,1,0.6153846153846154
S2_D01_P2,S2_D01,2,3001,0,Child-Child,2,8,16,output,GBGGBRGBGBRYG,0.8461538461538461,2,0.6153846153846154
S2_D02_P1,S2_D02,1,3010,1,Adult-Adult,1,0,,seed,GYRGYGYYGYYRY,,2,0.5384615384615384
S2_D02_P1,S2_D02,1,3010,1,Adult-Adult,1,1,1,output,GYRGYYGYGYRGY,0.6923076923076923,2,0.5384615384615384
S2_D02_P1,S2_D02,1,3010,1,Adult-Adult,1,2,2,output,RYGRYYGRYRRRR,0.6153846153846154,2,0.46153846153846156
S2_D02_P1,S2_D02,1,3010,1,Adult-Adult,1,3,3,output,GYGYGYRGYGYGY,1.0,2,0.38461538461538464
S2_D02_P1,S2_D02,1,3010,1,Adult-Adult,1,4,4,output,RYRYRYGRYRRRR,0.6923076923076923,1,0.38461538461538464
S2_D02_P1,S2_D02,1,3010,1,Adult-Adult,1,5,5,output,GYGYGYRGYGYGY,1.0,2,0.38461538461538464
S2_D02_P1,S2_D02,1,3010,1,Adult-Adult,1,6,6,output,RYRYRYGRYRYRR,0.8461538461538461,2,0.46153846153846156
S2_D02_P1,S2_D02,1,3010,1,Adult-Adult,1,7,7,output,GYGYGYRGYGYGY,1.0,2,0.38461538461538464
S2_D02_P1,S2_D02,1,3010,1,Adult-Adult,1,8,8,output,YRYRYRGYRYRYR,0.7692307692307692,2,0.38461538461538464
S2_D02_P1,S2_D02,1,3010,1,Adult-Adult,2,0,,seed,RGGGBBRYBYYYG,,0,0.7692307692307693
S2_D02_P1,S2_D02,1,3010,1,Adult-Adult,2,1,9,output,RGRGBRGRGRRRR,0.3076923076923077,2,0.5384615384615384
S2_D02_P1,S2_D02,1,3010,1,Adult-Adult,2,2,10,output,YGYGYGRYGYGYG,0.8461538461538461,2,0.38461538461538464
S2_D02_P1,S2_D02,1,3010,1,Adult-Adult,2,3,11,output,RGRGRGBRGRGRR,0.7692307692307692,2,0.46153846153846156
S2_D02_P1,S2_D02,1,3010,1,Adult-Adult,2,4,12,output,YGYGYGRYGYGYG,1.0,2,0.38461538461538464
S2_D02_P1,S2_D02,1,3010,1,Adult-Adult,2,5,13,output,RGRGRGBRGRGRR,1.0,2,0.46153846153846156
S2_D02_P1,S2_D02,1,3010,1,Adult-Adult,2,6,14,output,YGYGYGRYGYGYG,1.0,2,0.38461538461538464
S2_D02_P1,S2_D02,1,3010,1,Adult-Adult,2,7,15,output,RGRGRGBRGGRGR,0.8461538461538461,1,0.46153846153846156
S2_D02_P1,S2_D02,1,3010,1,Adult-Adult,2,8,16,output,YGYGYGRYGYGYG,1.0,2,0.38461538461538464
S2_D02_P2,S2_D02,2,3011,1,Adult-Adult,1,0,,seed,RYYRRGRBYYGRG,,1,0.7692307692307693
S2_D02_P2,S2_D02,2,3011,1,Adult-Adult,1,1,1,output,RYYRGRYGRRYRR,0.5384615384615384,1,0.7692307692307693
S2_D02_P2,S2_D02,2,3011,1,Adult-Adult,1,2,2,output,GYGYGYRGYGYGY,0.6923076923076923,2,0.38461538461538464
S2_D02_P2,S2_D02,2,3011,1,Adult-Adult,1,3,3,output,RYGRYYRYRRRRR,0.8461538461538461,1,0.5384615384615384
S2_D02_P2,S2_D02,2,3011,1,Adult-Adult,1,4,4,output,GYGYGYRGYGYGY,1.0,2,0.38461538461538464
S2_D02_P2,S2_D02,2,3011,1,Adult-Adult,1,5,5,output,RYRYRYGRRRRRR,0.9230769230769231,1,0.38461538461538464
S2_D02_P2,S2_D02,2,3011,1,Adult-Adult,1,6,6,output,GYGYGYRGYGYGY,1.0,2,0.38461538461538464
S2_D02_P2,S2_D02,2,3011,1,Adult-Adult,1,7,7,output,YRYRYGRYRYRRR,0.8461538461538461,2,0.5384615384615384
S2_D02_P2,S2_D02,2,3011,1,Adult-Adult,1,8,8,output,GYGYGYRGYGYGY,1.0,2,0.38461538461538464
S2_D02_P2,S2_D02,2,3011,1,Adult-Adult,2,0,,seed,YGGYRYGYRGRBY,,1,0.6153846153846154
S2_D02_P2,S2_D02,2,3011,1,Adult-Adult,2,1,9,output,YGYGGRYGYGYGR,0.5384615384615384,2,0.5384615384615384
S2_D02_P2,S2_D02,2,3011,1,Adult-Adult,2,2,10,output,RGRGBRGRGRRRR,1.0,2,0.5384615384615384
S2_D02_P2,S2_D02,2,3011,1,Adult-Adult,2,3,11,output,YGYGYGRYGYGYG,1.0,2,0.38461538461538464
S2_D02_P2,S2_D02,2,3011,1,Adult-Adult,2,4,12,output,RGRGRGBRGRGRR,1.0,2,0.46153846153846156
S2_D02_P2,S2_D02,2,3011,1,Adult-Adult,2,5,13,output,YGYGYGRYGYGYG,1.0,2,0.38461538461538464
S2_D02_P2,S2_D02,2,3011,1,Adult-Adult,2,6,14,output,RGRGRGBRGRGRG,0.9230769230769231,2,0.38461538461538464
S2_D02_P2,S2_D02,2,3011,1,Adult-Adult,2,7,15,output,YGYGYGRYGYGYG,1.0,2,0.38461538461538464
S2_D02_P2,S2_D02,2,3011,1,Adult-Adult,2,8,16,output,RGRGRGBRGGRGR,1.0,1,0.46153846153846156
S2_D03_P1,S2_D03,1,3020,2,Child-Child,1,0,,seed,BRRGGGGGBRYYG,,1,0.5384615384615384
S2_D03_P1,S2_D03,1,3020,2,Child-Child,1,1,1,output,BRBGGBRYYYBBR,0.3846153846153846,1,0.7692307692307693
S2_D03_P1,S2_D03,1,3020,2,Child-Child,1,2,2,output,RBYGGYBYRRRBY,0.6923076923076923,2,0.7692307692307693
S2_D03_P1,S2_D03,1,3020,2,Child-Child,1,3,3,output,RRGYRBYGGYRBR,0.5384615384615384,1,0.5384615384615384
S2_D03_P1,S2_D03,1,3020,2,Child-Child,1,4,4,output,RBBGGYGYRBBGG,0.6153846153846154,1,0.5384615384615384
S2_D03_P1,S2_D03,1,3020,2,Child-Child,1,5,5,output,RRBGGYRRBBGYY,0.5384615384615384,1,0.7692307692307693
S2_D03_P1,S2_D03,1,3020,2,Child-Child,1,6,6,output,RRYYGGGGGBBBB,0.8461538461538461,1,0.46153846153846156
S2_D03_P1,S2_D03,1,3020,2,Child-Child,1,7,7,output,BBGGYRBGGYRBB,0.6923076923076923,1,0.38461538461538464
S2_D03_P1,S2_D03,1,3020,2,Child-Child,1,8,8,output,RRRYGGGGGGBBB,0.7692307692307692,1,0.46153846153846156
S2_D03_P1,S2_D03,1,3020,2,Child-Child,2,0,,seed,RYYRGRGRYBGRB,,1,0.6153846153846154
S2_D03_P1,S2_D03,1,3020,2,Child-Child,2,1,9,output,RYYRYRGRGGGRB,0.7692307692307692,1,0.7692307692307693
S2_D03_P1,S2_D03,1,3020,2,Child-Child,2,2,10,output,RGRRGRYRBRRYR,0.3076923076923077,1,0.6153846153846154
S2_D03_P1,S2_D03,1,3020,2,Child-Child,2,3,11,output,RRYGGGGBRYRRB,0.6923076923076923,1,0.6153846153846154
S2_D03_P1,S2_D03,1,3020,2,Child-Child,2,4,12,output,RRYGBGYGBRYGB,0.46153846153846156,2,0.46153846153846156
S2_D03_P1,S2_D03,1,3020,2,Child-Child,2,5,13,output,RRYRGRYRBRBRY,0.5384615384615384,1,0.5384615384615384
S2_D03_P1,S2_D03,1,3020,2,Child-Child,2,6,14,output,RYYRGRGRRRBRG,0.6923076923076923,1,0.6153846153846154
S2_D03_P1,S2_D03,1,3020,2,Child-Child,2,7,15,output,GGRBRBRBRBRYR,0.6153846153846154,2,0.3076923076923077
S2_D03_P1,S2_D03,1,3020,2,Child-Child,2,8,16,output,RRYRYRGRGRGRY,0.7692307692307692,1,0.38461538461538464
S2_D03_P2,S2_D03,2,3021,2,Child-Child,1,0,,seed,RBYGBGYBYRRRG,,1,0.7692307692307693
S2_D03_P2,S2_D03,2,3021,2,Child-Child,1,1,1,output,RBYGGYRRRBBGY,0.5384615384615384,1,0.7692307692307693
S2_D03_P2,S2_D03,2,3021,2,Child-Child,1,2,2,output,RRRBBYYGGYYYR,0.3076923076923077,1,0.7692307692307693
S2_D03_P2,S2_D03,2,3021,2,Child-Child,1,3,3,output,RBBYGGYYRBRBY,0.7692307692307692,1,0.7692307692307693
S2_D03_P2,S2_D03,2,3021,2,Child-Child,1,4,4,output,RRYYGYRBBRYGB,0.46153846153846156,1,0.7692307692307693
S2_D03_P2,S2_D03,2,3021,2,Child-Child,1,5,5,output,RRYYGYGGBBBBB,0.46153846153846156,1,0.5384615384615384
S2_D03_P2,S2_D03,2,3021,2,Child-Child,1,6,6,output,BBGGYRRBBGGYR,0.6923076923076923,1,0.46153846153846156
S2_D03_P2,S2_D03,2,3021,2,Child-Child,1,7,7,output,RRYGGGGGBBBBB,0.8461538461538461,1,0.38461538461538464
S2_D03_P2,S2_D03,2,3021,2,Child-Child,1,8,8,output,BBGGYRBBGGYRB,0.8461538461538461,1,0.38461538461538464
S2_D03_P2,S2_D03,2,3021,2,Child-Child,2,0,,seed,BBBRGRGRYBGRY,,1,0.5384615384615384
S2_D03_P2,S2_D03,2,3021,2,Child-Child,2,1,9,output,BBBGRGRYYGBRG,0.6923076923076923,1,0.7692307692307693
S2_D03_P2,S2_D03,2,3021,2,Child-Child,2,2,10,output,RRYYGGGGBBRYB,0.46153846153846156,1,0.6153846153846154
S2_D03_P2,S2_D03,2,3021,2,Child-Child,2,3,11,output,RRGRGYYRYBBRY,0.5384615384615384,1,0.7692307692307693
S2_D03_P2,S2_D03,2,3021,2,Child-Child,2,4,12,output,RRYGRRBRYGRBB,0.6153846153846154,1,0.5384615384615384
S2_D03_P2,S2_D03,2,3021,2,Child-Child,2,5,13,output,RRYYRGRGYRGBR,0.5384615384615384,2,0.6153846153846154
S2_D03_P2,S2_D03,2,3021,2,Child-Child,2,6,14,output,RRYGRRBRBRBYR,0.6923076923076923,1,0.5384615384615384
S2_D03_P2,S2_D03,2,3021,2,Child-Child,2,7,15,output,RRYRYRRGGRGRG,0.5384615384615384,1,0.5384615384615384
S2_D03_P2,S2_D03,2,3021,2,Child-Child,2,8,16,output,GGGRGRRBRBRBR,0.6923076923076923,1,0.46153846153846156
S2_D04_P1,S2_D04,1,3030,3,Adult-Adult,1,0,,seed,BGGGYYYRRGGGR,,1,0.6153846153846154
S2_D04_P1,S2_D04,1,3030,3,Adult-Adult,1,1,1,output,BGGGYGRRBGYYR,0.6153846153846154,1,0.7692307692307693
S2_D04_P1,S2_D04,1,3030,3,Adult-Adult,1,2,2,output,RRRYYGGYYRBGY,0.3846153846153846,1,0.7692307692307693
S2_D04_P1,S2_D04,1,3030,3,Adult-Adult,1,3,3,output,BBGGYYRBGGRYY,0.6153846153846154,1,0.6153846153846154
S2_D04_P1,S2_D04,1,3030,3,Adult-Adult,1,4,4,output,RRRYYGGBGYYRR,0.6153846153846154,1,0.7692307692307693
S2_D04_P1,S2_D04,1,3030,3,Adult-Adult,1,5,5,output,RRYYGGYYRRBRB,0.8461538461538461,1,0.7692307692307693
S2_D04_P1,S2_D04,1,3030,3,Adult-Adult,1,6,6,output,RRRYGGYYBYGYB,0.7692307692307692,1,0.7692307692307693
S2_D04_P1,S2_D04,1,3030,3,Adult-Adult,1,7,7,output,RRYGGYYBYGRBY,0.5384615384615384,1,0.7692307692307693
S2_D04_P1,S2_D04,1,3030,3,Adult-Adult,1,8,8,output,RRYGGYBYGYBGY,0.6923076923076923,1,0.6153846153846154
S2_D04_P1,S2_D04,1,3030,3,Adult-Adult,2,0,,seed,GRRRBBRGYRBBB,,1,0.6153846153846154
S2_D04_P1,S2_D04,1,3030,3,Adult-Adult,2,1,9,output,GGGRRBGYRRBGY,0.46153846153846156,1,0.46153846153846156
S2_D04_P1,S2_D04,1,3030,3,Adult-Adult,2,2,10,output,GGRYBGGBBYYRG,0.6153846153846154,1,0.7692307692307693
S2_D04_P1,S2_D04,1,3030,3,Adult-Adult,2,3,11,output,GGGRYBGGRYBRB,0.6923076923076923,1,0.46153846153846156
S2_D04_P1,S2_D04,1,3030,3,Adult-Adult,2,4,12,output,GGGGRRYYGBGGB,0.5384615384615384,1,0.7692307692307693
S2_D04_P1,S2_D04,1,3030,3,Adult-Adult,2,5,13,output,GGRYBGGRYGGRY,0.6923076923076923,1,0.46153846153846156
S2_D04_P1,S2_D04,1,3030,3,Adult-Adult,2,6,14,output,GGRYBGGYRGGRY,0.6153846153846154,2,0.6153846153846154
S2_D04_P1,S2_D04,1,3030,3,Adult-Adult,2,7,15,output,GGRYBGGYRBGRY,0.6923076923076923,1,0.6153846153846154
S2_D04_P1,S2_D04,1,3030,3,Adult-Adult,2,8,16,output,GGRGGRYGGBYGR,0.6923076923076923,2,0.7692307692307693
S2_D04_P2,S2_D04,2,3031,3,Adult-Adult,1,0,,seed,RRYBRYGRBBYYB,,1,0.7692307692307693
S2_D04_P2,S2_D04,2,3031,3,Adult-Adult,1,1,1,output,RRYYRRBBYGGRY,0.46153846153846156,1,0.7692307692307693
S2_D04_P2,S2_D04,2,3031,3,Adult-Adult,1,2,2,output,BGGGYRYBYGGYY,0.6153846153846154,1,0.6153846153846154
S2_D04_P2,S2_D04,2,3031,3,Adult-Adult,1,3,3,output,RRRYYGGYBBYGB,0.6923076923076923,1,0.7692307692307693
S2_D04_P2,S2_D04,2,3031,3,Adult-Adult,1,4,4,output,RRRYYGGYYRRBB,0.23076923076923073,1,0.7692307692307693
S2_D04_P2,S2_D04,2,3031,3,Adult-Adult,1,5,5,output,RRRYYGGBBYGYB,0.6923076923076923,1,0.7692307692307693
S2_D04_P2,S2_D04,2,3031,3,Adult-Adult,1,6,6,output,RRYYGGYRRYBYG,0.6923076923076923,1,0.7692307692307693
S2_D04_P2,S2_D04,2,3031,3,Adult-Adult,1,7,7,output,RRRYYGGYBYGYB,0.8461538461538461,1,0.6153846153846154
S2_D04_P2,S2_D04,2,3031,3,Adult-Adult,1,8,8,output,RRYGGYBBYGYBB,0.7692307692307692,1,0.5384615384615384
S2_D04_P2,S2_D04,2,3031,3,Adult-Adult,2,0,,seed,GGRYBBGBGRYGR,,1,0.6153846153846154
S2_D04_P2,S2_D04,2,3031,3,Adult-Adult,2,1,9,output,GGRYBGRGYBGGR,0.6153846153846154,2,0.6153846153846154
S2_D04_P2,S2_D04,2,3031,3,Adult-Adult,2,2,10,output,GGGRRYBGRYGYB,0.6153846153846154,1,0.7692307692307693
S2_D04_P2,S2_D04,2,3031,3,Adult-Adult,2,3,11,output,GGRYBGRYBGGGB,0.5384615384615384,1,0.46153846153846156
S2_D04_P2,S2_D04,2,3031,3,Adult-Adult,2,4,12,output,GGGRYBGGRYBGG,0.8461538461538461,2,0.3076923076923077
S2_D04_P2,S2_D04,2,3031,3,Adult-Adult,2,5,13,output,GGGRYGBGGYRBG,0.5384615384615384,1,0.7692307692307693
S2_D04_P2,S2_D04,2,3031,3,Adult-Adult,2,6,14,output,GGRYBGRYBGGYR,0.6923076923076923,1,0.46153846153846156
S2_D04_P2,S2_D04,2,3031,3,Adult-Adult,2,7,15,output,GGRYBGGRYGGBG,0.6923076923076923,2,0.6153846153846154
S2_D04_P2,S2_D04,2,3031,3,Adult-Adult,2,8,16,output,GGGRYBGRYBGYR,0.6153846153846154,1,0.46153846153846156
S2_D05_P1,S2_D05,1,3040,4,Child-Child,1,0,,seed,GYRYYGBGYYRBG,,1,0.7692307692307693
S2_D05_P1,S2_D05,1,3040,4,Child-Child,1,1,1,output,GGYRYYRBGRYGB,0.6153846153846154,1,0.7692307692307693
S2_D05_P1,S2_D05,1,3040,4,Child-Child,1,2,2,output,GYRRRRBGBBBBY,0.5384615384615384,1,0.5384615384615384
S2_D05_P1,S2_D05,1,3040,4,Child-Child,1,3,3,output,GYRBBRGYGYBBR,0.46153846153846156,1,0.6153846153846154
S2_D05_P1,S2_D05,1,3040,4,Child-Child,1,4,4,output,GYRRRBGYRGBGY,0.8461538461538461,2,0.6153846153846154
S2_D05_P1,S2_D05,1,3040,4,Child-Child,1,5,5,output,GYRBGYRBGGYRB,0.6153846153846154,1,0.38461538461538464
S2_D05_P1,S2_D05,1,3040,4,Child-Child,1,6,6,output,GYRRBGYGGRBGY,0.5384615384615384,2,0.5384615384615384
S2_D05_P1,S2_D05,1,3040,4,Child-Child,1,7,7,output,GYRBGYRBGBGYR,0.6923076923076923,2,0.38461538461538464
S2_D05_P1,S2_D05,1,3040,4,Child-Child,1,8,8,output,GYRBGYRBGYYGY,0.8461538461538461,2,0.46153846153846156
S2_D05_P1,S2_D05,1,3040,4,Child-Child,2,0,,seed,BYRGGYBYRGRYG,,1,0.6153846153846154
S2_D05_P1,S2_D05,1,3040,4,Child-Child,2,1,9,output,BYGBGYRGYGYYR,0.46153846153846156,1,0.7692307692307693
S2_D05_P1,S2_D05,1,3040,4,Child-Child,2,2,10,output,BGYRBGYRBGYRB,0.6153846153846154,1,0.23076923076923078
S2_D05_P1,S2_D05,1,3040,4,Child-Child,2,3,11,output,GYBGYRYGBGYGY,0.46153846153846156,2,0.6153846153846154
S2_D05_P1,S2_D05,1,3040,4,Child-Child,2,4,12,output,BGYRBGYRBGYRB,1.0,1,0.23076923076923078
S2_D05_P1,S2_D05,1,3040,4,Child-Child,2,5,13,output,GBYGBYGBYRBYG,0.6923076923076923,1,0.38461538461538464
S2_D05_P1,S2_D05,1,3040,4,Child-Child,2,6,14,output,GYRBGYRBGYRBG,1.0,1,0.23076923076923078
S2_D05_P1,S2_D05,1,3040,4,Child-Child,2,7,15,output,GBYGBYGBYRBYG,0.8461538461538461,1,0.38461538461538464
S2_D05_P1,S2_D05,1,3040,4,Child-Child,2,8,16,output,GYRBGYRBGYRBG,1.0,1,0.23076923076923078
S2_D05_P2,S2_D05,2,3041,4,Child-Child,1,0,,seed,GYBGRRRRRGGBB,,1,0.5384615384615384
S2_D05_P2,S2_D05,2,3041,4,Child-Child,1,1,1,output,GYBRRRRRRGYBB,0.8461538461538461,1,0.46153846153846156
S2_D05_P2,S2_D05,2,3041,4,Child-Child,1,2,2,output,GYBRRGYBRRGRY,0.3846153846153846,1,0.46153846153846156
S2_D05_P2,S2_D05,2,3041,4,Child-Child,1,3,3,output,GYRRRRBGYRBGY,0.7692307692307692,2,0.46153846153846156
S2_D05_P2,S2_D05,2,3041,4,Child-Child,1,4,4,output,GYRBBBGYGYRBG,0.7692307692307692,2,0.6153846153846154
S2_D05_P2,S2_D05,2,3041,4,Child-Child,1,5,5,output,GYRRRRBGBYRBG,0.6923076923076923,1,0.5384615384615384
S2_D05_P2,S2_D05,2,3041,4,Child-Child,1,6,6,output,GYRBGYRBGYRBG,0.8461538461538461,1,0.23076923076923078
S2_D05_P2,S2_D05,2,3041,4,Child-Child,1,7,7,output,GYRBBGYRBGYGY,0.6153846153846154,2,0.6153846153846154
S2_D05_P2,S2_D05,2,3041,4,Child-Child,1,8,8,output,GYRBGYRBGBGYR,1.0,2,0.38461538461538464
S2_D05_P2,S2_D05,2,3041,4,Child-Child,2,0,,seed,BGRRYYRYRYBRR,,1,0.6153846153846154
S2_D05_P2,S2_D05,2,3041,4,Child-Child,2,1,9,output,GBGBRYRYBGYRB,0.46153846153846156,1,0.7692307692307693
S2_D05_P2,S2_D05,2,3041,4,Child-Child,2,2,10,output,BGBGBYGBRGYBG,0.46153846153846156,1,0.7692307692307693
S2_D05_P2,S2_D05,2,3041,4,Child-Child,2,3,11,output,BGYRBGYRBGYRB,1.0,1,0.23076923076923078
S2_D05_P2,S2_D05,2,3041,4,Child-Child,2,4,12,output,GBYGBYGRBYGRY,0.46153846153846156,1,0.46153846153846156
S2_D05_P2,S2_D05,2,3041,4,Child-Child,2,5,13,output,GYRBGYRBGYRBG,0.8461538461538461,1,0.23076923076923078
S2_D05_P2,S2_D05,2,3041,4,Child-Child,2,6,14,output,GBYGBYGBYRGBY,0.8461538461538461,1,0.38461538461538464
S2_D05_P2,S2_D05,2,3041,4,Child-Child,2,7,15,output,GYRBGYRBGYRBG,1.0,1,0.23076923076923078
S2_D05_P2,S2_D05,2,3041,4,Child-Child,2,8,16,output,GBYGBYGBYRBGY,0.8461538461538461,1,0.46153846153846156
S2_D06_P1,S2_D06,1,3050,5,Child-Child,1,0,,seed,BYYYBYGBGBYYR,,1,0.7692307692307693
S2_D06_P1,S2_D06,1,3050,5,Child-Child,1,1,1,output,YYYGYRYGYYYBY,0.46153846153846156,1,0.6153846153846154
S2_D06_P1,S2_D06,1,3050,5,Child-Child,1,2,2,output,GGBYGYBYYYYYY,0.5384615384615384,1,0.46153846153846156
S2_D06_P1,S2_D06,1,3050,5,Child-Child,1,3,3,output,RRYYYBBBRYYBB,0.6923076923076923,1,0.5384615384615384
S2_D06_P1,S2_D06,1,3050,5,Child-Child,1,4,4,output,YYGGBBBYYBGBB,0.3846153846153846,1,0.6153846153846154
S2_D06_P1,S2_D06,1,3050,5,Child-Child,1,5,5,output,RYYGGBYRGBBYR,0.46153846153846156,1,0.6153846153846154
S2_D06_P1,S2_D06,1,3050,5,Child-Child,1,6,6,output,YYGBBBYBRBYYG,0.5384615384615384,1,0.7692307692307693
S2_D06_P1,S2_D06,1,3050,5,Child-Child,1,7,7,output,YBYRRBYYBGYBR,0.5384615384615384,1,0.7692307692307693
S2_D06_P1,S2_D06,1,3050,5,Child-Child,1,8,8,output,RYBGRGYBBYRBB,0.3846153846153846,1,0.7692307692307693
S2_D06_P1,S2_D06,1,3050,5,Child-Child,2,0,,seed,RYYGGBGGGYGBG,,1,0.6153846153846154
S2_D06_P1,S2_D06,1,3050,5,Child-Child,2,1,9,output,YGYGGBYYBYGYG,0.5384615384615384,1,0.6153846153846154
S2_D06_P1,S2_D06,1,3050,5,Child-Child,2,2,10,output,GBYBYBYRGYGBY,0.3076923076923077,2,0.5384615384615384
S2_D06_P1,S2_D06,1,3050,5,Child-Child,2,3,11,output,GYGBRBYBRYGGY,0.6153846153846154,1,0.7692307692307693
S2_D06_P1,S2_D06,1,3050,5,Child-Child,2,4,12,output,RYGYGYBRYBYYG,0.46153846153846156,1,0.6153846153846154
S2_D06_P1,S2_D06,1,3050,5,Child-Child,2,5,13,output,RYRYBGBYRYBYR,0.5384615384615384,2,0.5384615384615384
S2_D06_P1,S2_D06,1,3050,5,Child-Child,2,6,14,output,YBGYRRYGBYGYG,0.5384615384615384,1,0.7692307692307693
S2_D06_P1,S2_D06,1,3050,5,Child-Child,2,7,15,output,BGBGYRYRYRGGY,0.23076923076923073,1,0.5384615384615384
S2_D06_P1,S2_D06,1,3050,5,Child-Child,2,8,16,output,RYRBRYBYGBYYY,0.46153846153846156,1,0.7692307692307693
S2_D06_P2,S2_D06,2,3051,5,Child-Child,1,0,,seed,BYBYYYGYYYRGB,,1,0.6153846153846154
S2_D06_P2,S2_D06,2,3051,5,Child-Child,1,1,1,output,BBYBYGYYYYGBY,0.6923076923076923,1,0.6153846153846154
S2_D06_P2,S2_D06,2,3051,5,Child-Child,1,2,2,output,RYYYBGYYRYYBB,0.5384615384615384,2,0.6153846153846154
S2_D06_P2,S2_D06,2,3051,5,Child-Child,1,3,3,output,YBGYYBGYYYBYY,0.5384615384615384,2,0.5384615384615384
S2_D06_P2,S2_D06,2,3051,5,Child-Child,1,4,4,output,RRRYBBYYGRBYY,0.3846153846153846,1,0.6153846153846154
S2_D06_P2,S2_D06,2,3051,5,Child-Child,1,5,5,output,YYGGBBBYYGRRY,0.6923076923076923,1,0.7692307692307693
S2_D06_P2,S2_D06,2,3051,5,Child-Child,1,6,6,output,BYRGBBYYRRYBB,0.3846153846153846,1,0.7692307692307693
S2_D06_P2,S2_D06,2,3051,5,Child-Child,1,7,7,output,BBYYGGRYBGRYB,0.3076923076923077,1,0.5384615384615384
S2_D06_P2,S2_D06,2,3051,5,Child-Child,1,8,8,output,BYBYYGYBYYGYB,0.5384615384615384,2,0.3076923076923077
S2_D06_P2,S2_D06,2,3051,5,Child-Child,2,0,,seed,YGGRYRRRRYRYR,,1,0.5384615384615384
S2_D06_P2,S2_D06,2,3051,5,Child-Child,2,1,9,output,YRYGBBGYGYRYR,0.3846153846153846,1,0.7692307692307693
S2_D06_P2,S2_D06,2,3051,5,Child-Child,2,2,10,output,YGYGBRYBYGYGG,0.7692307692307692,2,0.6153846153846154
S2_D06_P2,S2_D06,2,3051,5,Child-Child,2,3,11,output,YRBYBYGYBYGYR,0.46153846153846156,2,0.46153846153846156
S2_D06_P2,S2_D06,2,3051,5,Child-Child,2,4,12,output,YRYGGBBGYRBBY,0.3076923076923077,1,0.7692307692307693
S2_D06_P2,S2_D06,2,3051,5,Child-Child,2,5,13,output,YGYGYRBRYGBBG,0.6153846153846154,1,0.7692307692307693
S2_D06_P2,S2_D06,2,3051,5,Child-Child,2,6,14,output,YRYRBGYBBGRYY,0.46153846153846156,1,0.7692307692307693
S2_D06_P2,S2_D06,2,3051,5,Child-Child,2,7,15,output,YRYRRRBGYRYYG,0.46153846153846156,1,0.7692307692307693
S2_D06_P2,S2_D06,2,3051,5,Child-Child,2,8,16,output,YRYRYRGBYRYGY,0.46153846153846156,1,0.5384615384615384
S2_D07_P1,S2_D07,1,3060,6,Adult-Adult,1,0,,seed,BBGGGYYRGGYRY,,1,0.6153846153846154
S2_D07_P1,S2_D07,1,3060,6,Adult-Adult,1,1,1,output,BBRRYYYGYRBGY,0.46153846153846156,1,0.7692307692307693
S2_D07_P1,S2_D07,1,3060,6,Adult-Adult,1,2,2,output,GGYYRYGYGYBBB,0.6923076923076923,1,0.6153846153846154
S2_D07_P1,S2_D07,1,3060,6,Adult-Adult,1,3,3,output,GGYYRRGYRGYBB,0.46153846153846156,2,0.6153846153846154
S2_D07_P1,S2_D07,1,3060,6,Adult-Adult,1,4,4,output,GGYRYBBBBBBBB,0.7692307692307692,2,0.3076923076923077
S2_D07_P1,S2_D07,1,3060,6,Adult-Adult,1,5,5,output,GGYYRGYGYBBBB,0.9230769230769231,1,0.6153846153846154
S2_D07_P1,S2_D07,1,3060,6,Adult-Adult,1,6,6,output,GGYRGYBBBBBBB,1.0,1,0.38461538461538464
S2_D07_P1,S2_D07,1,3060,6,Adult-Adult,1,7,7,output,GGYYRGYBBBBBB,0.8461538461538461,1,0.46153846153846156
S2_D07_P1,S2_D07,1,3060,6,Adult-Adult,1,8,8,output,GGYYRGYBBBBBB,1.0,1,0.46153846153846156
S2_D07_P1,S2_D07,1,3060,6,Adult-Adult,2,0,,seed,YGYBBYYRRGRRB,,1,0.7692307692307693
S2_D07_P1,S2_D07,1,3060,6,Adult-Adult,2,1,9,output,YYGYBRYGYYYBB,0.3846153846153846,1,0.6153846153846154
S2_D07_P1,S2_D07,1,3060,6,Adult-Adult,2,2,10,output,YYGYRGYBBBBBB,0.7692307692307692,1,0.46153846153846156
S2_D07_P1,S2_D07,1,3060,6,Adult-Adult,2,3,11,output,YYGGRBYGBBBBB,0.6923076923076923,1,0.5384615384615384
S2_D07_P1,S2_D07,1,3060,6,Adult-Adult,2,4,12,output,YYGGRYGBBBBBB,0.8461538461538461,1,0.46153846153846156
S2_D07_P1,S2_D07,1,3060,6,Adult-Adult,2,5,13,output,YYGGRYBBBBBBB,1.0,1,0.38461538461538464
S2_D07_P1,S2_D07,1,3060,6,Adult-Adult,2,6,14,output,YYGGRYGBBBBBB,1.0,1,0.46153846153846156
S2_D07_P1,S2_D07,1,3060,6,Adult-Adult,2,7,15,output,YYGGRYBBBBBBB,1.0,1,0.38461538461538464
S2_D07_P1,S2_D07,1,3060,6,Adult-Adult,2,8,16,output,YYGGRYGBBBBBB,1.0,1,0.46153846153846156
S2_D07_P2,S2_D07,2,3061,6,Adult-Adult,1,0,,seed,GGYGYGRGBGYGR,,2,0.46153846153846156
S2_D07_P2,S2_D07,2,3061,6,Adult-Adult,1,1,1,output,GGYRGYRYGBBBB,0.46153846153846156,1,0.5384615384615384
S2_D07_P2,S2_D07,2,3061,6,Adult-Adult,1,2,2,output,GGRRYYGYBYYBY,0.5384615384615384,1,0.6153846153846154
S2_D07_P2,S2_D07,2,3061,6,Adult-Adult,1,3,3,output,GGYYYRRBBBBBB,0.5384615384615384,1,0.46153846153846156
S2_D07_P2,S2_D07,2,3061,6,Adult-Adult,1,4,4,output,GGYYRGYGBBBBB,0.6153846153846154,1,0.5384615384615384
S2_D07_P2,S2_D07,2,3061,6,Adult-Adult,1,5,5,output,GGYRGYBBBBBBB,0.8461538461538461,1,0.38461538461538464
S2_D07_P2,S2_D07,2,3061,6,Adult-Adult,1,6,6,output,GGYYRGYGYBBBB,1.0,1,0.6153846153846154
S2_D07_P2,S2_D07,2,3061,6,Adult-Adult,1,7,7,output,GGYYRGYBBBBBB,0.8461538461538461,1,0.46153846153846156
S2_D07_P2,S2_D07,2,3061,6,Adult-Adult,1,8,8,output,GGYYRGYBBBBBB,1.0,1,0.46153846153846156
S2_D07_P2,S2_D07,2,3061,6,Adult-Adult,2,0,,seed,YYBGYRGBGYYYG,,1,0.6153846153846154
S2_D07_P2,S2_D07,2,3061,6,Adult-Adult,2,1,9,output,YYBRGYBBBBBBB,0.3846153846153846,1,0.38461538461538464
S2_D07_P2,S2_D07,2,3061,6,Adult-Adult,2,2,10,output,YYGGYBRGYYBBB,0.7692307692307692,1,0.7692307692307693
S2_D07_P2,S2_D07,2,3061,6,Adult-Adult,2,3,11,output,YYGGRGYBBBBBB,0.9230769230769231,1,0.46153846153846156
S2_D07_P2,S2_D07,2,3061,6,Adult-Adult,2,4,12,output,YYGGRYBBBBBBB,0.7692307692307692,1,0.38461538461538464
S2_D07_P2,S2_D07,2,3061,6,Adult-Adult,2,5,13,output,YYGGRYGBBBBBB,1.0,1,0.46153846153846156
S2_D07_P2,S2_D07,2,3061,6,Adult-Adult,2,6,14,output,YYGGRYBBBBBBB,1.0,1,0.38461538461538464
S2_D07_P2,S2_D07,2,3061,6,Adult-Adult,2,7,15,output,YYGGRYGBBBBBB,1.0,1,0.46153846153846156
S2_D07_P2,S2_D07,2,3061,6,Adult-Adult,2,8,16,output,YYGGRYBBBBBBB,1.0,1,0.38461538461538464
S2_D08_P1,S2_D08,1,3070,7,Child-Child,1,0,,seed,YYRBBRRYYBGRB,,1,0.7692307692307693
S2_D08_P1,S2_D08,1,3070,7,Child-Child,1,1,1,output,YYRBBYRBYBGRY,0.7692307692307692,1,0.6153846153846154
S2_D08_P1,S2_D08,1,3070,7,Child-Child,1,2,2,output,BYYGBYGBYRYRB,0.8461538461538461,2,0.5384615384615384
S2_D08_P1,S2_D08,1,3070,7,Child-Child,1,3,3,output,RBBYYGRYGRBYR,0.5384615384615384,1,0.6153846153846154
S2_D08_P1,S2_D08,1,3070,7,Child-Child,1,4,4,output,BGRYBRGBGRRYR,0.3846153846153846,1,0.7692307692307693
S2_D08_P1,S2_D08,1,3070,7,Child-Child,1,5,5,output,RBYYGBRBYBGRY,0.6923076923076923,1,0.7692307692307693
S2_D08_P1,S2_D08,1,3070,7,Child-Child,1,6,6,output,BBRGYYRGBBRRR,0.46153846153846156,1,0.7692307692307693
S2_D08_P1,S2_D08,1,3070,7,Child-Child,1,7,7,output,BYGRBYGBRYRBR,0.5384615384615384,1,0.7692307692307693
S2_D08_P1,S2_D08,1,3070,7,Child-Child,1,8,8,output,RBGYRGBRYGBRR,0.6153846153846154,1,0.6153846153846154
S2_D08_P1,S2_D08,1,3070,7,Child-Child,2,0,,seed,BYRRGRYYGBBBB,,1,0.6153846153846154
S2_D08_P1,S2_D08,1,3070,7,Child-Child,2,1,9,output,RBGYYRBGRYBRY,0.3076923076923077,1,0.7692307692307693
S2_D08_P1,S2_D08,1,3070,7,Child-Child,2,2,10,output,RGGRGRRBYBBRB,0.5384615384615384,1,0.7692307692307693
S2_D08_P1,S2_D08,1,3070,7,Child-Child,2,3,11,output,RBYGRGRGRGRRG,0.46153846153846156,2,0.38461538461538464
S2_D08_P1,S2_D08,1,3070,7,Child-Child,2,4,12,output,RRGGRRGGRBYRG,0.6153846153846154,1,0.5384615384615384
S2_D08_P1,S2_D08,1,3070,7,Child-Child,2,5,13,output,RBGRRGBRYBGGB,0.46153846153846156,1,0.7692307692307693
S2_D08_P1,S2_D08,1,3070,7,Child-Child,2,6,14,output,RRGGRRGGRRGGR,1.0,1,0.23076923076923078
S2_D08_P1,S2_D08,1,3070,7,Child-Child,2,7,15,output,RRRBYGBYGRBYB,0.46153846153846156,2,0.5384615384615384
S2_D08_P1,S2_D08,1,3070,7,Child-Child,2,8,16,output,RRGGRRGGRRGGR,1.0,1,0.23076923076923078
S2_D08_P2,S2_D08,2,3071,7,Child-Child,1,0,,seed,BYYGGYBYGBYYR,,2,0.7692307692307693
S2_D08_P2,S2_D08,2,3071,7,Child-Child,1,1,1,output,BYYGBYGBYYRBY,0.6923076923076923,2,0.5384615384615384
S2_D08_P2,S2_D08,2,3071,7,Child-Child,1,2,2,output,RBYBGRYGBRYBG,0.3076923076923077,1,0.6153846153846154
S2_D08_P2,S2_D08,2,3071,7,Child-Child,1,3,3,output,BYYGBYRBGYYRB,0.7692307692307692,1,0.6153846153846154
S2_D08_P2,S2_D08,2,3071,7,Child-Child,1,4,4,output,RBBYYGBRYGBRY,0.6923076923076923,1,0.46153846153846156
S2_D08_P2,S2_D08,2,3071,7,Child-Child,1,5,5,output,RBGYBBRGYBYYR,0.46153846153846156,1,0.6153846153846154
S2_D08_P2,S2_D08,2,3071,7,Child-Child,1,6,6,output,RBYYGBYGRRBYR,0.5384615384615384,2,0.7692307692307693
S2_D08_P2,S2_D08,2,3071,7,Child-Child,1,7,7,output,BRYGYRGBBRYBR,0.6153846153846154,2,0.7692307692307693
S2_D08_P2,S2_D08,2,3071,7,Child-Child,1,8,8,output,RBYGBYRGBYRBG,0.6153846153846154,2,0.5384615384615384
S2_D08_P2,S2_D08,2,3071,7,Child-Child,2,0,,seed,GRRGGBYRBRYYR,,1,0.7692307692307693
S2_D08_P2,S2_D08,2,3071,7,Child-Child,2,1,9,output,GRRGGRBYRGBRY,0.6923076923076923,1,0.7692307692307693
S2_D08_P2,S2_D08,2,3071,7,Child-Child,2,2,10,output,RBGYYRRBGYBRG,0.7692307692307692,1,0.6153846153846154
S2_D08_P2,S2_D08,2,3071,7,Child-Child,2,3,11,output,RGRGRRBRBRYRG,0.6153846153846154,1,0.6153846153846154
S2_D08_P2,S2_D08,2,3071,7,Child-Child,2,4,12,output,RBYGRGGRRGRRG,0.8461538461538461,2,0.5384615384615384
S2_D08_P2,S2_D08,2,3071,7,Child-Child,2,5,13,output,RRGGRRGGRRGGR,0.6923076923076923,1,0.23076923076923078
S2_D08_P2,S2_D08,2,3071,7,Child-Child,2,6,14,output,RRGGRBGYBGRRB,0.5384615384615384,1,0.7692307692307693
S2_D08_P2,S2_D08,2,3071,7,Child-Child,2,7,15,output,RRGGRRGGRRGGR,1.0,1,0.23076923076923078
S2_D08_P2,S2_D08,2,3071,7,Child-Child,2,8,16,output,RRRBYGRYGBBRY,0.6923076923076923,1,0.7692307692307693
S2_D09_P1,S2_D09,1,3080,8,Child-Child,1,0,,seed,YRGGGBYRBYYGY,,1,0.7692307692307693
S2_D09_P1,S2_D09,1,3080,8,Child-Child,1,1,1,output,BRYYGGRRBBYYG,0.46153846153846156,1,0.6153846153846154
S2_D09_P1,S2_D09,1,3080,8,Child-Child,1,2,2,output,BRYGBBYRGBGRY,0.46153846153846156,1,0.7692307692307693
S2_D09_P1,S2_D09,1,3080,8,Child-Child,1,3,3,output,RBBYGRBBYGGRB,0.5384615384615384,2,0.46153846153846156
S2_D09_P1,S2_D09,1,3080,8,Child-Child,1,4,4,output,BYGRBGYGBYYRB,0.6153846153846154,1,0.7692307692307693
S2_D09_P1,S2_D09,1,3080,8,Child-Child,1,5,5,output,RBYGRRBBYRYGB,0.7692307692307692,1,0.7692307692307693
S2_D09_P1,S2_D09,1,3080,8,Child-Child,1,6,6,output,YRBGYRBGRYBGY,0.5384615384615384,1,0.5384615384615384
S2_D09_P1,S2_D09,1,3080,8,Child-Child,1,7,7,output,RRBBYGBYYRYBG,0.6923076923076923,1,0.7692307692307693
S2_D09_P1,S2_D09,1,3080,8,Child-Child,1,8,8,output,RBRYBGBYYYRBG,0.5384615384615384,1,0.7692307692307693
S2_D09_P1,S2_D09,1,3080,8,Child-Child,2,0,,seed,RYBYRBRGBRYRY,,1,0.7692307692307693
S2_D09_P1,S2_D09,1,3080,8,Child-Child,2,1,9,output,RYBRGYBBRYGRR,0.5384615384615384,1,0.7692307692307693
S2_D09_P1,S2_D09,1,3080,8,Child-Child,2,2,10,output,BYGRRYGBYGBBB,0.23076923076923073,2,0.6153846153846154
S2_D09_P1,S2_D09,1,3080,8,Child-Child,2,3,11,output,RRBBYYGRBYGYB,0.6153846153846154,1,0.7692307692307693
S2_D09_P1,S2_D09,1,3080,8,Child-Child,2,4,12,output,RRBBYYGGRBYGR,0.3846153846153846,1,0.7692307692307693
S2_D09_P1,S2_D09,1,3080,8,Child-Child,2,5,13,output,RRBBYYRRBBYYG,1.0,1,0.46153846153846156
S2_D09_P1,S2_D09,1,3080,8,Child-Child,2,6,14,output,RRBBYYGGRBYGR,1.0,1,0.7692307692307693
S2_D09_P1,S2_D09,1,3080,8,Child-Child,2,7,15,output,RRBBYYRRBBYGR,0.9230769230769231,1,0.5384615384615384
S2_D09_P1,S2_D09,1,3080,8,Child-Child,2,8,16,output,RRBBYYGGRBYGR,0.9230769230769231,1,0.7692307692307693
S2_D09_P2,S2_D09,2,3081,8,Child-Child,1,0,,seed,RRBBRRYGYGRRY,,1,0.6153846153846154
S2_D09_P2,S2_D09,2,3081,8,Child-Child,1,1,1,output,RBBBRYRGBRYBB,0.46153846153846156,1,0.6153846153846154
S2_D09_P2,S2_D09,2,3081,8,Child-Child,1,2,2,output,RRBYGGRRBBYYG,0.8461538461538461,1,0.7692307692307693
S2_D09_P2,S2_D09,2,3081,8,Child-Child,1,3,3,output,BYGBYRBGYRBYY,0.5384615384615384,1,0.6153846153846154
S2_D09_P2,S2_D09,2,3081,8,Child-Child,1,4,4,output,RBYGRRBBYRBBY,0.5384615384615384,2,0.5384615384615384
S2_D09_P2,S2_D09,2,3081,8,Child-Child,1,5,5,output,GYRBGYBRGYRGB,0.5384615384615384,2,0.7692307692307693
S2_D09_P2,S2_D09,2,3081,8,Child-Child,1,6,6,output,RRBBYYGRBYYRY,0.46153846153846156,1,0.6153846153846154
S2_D09_P2,S2_D09,2,3081,8,Child-Child,1,7,7,output,YRBGYBGRYBYBB,0.6923076923076923,1,0.7692307692307693
S2_D09_P2,S2_D09,2,3081,8,Child-Child,1,8,8,output,RRBBBRYGRYRGB,0.5384615384615384,1,0.7692307692307693
S2_D09_P2,S2_D09,2,3081,8,Child-Child,2,0,,seed,BBYYGGBBRYRRY,,1,0.7692307692307693
S2_D09_P2,S2_D09,2,3081,8,Child-Child,2,1,9,output,BBYYGBYYRYRYR,0.6153846153846154,1,0.46153846153846156
S2_D09_P2,S2_D09,2,3081,8,Child-Child,2,2,10,output,RRBBYYRBBYYGG,0.46153846153846156,1,0.46153846153846156
S2_D09_P2,S2_D09,2,3081,8,Child-Child,2,3,11,output,BBYGRBYRGBYRG,0.46153846153846156,2,0.5384615384615384
S2_D09_P2,S2_D09,2,3081,8,Child-Child,2,4,12,output,RRBBYYRRBBYYG,0.6923076923076923,1,0.46153846153846156
S2_D09_P2,S2_D09,2,3081,8,Child-Child,2,5,13,output,RRBBYYGGRBYGR,1.0,1,0.7692307692307693
S2_D09_P2,S2_D09,2,3081,8,Child-Child,2,6,14,output,RRBBYYRRBBYGG,0.9230769230769231,1,0.5384615384615384
S2_D09_P2,S2_D09,2,3081,8,Child-Child,2,7,15,output,RRBBYYGGRBYRR,0.9230769230769231,1,0.7692307692307693
S2_D09_P2,S2_D09,2,3081,8,Child-Child,2,8,16,output,RRBBYYRRBBGRR,0.8461538461538461,2,0.6153846153846154
S2_D10_P1,S2_D10,1,3090,9,Adult-Adult,1,0,,seed,YGGGRGYYYBGGR,,1,0.6153846153846154
S2_D10_P1,S2_D10,1,3090,9,Adult-Adult,1,1,1,output,YGGGRRGYGBBYB,0.5384615384615384,1,0.7692307692307693
S2_D10_P1,S2_D10,1,3090,9,Adult-Adult,1,2,2,output,GBGRRYYYYBGBR,0.7692307692307692,1,0.6153846153846154
S2_D10_P1,S2_D10,1,3090,9,Adult-Adult,1,3,3,output,YGGGGBRYBYGYB,0.8461538461538461,1,0.6153846153846154
S2_D10_P1,S2_D10,1,3090,9,Adult-Adult,1,4,4,output,GBGRRYYYYRYGB,0.8461538461538461,1,0.6153846153846154
S2_D10_P1,S2_D10,1,3090,9,Adult-Adult,1,5,5,output,YGGGBRBGRRRRB,0.6153846153846154,1,0.6153846153846154
S2_D10_P1,S2_D10,1,3090,9,Adult-Adult,1,6,6,output,YGGGBRBYYYYYY,0.5384615384615384,1,0.46153846153846156
S2_D10_P1,S2_D10,1,3090,9,Adult-Adult,1,7,7,output,GYYGGGBRRBYBB,0.6153846153846154,0,0.7692307692307693
S2_D10_P1,S2_D10,1,3090,9,Adult-Adult,1,8,8,output,GGBBRYYYYYYYY,0.8461538461538461,2,0.3076923076923077
S2_D10_P1,S2_D10,1,3090,9,Adult-Adult,2,0,,seed,BGYBGGGBBGGGY,,2,0.5384615384615384
S2_D10_P1,S2_D10,1,3090,9,Adult-Adult,2,1,9,output,BGGYGGGBBGGYB,0.6923076923076923,2,0.6153846153846154
S2_D10_P1,S2_D10,1,3090,9,Adult-Adult,2,2,10,output,GGGBGRRRYGGYY,0.6153846153846154,1,0.7692307692307693
S2_D10_P1,S2_D10,1,3090,9,Adult-Adult,2,3,11,output,BGGGYGGGBYYYB,0.6153846153846154,1,0.6153846153846154
S2_D10_P1,S2_D10,1,3090,9,Adult-Adult,2,4,12,output,GGGBRGGBYYYRB,0.6923076923076923,1,0.6153846153846154
S2_D10_P1,S2_D10,1,3090,9,Adult-Adult,2,5,13,output,GBBGBGGBYBBBB,0.6923076923076923,1,0.6153846153846154
S2_D10_P1,S2_D10,1,3090,9,Adult-Adult,2,6,14,output,GGGBGYRRBGGYB,0.7692307692307692,1,0.7692307692307693
S2_D10_P1,S2_D10,1,3090,9,Adult-Adult,2,7,15,output,GGGBBYBYBRYRB,0.7692307692307692,1,0.6153846153846154
S2_D10_P1,S2_D10,1,3090,9,Adult-Adult,2,8,16,output,GGGBRBYRBGBYG,0.7692307692307692,1,0.7692307692307693
S2_D10_P2,S2_D10,2,3091,9,Adult-Adult,1,0,,seed,GBGRRGGGYYYRB,,0,0.7692307692307693
S2_D10_P2,S2_D10,2,3091,9,Adult-Adult,1,1,1,output,GBGRRYYYYYBRB,0.6923076923076923,1,0.5384615384615384
S2_D10_P2,S2_D10,2,3091,9,Adult-Adult,1,2,2,output,YGGGGBRYRYBYB,0.6153846153846154,1,0.6153846153846154
S2_D10_P2,S2_D10,2,3091,9,Adult-Adult,1,3,3,output,GBGRRYYYYGBGB,0.8461538461538461,1,0.6153846153846154
S2_D10_P2,S2_D10,2,3091,9,Adult-Adult,1,4,4,output,YGGGBRBRYRBYR,0.5384615384615384,1,0.7692307692307693
S2_D10_P2,S2_D10,2,3091,9,Adult-Adult,1,5,5,output,GBGGRYRBGYYYY,0.46153846153846156,1,0.6153846153846154
S2_D10_P2,S2_D10,2,3091,9,Adult-Adult,1,6,6,output,YGYYGGGBRRRRY,0.5384615384615384,1,0.6153846153846154
S2_D10_P2,S2_D10,2,3091,9,Adult-Adult,1,7,7,output,GGGBBRYYYYYYY,0.7692307692307692,1,0.38461538461538464
S2_D10_P2,S2_D10,2,3091,9,Adult-Adult,1,8,8,output,GYGGYYRBBRBBB,0.5384615384615384,1,0.6153846153846154
S2_D10_P2,S2_D10,2,3091,9,Adult-Adult,2,0,,seed,GGGRRBYGBGGBB,,1,0.7692307692307693
S2_D10_P2,S2_D10,2,3091,9,Adult-Adult,2,1,9,output,GGBGGRRRYYBYB,0.46153846153846156,1,0.7692307692307693
S2_D10_P2,S2_D10,2,3091,9,Adult-Adult,2,2,10,output,BGGGYGGYYBBBB,0.5384615384615384,1,0.5384615384615384
S2_D10_P2,S2_D10,2,3091,9,Adult-Adult,2,3,11,output,GGGBRGGBRRYYY,0.6153846153846154,1,0.5384615384615384
S2_D10_P2,S2_D10,2,3091,9,Adult-Adult,2,4,12,output,GBBGGGGBYGYBY,0.5384615384615384,1,0.6153846153846154
S2_D10_P2,S2_D10,2,3091,9,Adult-Adult,2,5,13,output,GGGBGYRRBYYBY,0.46153846153846156,1,0.7692307692307693
S2_D10_P2,S2_D10,2,3091,9,Adult-Adult,2,6,14,output,GBGBBYBYBRGGB,0.5384615384615384,1,0.6153846153846154
S2_D10_P2,S2_D10,2,3091,9,Adult-Adult,2,7,15,output,GGGBRBYRYBGGG,0.6153846153846154,1,0.7692307692307693
S2_D10_P2,S2_D10,2,3091,9,Adult-Adult,2,8,16,output,GGGBYYBYRYBGY,0.6153846153846154,1,0.7692307692307693
S2_D11_P1,S2_D11,1,3100,10,Adult-Adult,1,0,,seed,RBRBBBYYGYRRR,,1,0.7692307692307693
S2_D11_P1,S2_D11,1,3100,10,Adult-Adult,1,1,1,output,RRBBYYGYGGRRY,0.6153846153846154,1,0.7692307692307693
S2_D11_P1,S2_D11,1,3100,10,Adult-Adult,1,2,2,output,RYGBRYGBGGRGY,0.46153846153846156,1,0.6153846153846154
S2_D11_P1,S2_D11,1,3100,10,Adult-Adult,1,3,3,output,RRYYGGBGYGRRG,0.8461538461538461,1,0.7692307692307693
S2_D11_P1,S2_D11,1,3100,10,Adult-Adult,1,4,4,output,RYGBRYGBGYBGY,0.6923076923076923,1,0.5384615384615384
S2_D11_P1,S2_D11,1,3100,10,Adult-Adult,1,5,5,output,RBYGRBYYBGYRY,0.46153846153846156,1,0.7692307692307693
S2_D11_P1,S2_D11,1,3100,10,Adult-Adult,1,6,6,output,RBYRBGBYBYGBB,0.3846153846153846,1,0.7692307692307693
S2_D11_P1,S2_D11,1,3100,10,Adult-Adult,1,7,7,output,RBYGRBGYBGYBR,0.6923076923076923,1,0.5384615384615384
S2_D11_P1,S2_D11,1,3100,10,Adult-Adult,1,8,8,output,RBYRBYGBYGYBG,0.8461538461538461,1,0.6153846153846154
S2_D11_P1,S2_D11,1,3100,10,Adult-Adult,2,0,,seed,RBBYRRGBBGYYY,,1,0.7692307692307693
S2_D11_P1,S2_D11,1,3100,10,Adult-Adult,2,1,9,output,RBYBBGYBGYYYY,0.6153846153846154,1,0.5384615384615384
S2_D11_P1,S2_D11,1,3100,10,Adult-Adult,2,2,10,output,YRBYGYBBYGRBY,0.5384615384615384,2,0.5384615384615384
S2_D11_P1,S2_D11,1,3100,10,Adult-Adult,2,3,11,output,YBBGGRBBYRBYG,0.6153846153846154,1,0.7692307692307693
S2_D11_P1,S2_D11,1,3100,10,Adult-Adult,2,4,12,output,YGYYBYYGRYBYY,0.5384615384615384,2,0.5384615384615384
S2_D11_P1,S2_D11,1,3100,10,Adult-Adult,2,5,13,output,YRBYGYRYBYRGY,0.6923076923076923,1,0.7692307692307693
S2_D11_P1,S2_D11,1,3100,10,Adult-Adult,2,6,14,output,GYYBYGYRYYYYY,0.6923076923076923,1,0.5384615384615384
S2_D11_P1,S2_D11,1,3100,10,Adult-Adult,2,7,15,output,GYRBYBYRYYBYY,0.46153846153846156,1,0.6153846153846154
S2_D11_P1,S2_D11,1,3100,10,Adult-Adult,2,8,16,output,YYRYBYYYYYYYY,0.8461538461538461,2,0.3076923076923077
S2_D11_P2,S2_D11,2,3101,10,Adult-Adult,1,0,,seed,BYRBYGBRBYBGB,,2,0.6153846153846154
S2_D11_P2,S2_D11,2,3101,10,Adult-Adult,1,1,1,output,BYRGBYRGBRGBG,0.6153846153846154,1,0.46153846153846156
S2_D11_P2,S2_D11,2,3101,10,Adult-Adult,1,2,2,output,RRYYGGBGYYRRB,0.46153846153846156,1,0.7692307692307693
S2_D11_P2,S2_D11,2,3101,10,Adult-Adult,1,3,3,output,RYGBRGYBGYRBG,0.6153846153846154,1,0.7692307692307693
S2_D11_P2,S2_D11,2,3101,10,Adult-Adult,1,4,4,output,YGRRYYBBGGYYR,0.3846153846153846,1,0.7692307692307693
S2_D11_P2,S2_D11,2,3101,10,Adult-Adult,1,5,5,output,RYGBRYGBYRBGY,0.8461538461538461,1,0.6153846153846154
S2_D11_P2,S2_D11,2,3101,10,Adult-Adult,1,6,6,output,RBYGRBYGYGBRY,0.7692307692307692,1,0.6153846153846154
S2_D11_P2,S2_D11,2,3101,10,Adult-Adult,1,7,7,output,RBYRBYGBYGBYB,0.6923076923076923,1,0.46153846153846156
S2_D11_P2,S2_D11,2,3101,10,Adult-Adult,1,8,8,output,YRBYGYBRYRBGR,0.5384615384615384,1,0.7692307692307693
S2_D11_P2,S2_D11,2,3101,10,Adult-Adult,2,0,,seed,YRYYGRBRBBBRB,,1,0.6153846153846154
S2_D11_P2,S2_D11,2,3101,10,Adult-Adult,2,1,9,output,YRYYGYBRBBYBG,0.6923076923076923,1,0.7692307692307693
S2_D11_P2,S2_D11,2,3101,10,Adult-Adult,2,2,10,output,RYBBGYRBBYGYB,0.6153846153846154,1,0.7692307692307693
S2_D11_P2,S2_D11,2,3101,10,Adult-Adult,2,3,11,output,YYYGYBYYRYYGB,0.46153846153846156,1,0.6153846153846154
S2_D11_P2,S2_D11,2,3101,10,Adult-Adult,2,4,12,output,YRBYGYRYBGYBR,0.3846153846153846,1,0.7692307692307693
S2_D11_P2,S2_D11,2,3101,10,Adult-Adult,2,5,13,output,GYRYBYYBYGYYY,0.5384615384615384,1,0.6153846153846154
S2_D11_P2,S2_D11,2,3101,10,Adult-Adult,2,6,14,output,YGBYRYGBYRBYG,0.5384615384615384,2,0.5384615384615384
S2_D11_P2,S2_D11,2,3101,10,Adult-Adult,2,7,15,output,YYYBYRYYYYYYY,0.7692307692307692,1,0.38461538461538464
S2_D11_P2,S2_D11,2,3101,10,Adult-Adult,2,8,16,output,GYRYBYYBRYGYY,0.6153846153846154,1,0.7692307692307693
S2_D12_P1,S2_D12,1,3110,11,Child-Child,1,0,,seed,YGBGYYGBRRGRB,,1,0.7692307692307693
S2_D12_P1,S2_D12,1,3110,11,Child-Child,1,1,1,output,BYYBGGGBRBGBB,0.5384615384615384,1,0.7692307692307693
S2_D12_P1,S2_D12,1,3110,11,Child-Child,1,2,2,output,RRRBYGGYYYBBR,0.46153846153846156,0,0.7692307692307693
S2_D12_P1,S2_D12,1,3110,11,Child-Child,1,3,3,output,RRBBYGGGYYBBB,0.3846153846153846,1,0.7692307692307693
S2_D12_P1,S2_D12,1,3110,11,Child-Child,1,4,4,output,GGGBBRYYYGGGB,0.3076923076923077,1,0.6153846153846154
S2_D12_P1,S2_D12,1,3110,11,Child-Child,1,5,5,output,RBYYGGGGRBYGG,0.5384615384615384,1,0.5384615384615384
S2_D12_P1,S2_D12,1,3110,11,Child-Child,1,6,6,output,GGGYYBBBRRYYB,0.3846153846153846,1,0.6153846153846154
S2_D12_P1,S2_D12,1,3110,11,Child-Child,1,7,7,output,RRYYBGGGRRRBY,0.5384615384615384,1,0.7692307692307693
S2_D12_P1,S2_D12,1,3110,11,Child-Child,1,8,8,output,RRBBYGGRRGGYY,0.5384615384615384,1,0.7692307692307693
S2_D12_P1,S2_D12,1,3110,11,Child-Child,2,0,,seed,RBYBBRYYRYGRG,,1,0.7692307692307693
S2_D12_P1,S2_D12,1,3110,11,Child-Child,2,1,9,output,RBYYRYYBBBYGG,0.5384615384615384,1,0.7692307692307693
S2_D12_P1,S2_D12,1,3110,11,Child-Child,2,2,10,output,RRBBYYBBGGYYB,0.3846153846153846,1,0.6153846153846154
S2_D12_P1,S2_D12,1,3110,11,Child-Child,2,3,11,output,RRYYBBRRGYYBB,0.7692307692307692,1,0.5384615384615384
S2_D12_P1,S2_D12,1,3110,11,Child-Child,2,4,12,output,RGGRYYYGYBBRB,0.5384615384615384,0,0.7692307692307693
S2_D12_P1,S2_D12,1,3110,11,Child-Child,2,5,13,output,RRBYYBBRRBBYB,0.46153846153846156,1,0.7692307692307693
S2_D12_P1,S2_D12,1,3110,11,Child-Child,2,6,14,output,RRGYYRYGGRYBB,0.6153846153846154,1,0.7692307692307693
S2_D12_P1,S2_D12,1,3110,11,Child-Child,2,7,15,output,RRBBYBBRYYRYB,0.6153846153846154,1,0.7692307692307693
S2_D12_P1,S2_D12,1,3110,11,Child-Child,2,8,16,output,RRGGYBBBRRYYR,0.5384615384615384,1,0.7692307692307693
S2_D12_P2,S2_D12,2,3111,11,Child-Child,1,0,,seed,YBGGRYYRYBGGG,,1,0.6153846153846154
S2_D12_P2,S2_D12,2,3111,11,Child-Child,1,1,1,output,RRRGYYYBGRYRG,0.3846153846153846,1,0.7692307692307693
S2_D12_P2,S2_D12,2,3111,11,Child-Child,1,2,2,output,BGGYYRGGYGBGR,0.3846153846153846,1,0.6153846153846154
S2_D12_P2,S2_D12,2,3111,11,Child-Child,1,3,3,output,RRYGGYBBBYGBG,0.46153846153846156,1,0.7692307692307693
S2_D12_P2,S2_D12,2,3111,11,Child-Child,1,4,4,output,RBYGGYYYBBGGG,0.5384615384615384,1,0.7692307692307693
S2_D12_P2,S2_D12,2,3111,11,Child-Child,1,5,5,output,GGBYYRGGGGYRG,0.3846153846153846,1,0.5384615384615384
S2_D12_P2,S2_D12,2,3111,11,Child-Child,1,6,6,output,RRBBYYGGGGRYR,0.6153846153846154,1,0.6153846153846154
S2_D12_P2,S2_D12,2,3111,11,Child-Child,1,7,7,output,RBYBYYYGRRRGY,0.3076923076923077,1,0.7692307692307693
S2_D12_P2,S2_D12,2,3111,11,Child-Child,1,8,8,output,RRYYGGBBRBGRB,0.5384615384615384,1,0.7692307692307693
S2_D12_P2,S2_D12,2,3111,11,Child-Child,2,0,,seed,RRGYRGBYRYRRG,,1,0.7692307692307693
S2_D12_P2,S2_D12,2,3111,11,Child-Child,2,1,9,output,RGRRBYRBYYGBR,0.3846153846153846,1,0.6153846153846154
S2_D12_P2,S2_D12,2,3111,11,Child-Child,2,2,10,output,RRYYBBRRYBRBB,0.3846153846153846,1,0.7692307692307693
S2_D12_P2,S2_D12,2,3111,11,Child-Child,2,3,11,output,RGRBYGRYRBBRG,0.3076923076923077,1,0.7692307692307693
S2_D12_P2,S2_D12,2,3111,11,Child-Child,2,4,12,output,BYRRYRBRYRBBY,0.3846153846153846,2,0.5384615384615384
S2_D12_P2,S2_D12,2,3111,11,Child-Child,2,5,13,output,RRGGYYGGYRGYB,0.5384615384615384,1,0.6153846153846154
S2_D12_P2,S2_D12,2,3111,11,Child-Child,2,6,14,output,RBBYRRRYYRBBY,0.46153846153846156,1,0.6153846153846154
S2_D12_P2,S2_D12,2,3111,11,Child-Child,2,7,15,output,RRGGBBGRYRRGY,0.3076923076923077,1,0.7692307692307693
S2_D12_P2,S2_D12,2,3111,11,Child-Child,2,8,16,output,RRYYBBRYRBBYR,0.5384615384615384,1,0.7692307692307693
S2_D13_P1,S2_D13,1,3120,12,Adult-Adult,1,0,,seed,YRGYBYBBGRBRR,,1,0.7692307692307693
S2_D13_P1,S2_D13,1,3120,12,Adult-Adult,1,1,1,output,YRBYBRGBYRGYB,0.46153846153846156,1,0.7692307692307693
S2_D13_P1,S2_D13,1,3120,12,Adult-Adult,1,2,2,output,GGYRGBBGYRBGB,0.3846153846153846,1,0.6153846153846154
S2_D13_P1,S2_D13,1,3120,12,Adult-Adult,1,3,3,output,YRBYGRBBYGBYR,0.6923076923076923,1,0.6153846153846154
S2_D13_P1,S2_D13,1,3120,12,Adult-Adult,1,4,4,output,GGYRBGGYBBGGG,0.46153846153846156,2,0.6153846153846154
S2_D13_P1,S2_D13,1,3120,12,Adult-Adult,1,5,5,output,YRBYGGGRBYYGY,0.6153846153846154,1,0.6153846153846154
S2_D13_P1,S2_D13,1,3120,12,Adult-Adult,1,6,6,output,GRYBGBYRGGGGG,0.6153846153846154,1,0.5384615384615384
S2_D13_P1,S2_D13,1,3120,12,Adult-Adult,1,7,7,output,YRBYGGBYRRGBY,0.6923076923076923,2,0.6153846153846154
S2_D13_P1,S2_D13,1,3120,12,Adult-Adult,1,8,8,output,GRBYGRYBGGGGG,1.0,1,0.5384615384615384
S2_D13_P1,S2_D13,1,3120,12,Adult-Adult,2,0,,seed,YBYRBRBGRGYRB,,2,0.6153846153846154
S2_D13_P1,S2_D13,1,3120,12,Adult-Adult,2,1,9,output,YRBYRBYGGRBGY,0.5384615384615384,1,0.6153846153846154
S2_D13_P1,S2_D13,1,3120,12,Adult-Adult,2,2,10,output,GGBYGGYRBGGYG,0.6923076923076923,2,0.6153846153846154
S2_D13_P1,S2_D13,1,3120,12,Adult-Adult,2,3,11,output,YGRBYGRBGGGGG,0.9230769230769231,1,0.46153846153846156
S2_D13_P1,S2_D13,1,3120,12,Adult-Adult,2,4,12,output,GGYBGGRBGBGGG,0.6153846153846154,1,0.6153846153846154
S2_D13_P1,S2_D13,1,3120,12,Adult-Adult,2,5,13,output,YGRBYGRBGGGGG,1.0,1,0.46153846153846156
S2_D13_P1,S2_D13,1,3120,12,Adult-Adult,2,6,14,output,GGYBGGBYGGGGG,0.8461538461538461,1,0.5384615384615384
S2_D13_P1,S2_D13,1,3120,12,Adult-Adult,2,7,15,output,YGRBYGRBGGGGG,1.0,1,0.46153846153846156
S2_D13_P1,S2_D13,1,3120,12,Adult-Adult,2,8,16,output,GGYBGGBYGGGGG,1.0,1,0.5384615384615384
S2_D13_P2,S2_D13,2,3121,12,Adult-Adult,1,0,,seed,BGYGBBRGYGBGY,,2,0.5384615384615384
S2_D13_P2,S2_D13,2,3121,12,Adult-Adult,1,1,1,output,BGGBRYYGBGGBY,0.6153846153846154,2,0.6153846153846154
S2_D13_P2,S2_D13,2,3121,12,Adult-Adult,1,2,2,output,YRBYGBRYGBYGB,0.6923076923076923,1,0.5384615384615384
S2_D13_P2,S2_D13,2,3121,12,Adult-Adult,1,3,3,output,GGBGYRYGBGGYB,0.46153846153846156,1,0.6153846153846154
S2_D13_P2,S2_D13,2,3121,12,Adult-Adult,1,4,4,output,YRBYGBYGYRBYY,0.6153846153846154,2,0.5384615384615384
S2_D13_P2,S2_D13,2,3121,12,Adult-Adult,1,5,5,output,GYRGBGRBGBGGG,0.6153846153846154,1,0.6153846153846154
S2_D13_P2,S2_D13,2,3121,12,Adult-Adult,1,6,6,output,YRBYGGGBGRBGY,0.6923076923076923,1,0.7692307692307693
S2_D13_P2,S2_D13,2,3121,12,Adult-Adult,1,7,7,output,GRBYGRYBGGGGG,0.6923076923076923,1,0.5384615384615384
S2_D13_P2,S2_D13,2,3121,12,Adult-Adult,1,8,8,output,YGRBGGBBYRBYY,0.5384615384615384,1,0.7692307692307693
S2_D13_P2,S2_D13,2,3121,12,Adult-Adult,2,0,,seed,GGRBBGYGBYRYG,,1,0.7692307692307693
S2_D13_P2,S2_D13,2,3121,12,Adult-Adult,2,1,9,output,GGRBYGBRBGRYG,0.6923076923076923,1,0.7692307692307693
S2_D13_P2,S2_D13,2,3121,12,Adult-Adult,2,2,10,output,YGRBYGRBGGGBG,0.6153846153846154,1,0.6153846153846154
S2_D13_P2,S2_D13,2,3121,12,Adult-Adult,2,3,11,output,GGBGGYGRGBYGG,0.6153846153846154,1,0.7692307692307693
S2_D13_P2,S2_D13,2,3121,12,Adult-Adult,2,4,12,output,YGRBYGRBGGGGG,1.0,1,0.46153846153846156
S2_D13_P2,S2_D13,2,3121,12,Adult-Adult,2,5,13,output,GGYBGBYGGBGGG,0.7692307692307692,1,0.7692307692307693
S2_D13_P2,S2_D13,2,3121,12,Adult-Adult,2,6,14,output,YGRBYGRBGGGGG,1.0,1,0.46153846153846156
S2_D13_P2,S2_D13,2,3121,12,Adult-Adult,2,7,15,output,GGYBGGBYGGGGG,1.0,1,0.5384615384615384
S2_D13_P2,S2_D13,2,3121,12,Adult-Adult,2,8,16,output,YGRBYGRBGGGGG,1.0,1,0.46153846153846156
S2_D14_P1,S2_D14,1,3130,13,Child-Child,1,0,,seed,GRYBRRRRGGBYR,,1,0.6153846153846154
S2_D14_P1,S2_D14,1,3130,13,Child-Child,1,1,1,output,GYBRRRRRGGYYG,0.6923076923076923,1,0.5384615384615384
S2_D14_P1,S2_D14,1,3130,13,Child-Child,1,2,2,output,RRGGBRRBGGBYB,0.3846153846153846,1,0.6153846153846154
S2_D14_P1,S2_D14,1,3130,13,Child-Child,1,3,3,output,RBGYRRBGBYRYB,0.6153846153846154,1,0.7692307692307693
S2_D14_P1,S2_D14,1,3130,13,Child-Child,1,4,4,output,RBGYYYYYYRBGR,0.6923076923076923,1,0.46153846153846156
S2_D14_P1,S2_D14,1,3130,13,Child-Child,1,5,5,output,RBGRGGBRRGBRR,0.6153846153846154,1,0.5384615384615384
S2_D14_P1,S2_D14,1,3130,13,Child-Child,1,6,6,output,RYRYBYBYBBRYY,0.6923076923076923,1,0.5384615384615384
S2_D14_P1,S2_D14,1,3130,13,Child-Child,1,7,7,output,BGRBGRBRYGGRR,0.46153846153846156,1,0.6153846153846154
S2_D14_P1,S2_D14,1,3130,13,Child-Child,1,8,8,output,RRBBGYRRYBYBG,0.3846153846153846,1,0.7692307692307693
S2_D14_P1,S2_D14,1,3130,13,Child-Child,2,0,,seed,BBBGGRGRYGBGG,,1,0.6153846153846154
S2_D14_P1,S2_D14,1,3130,13,Child-Child,2,1,9,output,RBBRGYBGGRYRG,0.3846153846153846,1,0.7692307692307693
S2_D14_P1,S2_D14,1,3130,13,Child-Child,2,2,10,output,GYGGGGGGGGGGG,1.0,2,0.07692307692307693
S2_D14_P1,S2_D14,1,3130,13,Child-Child,2,3,11,output,RRRRRRRRRRRRR,1.0,2,0.0
S2_D14_P1,S2_D14,1,3130,13,Child-Child,2,4,12,output,YGGGGGGGGGGGG,1.0,2,0.0
S2_D14_P1,S2_D14,1,3130,13,Child-Child,2,5,13,output,RRRRRRRRRRRRR,1.0,2,0.0
S2_D14_P1,S2_D14,1,3130,13,Child-Child,2,6,14,output,GYGGGGGGGGGGG,1.0,2,0.07692307692307693
S2_D14_P1,S2_D14,1,3130,13,Child-Child,2,7,15,output,RRRRRRRRRRRRR,1.0,2,0.0
S2_D14_P1,S2_D14,1,3130,13,Child-Child,2,8,16,output,YGGGGGGGGGGGG,1.0,2,0.0
S2_D14_P2,S2_D14,2,3131,13,Child-Child,1,0,,seed,GYGBYRYYGGYYB,,1,0.7692307692307693
S2_D14_P2,S2_D14,2,3131,13,Child-Child,1,1,1,output,RRBRGGRYRBBGR,0.15384615384615385,1,0.7692307692307693
S2_D14_P2,S2_D14,2,3131,13,Child-Child,1,2,2,output,RBGRYBBGBYGRB,0.23076923076923073,1,0.7692307692307693
S2_D14_P2,S2_D14,2,3131,13,Child-Child,1,3,3,output,RGBGYYYYYRRGY,0.15384615384615385,1,0.5384615384615384
S2_D14_P2,S2_D14,2,3131,13,Child-Child,1,4,4,output,GBGYRGGBRBYRR,0.5384615384615384,1,0.7692307692307693
S2_D14_P2,S2_D14,2,3131,13,Child-Child,1,5,5,output,RYRYBYBYRRBYB,0.46153846153846156,1,0.5384615384615384
S2_D14_P2,S2_D14,2,3131,13,Child-Child,1,6,6,output,BGRYBRRGRBRGY,0.5384615384615384,1,0.7692307692307693
S2_D14_P2,S2_D14,2,3131,13,Child-Child,1,7,7,output,RBRRBBRYYRBGR,0.3076923076923077,1,0.7692307692307693
S2_D14_P2,S2_D14,2,3131,13,Child-Child,1,8,8,output,RRRRRRRRGRRYG,0.3076923076923077,2,0.38461538461538464
S2_D14_P2,S2_D14,2,3131,13,Child-Child,2,0,,seed,RBGYRRRBRRBYR,,1,0.6153846153846154
S2_D14_P2,S2_D14,2,3131,13,Child-Child,2,1,9,output,GYGGGGGGGGGGG,0.07692307692307687,2,0.07692307692307693
S2_D14_P2,S2_D14,2,3131,13,Child-Child,2,2,10,output,RRRRRRRRRRRRR,0.3076923076923077,2,0.0
S2_D14_P2,S2_D14,2,3131,13,Child-Child,2,3,11,output,YGGGGGGGGGGGG,0.8461538461538461,2,0.0
S2_D14_P2,S2_D14,2,3131,13,Child-Child,2,4,12,output,RRRRRRRRRRRRR,1.0,2,0.0
S2_D14_P2,S2_D14,2,3131,13,Child-Child,2,5,13,output,GYGGGGGGGGGGG,0.8461538461538461,2,0.07692307692307693
S2_D14_P2,S2_D14,2,3131,13,Child-Child,2,6,14,output,RRRRRRRRRRRRR,1.0,2,0.0
S2_D14_P2,S2_D14,2,3131,13,Child-Child,2,7,15,output,YGGGGGGGGGGGG,0.8461538461538461,2,0.0
S2_D14_P2,S2_D14,2,3131,13,Child-Child,2,8,16,output,RRRRRRRRRRRRR,1.0,2,0.0
S2_D15_P1,S2_D15,1,3140,14,Child-Child,1,0,,seed,YYRRBGRYRBYBY,,1,0.7692307692307693
S2_D15_P1,S2_D15,1,3140,14,Child-Child,1,1,1,output,YYRBGRRBBYGBG,0.6153846153846154,1,0.7692307692307693
S2_D15_P1,S2_D15,1,3140,14,Child-Child,1,2,2,output,GGGBBGGBYGGGB,0.6923076923076923,2,0.5384615384615384
S2_D15_P1,S2_D15,1,3140,14,Child-Child,1,3,3,output,BBBGYBBBYGBBY,0.5384615384615384,2,0.6153846153846154
S2_D15_P1,S2_D15,1,3140,14,Child-Child,1,4,4,output,GGGBBBBBBBYYY,0.8461538461538461,1,0.38461538461538464
S2_D15_P1,S2_D15,1,3140,14,Child-Child,1,5,5,output,YYYGGBBBBBBYB,0.7692307692307692,1,0.46153846153846156
S2_D15_P1,S2_D15,1,3140,14,Child-Child,1,6,6,output,GGBBBYGBBBYBG,0.46153846153846156,1,0.46153846153846156
S2_D15_P1,S2_D15,1,3140,14,Child-Child,1,7,7,output,GGGBBBBBBBGYB,0.46153846153846156,1,0.38461538461538464
S2_D15_P1,S2_D15,1,3140,14,Child-Child,1,8,8,output,GGGGBBBBBYGBB,0.46153846153846156,1,0.46153846153846156
S2_D15_P1,S2_D15,1,3140,14,Child-Child,2,0,,seed,GGGYBBRYRGRBY,,0,0.7692307692307693
S2_D15_P1,S2_D15,1,3140,14,Child-Child,2,1,9,output,GBBBYRGYRGGBR,0.46153846153846156,1,0.6153846153846154
S2_D15_P1,S2_D15,1,3140,14,Child-Child,2,2,10,output,GRBYGYBBBBBBR,0.46153846153846156,1,0.46153846153846156
S2_D15_P1,S2_D15,1,3140,14,Child-Child,2,3,11,output,GGGBBBRYGGYYY,0.46153846153846156,1,0.7692307692307693
S2_D15_P1,S2_D15,1,3140,14,Child-Child,2,4,12,output,GYRRBBBGYRGGY,0.46153846153846156,2,0.7692307692307693
S2_D15_P1,S2_D15,1,3140,14,Child-Child,2,5,13,output,GGYRBBGYBBBRY,0.5384615384615384,1,0.7692307692307693
S2_D15_P1,S2_D15,1,3140,14,Child-Child,2,6,14,output,GGGRYYGRRRBBB,0.3846153846153846,1,0.7692307692307693
S2_D15_P1,S2_D15,1,3140,14,Child-Child,2,7,15,output,GGGBBBBBYYRYY,0.3846153846153846,1,0.5384615384615384
S2_D15_P1,S2_D15,1,3140,14,Child-Child,2,8,16,output,GGGYGRRBYGGGY,0.23076923076923073,1,0.6153846153846154
S2_D15_P2,S2_D15,2,3141,14,Child-Child,1,0,,seed,GGBBGBYYBGBGY,,2,0.6153846153846154
S2_D15_P2,S2_D15,2,3141,14,Child-Child,1,1,1,output,GGGBGBBBYGGGG,0.5384615384615384,1,0.6153846153846154
S2_D15_P2,S2_D15,2,3141,14,Child-Child,1,2,2,output,GYBBRBBBYGRBB,0.5384615384615384,2,0.6153846153846154
S2_D15_P2,S2_D15,2,3141,14,Child-Child,1,3,3,output,GGBBBBBBBBBYY,0.3846153846153846,2,0.23076923076923078
S2_D15_P2,S2_D15,2,3141,14,Child-Child,1,4,4,output,YYGGGBBBBBBBY,0.5384615384615384,1,0.38461538461538464
S2_D15_P2,S2_D15,2,3141,14,Child-Child,1,5,5,output,GBGBBBBYYGGBY,0.5384615384615384,1,0.6153846153846154
S2_D15_P2,S2_D15,2,3141,14,Child-Child,1,6,6,output,GGYYBBBYGYBBY,0.3846153846153846,1,0.6153846153846154
S2_D15_P2,S2_D15,2,3141,14,Child-Child,1,7,7,output,GBBBYGYBBYGBY,0.6923076923076923,1,0.5384615384615384
S2_D15_P2,S2_D15,2,3141,14,Child-Child,1,8,8,output,GBBBBYYGBBYGY,0.46153846153846156,2,0.5384615384615384
S2_D15_P2,S2_D15,2,3141,14,Child-Child,2,0,,seed,YRRGYYYYGBGGY,,1,0.6153846153846154
S2_D15_P2,S2_D15,2,3141,14,Child-Child,2,1,9,output,GYRBBYGBBBRYY,0.3076923076923077,1,0.7692307692307693
S2_D15_P2,S2_D15,2,3141,14,Child-Child,2,2,10,output,GBBBYGRBYYYGY,0.5384615384615384,1,0.7692307692307693
S2_D15_P2,S2_D15,2,3141,14,Child-Child,2,3,11,output,GYBBRGBBBYGYB,0.3846153846153846,1,0.7692307692307693
S2_D15_P2,S2_D15,2,3141,14,Child-Child,2,4,12,output,GYRBBYGGYBYRG,0.46153846153846156,1,0.7692307692307693
S2_D15_P2,S2_D15,2,3141,14,Child-Child,2,5,13,output,RGYYYBBBRGYBB,0.3846153846153846,1,0.6153846153846154
S2_D15_P2,S2_D15,2,3141,14,Child-Child,2,6,14,output,GBBBBYRRBBBYG,0.3846153846153846,1,0.46153846153846156
S2_D15_P2,S2_D15,2,3141,14,Child-Child,2,7,15,output,RBBBGGYYGBRYY,0.23076923076923073,1,0.7692307692307693
S2_D15_P2,S2_D15,2,3141,14,Child-Child,2,8,16,output,GBBBBRYYBBBYY,0.5384615384615384,1,0.5384615384615384
S2_D16_P1,S2_D16,1,3150,15,Child-Child,1,0,,seed,BGGGYYYRRGGGR,,1,0.6153846153846154
S2_D16_P1,S2_D16,1,3150,15,Child-Child,1,1,1,output,BRGGGGYYYYYRR,0.46153846153846156,1,0.46153846153846156
S2_D16_P1,S2_D16,1,3150,15,Child-Child,1,2,2,output,YGGYYBRGYBBGY,0.46153846153846156,1,0.7692307692307693
S2_D16_P1,S2_D16,1,3150,15,Child-Child,1,3,3,output,GGYYYYYYBBBRR,0.8461538461538461,1,0.46153846153846156
S2_D16_P1,S2_D16,1,3150,15,Child-Child,1,4,4,output,GGYBGYBYRRRGY,0.3846153846153846,2,0.6153846153846154
S2_D16_P1,S2_D16,1,3150,15,Child-Child,1,5,5,output,GGGRRRBBBBBBB,0.6153846153846154,1,0.38461538461538464
S2_D16_P1,S2_D16,1,3150,15,Child-Child,1,6,6,output,GGYBRRBGYRRGY,0.5384615384615384,1,0.7692307692307693
S2_D16_P1,S2_D16,1,3150,15,Child-Child,1,7,7,output,GGGGGGBBBBBBB,0.7692307692307692,1,0.23076923076923078
S2_D16_P1,S2_D16,1,3150,15,Child-Child,1,8,8,output,GGYBRGRYBBGBB,0.5384615384615384,1,0.7692307692307693
S2_D16_P1,S2_D16,1,3150,15,Child-Child,2,0,,seed,GRRRBBRGYRBBB,,1,0.6153846153846154
S2_D16_P1,S2_D16,1,3150,15,Child-Child,2,1,9,output,GRRYBBGYRBBBB,0.7692307692307692,1,0.6153846153846154
S2_D16_P1,S2_D16,1,3150,15,Child-Child,2,2,10,output,BBRRYBBGRYBGB,0.46153846153846156,1,0.6153846153846154
S2_D16_P1,S2_D16,1,3150,15,Child-Child,2,3,11,output,GGRYYGBBBBBBB,0.7692307692307692,1,0.38461538461538464
S2_D16_P1,S2_D16,1,3150,15,Child-Child,2,4,12,output,GGBYYRYYYBBGY,0.3846153846153846,1,0.7692307692307693
S2_D16_P1,S2_D16,1,3150,15,Child-Child,2,5,13,output,YGRBYGBRBYGRB,0.6153846153846154,2,0.5384615384615384
S2_D16_P1,S2_D16,1,3150,15,Child-Child,2,6,14,output,GRYRYGRYGRYBB,0.5384615384615384,2,0.46153846153846156
S2_D16_P1,S2_D16,1,3150,15,Child-Child,2,7,15,output,RYGGBRBGRYBGR,0.5384615384615384,1,0.6153846153846154
S2_D16_P1,S2_D16,1,3150,15,Child-Child,2,8,16,output,GYRYRRYGRBBYG,0.6153846153846154,1,0.7692307692307693
S2_D16_P2,S2_D16,2,3151,15,Child-Child,1,0,,seed,RRYBRYGRBBYYB,,1,0.7692307692307693
S2_D16_P2,S2_D16,2,3151,15,Child-Child,1,1,1,output,RRYGBGRYBBGGY,0.46153846153846156,1,0.7692307692307693
S2_D16_P2,S2_D16,2,3151,15,Child-Child,1,2,2,output,GGGYYYYYYBBBR,0.5384615384615384,1,0.46153846153846156
S2_D16_P2,S2_D16,2,3151,15,Child-Child,1,3,3,output,YYBRGBBGGYRRR,0.3846153846153846,0,0.7692307692307693
S2_D16_P2,S2_D16,2,3151,15,Child-Child,1,4,4,output,GRRBBBBBBBBBB,0.3076923076923077,2,0.15384615384615385
S2_D16_P2,S2_D16,2,3151,15,Child-Child,1,5,5,output,GYBBGYRRBYGGY,0.46153846153846156,1,0.7692307692307693
S2_D16_P2,S2_D16,2,3151,15,Child-Child,1,6,6,output,GGGBBBBBBBBBB,0.7692307692307692,2,0.15384615384615385
S2_D16_P2,S2_D16,2,3151,15,Child-Child,1,7,7,output,GGYRBBGRRYBBR,0.46153846153846156,1,0.7692307692307693
S2_D16_P2,S2_D16,2,3151,15,Child-Child,1,8,8,output,BBBBBBBBBBBBB,0.5384615384615384,2,0.0
S2_D16_P2,S2_D16,2,3151,15,Child-Child,2,0,,seed,GGRYBBGBGRYGR,,1,0.6153846153846154
S2_D16_P2,S2_D16,2,3151,15,Child-Child,2,1,9,output,GGRBBGYRBYBRB,0.5384615384615384,1,0.7692307692307693
S2_D16_P2,S2_D16,2,3151,15,Child-Child,2,2,10,output,GRYGGBBBBBBBB,0.5384615384615384,2,0.3076923076923077
S2_D16_P2,S2_D16,2,3151,15,Child-Child,2,3,11,output,BBYYBGGYYYRGG,0.46153846153846156,1,0.7692307692307693
S2_D16_P2,S2_D16,2,3151,15,Child-Child,2,4,12,output,YGRBYGBGRRRBR,0.46153846153846156,1,0.7692307692307693
S2_D16_P2,S2_D16,2,3151,15,Child-Child,2,5,13,output,GGYRYYBGRYRRY,0.3846153846153846,1,0.7692307692307693
S2_D16_P2,S2_D16,2,3151,15,Child-Child,2,6,14,output,YGRBYGBRBGRYG,0.7692307692307692,1,0.7692307692307693
S2_D16_P2,S2_D16,2,3151,15,Child-Child,2,7,15,output,GYRRGYYRYGRBB,0.6153846153846154,1,0.7692307692307693
S2_D16_P2,S2_D16,2,3151,15,Child-Child,2,8,16,output,RRRYBGRYGBYRG,0.3846153846153846,1,0.7692307692307693
S2_D17_P1,S2_D17,1,3160,16,Child-Child,1,0,,seed,GYRYYGBGYYRBG,,1,0.7692307692307693
S2_D17_P1,S2_D17,1,3160,16,Child-Child,1,1,1,output,GBYYRGBYYRGGB,0.5384615384615384,2,0.46153846153846156
S2_D17_P1,S2_D17,1,3160,16,Child-Child,1,2,2,output,GRRRRBBBBYBBB,0.46153846153846156,1,0.38461538461538464
S2_D17_P1,S2_D17,1,3160,16,Child-Child,1,3,3,output,GGRRBBYYGGRRB,0.46153846153846156,1,0.5384615384615384
S2_D17_P1,S2_D17,1,3160,16,Child-Child,1,4,4,output,GYRRRRBBGYGBY,0.5384615384615384,1,0.6153846153846154
S2_D17_P1,S2_D17,1,3160,16,Child-Child,1,5,5,output,GGRRBBYYYYGGR,0.6923076923076923,1,0.6153846153846154
S2_D17_P1,S2_D17,1,3160,16,Child-Child,1,6,6,output,GBBBBYYGGBBYY,0.9230769230769231,2,0.46153846153846156
S2_D17_P1,S2_D17,1,3160,16,Child-Child,1,7,7,output,GGRRYYBBBGGRB,0.46153846153846156,1,0.7692307692307693
S2_D17_P1,S2_D17,1,3160,16,Child-Child,1,8,8,output,BGGGYBBBBGGGG,0.46153846153846156,1,0.5384615384615384
S2_D17_P1,S2_D17,1,3160,16,Child-Child,2,0,,seed,BYRGGYBYRGRYG,,1,0.6153846153846154
S2_D17_P1,S2_D17,1,3160,16,Child-Child,2,1,9,output,BRGYGBYRGRBYR,0.6153846153846154,1,0.6153846153846154
S2_D17_P1,S2_D17,1,3160,16,Child-Child,2,2,10,output,YYRRBBGGYYRRB,1.0,1,0.5384615384615384
S2_D17_P1,S2_D17,1,3160,16,Child-Child,2,3,11,output,GBBRRRRYYBBGG,0.5384615384615384,1,0.6153846153846154
S2_D17_P1,S2_D17,1,3160,16,Child-Child,2,4,12,output,YYRRBBGGYYRRB,1.0,1,0.5384615384615384
S2_D17_P1,S2_D17,1,3160,16,Child-Child,2,5,13,output,GGYYBBRRGGYYB,1.0,1,0.5384615384615384
S2_D17_P1,S2_D17,1,3160,16,Child-Child,2,6,14,output,YYRRBBGGYYRRB,1.0,1,0.5384615384615384
S2_D17_P1,S2_D17,1,3160,16,Child-Child,2,7,15,output,YYBBRRGGYYBBR,1.0,1,0.5384615384615384
S2_D17_P1,S2_D17,1,3160,16,Child-Child,2,8,16,output,YYRRBBGGYYRRB,1.0,1,0.5384615384615384
S2_D17_P2,S2_D17,2,3161,16,Child-Child,1,0,,seed,GYBGRRRRRGGBB,,1,0.5384615384615384
S2_D17_P2,S2_D17,2,3161,16,Child-Child,1,1,1,output,GYBGRRRRRBBBB,0.8461538461538461,1,0.46153846153846156
S2_D17_P2,S2_D17,2,3161,16,Child-Child,1,2,2,output,YGGBBRYYGBBRR,0.23076923076923073,1,0.5384615384615384
S2_D17_P2,S2_D17,2,3161,16,Child-Child,1,3,3,output,GRRRRYBBBBBYG,0.6923076923076923,1,0.46153846153846156
S2_D17_P2,S2_D17,2,3161,16,Child-Child,1,4,4,output,GGRRBBYYGGRRB,1.0,1,0.5384615384615384
S2_D17_P2,S2_D17,2,3161,16,Child-Child,1,5,5,output,GGBBBYYGGBBYY,0.3076923076923077,1,0.5384615384615384
S2_D17_P2,S2_D17,2,3161,16,Child-Child,1,6,6,output,GGRRBBYYYYYGR,0.9230769230769231,1,0.5384615384615384
S2_D17_P2,S2_D17,2,3161,16,Child-Child,1,7,7,output,BGGBBBBYYYGBB,0.6153846153846154,2,0.5384615384615384
S2_D17_P2,S2_D17,2,3161,16,Child-Child,1,8,8,output,GGRRBBBYYGGRR,0.6153846153846154,1,0.6153846153846154
S2_D17_P2,S2_D17,2,3161,16,Child-Child,2,0,,seed,BGRRYYRYRYBRR,,1,0.6153846153846154
S2_D17_P2,S2_D17,2,3161,16,Child-Child,2,1,9,output,YYRRBBGGYYRRB,0.3076923076923077,1,0.5384615384615384
S2_D17_P2,S2_D17,2,3161,16,Child-Child,2,2,10,output,GBBRRYYRRBBYY,0.3846153846153846,1,0.7692307692307693
S2_D17_P2,S2_D17,2,3161,16,Child-Child,2,3,11,output,YYRRBBGGYYRRB,1.0,1,0.5384615384615384
S2_D17_P2,S2_D17,2,3161,16,Child-Child,2,4,12,output,GGYYBBRRGGYYB,0.3846153846153846,1,0.5384615384615384
S2_D17_P2,S2_D17,2,3161,16,Child-Child,2,5,13,output,YYRRBBGGYYRRB,1.0,1,0.5384615384615384
S2_D17_P2,S2_D17,2,3161,16,Child-Child,2,6,14,output,YYBBRRGGYYBBR,0.6923076923076923,1,0.5384615384615384
S2_D17_P2,S2_D17,2,3161,16,Child-Child,2,7,15,output,YYRRBBGGYYRRB,1.0,1,0.5384615384615384
S2_D17_P2,S2_D17,2,3161,16,Child-Child,2,8,16,output,YYBBRRGGYYBBR,1.0,1,0.5384615384615384
S2_D18_P1,S2_D18,1,3170,17,Adult-Child,1,0,,seed,GBYYGGYGBGRBY,,1,0.7692307692307693
S2_D18_P1,S2_D18,1,3170,17,Adult-Child,1,1,1,output,GGRGBYRBGRYBR,0.46153846153846156,1,0.7692307692307693
S2_D18_P1,S2_D18,1,3170,17,Adult-Child,1,2,2,output,GGBBGBGBGBRYR,0.3076923076923077,1,0.46153846153846156
S2_D18_P1,S2_D18,1,3170,17,Adult-Child,1,3,3,output,RRRRRRRRRGBYR,0.23076923076923073,2,0.3076923076923077
S2_D18_P1,S2_D18,1,3170,17,Adult-Child,1,4,4,output,RBGBYRGGRGYRG,0.3846153846153846,2,0.6153846153846154
S2_D18_P1,S2_D18,1,3170,17,Adult-Child,1,5,5,output,RRRRRRRRGYGBR,0.8461538461538461,2,0.38461538461538464
S2_D18_P1,S2_D18,1,3170,17,Adult-Child,1,6,6,output,RGYBRGYBRRGYB,0.5384615384615384,1,0.38461538461538464
S2_D18_P1,S2_D18,1,3170,17,Adult-Child,1,7,7,output,RRRRRRRRGYBGY,0.9230769230769231,2,0.38461538461538464
S2_D18_P1,S2_D18,1,3170,17,Adult-Child,1,8,8,output,RGYBRGYBRGYBR,0.8461538461538461,1,0.23076923076923078
S2_D18_P1,S2_D18,1,3170,17,Adult-Child,2,0,,seed,BRBGBBBBYRBYY,,1,0.6153846153846154
S2_D18_P1,S2_D18,1,3170,17,Adult-Child,2,1,9,output,BYBYRYGRBYGRB,0.3076923076923077,1,0.5384615384615384
S2_D18_P1,S2_D18,1,3170,17,Adult-Child,2,2,10,output,RRRRRRRRGYBRG,0.6923076923076923,2,0.38461538461538464
S2_D18_P1,S2_D18,1,3170,17,Adult-Child,2,3,11,output,RBGRRRBYRBYRG,0.46153846153846156,2,0.5384615384615384
S2_D18_P1,S2_D18,1,3170,17,Adult-Child,2,4,12,output,RRRRRGYBRGBRG,0.7692307692307692,2,0.5384615384615384
S2_D18_P1,S2_D18,1,3170,17,Adult-Child,2,5,13,output,YRRRGBYRGBYRG,0.3846153846153846,2,0.38461538461538464
S2_D18_P1,S2_D18,1,3170,17,Adult-Child,2,6,14,output,RRRRRRRGYBRGY,0.7692307692307692,1,0.38461538461538464
S2_D18_P1,S2_D18,1,3170,17,Adult-Child,2,7,15,output,RBYGRBYGBYRBG,0.3846153846153846,2,0.6153846153846154
S2_D18_P1,S2_D18,1,3170,17,Adult-Child,2,8,16,output,RRRRRRRGYBGYB,0.9230769230769231,1,0.38461538461538464
S2_D18_P2,S2_D18,2,3171,17,Adult-Child,1,0,,seed,BGBYGRRGYGRGG,,1,0.6153846153846154
S2_D18_P2,S2_D18,2,3171,17,Adult-Child,1,1,1,output,BGBGRYYRYRGGG,0.5384615384615384,1,0.7692307692307693
S2_D18_P2,S2_D18,2,3171,17,Adult-Child,1,2,2,output,GGBGRYRBGYGBG,0.6153846153846154,2,0.6153846153846154
S2_D18_P2,S2_D18,2,3171,17,Adult-Child,1,3,3,output,GGBGBGBGRYRYR,0.7692307692307692,1,0.38461538461538464
S2_D18_P2,S2_D18,2,3171,17,Adult-Child,1,4,4,output,RRRRRRRRGYBRR,0.7692307692307692,2,0.38461538461538464
S2_D18_P2,S2_D18,2,3171,17,Adult-Child,1,5,5,output,RBYRRGYRGYBRR,0.5384615384615384,1,0.6153846153846154
S2_D18_P2,S2_D18,2,3171,17,Adult-Child,1,6,6,output,RRRRRRRRGYBGR,0.8461538461538461,2,0.38461538461538464
S2_D18_P2,S2_D18,2,3171,17,Adult-Child,1,7,7,output,RGYBRGYBRRGYB,1.0,1,0.38461538461538464
S2_D18_P2,S2_D18,2,3171,17,Adult-Child,1,8,8,output,RRRRRRGYBGGYB,0.6923076923076923,1,0.46153846153846156
S2_D18_P2,S2_D18,2,3171,17,Adult-Child,2,0,,seed,YBBRRRRRGYRRG,,1,0.46153846153846156
S2_D18_P2,S2_D18,2,3171,17,Adult-Child,2,1,9,output,YBRRRRRRGYRRB,0.8461538461538461,1,0.46153846153846156
S2_D18_P2,S2_D18,2,3171,17,Adult-Child,2,2,10,output,YBRYBBRGRGYRG,0.46153846153846156,1,0.7692307692307693
S2_D18_P2,S2_D18,2,3171,17,Adult-Child,2,3,11,output,RRRRRGYBRRGBY,0.5384615384615384,1,0.5384615384615384
S2_D18_P2,S2_D18,2,3171,17,Adult-Child,2,4,12,output,RRBYGRGYRBGYR,0.46153846153846156,1,0.6153846153846154
S2_D18_P2,S2_D18,2,3171,17,Adult-Child,2,5,13,output,RRRRRRGYBRGBR,0.8461538461538461,1,0.5384615384615384
S2_D18_P2,S2_D18,2,3171,17,Adult-Child,2,6,14,output,YRRGBYRGYRYBR,0.6153846153846154,1,0.7692307692307693
S2_D18_P2,S2_D18,2,3171,17,Adult-Child,2,7,15,output,RRRRRRRGYBGYR,0.8461538461538461,1,0.46153846153846156
S2_D18_P2,S2_D18,2,3171,17,Adult-Child,2,8,16,output,RBYGRBYGRYGBR,0.7692307692307692,1,0.5384615384615384
S2_D19_P1,S2_D19,1,3180,18,Adult-Child,1,0,,seed,BRBGBBYGBBRRY,,1,0.6153846153846154
S2_D19_P1,S2_D19,1,3180,18,Adult-Child,1,1,1,output,BRGYBBYRRGYRB,0.46153846153846156,1,0.6153846153846154
S2_D19_P1,S2_D19,1,3180,18,Adult-Child,1,2,2,output,GYGBBGGBBGBBG,0.6153846153846154,1,0.46153846153846156
S2_D19_P1,S2_D19,1,3180,18,Adult-Child,1,3,3,output,GYBRGYRRGBBGY,0.3846153846153846,1,0.7692307692307693
S2_D19_P1,S2_D19,1,3180,18,Adult-Child,1,4,4,output,GGYYBBGRGBBGB,0.6923076923076923,1,0.6153846153846154
S2_D19_P1,S2_D19,1,3180,18,Adult-Child,1,5,5,output,GBYRGBBYRBBBB,0.5384615384615384,1,0.5384615384615384
S2_D19_P1,S2_D19,1,3180,18,Adult-Child,1,6,6,output,GGYYBBGYBGBYR,0.7692307692307692,1,0.7692307692307693
S2_D19_P1,S2_D19,1,3180,18,Adult-Child,1,7,7,output,GGYYBBGGBBGRY,0.6153846153846154,1,0.6153846153846154
S2_D19_P1,S2_D19,1,3180,18,Adult-Child,1,8,8,output,GGYYBBGYBGGBB,0.7692307692307692,1,0.7692307692307693
S2_D19_P1,S2_D19,1,3180,18,Adult-Child,2,0,,seed,RYRBRRBGBGGRR,,1,0.7692307692307693
S2_D19_P1,S2_D19,1,3180,18,Adult-Child,2,1,9,output,RYRRYBRRYGBBG,0.5384615384615384,2,0.6153846153846154
S2_D19_P1,S2_D19,1,3180,18,Adult-Child,2,2,10,output,YYRRGBYRGBYRB,0.5384615384615384,2,0.46153846153846156
S2_D19_P1,S2_D19,1,3180,18,Adult-Child,2,3,11,output,RRYYRRBYBBBBB,0.8461538461538461,1,0.5384615384615384
S2_D19_P1,S2_D19,1,3180,18,Adult-Child,2,4,12,output,YYRRGBBYYRBYG,0.6923076923076923,1,0.7692307692307693
S2_D19_P1,S2_D19,1,3180,18,Adult-Child,2,5,13,output,YYRRYYRGBBBBG,0.8461538461538461,1,0.6153846153846154
S2_D19_P1,S2_D19,1,3180,18,Adult-Child,2,6,14,output,YYRRYRGGBBRBG,0.5384615384615384,1,0.7692307692307693
S2_D19_P1,S2_D19,1,3180,18,Adult-Child,2,7,15,output,YYRRYGBBBBBYB,0.5384615384615384,1,0.5384615384615384
S2_D19_P1,S2_D19,1,3180,18,Adult-Child,2,8,16,output,YYRRYRGBYRBGY,0.5384615384615384,1,0.7692307692307693
S2_D19_P2,S2_D19,2,3181,18,Adult-Child,1,0,,seed,GGBGGBYGBYRGG,,2,0.6153846153846154
S2_D19_P2,S2_D19,2,3181,18,Adult-Child,1,1,1,output,GGBBYRBGGBGBG,0.46153846153846156,1,0.6153846153846154
S2_D19_P2,S2_D19,2,3181,18,Adult-Child,1,2,2,output,BYGRBGYBGGBRR,0.46153846153846156,1,0.7692307692307693
S2_D19_P2,S2_D19,2,3181,18,Adult-Child,1,3,3,output,GGYYBBGBYRBBB,0.5384615384615384,1,0.7692307692307693
S2_D19_P2,S2_D19,2,3181,18,Adult-Child,1,4,4,output,GYRGYBBBGBRBG,0.5384615384615384,1,0.7692307692307693
S2_D19_P2,S2_D19,2,3181,18,Adult-Child,1,5,5,output,GGYYBBGGBRBBR,0.6923076923076923,1,0.7692307692307693
S2_D19_P2,S2_D19,2,3181,18,Adult-Child,1,6,6,output,GGYYBBGGRYRBG,0.3846153846153846,1,0.7692307692307693
S2_D19_P2,S2_D19,2,3181,18,Adult-Child,1,7,7,output,GGYYBBGBYBGBG,0.7692307692307692,1,0.6153846153846154
S2_D19_P2,S2_D19,2,3181,18,Adult-Child,1,8,8,output,GGYYBBGGYRBGG,0.6923076923076923,2,0.6153846153846154
S2_D19_P2,S2_D19,2,3181,18,Adult-Child,2,0,,seed,YRGRGYYRRRBGB,,1,0.7692307692307693
S2_D19_P2,S2_D19,2,3181,18,Adult-Child,2,1,9,output,YYRGBRGYRBGRY,0.46153846153846156,1,0.7692307692307693
S2_D19_P2,S2_D19,2,3181,18,Adult-Child,2,2,10,output,RRYYRYBGBBBBB,0.46153846153846156,1,0.5384615384615384
S2_D19_P2,S2_D19,2,3181,18,Adult-Child,2,3,11,output,YYRRGBYYRGGBG,0.6153846153846154,1,0.7692307692307693
S2_D19_P2,S2_D19,2,3181,18,Adult-Child,2,4,12,output,YYRRYYRGBBBRB,0.5384615384615384,1,0.7692307692307693
S2_D19_P2,S2_D19,2,3181,18,Adult-Child,2,5,13,output,YYRRGBRYYGBBB,0.6923076923076923,1,0.7692307692307693
S2_D19_P2,S2_D19,2,3181,18,Adult-Child,2,6,14,output,YYRRGBRYYGBBB,0.5384615384615384,1,0.7692307692307693
S2_D19_P2,S2_D19,2,3181,18,Adult-Child,2,7,15,output,YYRRGBYRRRGBB,0.46153846153846156,1,0.5384615384615384
S2_D19_P2,S2_D19,2,3181,18,Adult-Child,2,8,16,output,YYRRYGBGRYBBB,0.6923076923076923,1,0.7692307692307693
S2_D20_P1,S2_D20,1,3190,19,Adult-Child,1,0,,seed,RGYGYRYRYRYGY,,1,0.46153846153846156
S2_D20_P1,S2_D20,1,3190,19,Adult-Child,1,1,1,output,BGRYRYRYRYRYB,0.6153846153846154,2,0.23076923076923078
S2_D20_P1,S2_D20,1,3190,19,Adult-Child,1,2,2,output,BBRYGBBBGYRGR,0.46153846153846156,1,0.7692307692307693
S2_D20_P1,S2_D20,1,3190,19,Adult-Child,1,3,3,output,BGRYGBYRRYGBB,0.6153846153846154,1,0.5384615384615384
S2_D20_P1,S2_D20,1,3190,19,Adult-Child,1,4,4,output,BYBBRGYRBGRBB,0.3076923076923077,1,0.7692307692307693
S2_D20_P1,S2_D20,1,3190,19,Adult-Child,1,5,5,output,BGRYYGBRYBGBB,0.5384615384615384,1,0.7692307692307693
S2_D20_P1,S2_D20,1,3190,19,Adult-Child,1,6,6,output,BGBRYRGBYRBGR,0.6153846153846154,1,0.7692307692307693
S2_D20_P1,S2_D20,1,3190,19,Adult-Child,1,7,7,output,BGYBRYGBYBBYG,0.46153846153846156,1,0.7692307692307693
S2_D20_P1,S2_D20,1,3190,19,Adult-Child,1,8,8,output,BGYRGYBBRRGYB,0.5384615384615384,2,0.5384615384615384
S2_D20_P1,S2_D20,1,3190,19,Adult-Child,2,0,,seed,BYGYGGYYGGBRR,,2,0.6153846153846154
S2_D20_P1,S2_D20,1,3190,19,Adult-Child,2,1,9,output,BYGBRGYBGBRGY,0.5384615384615384,1,0.46153846153846156
S2_D20_P1,S2_D20,1,3190,19,Adult-Child,2,2,10,output,YYBRGYBRYYYGR,0.46153846153846156,1,0.6153846153846154
S2_D20_P1,S2_D20,1,3190,19,Adult-Child,2,3,11,output,GBGBYGRBGBYRG,0.5384615384615384,2,0.5384615384615384
S2_D20_P1,S2_D20,1,3190,19,Adult-Child,2,4,12,output,GBYYRGBRYGRYB,0.3846153846153846,1,0.7692307692307693
S2_D20_P1,S2_D20,1,3190,19,Adult-Child,2,5,13,output,YBGBRYBGYRBYY,0.46153846153846156,1,0.7692307692307693
S2_D20_P1,S2_D20,1,3190,19,Adult-Child,2,6,14,output,YBRGYRYYGBGYR,0.3846153846153846,1,0.6153846153846154
S2_D20_P1,S2_D20,1,3190,19,Adult-Child,2,7,15,output,BYGBRYGYBRYRG,0.3076923076923077,1,0.6153846153846154
S2_D20_P1,S2_D20,1,3190,19,Adult-Child,2,8,16,output,YBRGYBGGBRYRG,0.6153846153846154,1,0.7692307692307693
S2_D20_P2,S2_D20,2,3191,19,Adult-Child,1,0,,seed,BRYGBYGYBGGBB,,1,0.7692307692307693
S2_D20_P2,S2_D20,2,3191,19,Adult-Child,1,1,1,output,BRYGBYGRGGYBR,0.6923076923076923,1,0.7692307692307693
S2_D20_P2,S2_D20,2,3191,19,Adult-Child,1,2,2,output,BGYRYRBGYRYBB,0.6923076923076923,2,0.5384615384615384
S2_D20_P2,S2_D20,2,3191,19,Adult-Child,1,3,3,output,BBRYGBBBRYGBR,0.7692307692307692,1,0.46153846153846156
S2_D20_P2,S2_D20,2,3191,19,Adult-Child,1,4,4,output,BGYRBGYBRGRBB,0.5384615384615384,1,0.7692307692307693
S2_D20_P2,S2_D20,2,3191,19,Adult-Child,1,5,5,output,BYBRGBBYRBGRY,0.6153846153846154,1,0.7692307692307693
S2_D20_P2,S2_D20,2,3191,19,Adult-Child,1,6,6,output,BGRYRGBYGGBBB,0.6923076923076923,1,0.7692307692307693
S2_D20_P2,S2_D20,2,3191,19,Adult-Child,1,7,7,output,BGYRBGBGRYRBB,0.46153846153846156,1,0.6153846153846154
S2_D20_P2,S2_D20,2,3191,19,Adult-Child,1,8,8,output,BYGBGYRYBYRYG,0.46153846153846156,1,0.6153846153846154
S2_D20_P2,S2_D20,2,3191,19,Adult-Child,2,0,,seed,YYRYBBBRYYBBR,,1,0.6153846153846154
S2_D20_P2,S2_D20,2,3191,19,Adult-Child,2,1,9,output,YYBYRBBYRBYYY,0.46153846153846156,1,0.5384615384615384
S2_D20_P2,S2_D20,2,3191,19,Adult-Child,2,2,10,output,BGYRBYGRBBYGB,0.46153846153846156,1,0.6153846153846154
S2_D20_P2,S2_D20,2,3191,19,Adult-Child,2,3,11,output,YYBRYBRGBGYYY,0.5384615384615384,1,0.6153846153846154
S2_D20_P2,S2_D20,2,3191,19,Adult-Child,2,4,12,output,GBGYBRYRYBYRG,0.6153846153846154,1,0.7692307692307693
S2_D20_P2,S2_D20,2,3191,19,Adult-Child,2,5,13,output,GBYRGBYBRYRGB,0.6153846153846154,2,0.5384615384615384
S2_D20_P2,S2_D20,2,3191,19,Adult-Child,2,6,14,output,YBGRYBRGBBRGY,0.5384615384615384,1,0.6153846153846154
S2_D20_P2,S2_D20,2,3191,19,Adult-Child,2,7,15,output,YBRGYYBRGYBYR,0.6153846153846154,1,0.5384615384615384
S2_D20_P2,S2_D20,2,3191,19,Adult-Child,2,8,16,output,BYGRYBRBYGGYR,0.46153846153846156,1,0.7692307692307693
S2_D21_P1,S2_D21,1,3200,20,Adult-Child,1,0,,seed,YRBYBRRYGBBRG,,1,0.7692307692307693
S2_D21_P1,S2_D21,1,3200,20,Adult-Child,1,1,1,output,YGRRBYBBBGYRB,0.3846153846153846,1,0.7692307692307693
S2_D21_P1,S2_D21,1,3200,20,Adult-Child,1,2,2,output,GBBYGBBGYBRGY,0.3076923076923077,1,0.7692307692307693
S2_D21_P1,S2_D21,1,3200,20,Adult-Child,1,3,3,output,YRBBYGRBBBBYG,0.3846153846153846,1,0.46153846153846156
S2_D21_P1,S2_D21,1,3200,20,Adult-Child,1,4,4,output,GBBYRGBBBBYGB,0.3846153846153846,2,0.6153846153846154
S2_D21_P1,S2_D21,1,3200,20,Adult-Child,1,5,5,output,GBYRGBBRGBBYR,0.46153846153846156,2,0.5384615384615384
S2_D21_P1,S2_D21,1,3200,20,Adult-Child,1,6,6,output,GBBRGBYRGBYRG,0.5384615384615384,2,0.38461538461538464
S2_D21_P1,S2_D21,1,3200,20,Adult-Child,1,7,7,output,GBGBYRGBGBYRG,0.5384615384615384,2,0.38461538461538464
S2_D21_P1,S2_D21,1,3200,20,Adult-Child,1,8,8,output,GBBYRGBYRGBRG,0.7692307692307692,2,0.46153846153846156
S2_D21_P1,S2_D21,1,3200,20,Adult-Child,2,0,,seed,RYGYRRBRGRBRB,,1,0.6153846153846154
S2_D21_P1,S2_D21,1,3200,20,Adult-Child,2,1,9,output,RBRGYBRGYBGRY,0.46153846153846156,1,0.46153846153846156
S2_D21_P1,S2_D21,1,3200,20,Adult-Child,2,2,10,output,BRBBYRBYRBYGR,0.15384615384615385,2,0.46153846153846156
S2_D21_P1,S2_D21,1,3200,20,Adult-Child,2,3,11,output,YGBRYGBRGYBRG,0.6153846153846154,1,0.5384615384615384
S2_D21_P1,S2_D21,1,3200,20,Adult-Child,2,4,12,output,BBGYRBBBBBGYR,0.46153846153846156,1,0.46153846153846156
S2_D21_P1,S2_D21,1,3200,20,Adult-Child,2,5,13,output,YGRYGRBYGRBBY,0.5384615384615384,2,0.5384615384615384
S2_D21_P1,S2_D21,1,3200,20,Adult-Child,2,6,14,output,BGYRBGYRBGRBB,0.5384615384615384,2,0.46153846153846156
S2_D21_P1,S2_D21,1,3200,20,Adult-Child,2,7,15,output,YGRYGBRYGBRYG,0.5384615384615384,3,0.3076923076923077
S2_D21_P1,S2_D21,1,3200,20,Adult-Child,2,8,16,output,BBGYRBGYRBBGY,0.6153846153846154,2,0.38461538461538464
S2_D21_P2,S2_D21,2,3201,20,Adult-Child,1,0,,seed,YYGGGBGYBRBGB,,1,0.7692307692307693
S2_D21_P2,S2_D21,2,3201,20,Adult-Child,1,1,1,output,YYGGGBGYRBGBR,0.8461538461538461,1,0.7692307692307693
S2_D21_P2,S2_D21,2,3201,20,Adult-Child,1,2,2,output,YYGRYGBRYYGBG,0.3846153846153846,2,0.6153846153846154
S2_D21_P2,S2_D21,2,3201,20,Adult-Child,1,3,3,output,GGBBGYGBGRRBY,0.5384615384615384,1,0.7692307692307693
S2_D21_P2,S2_D21,2,3201,20,Adult-Child,1,4,4,output,RBYGBBBBGYBRY,0.46153846153846156,1,0.6153846153846154
S2_D21_P2,S2_D21,2,3201,20,Adult-Child,1,5,5,output,GBBRYGBBBBYGR,0.7692307692307692,1,0.6153846153846154
S2_D21_P2,S2_D21,2,3201,20,Adult-Child,1,6,6,output,GBYRGBYGBBYGB,0.6923076923076923,2,0.5384615384615384
S2_D21_P2,S2_D21,2,3201,20,Adult-Child,1,7,7,output,GBBRYGBYRGBRY,0.7692307692307692,1,0.6153846153846154
S2_D21_P2,S2_D21,2,3201,20,Adult-Child,1,8,8,output,GBGBYRGBGBRYG,0.8461538461538461,2,0.6153846153846154
S2_D21_P2,S2_D21,2,3201,20,Adult-Child,2,0,,seed,YYYGGRGGBGGGB,,1,0.6153846153846154
S2_D21_P2,S2_D21,2,3201,20,Adult-Child,2,1,9,output,YYGGGRGGGGBGY,0.6923076923076923,1,0.6153846153846154
S2_D21_P2,S2_D21,2,3201,20,Adult-Child,2,2,10,output,RBRGYRGBRGYBR,0.6923076923076923,2,0.5384615384615384
S2_D21_P2,S2_D21,2,3201,20,Adult-Child,2,3,11,output,BYRBYRBYRBGGR,0.7692307692307692,1,0.38461538461538464
S2_D21_P2,S2_D21,2,3201,20,Adult-Child,2,4,12,output,YGBRYGBRYGBRG,0.8461538461538461,1,0.3076923076923077
S2_D21_P2,S2_D21,2,3201,20,Adult-Child,2,5,13,output,BBGYRBBBBBGRY,0.8461538461538461,1,0.5384615384615384
S2_D21_P2,S2_D21,2,3201,20,Adult-Child,2,6,14,output,YGRBYGRBYGRBY,0.8461538461538461,1,0.23076923076923078
S2_D21_P2,S2_D21,2,3201,20,Adult-Child,2,7,15,output,BGYRBGYRBGRBB,1.0,2,0.46153846153846156
S2_D21_P2,S2_D21,2,3201,20,Adult-Child,2,8,16,output,YGRBYGRYGRBGB,0.6153846153846154,2,0.6153846153846154
S2_D22_P1,S2_D22,1,3210,21,Child-Child,1,0,,seed,GYGRYBYYYYRRR,,1,0.6153846153846154
S2_D22_P1,S2_D22,1,3210,21,Child-Child,1,1,1,output,GGGYRBBBGYYYY,0.3846153846153846,1,0.6153846153846154
S2_D22_P1,S2_D22,1,3210,21,Child-Child,1,2,2,output,YRBGYRBGRBYGR,0.5384615384615384,1,0.6153846153846154
S2_D22_P1,S2_D22,1,3210,21,Child-Child,1,3,3,output,YRBGYRBBBBGRY,0.5384615384615384,1,0.6153846153846154
S2_D22_P1,S2_D22,1,3210,21,Child-Child,1,4,4,output,YRBGRGYBRGYBR,0.5384615384615384,1,0.46153846153846156
S2_D22_P1,S2_D22,1,3210,21,Child-Child,1,5,5,output,YRBGRGYBRGYBB,0.46153846153846156,1,0.5384615384615384
S2_D22_P1,S2_D22,1,3210,21,Child-Child,1,6,6,output,YRGBRGYRGGBRR,0.3846153846153846,2,0.6153846153846154
S2_D22_P1,S2_D22,1,3210,21,Child-Child,1,7,7,output,RYGBRGRGRBGRR,0.46153846153846156,1,0.6153846153846154
S2_D22_P1,S2_D22,1,3210,21,Child-Child,1,8,8,output,YRGBRGYRGBYRG,0.6153846153846154,3,0.5384615384615384
S2_D22_P1,S2_D22,1,3210,21,Child-Child,2,0,,seed,BYGRGRGRRGYGG,,1,0.5384615384615384
S2_D22_P1,S2_D22,1,3210,21,Child-Child,2,1,9,output,YBRGRGRGRGRGY,0.6153846153846154,2,0.23076923076923078
S2_D22_P1,S2_D22,1,3210,21,Child-Child,2,2,10,output,YBYRGYRGBRYBR,0.3076923076923077,1,0.6153846153846154
S2_D22_P1,S2_D22,1,3210,21,Child-Child,2,3,11,output,RYGBRGYRBBGBY,0.46153846153846156,1,0.7692307692307693
S2_D22_P1,S2_D22,1,3210,21,Child-Child,2,4,12,output,RGYRBGRYBRGBG,0.3846153846153846,1,0.7692307692307693
S2_D22_P1,S2_D22,1,3210,21,Child-Child,2,5,13,output,YRGBRGYRYRRRR,0.3846153846153846,1,0.6153846153846154
S2_D22_P1,S2_D22,1,3210,21,Child-Child,2,6,14,output,YRGYYGRBYRBBB,0.3846153846153846,1,0.7692307692307693
S2_D22_P1,S2_D22,1,3210,21,Child-Child,2,7,15,output,RYRBGRYGRBGGY,0.3846153846153846,1,0.6153846153846154
S2_D22_P1,S2_D22,1,3210,21,Child-Child,2,8,16,output,RYGGGRYGYYGRB,0.46153846153846156,1,0.7692307692307693
S2_D22_P2,S2_D22,2,3211,21,Child-Child,1,0,,seed,YRBRRGYRRBYRY,,1,0.7692307692307693
S2_D22_P2,S2_D22,2,3211,21,Child-Child,1,1,1,output,YRBBRRGYRBGYR,0.6923076923076923,2,0.6153846153846154
S2_D22_P2,S2_D22,2,3211,21,Child-Child,1,2,2,output,YRGGGYBBYRGYY,0.46153846153846156,1,0.7692307692307693
S2_D22_P2,S2_D22,2,3211,21,Child-Child,1,3,3,output,YRBGYRBGRBYGR,1.0,1,0.6153846153846154
S2_D22_P2,S2_D22,2,3211,21,Child-Child,1,4,4,output,YRBGYRBBBBGRY,1.0,1,0.6153846153846154
S2_D22_P2,S2_D22,2,3211,21,Child-Child,1,5,5,output,YGRBGYRBGRGYB,0.5384615384615384,1,0.6153846153846154
S2_D22_P2,S2_D22,2,3211,21,Child-Child,1,6,6,output,YRBGYRBGRGYBR,0.6153846153846154,1,0.6153846153846154
S2_D22_P2,S2_D22,2,3211,21,Child-Child,1,7,7,output,YRGBYGRBYRGRY,0.5384615384615384,1,0.7692307692307693
S2_D22_P2,S2_D22,2,3211,21,Child-Child,1,8,8,output,RYGBRYGGYRBGR,0.6923076923076923,1,0.7692307692307693
S2_D22_P2,S2_D22,2,3211,21,Child-Child,2,0,,seed,GBGBYRYYBBRRR,,1,0.7692307692307693
S2_D22_P2,S2_D22,2,3211,21,Child-Child,2,1,9,output,GBGBRYYBBRRRY,0.8461538461538461,1,0.7692307692307693
S2_D22_P2,S2_D22,2,3211,21,Child-Child,2,2,10,output,GYBRGYBRYYBBR,0.3076923076923077,1,0.6153846153846154
S2_D22_P2,S2_D22,2,3211,21,Child-Child,2,3,11,output,GBYRGYRRGYRBY,0.6153846153846154,2,0.5384615384615384
S2_D22_P2,S2_D22,2,3211,21,Child-Child,2,4,12,output,RYGBRYGRRBGRY,0.6923076923076923,2,0.7692307692307693
S2_D22_P2,S2_D22,2,3211,21,Child-Child,2,5,13,output,RGYRGBRGRYGBR,0.6153846153846154,1,0.6153846153846154
S2_D22_P2,S2_D22,2,3211,21,Child-Child,2,6,14,output,YRGBRYGRYRRRR,0.8461538461538461,1,0.6153846153846154
S2_D22_P2,S2_D22,2,3211,21,Child-Child,2,7,15,output,RGYRGYGBYRGRY,0.46153846153846156,2,0.6153846153846154
S2_D22_P2,S2_D22,2,3211,21,Child-Child,2,8,16,output,YRYGBRYBBGRGB,0.46153846153846156,1,0.7692307692307693
S2_D23_P1,S2_D23,1,3220,22,Adult-Child,1,0,,seed,RYRRYBYBRGGYY,,1,0.7692307692307693
S2_D23_P1,S2_D23,1,3220,22,Adult-Child,1,1,1,output,RRYYBBRRGRGYB,0.5384615384615384,1,0.7692307692307693
S2_D23_P1,S2_D23,1,3220,22,Adult-Child,1,2,2,output,BYBRBYRGRBRYR,0.46153846153846156,1,0.7692307692307693
S2_D23_P1,S2_D23,1,3220,22,Adult-Child,1,3,3,output,RRGGYYBBRYYBG,0.8461538461538461,1,0.6153846153846154
S2_D23_P1,S2_D23,1,3220,22,Adult-Child,1,4,4,output,BYRGYBRGBYBRB,0.6923076923076923,1,0.6153846153846154
S2_D23_P1,S2_D23,1,3220,22,Adult-Child,1,5,5,output,GGYYBBRRGYBRG,1.0,1,0.7692307692307693
S2_D23_P1,S2_D23,1,3220,22,Adult-Child,1,6,6,output,BYBRBYBRGGGBY,0.5384615384615384,2,0.6153846153846154
S2_D23_P1,S2_D23,1,3220,22,Adult-Child,1,7,7,output,GGYYBBRRGYBRG,1.0,1,0.7692307692307693
S2_D23_P1,S2_D23,1,3220,22,Adult-Child,1,8,8,output,BYBRBYBRGGGBB,0.9230769230769231,1,0.6153846153846154
S2_D23_P1,S2_D23,1,3220,22,Adult-Child,2,0,,seed,GRYYBYBRBYGBB,,1,0.7692307692307693
S2_D23_P1,S2_D23,1,3220,22,Adult-Child,2,1,9,output,GGBRYRBYGRBYB,0.5384615384615384,1,0.6153846153846154
S2_D23_P1,S2_D23,1,3220,22,Adult-Child,2,2,10,output,GRGRBYBYGYRRB,0.3076923076923077,1,0.7692307692307693
S2_D23_P1,S2_D23,1,3220,22,Adult-Child,2,3,11,output,YRBGYRBYGBYBB,0.5384615384615384,1,0.7692307692307693
S2_D23_P1,S2_D23,1,3220,22,Adult-Child,2,4,12,output,GRGRGRGYBBYBG,0.6923076923076923,1,0.5384615384615384
S2_D23_P1,S2_D23,1,3220,22,Adult-Child,2,5,13,output,YRGYBYRYBBYBY,0.6153846153846154,1,0.6153846153846154
S2_D23_P1,S2_D23,1,3220,22,Adult-Child,2,6,14,output,GRGRGRYBYBGGY,0.8461538461538461,1,0.6153846153846154
S2_D23_P1,S2_D23,1,3220,22,Adult-Child,2,7,15,output,RYYRYBBYRYBBB,0.6923076923076923,2,0.46153846153846156
S2_D23_P1,S2_D23,1,3220,22,Adult-Child,2,8,16,output,GRGRGRGRBYBYB,0.7692307692307692,2,0.38461538461538464
S2_D23_P2,S2_D23,2,3221,22,Adult-Child,1,0,,seed,BYRGGGGYBRGRR,,1,0.6153846153846154
S2_D23_P2,S2_D23,2,3221,22,Adult-Child,1,1,1,output,BYGRYBGGRYBRG,0.5384615384615384,1,0.5384615384615384
S2_D23_P2,S2_D23,2,3221,22,Adult-Child,1,2,2,output,RRGGYYBBRYGYB,0.6153846153846154,1,0.7692307692307693
S2_D23_P2,S2_D23,2,3221,22,Adult-Child,1,3,3,output,BYBRBGYBRGYBB,0.5384615384615384,2,0.5384615384615384
S2_D23_P2,S2_D23,2,3221,22,Adult-Child,1,4,4,output,GGYYBBRRGYBRG,0.6153846153846154,1,0.7692307692307693
S2_D23_P2,S2_D23,2,3221,22,Adult-Child,1,5,5,output,BYRYBRBYGGGYB,0.5384615384615384,1,0.7692307692307693
S2_D23_P2,S2_D23,2,3221,22,Adult-Child,1,6,6,output,GGYYBBRRGYBRG,1.0,1,0.7692307692307693
S2_D23_P2,S2_D23,2,3221,22,Adult-Child,1,7,7,output,BYBRBYBRGGGYB,0.8461538461538461,1,0.6153846153846154
S2_D23_P2,S2_D23,2,3221,22,Adult-Child,1,8,8,output,GGYYBRRGBYRRG,0.7692307692307692,1,0.6153846153846154
S2_D23_P2,S2_D23,2,3221,22,Adult-Child,2,0,,seed,GYGYYBRGBGGBG,,1,0.6153846153846154
S2_D23_P2,S2_D23,2,3221,22,Adult-Child,2,1,9,output,GYYBRGBGBGBYR,0.6153846153846154,1,0.5384615384615384
S2_D23_P2,S2_D23,2,3221,22,Adult-Child,2,2,10,output,GYBRYRBYGRBYG,0.8461538461538461,1,0.5384615384615384
S2_D23_P2,S2_D23,2,3221,22,Adult-Child,2,3,11,output,GRGRGYBYBGYBB,0.6923076923076923,2,0.6153846153846154
S2_D23_P2,S2_D23,2,3221,22,Adult-Child,2,4,12,output,GYRGBYGRBYYBY,0.46153846153846156,1,0.7692307692307693
S2_D23_P2,S2_D23,2,3221,22,Adult-Child,2,5,13,output,GRGRGRYBYBGBR,0.6923076923076923,1,0.6153846153846154
S2_D23_P2,S2_D23,2,3221,22,Adult-Child,2,6,14,output,YGRYBBYRGYBYB,0.5384615384615384,1,0.7692307692307693
S2_D23_P2,S2_D23,2,3221,22,Adult-Child,2,7,15,output,GRGRGRYBYBYBG,0.7692307692307692,1,0.46153846153846156
S2_D23_P2,S2_D23,2,3221,22,Adult-Child,2,8,16,output,YRYYBRYRYYBYG,0.46153846153846156,2,0.5384615384615384
S2_D24_P1,S2_D24,1,3230,23,Adult-Child,1,0,,seed,GYYRBRRBRYGBY,,1,0.6153846153846154
S2_D24_P1,S2_D24,1,3230,23,Adult-Child,1,1,1,output,GYRRBBYRBGGYR,0.46153846153846156,2,0.7692307692307693
S2_D24_P1,S2_D24,1,3230,23,Adult-Child,1,2,2,output,RGBYRRRYBGYRB,0.5384615384615384,1,0.7692307692307693
S2_D24_P1,S2_D24,1,3230,23,Adult-Child,1,3,3,output,GYRBYRGBRRRYG,0.6153846153846154,1,0.7692307692307693
S2_D24_P1,S2_D24,1,3230,23,Adult-Child,1,4,4,output,YGBYRRRGYBRBY,0.6153846153846154,1,0.7692307692307693
S2_D24_P1,S2_D24,1,3230,23,Adult-Child,1,5,5,output,GYBRRRRGBYGRB,0.6923076923076923,1,0.6153846153846154
S2_D24_P1,S2_D24,1,3230,23,Adult-Child,1,6,6,output,GYBYRRGBYRGBB,0.46153846153846156,1,0.6153846153846154
S2_D24_P1,S2_D24,1,3230,23,Adult-Child,1,7,7,output,GYRBRRRYGBBGY,0.6153846153846154,1,0.7692307692307693
S2_D24_P1,S2_D24,1,3230,23,Adult-Child,1,8,8,output,GYBYRRRGBYRGB,0.6923076923076923,1,0.6153846153846154
S2_D24_P1,S2_D24,1,3230,23,Adult-Child,2,0,,seed,BGGGGGGGBRRRG,,1,0.38461538461538464
S2_D24_P1,S2_D24,1,3230,23,Adult-Child,2,1,9,output,BGGGGGRBGRRRB,0.6923076923076923,1,0.5384615384615384
S2_D24_P1,S2_D24,1,3230,23,Adult-Child,2,2,10,output,YRBRRRBBBGGGG,0.7692307692307692,1,0.6153846153846154
S2_D24_P1,S2_D24,1,3230,23,Adult-Child,2,3,11,output,BYRGGGGRRBYBB,0.5384615384615384,1,0.6153846153846154
S2_D24_P1,S2_D24,1,3230,23,Adult-Child,2,4,12,output,RYBRYRGGRYBRR,0.46153846153846156,2,0.6153846153846154
S2_D24_P1,S2_D24,1,3230,23,Adult-Child,2,5,13,output,GYRBGGGRRBBYR,0.5384615384615384,1,0.7692307692307693
S2_D24_P1,S2_D24,1,3230,23,Adult-Child,2,6,14,output,RYBRRGBYRGGBY,0.6153846153846154,1,0.6153846153846154
S2_D24_P1,S2_D24,1,3230,23,Adult-Child,2,7,15,output,GGBBRYYGRBRBY,0.6923076923076923,1,0.7692307692307693
S2_D24_P1,S2_D24,1,3230,23,Adult-Child,2,8,16,output,GYRBRRYYGBYRG,0.46153846153846156,1,0.7692307692307693
S2_D24_P2,S2_D24,2,3231,23,Adult-Child,1,0,,seed,BGRYRRYGBBGBY,,1,0.7692307692307693
S2_D24_P2,S2_D24,2,3231,23,Adult-Child,1,1,1,output,RGYRRRBRGRBBB,0.3846153846153846,1,0.7692307692307693
S2_D24_P2,S2_D24,2,3231,23,Adult-Child,1,2,2,output,GYRBRRYBGBRYY,0.46153846153846156,1,0.7692307692307693
S2_D24_P2,S2_D24,2,3231,23,Adult-Child,1,3,3,output,BRGYRRRGYBGRB,0.6923076923076923,1,0.6153846153846154
S2_D24_P2,S2_D24,2,3231,23,Adult-Child,1,4,4,output,GYBRRRRYBRGBR,0.3846153846153846,1,0.5384615384615384
S2_D24_P2,S2_D24,2,3231,23,Adult-Child,1,5,5,output,YGBYRRYBGRRRY,0.6153846153846154,1,0.6153846153846154
S2_D24_P2,S2_D24,2,3231,23,Adult-Child,1,6,6,output,GYBRRRRYBRGYR,0.6923076923076923,1,0.5384615384615384
S2_D24_P2,S2_D24,2,3231,23,Adult-Child,1,7,7,output,GYBYRRGYBYRRR,0.6923076923076923,1,0.46153846153846156
S2_D24_P2,S2_D24,2,3231,23,Adult-Child,1,8,8,output,GYRRRBRYYBGBG,0.6153846153846154,1,0.7692307692307693
S2_D24_P2,S2_D24,2,3231,23,Adult-Child,2,0,,seed,BYYRBGBGGRBBG,,1,0.7692307692307693
S2_D24_P2,S2_D24,2,3231,23,Adult-Child,2,1,9,output,BYRBYRRBBGGGG,0.46153846153846156,1,0.6153846153846154
S2_D24_P2,S2_D24,2,3231,23,Adult-Child,2,2,10,output,BGGGGBRRBGGBR,0.6153846153846154,2,0.46153846153846156
S2_D24_P2,S2_D24,2,3231,23,Adult-Child,2,3,11,output,YRBRRBBGRRBYR,0.46153846153846156,2,0.6153846153846154
S2_D24_P2,S2_D24,2,3231,23,Adult-Child,2,4,12,output,YBRGGGRBBRBBR,0.5384615384615384,2,0.5384615384615384
S2_D24_P2,S2_D24,2,3231,23,Adult-Child,2,5,13,output,RYBRYRGBRRYGG,0.6153846153846154,1,0.7692307692307693
S2_D24_P2,S2_D24,2,3231,23,Adult-Child,2,6,14,output,GGBRBRBYYRBRB,0.3076923076923077,2,0.46153846153846156
S2_D24_P2,S2_D24,2,3231,23,Adult-Child,2,7,15,output,RYBRRGBYYRGGR,0.7692307692307692,1,0.7692307692307693
S2_D24_P2,S2_D24,2,3231,23,Adult-Child,2,8,16,output,GGBBRYYGRBBRR,0.7692307692307692,1,0.6153846153846154
S2_D25_P1,S2_D25,1,3240,24,Adult-Child,1,0,,seed,GYYGRGBRGBGGB,,1,0.6153846153846154
S2_D25_P1,S2_D25,1,3240,24,Adult-Child,1,1,1,output,BBBBBBBBBBBBB,0.23076923076923073,2,0.0
S2_D25_P1,S2_D25,1,3240,24,Adult-Child,1,2,2,output,RBBYGBRYGBBBG,0.6153846153846154,1,0.6153846153846154
S2_D25_P1,S2_D25,1,3240,24,Adult-Child,1,3,3,output,BBBBBBBBBBBBB,1.0,2,0.0
S2_D25_P1,S2_D25,1,3240,24,Adult-Child,1,4,4,output,RBYBBGRRBBBGY,0.3846153846153846,1,0.6153846153846154
S2_D25_P1,S2_D25,1,3240,24,Adult-Child,1,5,5,output,BBBBBBBBBBBBB,1.0,2,0.0
S2_D25_P1,S2_D25,1,3240,24,Adult-Child,1,6,6,output,RBBRGYRBYRBBB,0.3846153846153846,2,0.6153846153846154
S2_D25_P1,S2_D25,1,3240,24,Adult-Child,1,7,7,output,BBBBBBBBBBBBB,1.0,2,0.0
S2_D25_P1,S2_D25,1,3240,24,Adult-Child,1,8,8,output,RBBYGRBBYGRRY,1.0,1,0.46153846153846156
S2_D25_P1,S2_D25,1,3240,24,Adult-Child,2,0,,seed,GYYBGYGRRGGBR,,1,0.7692307692307693
S2_D25_P1,S2_D25,1,3240,24,Adult-Child,2,1,9,output,YYYBGYYBRYRBY,0.5384615384615384,1,0.6153846153846154
S2_D25_P1,S2_D25,1,3240,24,Adult-Child,2,2,10,output,RRRBBBYYRRBBR,0.5384615384615384,1,0.5384615384615384
S2_D25_P1,S2_D25,1,3240,24,Adult-Child,2,3,11,output,YYYRBGRBYYRBG,0.7692307692307692,2,0.46153846153846156
S2_D25_P1,S2_D25,1,3240,24,Adult-Child,2,4,12,output,RRRBBBYYRRBBY,1.0,1,0.5384615384615384
S2_D25_P1,S2_D25,1,3240,24,Adult-Child,2,5,13,output,YYBRGYYBRGBGY,0.6923076923076923,1,0.5384615384615384
S2_D25_P1,S2_D25,1,3240,24,Adult-Child,2,6,14,output,RRRBBBYYRRBBY,1.0,1,0.5384615384615384
S2_D25_P1,S2_D25,1,3240,24,Adult-Child,2,7,15,output,YYBRGYYBRGYBB,0.8461538461538461,1,0.46153846153846156
S2_D25_P1,S2_D25,1,3240,24,Adult-Child,2,8,16,output,RRRBBBYYRRBBY,1.0,1,0.5384615384615384
S2_D25_P2,S2_D25,2,3241,24,Adult-Child,1,0,,seed,RGBBGGYRGRBRY,,1,0.7692307692307693
S2_D25_P2,S2_D25,2,3241,24,Adult-Child,1,1,1,output,GRBBYGBRBYGYB,0.3076923076923077,1,0.6153846153846154
S2_D25_P2,S2_D25,2,3241,24,Adult-Child,1,2,2,output,BBBBBBBBBBBBB,1.0,2,0.0
S2_D25_P2,S2_D25,2,3241,24,Adult-Child,1,3,3,output,RBGBYBBBRGYBR,0.46153846153846156,1,0.7692307692307693
S2_D25_P2,S2_D25,2,3241,24,Adult-Child,1,4,4,output,BBBBBBBBBBBBB,1.0,2,0.0
S2_D25_P2,S2_D25,2,3241,24,Adult-Child,1,5,5,output,RBYRBBBGYBBRR,0.46153846153846156,1,0.7692307692307693
S2_D25_P2,S2_D25,2,3241,24,Adult-Child,1,6,6,output,BBBBBBBBBBBBB,1.0,2,0.0
S2_D25_P2,S2_D25,2,3241,24,Adult-Child,1,7,7,output,RBBYGRBBYGRRY,0.46153846153846156,1,0.46153846153846156
S2_D25_P2,S2_D25,2,3241,24,Adult-Child,1,8,8,output,BBBBBBBBBBBBB,1.0,2,0.0
S2_D25_P2,S2_D25,2,3241,24,Adult-Child,2,0,,seed,RRRBBBBGGYYYR,,1,0.6153846153846154
S2_D25_P2,S2_D25,2,3241,24,Adult-Child,2,1,9,output,RRRBBBBGGYYRR,0.9230769230769231,1,0.6153846153846154
S2_D25_P2,S2_D25,2,3241,24,Adult-Child,2,2,10,output,YYYBGRRBYYYBG,0.6153846153846154,1,0.5384615384615384
S2_D25_P2,S2_D25,2,3241,24,Adult-Child,2,3,11,output,RRRBBBYYRRBBY,0.9230769230769231,1,0.5384615384615384
S2_D25_P2,S2_D25,2,3241,24,Adult-Child,2,4,12,output,YYYBRGYYRRBBG,0.6153846153846154,1,0.7692307692307693
S2_D25_P2,S2_D25,2,3241,24,Adult-Child,2,5,13,output,RRRBBBYYRRBBY,1.0,1,0.5384615384615384
S2_D25_P2,S2_D25,2,3241,24,Adult-Child,2,6,14,output,YYBRGYYBRGBBR,0.8461538461538461,1,0.5384615384615384
S2_D25_P2,S2_D25,2,3241,24,Adult-Child,2,7,15,output,RRRBBBYYRRBBY,1.0,1,0.5384615384615384
S2_D25_P2,S2_D25,2,3241,24,Adult-Child,2,8,16,output,YYBRGYYBRGBBY,0.8461538461538461,1,0.5384615384615384
S2_D26_P1,S2_D26,1,3250,25,Adult-Child,1,0,,seed,GBBYYBRYRRBGG,,0,0.7692307692307693
S2_D26_P1,S2_D26,1,3250,25,Adult-Child,1,1,1,output,BBGYYBBRGYYBB,0.3846153846153846,2,0.46153846153846156
S2_D26_P1,S2_D26,1,3250,25,Adult-Child,1,2,2,output,RRGBBYYBGGRBB,0.5384615384615384,1,0.7692307692307693
S2_D26_P1,S2_D26,1,3250,25,Adult-Child,1,3,3,output,BBBYYGGYRBGGY,0.5384615384615384,1,0.6153846153846154
S2_D26_P1,S2_D26,1,3250,25,Adult-Child,1,4,4,output,RBBGYYRRGBBYB,0.3846153846153846,1,0.7692307692307693
S2_D26_P1,S2_D26,1,3250,25,Adult-Child,1,5,5,output,BBBYGRYGBBRBB,0.6923076923076923,1,0.7692307692307693
S2_D26_P1,S2_D26,1,3250,25,Adult-Child,1,6,6,output,BBGRYBGYRBGYY,0.46153846153846156,2,0.6153846153846154
S2_D26_P1,S2_D26,1,3250,25,Adult-Child,1,7,7,output,BBYGRYRGBBYRR,0.46153846153846156,1,0.7692307692307693
S2_D26_P1,S2_D26,1,3250,25,Adult-Child,1,8,8,output,BBGRYBGRYGBRB,0.6923076923076923,1,0.5384615384615384
S2_D26_P1,S2_D26,1,3250,25,Adult-Child,2,0,,seed,YYYYYYGBBRYYR,,1,0.5384615384615384
S2_D26_P1,S2_D26,1,3250,25,Adult-Child,2,1,9,output,YYYYYYBGBYYYG,0.6923076923076923,1,0.46153846153846156
S2_D26_P1,S2_D26,1,3250,25,Adult-Child,2,2,10,output,BBYRGRYBRGRGR,0.6153846153846154,1,0.6153846153846154
S2_D26_P1,S2_D26,1,3250,25,Adult-Child,2,3,11,output,YYYYYYYBGYYYY,0.9230769230769231,2,0.3076923076923077
S2_D26_P1,S2_D26,1,3250,25,Adult-Child,2,4,12,output,BBGYRRBGYGYYR,0.5384615384615384,1,0.6153846153846154
S2_D26_P1,S2_D26,1,3250,25,Adult-Child,2,5,13,output,YYYYYYYBGGYYY,0.9230769230769231,2,0.38461538461538464
S2_D26_P1,S2_D26,1,3250,25,Adult-Child,2,6,14,output,BBBBYRYBYRYGG,0.5384615384615384,1,0.5384615384615384
S2_D26_P1,S2_D26,1,3250,25,Adult-Child,2,7,15,output,YYYYYYYBGGYYY,1.0,2,0.38461538461538464
S2_D26_P1,S2_D26,1,3250,25,Adult-Child,2,8,16,output,BBBBBYRYRYGGG,0.8461538461538461,1,0.5384615384615384
S2_D26_P2,S2_D26,2,3251,25,Adult-Child,1,0,,seed,RRGGRYGGGBBGB,,1,0.7692307692307693
S2_D26_P2,S2_D26,2,3251,25,Adult-Child,1,1,1,output,RRGGYGBGGGYBG,0.6153846153846154,1,0.6153846153846154
S2_D26_P2,S2_D26,2,3251,25,Adult-Child,1,2,2,output,BBGYYBRGGYBBG,0.7692307692307692,1,0.7692307692307693
S2_D26_P2,S2_D26,2,3251,25,Adult-Child,1,3,3,output,RRGYBRYGBRRGR,0.46153846153846156,1,0.7692307692307693
S2_D26_P2,S2_D26,2,3251,25,Adult-Child,1,4,4,output,BBBYYGRYYGRBB,0.5384615384615384,1,0.5384615384615384
S2_D26_P2,S2_D26,2,3251,25,Adult-Child,1,5,5,output,RRBGGYBGRYGBB,0.46153846153846156,1,0.7692307692307693
S2_D26_P2,S2_D26,2,3251,25,Adult-Child,1,6,6,output,BBYGBBRYGYGRB,0.5384615384615384,1,0.7692307692307693
S2_D26_P2,S2_D26,2,3251,25,Adult-Child,1,7,7,output,BBGRYBBGRYYGR,0.5384615384615384,1,0.5384615384615384
S2_D26_P2,S2_D26,2,3251,25,Adult-Child,1,8,8,output,BBGYRYGRBYBRR,0.6153846153846154,0,0.7692307692307693
S2_D26_P2,S2_D26,2,3251,25,Adult-Child,2,0,,seed,BRRYGRRBBRGBR,,1,0.7692307692307693
S2_D26_P2,S2_D26,2,3251,25,Adult-Child,2,1,9,output,BBYGRYGRGYRRB,0.3846153846153846,1,0.6153846153846154
S2_D26_P2,S2_D26,2,3251,25,Adult-Child,2,2,10,output,YYYYYYYBGBYYY,0.8461538461538461,2,0.38461538461538464
S2_D26_P2,S2_D26,2,3251,25,Adult-Child,2,3,11,output,BBYGRYBGYYGRG,0.6153846153846154,1,0.6153846153846154
S2_D26_P2,S2_D26,2,3251,25,Adult-Child,2,4,12,output,YYYYYYYBGYYYY,1.0,2,0.3076923076923077
S2_D26_P2,S2_D26,2,3251,25,Adult-Child,2,5,13,output,BBGYRRGYBGYGG,0.6923076923076923,2,0.6153846153846154
S2_D26_P2,S2_D26,2,3251,25,Adult-Child,2,6,14,output,YYYYYYYBGGYYY,1.0,2,0.38461538461538464
S2_D26_P2,S2_D26,2,3251,25,Adult-Child,2,7,15,output,BBBBYRYRBYGGG,0.7692307692307692,1,0.7692307692307693
S2_D26_P2,S2_D26,2,3251,25,Adult-Child,2,8,16,output,YYYYYYYBGGYYY,1.0,2,0.38461538461538464
S2_D27_P1,S2_D27,1,3260,26,Adult-Child,1,0,,seed,RYBRRBGRRRYRB,,1,0.7692307692307693
S2_D27_P1,S2_D27,1,3260,26,Adult-Child,1,1,1,output,BBBRRYRRRBYRR,0.5384615384615384,2,0.6153846153846154
S2_D27_P1,S2_D27,1,3260,26,Adult-Child,1,2,2,output,YYBRYYYBRRYYB,0.5384615384615384,1,0.5384615384615384
S2_D27_P1,S2_D27,1,3260,26,Adult-Child,1,3,3,output,BBRYYBBRYBRYY,0.3846153846153846,1,0.46153846153846156
S2_D27_P1,S2_D27,1,3260,26,Adult-Child,1,4,4,output,YBRRYYBRYYYYB,0.6153846153846154,1,0.5384615384615384
S2_D27_P1,S2_D27,1,3260,26,Adult-Child,1,5,5,output,BYBBYYYYBYYYY,0.6923076923076923,2,0.38461538461538464
S2_D27_P1,S2_D27,1,3260,26,Adult-Child,1,6,6,output,RYBRYBRRRRYBR,0.6923076923076923,1,0.38461538461538464
S2_D27_P1,S2_D27,1,3260,26,Adult-Child,1,7,7,output,BBYBYYYYBYBYY,0.7692307692307692,2,0.38461538461538464
S2_D27_P1,S2_D27,1,3260,26,Adult-Child,1,8,8,output,BBBRRYBRRRRRR,0.5384615384615384,1,0.46153846153846156
S2_D27_P1,S2_D27,1,3260,26,Adult-Child,2,0,,seed,BBGGRYGGBRGRY,,1,0.6153846153846154
S2_D27_P1,S2_D27,1,3260,26,Adult-Child,2,1,9,output,BBRGGBGRYBBGG,0.3846153846153846,1,0.7692307692307693
S2_D27_P1,S2_D27,1,3260,26,Adult-Child,2,2,10,output,BBRGYBRYBBBBB,0.6153846153846154,1,0.5384615384615384
S2_D27_P1,S2_D27,1,3260,26,Adult-Child,2,3,11,output,BBBRGGBBRRGYR,0.46153846153846156,1,0.6153846153846154
S2_D27_P1,S2_D27,1,3260,26,Adult-Child,2,4,12,output,BGYBGYBBBBBGY,0.5384615384615384,1,0.46153846153846156
S2_D27_P1,S2_D27,1,3260,26,Adult-Child,2,5,13,output,BBRRRRRRRRRRR,0.3076923076923077,2,0.07692307692307693
S2_D27_P1,S2_D27,1,3260,26,Adult-Child,2,6,14,output,BBRRGYBRYBRRB,0.3076923076923077,2,0.6153846153846154
S2_D27_P1,S2_D27,1,3260,26,Adult-Child,2,7,15,output,BBRRRRRRRRRBB,0.8461538461538461,2,0.23076923076923078
S2_D27_P1,S2_D27,1,3260,26,Adult-Child,2,8,16,output,BBRRYBBYBRYBR,0.6153846153846154,1,0.6153846153846154
S2_D27_P2,S2_D27,2,3261,26,Adult-Child,1,0,,seed,YYBGRYRGBBBGR,,1,0.6153846153846154
S2_D27_P2,S2_D27,2,3261,26,Adult-Child,1,1,1,output,YYBRBGRBYYYBY,0.3076923076923077,1,0.7692307692307693
S2_D27_P2,S2_D27,2,3261,26,Adult-Child,1,2,2,output,BRRRBYRYBBBBB,0.3846153846153846,1,0.5384615384615384
S2_D27_P2,S2_D27,2,3261,26,Adult-Child,1,3,3,output,YBRYBRRYBYYYY,0.46153846153846156,2,0.5384615384615384
S2_D27_P2,S2_D27,2,3261,26,Adult-Child,1,4,4,output,BBRYYBYBBYYYY,0.6923076923076923,1,0.6153846153846154
S2_D27_P2,S2_D27,2,3261,26,Adult-Child,1,5,5,output,YBRYBRRRYBRYY,0.46153846153846156,1,0.5384615384615384
S2_D27_P2,S2_D27,2,3261,26,Adult-Child,1,6,6,output,BYBBYYYYBYYYY,1.0,2,0.38461538461538464
S2_D27_P2,S2_D27,2,3261,26,Adult-Child,1,7,7,output,BRYBRRRRYBRRR,0.6923076923076923,2,0.38461538461538464
S2_D27_P2,S2_D27,2,3261,26,Adult-Child,1,8,8,output,BBBYYYYYYBYBB,0.6923076923076923,1,0.46153846153846156
S2_D27_P2,S2_D27,2,3261,26,Adult-Child,2,0,,seed,BGRRGRRBYBYYR,,1,0.6153846153846154
S2_D27_P2,S2_D27,2,3261,26,Adult-Child,2,1,9,output,RRBGRBYYBBBBB,0.3076923076923077,1,0.5384615384615384
S2_D27_P2,S2_D27,2,3261,26,Adult-Child,2,2,10,output,BRRGBRGBBRYBR,0.46153846153846156,1,0.6153846153846154
S2_D27_P2,S2_D27,2,3261,26,Adult-Child,2,3,11,output,BGYBBBBGYBBBB,0.5384615384615384,2,0.3076923076923077
S2_D27_P2,S2_D27,2,3261,26,Adult-Child,2,4,12,output,BBRGGYBBRGYBB,0.6153846153846154,2,0.5384615384615384
S2_D27_P2,S2_D27,2,3261,26,Adult-Child,2,5,13,output,BGYBYBBBBBGYB,0.8461538461538461,2,0.46153846153846156
S2_D27_P2,S2_D27,2,3261,26,Adult-Child,2,6,14,output,BBRRRRRRRRRRR,1.0,2,0.07692307692307693
S2_D27_P2,S2_D27,2,3261,26,Adult-Child,2,7,15,output,BBRRGYBBRYBBB,0.7692307692307692,2,0.6153846153846154
S2_D27_P2,S2_D27,2,3261,26,Adult-Child,2,8,16,output,BBRRRRRBBBBBB,0.6923076923076923,1,0.3076923076923077
S2_D28_P1,S2_D28,1,3270,27,Adult-Child,1,0,,seed,RRYYYGBBGGGGG,,1,0.5384615384615384
S2_D28_P1,S2_D28,1,3270,27,Adult-Child,1,1,1,output,RRBYYYGBRRRGY,0.5384615384615384,1,0.7692307692307693
S2_D28_P1,S2_D28,1,3270,27,Adult-Child,1,2,2,output,YYRYRYGYBRRYG,0.5384615384615384,1,0.5384615384615384
S2_D28_P1,S2_D28,1,3270,27,Adult-Child,1,3,3,output,RYRYYBYRGYYYG,0.6153846153846154,1,0.7692307692307693
S2_D28_P1,S2_D28,1,3270,27,Adult-Child,1,4,4,output,YGYGYYBRYGYYR,0.6153846153846154,2,0.5384615384615384
S2_D28_P1,S2_D28,1,3270,27,Adult-Child,1,5,5,output,RYRYYBGGGGGGG,0.9230769230769231,1,0.38461538461538464
S2_D28_P1,S2_D28,1,3270,27,Adult-Child,1,6,6,output,YGYGYBRYGYYGY,0.7692307692307692,2,0.5384615384615384
S2_D28_P1,S2_D28,1,3270,27,Adult-Child,1,7,7,output,RYRYYYBGGGGGG,0.8461538461538461,1,0.46153846153846156
S2_D28_P1,S2_D28,1,3270,27,Adult-Child,1,8,8,output,YGYGYGBRYGYYY,0.8461538461538461,1,0.5384615384615384
S2_D28_P1,S2_D28,1,3270,27,Adult-Child,2,0,,seed,YYBYYGBGGRBBB,,1,0.7692307692307693
S2_D28_P1,S2_D28,1,3270,27,Adult-Child,2,1,9,output,YYYBGYRBBBBBB,0.5384615384615384,1,0.46153846153846156
S2_D28_P1,S2_D28,1,3270,27,Adult-Child,2,2,10,output,GYBRBRYYGGYBR,0.46153846153846156,2,0.6153846153846154
S2_D28_P1,S2_D28,1,3270,27,Adult-Child,2,3,11,output,YYYYYRGYYBYYY,0.6923076923076923,2,0.5384615384615384
S2_D28_P1,S2_D28,1,3270,27,Adult-Child,2,4,12,output,YGYGGRRBYBRBY,0.5384615384615384,1,0.6153846153846154
S2_D28_P1,S2_D28,1,3270,27,Adult-Child,2,5,13,output,YYYYYBRGYBBRG,0.7692307692307692,1,0.5384615384615384
S2_D28_P1,S2_D28,1,3270,27,Adult-Child,2,6,14,output,YGYGGGRBBYYYY,0.6923076923076923,1,0.6153846153846154
S2_D28_P1,S2_D28,1,3270,27,Adult-Child,2,7,15,output,YYYYYBGYBYRGY,0.6153846153846154,1,0.6153846153846154
S2_D28_P1,S2_D28,1,3270,27,Adult-Child,2,8,16,output,YGYGYGGRRBYYY,0.6153846153846154,1,0.6153846153846154
S2_D28_P2,S2_D28,2,3271,27,Adult-Child,1,0,,seed,RYGGYRYRYBRYB,,2,0.5384615384615384
S2_D28_P2,S2_D28,2,3271,27,Adult-Child,1,1,1,output,YRRYRYGYGGYRB,0.46153846153846156,1,0.7692307692307693
S2_D28_P2,S2_D28,2,3271,27,Adult-Child,1,2,2,output,RYRYYGYGRRRYG,0.5384615384615384,1,0.7692307692307693
S2_D28_P2,S2_D28,2,3271,27,Adult-Child,1,3,3,output,YGYGYYRYGBBBG,0.46153846153846156,1,0.7692307692307693
S2_D28_P2,S2_D28,2,3271,27,Adult-Child,1,4,4,output,RYRYYBYGGGGGG,0.6923076923076923,1,0.46153846153846156
S2_D28_P2,S2_D28,2,3271,27,Adult-Child,1,5,5,output,YGYGYYBBGYYGY,0.6923076923076923,1,0.6153846153846154
S2_D28_P2,S2_D28,2,3271,27,Adult-Child,1,6,6,output,RYRYYBGGGGGGG,1.0,1,0.38461538461538464
S2_D28_P2,S2_D28,2,3271,27,Adult-Child,1,7,7,output,YGYGYBRYYGYYY,0.8461538461538461,2,0.6153846153846154
S2_D28_P2,S2_D28,2,3271,27,Adult-Child,1,8,8,output,RYRYYYBGGGGGG,1.0,1,0.46153846153846156
S2_D28_P2,S2_D28,2,3271,27,Adult-Child,2,0,,seed,GYBRRRRBBYYBR,,1,0.5384615384615384
S2_D28_P2,S2_D28,2,3271,27,Adult-Child,2,1,9,output,GYBRRBBRRBYGR,0.6153846153846154,1,0.5384615384615384
S2_D28_P2,S2_D28,2,3271,27,Adult-Child,2,2,10,output,YYYYYRGYBBBBB,0.6923076923076923,1,0.46153846153846156
S2_D28_P2,S2_D28,2,3271,27,Adult-Child,2,3,11,output,GYGGRYBRRBBBB,0.3076923076923077,1,0.6153846153846154
S2_D28_P2,S2_D28,2,3271,27,Adult-Child,2,4,12,output,YYYYYBRGYBYYY,0.8461538461538461,1,0.5384615384615384
S2_D28_P2,S2_D28,2,3271,27,Adult-Child,2,5,13,output,YGYGGRYYYBYYY,0.6923076923076923,1,0.6153846153846154
S2_D28_P2,S2_D28,2,3271,27,Adult-Child,2,6,14,output,YYYYYBYRYBGGG,0.6923076923076923,1,0.6153846153846154
S2_D28_P2,S2_D28,2,3271,27,Adult-Child,2,7,15,output,YGYGGRYYYBYYY,0.6923076923076923,1,0.6153846153846154
S2_D28_P2,S2_D28,2,3271,27,Adult-Child,2,8,16,output,YYYYYBYGYRYYY,0.6923076923076923,2,0.5384615384615384
S2_D29_P1,S2_D29,1,3280,28,Adult-Child,1,0,,seed,BRRGYBBGBRGBB,,1,0.7692307692307693
S2_D29_P1,S2_D29,1,3280,28,Adult-Child,1,1,1,output,BBRGYBBGYRBBG,0.6923076923076923,1,0.6153846153846154
S2_D29_P1,S2_D29,1,3280,28,Adult-Child,1,2,2,output,BBGYBRGBBYRRB,0.3846153846153846,1,0.7692307692307693
S2_D29_P1,S2_D29,1,3280,28,Adult-Child,1,3,3,output,BBGYRBBGBGRYB,0.6153846153846154,1,0.7692307692307693
S2_D29_P1,S2_D29,1,3280,28,Adult-Child,1,4,4,output,BBGYRBBGYGYBB,0.46153846153846156,2,0.6153846153846154
S2_D29_P1,S2_D29,1,3280,28,Adult-Child,1,5,5,output,BBGYBBGBBGYGR,0.6153846153846154,2,0.6153846153846154
S2_D29_P1,S2_D29,1,3280,28,Adult-Child,1,6,6,output,BBGYBRBBGRGYB,0.5384615384615384,1,0.6153846153846154
S2_D29_P1,S2_D29,1,3280,28,Adult-Child,1,7,7,output,BBGYBRBBGYRBG,0.5384615384615384,1,0.6153846153846154
S2_D29_P1,S2_D29,1,3280,28,Adult-Child,1,8,8,output,BBGYBBGRBYRBB,0.6923076923076923,1,0.7692307692307693
S2_D29_P1,S2_D29,1,3280,28,Adult-Child,2,0,,seed,BGYYYGYRYYRRY,,1,0.7692307692307693
S2_D29_P1,S2_D29,1,3280,28,Adult-Child,2,1,9,output,BBGYYYRGYRBRY,0.6153846153846154,1,0.7692307692307693
S2_D29_P1,S2_D29,1,3280,28,Adult-Child,2,2,10,output,GGGYRBGYRGBBY,0.5384615384615384,1,0.6153846153846154
S2_D29_P1,S2_D29,1,3280,28,Adult-Child,2,3,11,output,GGGYBRGRBRYGY,0.46153846153846156,1,0.7692307692307693
S2_D29_P1,S2_D29,1,3280,28,Adult-Child,2,4,12,output,GGGYBRGYRBGYG,0.6923076923076923,1,0.7692307692307693
S2_D29_P1,S2_D29,1,3280,28,Adult-Child,2,5,13,output,YRGYBGRYYBGRY,0.46153846153846156,1,0.46153846153846156
S2_D29_P1,S2_D29,1,3280,28,Adult-Child,2,6,14,output,YBRYGBRYGYBRY,0.3846153846153846,2,0.46153846153846156
S2_D29_P1,S2_D29,1,3280,28,Adult-Child,2,7,15,output,YYRBYGRBRGYBG,0.46153846153846156,1,0.7692307692307693
S2_D29_P1,S2_D29,1,3280,28,Adult-Child,2,8,16,output,BGYRYBGYGYRYB,0.5384615384615384,1,0.46153846153846156
S2_D29_P2,S2_D29,2,3281,28,Adult-Child,1,0,,seed,GBBGYBGRRBBRG,,1,0.7692307692307693
S2_D29_P2,S2_D29,2,3281,28,Adult-Child,1,1,1,output,GBBGGRRBGYBGG,0.6153846153846154,2,0.6153846153846154
S2_D29_P2,S2_D29,2,3281,28,Adult-Child,1,2,2,output,BBGBYRBGBYBGR,0.46153846153846156,2,0.5384615384615384
S2_D29_P2,S2_D29,2,3281,28,Adult-Child,1,3,3,output,BBGBYRYBGBBRY,0.46153846153846156,1,0.6153846153846154
S2_D29_P2,S2_D29,2,3281,28,Adult-Child,1,4,4,output,BBGBYBGBBRBGY,0.5384615384615384,2,0.6153846153846154
S2_D29_P2,S2_D29,2,3281,28,Adult-Child,1,5,5,output,BBGBRBGYBBGRY,0.46153846153846156,2,0.7692307692307693
S2_D29_P2,S2_D29,2,3281,28,Adult-Child,1,6,6,output,BBGBYBGBBYGRR,0.6923076923076923,1,0.6153846153846154
S2_D29_P2,S2_D29,2,3281,28,Adult-Child,1,7,7,output,BBGYGRBYRBGBR,0.5384615384615384,1,0.7692307692307693
S2_D29_P2,S2_D29,2,3281,28,Adult-Child,1,8,8,output,BBGBYRBBGYRBR,0.7692307692307692,1,0.6153846153846154
S2_D29_P2,S2_D29,2,3281,28,Adult-Child,2,0,,seed,GGYGYGBYRRGBR,,1,0.6153846153846154
S2_D29_P2,S2_D29,2,3281,28,Adult-Child,2,1,9,output,GGGYGBRYGRRBR,0.6923076923076923,1,0.7692307692307693
S2_D29_P2,S2_D29,2,3281,28,Adult-Child,2,2,10,output,GGYGBGRYBRBBG,0.3076923076923077,1,0.7692307692307693
S2_D29_P2,S2_D29,2,3281,28,Adult-Child,2,3,11,output,GGGYRGRGYRBGR,0.6153846153846154,1,0.6153846153846154
S2_D29_P2,S2_D29,2,3281,28,Adult-Child,2,4,12,output,YBRBGGYGBRGRG,0.3076923076923077,1,0.7692307692307693
S2_D29_P2,S2_D29,2,3281,28,Adult-Child,2,5,13,output,GGGYBRGRYBGYG,0.8461538461538461,1,0.7692307692307693
S2_D29_P2,S2_D29,2,3281,28,Adult-Child,2,6,14,output,YYBRGYRGBYRYG,0.3846153846153846,1,0.7692307692307693
S2_D29_P2,S2_D29,2,3281,28,Adult-Child,2,7,15,output,YYBRYRYGYRYBG,0.5384615384615384,1,0.6153846153846154
S2_D29_P2,S2_D29,2,3281,28,Adult-Child,2,8,16,output,YYRBGBRBGBYRB,0.5384615384615384,2,0.46153846153846156
S2_D30_P1,S2_D30,1,3290,29,Adult-Child,1,0,,seed,RBYBYGGRYYGGB,,1,0.6153846153846154
S2_D30_P1,S2_D30,1,3290,29,Adult-Child,1,1,1,output,RBBYYGYYGRYGB,0.6153846153846154,1,0.6153846153846154
S2_D30_P1,S2_D30,1,3290,29,Adult-Child,1,2,2,output,GYRRYGBYGRYYG,0.7692307692307692,1,0.7692307692307693
S2_D30_P1,S2_D30,1,3290,29,Adult-Child,1,3,3,output,RBYGYYYYBGRBY,0.8461538461538461,1,0.6153846153846154
S2_D30_P1,S2_D30,1,3290,29,Adult-Child,1,4,4,output,GYYBYGRYGBBBR,0.3846153846153846,1,0.7692307692307693
S2_D30_P1,S2_D30,1,3290,29,Adult-Child,1,5,5,output,RBYGYYGYYRBBB,0.5384615384615384,1,0.5384615384615384
S2_D30_P1,S2_D30,1,3290,29,Adult-Child,1,6,6,output,YYYBYRYYYGGYB,0.46153846153846156,1,0.7692307692307693
S2_D30_P1,S2_D30,1,3290,29,Adult-Child,1,7,7,output,RBYGYYYYRBBBB,0.8461538461538461,1,0.5384615384615384
S2_D30_P1,S2_D30,1,3290,29,Adult-Child,1,8,8,output,RYYYYGBBBBGYG,0.3076923076923077,1,0.5384615384615384
S2_D30_P1,S2_D30,1,3290,29,Adult-Child,2,0,,seed,GBRGRRGRBRBBY,,1,0.6153846153846154
S2_D30_P1,S2_D30,1,3290,29,Adult-Child,2,1,9,output,GBBRYGBBRGYRR,0.3846153846153846,1,0.6153846153846154
S2_D30_P1,S2_D30,1,3290,29,Adult-Child,2,2,10,output,GYRGBGBGBGBGB,0.5384615384615384,2,0.23076923076923078
S2_D30_P1,S2_D30,1,3290,29,Adult-Child,2,3,11,output,GYBRGBGBYRBGY,0.5384615384615384,1,0.7692307692307693
S2_D30_P1,S2_D30,1,3290,29,Adult-Child,2,4,12,output,GGYRBGGYRBGBR,0.46153846153846156,1,0.46153846153846156
S2_D30_P1,S2_D30,1,3290,29,Adult-Child,2,5,13,output,GBYRGBRYYRGBR,0.5384615384615384,2,0.46153846153846156
S2_D30_P1,S2_D30,1,3290,29,Adult-Child,2,6,14,output,GGYBRGGRBYGGB,0.6923076923076923,1,0.7692307692307693
S2_D30_P1,S2_D30,1,3290,29,Adult-Child,2,7,15,output,GYBRGYBRBGYRB,0.5384615384615384,2,0.6153846153846154
S2_D30_P1,S2_D30,1,3290,29,Adult-Child,2,8,16,output,GGYBRGBRGBYRG,0.6923076923076923,1,0.5384615384615384
S2_D30_P2,S2_D30,2,3291,29,Adult-Child,1,0,,seed,RGYRYYGYRRYYB,,1,0.5384615384615384
S2_D30_P2,S2_D30,2,3291,29,Adult-Child,1,1,1,output,GYRRYGBYRGYYR,0.6153846153846154,1,0.7692307692307693
S2_D30_P2,S2_D30,2,3291,29,Adult-Child,1,2,2,output,RBYGRYYYYGRBY,0.46153846153846156,1,0.6153846153846154
S2_D30_P2,S2_D30,2,3291,29,Adult-Child,1,3,3,output,GYYRBYYYRGYYY,0.46153846153846156,2,0.5384615384615384
S2_D30_P2,S2_D30,2,3291,29,Adult-Child,1,4,4,output,RBGYYYRGYYYRB,0.5384615384615384,1,0.46153846153846156
S2_D30_P2,S2_D30,2,3291,29,Adult-Child,1,5,5,output,GYBYYYBYRBYBG,0.46153846153846156,2,0.6153846153846154
S2_D30_P2,S2_D30,2,3291,29,Adult-Child,1,6,6,output,RBYGYYYRBBBBB,0.6923076923076923,1,0.5384615384615384
S2_D30_P2,S2_D30,2,3291,29,Adult-Child,1,7,7,output,YYYRBYYYGGGBG,0.6153846153846154,1,0.7692307692307693
S2_D30_P2,S2_D30,2,3291,29,Adult-Child,1,8,8,output,RBYGYYYYRBBBB,1.0,1,0.5384615384615384
S2_D30_P2,S2_D30,2,3291,29,Adult-Child,2,0,,seed,GBGRYRYRYRGGR,,1,0.46153846153846156
S2_D30_P2,S2_D30,2,3291,29,Adult-Child,2,1,9,output,GBGRYGBGBGBRY,0.46153846153846156,2,0.5384615384615384
S2_D30_P2,S2_D30,2,3291,29,Adult-Child,2,2,10,output,GBYRGGGBYRGBB,0.46153846153846156,1,0.5384615384615384
S2_D30_P2,S2_D30,2,3291,29,Adult-Child,2,3,11,output,GYRGGGBGBGGGB,0.8461538461538461,2,0.5384615384615384
S2_D30_P2,S2_D30,2,3291,29,Adult-Child,2,4,12,output,GBYGBGBYGRGGB,0.6153846153846154,2,0.6153846153846154
S2_D30_P2,S2_D30,2,3291,29,Adult-Child,2,5,13,output,GGYBRGGYRBGRY,0.6923076923076923,1,0.7692307692307693
S2_D30_P2,S2_D30,2,3291,29,Adult-Child,2,6,14,output,GBYRGBYRBRYRY,0.5384615384615384,1,0.6153846153846154
S2_D30_P2,S2_D30,2,3291,29,Adult-Child,2,7,15,output,GGYBRGYBGGBRB,0.6153846153846154,1,0.6153846153846154
S2_D30_P2,S2_D30,2,3291,29,Adult-Child,2,8,16,output,GYBRGBRBGYBRB,0.8461538461538461,2,0.6153846153846154
S2_D31_P1,S2_D31,1,3300,30,Adult-Child,1,0,,seed,BYGRRGYYBYGRR,,1,0.5384615384615384
S2_D31_P1,S2_D31,1,3300,30,Adult-Child,1,1,1,output,BYGRRBYGRRBYG,0.5384615384615384,2,0.3076923076923077
S2_D31_P1,S2_D31,1,3300,30,Adult-Child,1,2,2,output,GGBGRYBGGBRYB,0.3846153846153846,1,0.6153846153846154
S2_D31_P1,S2_D31,1,3300,30,Adult-Child,1,3,3,output,BYRBYGYYGRBGR,0.8461538461538461,1,0.7692307692307693
S2_D31_P1,S2_D31,1,3300,30,Adult-Child,1,4,4,output,GGBRYGBYGGYBG,0.6153846153846154,1,0.7692307692307693
S2_D31_P1,S2_D31,1,3300,30,Adult-Child,1,5,5,output,RGYYRGBYGRYYY,0.9230769230769231,1,0.7692307692307693
S2_D31_P1,S2_D31,1,3300,30,Adult-Child,1,6,6,output,GGBYRYBGRBGRY,0.6153846153846154,1,0.6153846153846154
S2_D31_P1,S2_D31,1,3300,30,Adult-Child,1,7,7,output,RBYGGRBYGYBYB,0.8461538461538461,1,0.6153846153846154
S2_D31_P1,S2_D31,1,3300,30,Adult-Child,1,8,8,output,GGRYGGBYGRYGB,0.6153846153846154,1,0.5384615384615384
S2_D31_P1,S2_D31,1,3300,30,Adult-Child,2,0,,seed,RGGBGGYRGGGRG,,2,0.7692307692307693
S2_D31_P1,S2_D31,1,3300,30,Adult-Child,2,1,9,output,RGGYBRBGGRGGY,0.46153846153846156,2,0.6153846153846154
S2_D31_P1,S2_D31,1,3300,30,Adult-Child,2,2,10,output,GGBYGRYBYBYBY,0.7692307692307692,1,0.46153846153846156
S2_D31_P1,S2_D31,1,3300,30,Adult-Child,2,3,11,output,RBYGGRYRBYBYB,0.8461538461538461,1,0.6153846153846154
S2_D31_P1,S2_D31,1,3300,30,Adult-Child,2,4,12,output,GRYYGRBBYBYBY,0.9230769230769231,1,0.5384615384615384
S2_D31_P1,S2_D31,1,3300,30,Adult-Child,2,5,13,output,RBYGGRBYGRBYB,1.0,2,0.5384615384615384
S2_D31_P1,S2_D31,1,3300,30,Adult-Child,2,6,14,output,GRYYGRBBGRYBY,0.7692307692307692,2,0.7692307692307693
S2_D31_P1,S2_D31,1,3300,30,Adult-Child,2,7,15,output,BYGGRBYGRYBYB,0.8461538461538461,2,0.7692307692307693
S2_D31_P1,S2_D31,1,3300,30,Adult-Child,2,8,16,output,GRYYGRBBGRYBY,1.0,2,0.7692307692307693
S2_D31_P2,S2_D31,2,3301,30,Adult-Child,1,0,,seed,GBGBRRYYRYYGR,,1,0.6153846153846154
S2_D31_P2,S2_D31,2,3301,30,Adult-Child,1,1,1,output,GBGGBRRBYGRBY,0.5384615384615384,1,0.6153846153846154
S2_D31_P2,S2_D31,2,3301,30,Adult-Child,1,2,2,output,BYRBYGYYGRBYB,0.5384615384615384,2,0.6153846153846154
S2_D31_P2,S2_D31,2,3301,30,Adult-Child,1,3,3,output,GGBRYBGGBRYBR,0.8461538461538461,1,0.46153846153846156
S2_D31_P2,S2_D31,2,3301,30,Adult-Child,1,4,4,output,RGYYRGBYYRYYY,0.23076923076923073,1,0.6153846153846154
S2_D31_P2,S2_D31,2,3301,30,Adult-Child,1,5,5,output,GGBYRRBYRRGGB,0.46153846153846156,1,0.5384615384615384
S2_D31_P2,S2_D31,2,3301,30,Adult-Child,1,6,6,output,RBYGGRBYGGYBY,0.5384615384615384,1,0.5384615384615384
S2_D31_P2,S2_D31,2,3301,30,Adult-Child,1,7,7,output,GGRYBGRBYGBYR,0.6153846153846154,1,0.7692307692307693
S2_D31_P2,S2_D31,2,3301,30,Adult-Child,1,8,8,output,RBYGGRBYGYBRG,0.8461538461538461,1,0.6153846153846154
S2_D31_P2,S2_D31,2,3301,30,Adult-Child,2,0,,seed,GRYRYGRYGRBGY,,2,0.5384615384615384
S2_D31_P2,S2_D31,2,3301,30,Adult-Child,2,1,9,output,GYBYGRGYBYBYB,0.46153846153846156,1,0.5384615384615384
S2_D31_P2,S2_D31,2,3301,30,Adult-Child,2,2,10,output,RBYGGRYGRBYBY,0.3076923076923077,1,0.7692307692307693
S2_D31_P2,S2_D31,2,3301,30,Adult-Child,2,3,11,output,GRYYGRYBYBYBY,0.8461538461538461,1,0.46153846153846156
S2_D31_P2,S2_D31,2,3301,30,Adult-Child,2,4,12,output,RBYGGRBYGRBYB,0.6923076923076923,2,0.5384615384615384
S2_D31_P2,S2_D31,2,3301,30,Adult-Child,2,5,13,output,GRYYGRYBYBYBY,0.9230769230769231,1,0.46153846153846156
S2_D31_P2,S2_D31,2,3301,30,Adult-Child,2,6,14,output,BYGGRBYGRBYBY,0.8461538461538461,2,0.5384615384615384
S2_D31_P2,S2_D31,2,3301,30,Adult-Child,2,7,15,output,GRYYGRBBGRYBY,1.0,2,0.7692307692307693
S2_D31_P2,S2_D31,2,3301,30,Adult-Child,2,8,16,output,BYGGRBYGRYBYB,1.0,2,0.7692307692307693
S2_D32_P1,S2_D32,1,3310,31,Adult-Child,1,0,,seed,BYRRBRBYGGRRB,,2,0.6153846153846154
S2_D32_P1,S2_D32,1,3310,31,Adult-Child,1,1,1,output,YRBBRRGYBYGGY,0.3846153846153846,1,0.7692307692307693
S2_D32_P1,S2_D32,1,3310,31,Adult-Child,1,2,2,output,BGRBGBRGYBBYR,0.3846153846153846,1,0.7692307692307693
S2_D32_P1,S2_D32,1,3310,31,Adult-Child,1,3,3,output,RGRBYYGRYBGYR,0.46153846153846156,1,0.7692307692307693
S2_D32_P1,S2_D32,1,3310,31,Adult-Child,1,4,4,output,GRRBRGYBRYYGB,0.46153846153846156,1,0.7692307692307693
S2_D32_P1,S2_D32,1,3310,31,Adult-Child,1,5,5,output,RBRYGYBBBBBBG,0.23076923076923073,1,0.46153846153846156
S2_D32_P1,S2_D32,1,3310,31,Adult-Child,1,6,6,output,RBBBRYBGBYYBB,0.3846153846153846,1,0.7692307692307693
S2_D32_P1,S2_D32,1,3310,31,Adult-Child,1,7,7,output,BBBGBBYYBBBGB,0.46153846153846156,2,0.5384615384615384
S2_D32_P1,S2_D32,1,3310,31,Adult-Child,1,8,8,output,RGBBYBBBBBBGB,0.6923076923076923,1,0.46153846153846156
S2_D32_P1,S2_D32,1,3310,31,Adult-Child,2,0,,seed,GBBBYYYRRGRYB,,0,0.7692307692307693
S2_D32_P1,S2_D32,1,3310,31,Adult-Child,2,1,9,output,GBBBRYRRGYBGR,0.6153846153846154,0,0.7692307692307693
S2_D32_P1,S2_D32,1,3310,31,Adult-Child,2,2,10,output,RBBBBGGGYYRRY,0.46153846153846156,1,0.6153846153846154
S2_D32_P1,S2_D32,1,3310,31,Adult-Child,2,3,11,output,RGGGBBBYYRYBG,0.46153846153846156,0,0.7692307692307693
S2_D32_P1,S2_D32,1,3310,31,Adult-Child,2,4,12,output,RRBBYYGGBBYRG,0.5384615384615384,1,0.6153846153846154
S2_D32_P1,S2_D32,1,3310,31,Adult-Child,2,5,13,output,RBBBBBBBBBGYG,0.3846153846153846,2,0.23076923076923078
S2_D32_P1,S2_D32,1,3310,31,Adult-Child,2,6,14,output,RRBBGYYRBGYGR,0.46153846153846156,1,0.6153846153846154
S2_D32_P1,S2_D32,1,3310,31,Adult-Child,2,7,15,output,RRRBBBBGGYYYY,0.46153846153846156,1,0.5384615384615384
S2_D32_P1,S2_D32,1,3310,31,Adult-Child,2,8,16,output,RBBYYGGGYGGRR,0.6923076923076923,1,0.6153846153846154
S2_D32_P2,S2_D32,2,3311,31,Adult-Child,1,0,,seed,BYGRYRYBYRGBG,,1,0.7692307692307693
S2_D32_P2,S2_D32,2,3311,31,Adult-Child,1,1,1,output,BRYGRRBYGBRGY,0.5384615384615384,1,0.7692307692307693
S2_D32_P2,S2_D32,2,3311,31,Adult-Child,1,2,2,output,RBBYGYRBGYBRR,0.3846153846153846,1,0.7692307692307693
S2_D32_P2,S2_D32,2,3311,31,Adult-Child,1,3,3,output,RGBRYGRYGBRYG,0.3846153846153846,2,0.46153846153846156
S2_D32_P2,S2_D32,2,3311,31,Adult-Child,1,4,4,output,RGBYRBYGRGBYY,0.5384615384615384,2,0.6153846153846154
S2_D32_P2,S2_D32,2,3311,31,Adult-Child,1,5,5,output,RGBYYGRYGBRBY,0.3076923076923077,1,0.7692307692307693
S2_D32_P2,S2_D32,2,3311,31,Adult-Child,1,6,6,output,RGYBBBBBGBBBB,0.5384615384615384,2,0.38461538461538464
S2_D32_P2,S2_D32,2,3311,31,Adult-Child,1,7,7,output,RGBBBYBBGBBBY,0.5384615384615384,2,0.46153846153846156
S2_D32_P2,S2_D32,2,3311,31,Adult-Child,1,8,8,output,RBBBBBBYBBBGB,0.7692307692307692,1,0.38461538461538464
S2_D32_P2,S2_D32,2,3311,31,Adult-Child,2,0,,seed,BBGGRBYYBYRYY,,1,0.7692307692307693
S2_D32_P2,S2_D32,2,3311,31,Adult-Child,2,1,9,output,RBBGGYYRBBGGY,0.46153846153846156,1,0.46153846153846156
S2_D32_P2,S2_D32,2,3311,31,Adult-Child,2,2,10,output,RGGBBYRGGBYBY,0.46153846153846156,1,0.6153846153846154
S2_D32_P2,S2_D32,2,3311,31,Adult-Child,2,3,11,output,RBBBBGGGYYYRB,0.8461538461538461,1,0.6153846153846154
S2_D32_P2,S2_D32,2,3311,31,Adult-Child,2,4,12,output,RBBBGGGYYRRBG,0.46153846153846156,1,0.7692307692307693
S2_D32_P2,S2_D32,2,3311,31,Adult-Child,2,5,13,output,RRBBYYGGRRBBY,0.6923076923076923,1,0.5384615384615384
S2_D32_P2,S2_D32,2,3311,31,Adult-Child,2,6,14,output,RBBBBBBBBBGYG,1.0,2,0.23076923076923078
S2_D32_P2,S2_D32,2,3311,31,Adult-Child,2,7,15,output,RRBBYYGGYGRRY,0.6153846153846154,1,0.7692307692307693
S2_D32_P2,S2_D32,2,3311,31,Adult-Child,2,8,16,output,RRRRBBGGYYYGR,0.6923076923076923,1,0.7692307692307693
S2_D33_P1,S2_D33,1,3320,32,Adult-Child,1,0,,seed,RRBBRYGBRBYYB,,1,0.7692307692307693
S2_D33_P1,S2_D33,1,3320,32,Adult-Child,1,1,1,output,BBRYBBRGYBBRR,0.46153846153846156,2,0.5384615384615384
S2_D33_P1,S2_D33,1,3320,32,Adult-Child,1,2,2,output,BBBBRYBBRYRBB,0.5384615384615384,2,0.5384615384615384
S2_D33_P1,S2_D33,1,3320,32,Adult-Child,1,3,3,output,BBRYGBBRRYBRG,0.46153846153846156,1,0.7692307692307693
S2_D33_P1,S2_D33,1,3320,32,Adult-Child,1,4,4,output,BBBBRRYBBRYBR,0.6923076923076923,2,0.6153846153846154
S2_D33_P1,S2_D33,1,3320,32,Adult-Child,1,5,5,output,BBRRYGBBRRYBB,0.7692307692307692,2,0.5384615384615384
S2_D33_P1,S2_D33,1,3320,32,Adult-Child,1,6,6,output,BBBBRYBBRRYBR,0.8461538461538461,2,0.5384615384615384
S2_D33_P1,S2_D33,1,3320,32,Adult-Child,1,7,7,output,BBRRGYBBRGGBB,0.6153846153846154,2,0.7692307692307693
S2_D33_P1,S2_D33,1,3320,32,Adult-Child,1,8,8,output,BBBRRYBRRYBRR,0.6923076923076923,2,0.3076923076923077
S2_D33_P1,S2_D33,1,3320,32,Adult-Child,2,0,,seed,RBBRRRBBYRRRB,,2,0.5384615384615384
S2_D33_P1,S2_D33,1,3320,32,Adult-Child,2,1,9,output,RRBBYRBRRRYBR,0.46153846153846156,1,0.7692307692307693
S2_D33_P1,S2_D33,1,3320,32,Adult-Child,2,2,10,output,YGYGBBRYGYBBR,0.5384615384615384,1,0.6153846153846154
S2_D33_P1,S2_D33,1,3320,32,Adult-Child,2,3,11,output,BBRRYYBRRBBYR,0.3846153846153846,1,0.6153846153846154
S2_D33_P1,S2_D33,1,3320,32,Adult-Child,2,4,12,output,GYGYBRGYGYRBB,0.6923076923076923,2,0.6153846153846154
S2_D33_P1,S2_D33,1,3320,32,Adult-Child,2,5,13,output,BBRRGYBBRRBBY,0.6153846153846154,2,0.6153846153846154
S2_D33_P1,S2_D33,1,3320,32,Adult-Child,2,6,14,output,GYGYRBRBGYRGY,0.8461538461538461,1,0.6153846153846154
S2_D33_P1,S2_D33,1,3320,32,Adult-Child,2,7,15,output,BBRRGYBBRGRYB,0.8461538461538461,1,0.7692307692307693
S2_D33_P1,S2_D33,1,3320,32,Adult-Child,2,8,16,output,GYRBGYRBBBGRY,0.5384615384615384,1,0.6153846153846154
S2_D33_P2,S2_D33,2,3321,32,Adult-Child,1,0,,seed,BBRBBGGRYGRBB,,1,0.6153846153846154
S2_D33_P2,S2_D33,2,3321,32,Adult-Child,1,1,1,output,BBBBBRRYGGYRB,0.5384615384615384,1,0.6153846153846154
S2_D33_P2,S2_D33,2,3321,32,Adult-Child,1,2,2,output,BBRRGYYBBRYGB,0.46153846153846156,1,0.7692307692307693
S2_D33_P2,S2_D33,2,3321,32,Adult-Child,1,3,3,output,BBBBRYBBRRYYB,0.7692307692307692,2,0.6153846153846154
S2_D33_P2,S2_D33,2,3321,32,Adult-Child,1,4,4,output,BBRYGBBRGBYBB,0.6923076923076923,2,0.7692307692307693
S2_D33_P2,S2_D33,2,3321,32,Adult-Child,1,5,5,output,BBBBRYBRRYBBR,0.7692307692307692,1,0.6153846153846154
S2_D33_P2,S2_D33,2,3321,32,Adult-Child,1,6,6,output,BBRYBGYYBBRGB,0.46153846153846156,1,0.7692307692307693
S2_D33_P2,S2_D33,2,3321,32,Adult-Child,1,7,7,output,BBBRYBRYBRRYB,0.6923076923076923,2,0.38461538461538464
S2_D33_P2,S2_D33,2,3321,32,Adult-Child,1,8,8,output,BBRRGYBBRGYBR,0.8461538461538461,1,0.5384615384615384
S2_D33_P2,S2_D33,2,3321,32,Adult-Child,2,0,,seed,YGBYBYBBRBYGY,,1,0.6153846153846154
S2_D33_P2,S2_D33,2,3321,32,Adult-Child,2,1,9,output,YGYRGYBBRGBYG,0.6153846153846154,1,0.7692307692307693
S2_D33_P2,S2_D33,2,3321,32,Adult-Child,2,2,10,output,RRBBYRBYYRBRR,0.6923076923076923,2,0.6153846153846154
S2_D33_P2,S2_D33,2,3321,32,Adult-Child,2,3,11,output,GYGYBRRBGYBRB,0.5384615384615384,2,0.5384615384615384
S2_D33_P2,S2_D33,2,3321,32,Adult-Child,2,4,12,output,BBRRYYBRYBBRR,0.8461538461538461,2,0.6153846153846154
S2_D33_P2,S2_D33,2,3321,32,Adult-Child,2,5,13,output,GYGYRBRBGYRBR,0.6923076923076923,2,0.46153846153846156
S2_D33_P2,S2_D33,2,3321,32,Adult-Child,2,6,14,output,BBRRGYBBRRGYB,0.7692307692307692,1,0.38461538461538464
S2_D33_P2,S2_D33,2,3321,32,Adult-Child,2,7,15,output,GYGYRBRBGYRGR,0.9230769230769231,1,0.6153846153846154
S2_D33_P2,S2_D33,2,3321,32,Adult-Child,2,8,16,output,BBRRGYBBRGYRB,0.8461538461538461,1,0.6153846153846154
S2_D34_P1,S2_D34,1,3330,33,Adult-Child,1,0,,seed,GRRYRBBRRYGRR,,2,0.6153846153846154
S2_D34_P1,S2_D34,1,3330,33,Adult-Child,1,1,1,output,GRYBBBBBBBBBG,0.3076923076923077,2,0.23076923076923078
S2_D34_P1,S2_D34,1,3330,33,Adult-Child,1,2,2,output,YRBBGGYBBRBGY,0.46153846153846156,1,0.7692307692307693
S2_D34_P1,S2_D34,1,3330,33,Adult-Child,1,3,3,output,YRBBGBBBBBBBB,0.7692307692307692,2,0.3076923076923077
S2_D34_P1,S2_D34,1,3330,33,Adult-Child,1,4,4,output,YRBBBGGYBBGGR,0.5384615384615384,1,0.5384615384615384
S2_D34_P1,S2_D34,1,3330,33,Adult-Child,1,5,5,output,YRBBBGGBBBBBB,0.8461538461538461,1,0.46153846153846156
S2_D34_P1,S2_D34,1,3330,33,Adult-Child,1,6,6,output,YRRBGGRRBBBYR,0.5384615384615384,1,0.6153846153846154
S2_D34_P1,S2_D34,1,3330,33,Adult-Child,1,7,7,output,YRBBBBGGGBBBB,0.7692307692307692,2,0.46153846153846156
S2_D34_P1,S2_D34,1,3330,33,Adult-Child,1,8,8,output,YRBBGGRRBBGGB,0.6923076923076923,1,0.46153846153846156
S2_D34_P1,S2_D34,1,3330,33,Adult-Child,2,0,,seed,GRGBBYGYGBGYY,,1,0.7692307692307693
S2_D34_P1,S2_D34,1,3330,33,Adult-Child,2,1,9,output,YRBBBRGBBRYGR,0.3846153846153846,1,0.6153846153846154
S2_D34_P1,S2_D34,1,3330,33,Adult-Child,2,2,10,output,YRGBBGRYYRGBB,0.46153846153846156,1,0.5384615384615384
S2_D34_P1,S2_D34,1,3330,33,Adult-Child,2,3,11,output,YRBBBGBBBBBBB,0.6923076923076923,1,0.38461538461538464
S2_D34_P1,S2_D34,1,3330,33,Adult-Child,2,4,12,output,YRGBBGRYBBGBB,0.6153846153846154,2,0.6153846153846154
S2_D34_P1,S2_D34,1,3330,33,Adult-Child,2,5,13,output,YRGBBRBBBBBBB,0.7692307692307692,1,0.38461538461538464
S2_D34_P1,S2_D34,1,3330,33,Adult-Child,2,6,14,output,YRBBGGBYBBRGB,0.46153846153846156,1,0.7692307692307693
S2_D34_P1,S2_D34,1,3330,33,Adult-Child,2,7,15,output,YRGGBBBBBBBBB,0.7692307692307692,2,0.23076923076923078
S2_D34_P1,S2_D34,1,3330,33,Adult-Child,2,8,16,output,YRBBGBBYRBBRB,0.6153846153846154,2,0.6153846153846154
S2_D34_P2,S2_D34,2,3331,33,Adult-Child,1,0,,seed,YRRGRBBYBRRBY,,1,0.7692307692307693
S2_D34_P2,S2_D34,2,3331,33,Adult-Child,1,1,1,output,YRRBGRRRBYYYY,0.46153846153846156,1,0.5384615384615384
S2_D34_P2,S2_D34,2,3331,33,Adult-Child,1,2,2,output,YGRBBBBBBBBBY,0.7692307692307692,2,0.23076923076923078
S2_D34_P2,S2_D34,2,3331,33,Adult-Child,1,3,3,output,YRBBGGBRBBBYB,0.6153846153846154,1,0.6153846153846154
S2_D34_P2,S2_D34,2,3331,33,Adult-Child,1,4,4,output,YRBBGGBBBBBBB,0.9230769230769231,1,0.38461538461538464
S2_D34_P2,S2_D34,2,3331,33,Adult-Child,1,5,5,output,YRBBBGYGBBBBY,0.6153846153846154,1,0.6153846153846154
S2_D34_P2,S2_D34,2,3331,33,Adult-Child,1,6,6,output,YRBBBGGBBBBBB,1.0,1,0.46153846153846156
S2_D34_P2,S2_D34,2,3331,33,Adult-Child,1,7,7,output,YRRBGGRBBBBBB,0.7692307692307692,1,0.46153846153846156
S2_D34_P2,S2_D34,2,3331,33,Adult-Child,1,8,8,output,YRBBBGGGBBBBB,0.8461538461538461,2,0.5384615384615384
S2_D34_P2,S2_D34,2,3331,33,Adult-Child,2,0,,seed,BYRYYGRBRRGBB,,0,0.7692307692307693
S2_D34_P2,S2_D34,2,3331,33,Adult-Child,2,1,9,output,RYBBGRRYBBBGR,0.3076923076923077,1,0.5384615384615384
S2_D34_P2,S2_D34,2,3331,33,Adult-Child,2,2,10,output,YRBBBGRYGRBBB,0.5384615384615384,1,0.5384615384615384
S2_D34_P2,S2_D34,2,3331,33,Adult-Child,2,3,11,output,YRBGRBYBBGRYB,0.46153846153846156,1,0.6153846153846154
S2_D34_P2,S2_D34,2,3331,33,Adult-Child,2,4,12,output,YRBBBGRBBBBBB,0.9230769230769231,1,0.46153846153846156
S2_D34_P2,S2_D34,2,3331,33,Adult-Child,2,5,13,output,YRBGBRYYGRBBB,0.46153846153846156,1,0.7692307692307693
S2_D34_P2,S2_D34,2,3331,33,Adult-Child,2,6,14,output,YRGBBGRBBBBBB,0.8461538461538461,1,0.46153846153846156
S2_D34_P2,S2_D34,2,3331,33,Adult-Child,2,7,15,output,YRBBGGBBRYBBY,0.6153846153846154,1,0.7692307692307693
S2_D34_P2,S2_D34,2,3331,33,Adult-Child,2,8,16,output,YRGBBBBBBBBBB,0.9230769230769231,2,0.15384615384615385
S2_D35_P1,S2_D35,1,3340,34,Adult-Child,1,0,,seed,RYYYYBYBGRYBG,,1,0.5384615384615384
S2_D35_P1,S2_D35,1,3340,34,Adult-Child,1,1,1,output,RYYYYBBGYRYYB,0.6923076923076923,2,0.5384615384615384
S2_D35_P1,S2_D35,1,3340,34,Adult-Child,1,2,2,output,RYYYYBBBYGYBR,0.15384615384615385,1,0.6153846153846154
S2_D35_P1,S2_D35,1,3340,34,Adult-Child,1,3,3,output,RYYYYBRRYYYBB,0.46153846153846156,2,0.46153846153846156
S2_D35_P1,S2_D35,1,3340,34,Adult-Child,1,4,4,output,RYYYGYYYRYYYB,0.5384615384615384,2,0.5384615384615384
S2_D35_P1,S2_D35,1,3340,34,Adult-Child,1,5,5,output,RYYYYGYYYRGBY,0.5384615384615384,1,0.5384615384615384
S2_D35_P1,S2_D35,1,3340,34,Adult-Child,1,6,6,output,YYYYRYYYYYYBB,0.7692307692307692,2,0.46153846153846156
S2_D35_P1,S2_D35,1,3340,34,Adult-Child,1,7,7,output,YRRRBGRYBBRYG,0.23076923076923073,1,0.7692307692307693
S2_D35_P1,S2_D35,1,3340,34,Adult-Child,1,8,8,output,YYYYYBYYYYRBG,0.7692307692307692,2,0.46153846153846156
S2_D35_P1,S2_D35,1,3340,34,Adult-Child,2,0,,seed,GBYYYRBRRRYRR,,1,0.7692307692307693
S2_D35_P1,S2_D35,1,3340,34,Adult-Child,2,1,9,output,GBBYYYYYYGBYR,0.46153846153846156,1,0.46153846153846156
S2_D35_P1,S2_D35,1,3340,34,Adult-Child,2,2,10,output,YYBBBBBBBBBBR,0.6153846153846154,2,0.15384615384615385
S2_D35_P1,S2_D35,1,3340,34,Adult-Child,2,3,11,output,GBYYBYYYGYBGY,0.6153846153846154,1,0.6153846153846154
S2_D35_P1,S2_D35,1,3340,34,Adult-Child,2,4,12,output,YBBBBBBBYYBRB,0.6153846153846154,1,0.38461538461538464
S2_D35_P1,S2_D35,1,3340,34,Adult-Child,2,5,13,output,YBBBBBYBBYGBY,0.46153846153846156,2,0.46153846153846156
S2_D35_P1,S2_D35,1,3340,34,Adult-Child,2,6,14,output,RBYYGBRBYYGBR,0.46153846153846156,1,0.38461538461538464
S2_D35_P1,S2_D35,1,3340,34,Adult-Child,2,7,15,output,YBBBBBYBBBBYB,0.7692307692307692,2,0.23076923076923078
S2_D35_P1,S2_D35,1,3340,34,Adult-Child,2,8,16,output,YGBBRYBRBYGYB,0.3846153846153846,1,0.7692307692307693
S2_D35_P2,S2_D35,2,3341,34,Adult-Child,1,0,,seed,YGGRRGGRYGRBY,,1,0.6153846153846154
S2_D35_P2,S2_D35,2,3341,34,Adult-Child,1,1,1,output,YGGRGYYGGGYYY,0.46153846153846156,1,0.6153846153846154
S2_D35_P2,S2_D35,2,3341,34,Adult-Child,1,2,2,output,RYYBBYYYYYGYR,0.46153846153846156,1,0.5384615384615384
S2_D35_P2,S2_D35,2,3341,34,Adult-Child,1,3,3,output,RYYYYBBBGYYYR,0.7692307692307692,1,0.5384615384615384
S2_D35_P2,S2_D35,2,3341,34,Adult-Child,1,4,4,output,RYYYYBBRYYGYR,0.6923076923076923,2,0.6153846153846154
S2_D35_P2,S2_D35,2,3341,34,Adult-Child,1,5,5,output,YYYRYYYYYYYGB,0.6923076923076923,1,0.38461538461538464
S2_D35_P2,S2_D35,2,3341,34,Adult-Child,1,6,6,output,RYYYGYYYRYYYB,0.6923076923076923,2,0.5384615384615384
S2_D35_P2,S2_D35,2,3341,34,Adult-Child,1,7,7,output,YYYRYYYYYYYBG,0.7692307692307692,1,0.38461538461538464
S2_D35_P2,S2_D35,2,3341,34,Adult-Child,1,8,8,output,YRRRBGYRRBGYR,0.6153846153846154,2,0.38461538461538464
S2_D35_P2,S2_D35,2,3341,34,Adult-Child,2,0,,seed,YBRYBRYBBBBBB,,2,0.3076923076923077
S2_D35_P2,S2_D35,2,3341,34,Adult-Child,2,1,9,output,YBYBRYBYBBBBB,0.8461538461538461,2,0.46153846153846156
S2_D35_P2,S2_D35,2,3341,34,Adult-Child,2,2,10,output,GBBYYYGBYGYBY,0.6923076923076923,1,0.7692307692307693
S2_D35_P2,S2_D35,2,3341,34,Adult-Child,2,3,11,output,YYBBBRBBBBBBB,0.8461538461538461,1,0.38461538461538464
S2_D35_P2,S2_D35,2,3341,34,Adult-Child,2,4,12,output,GBYYGBYYBBYGG,0.6153846153846154,1,0.6153846153846154
S2_D35_P2,S2_D35,2,3341,34,Adult-Child,2,5,13,output,YYBBBBYGYGYGR,0.5384615384615384,1,0.46153846153846156
S2_D35_P2,S2_D35,2,3341,34,Adult-Child,2,6,14,output,YBBBBBBYYBBBY,0.6923076923076923,2,0.3076923076923077
S2_D35_P2,S2_D35,2,3341,34,Adult-Child,2,7,15,output,RBBYBYYRBRYBG,0.46153846153846156,1,0.7692307692307693
S2_D35_P2,S2_D35,2,3341,34,Adult-Child,2,8,16,output,YBBBBYYGYBYYG,0.6153846153846154,1,0.46153846153846156
S2_D36_P1,S2_D36,1,3350,35,Adult-Child,1,0,,seed,GBGGGRRYBRBBB,,0,0.7692307692307693
S2_D36_P1,S2_D36,1,3350,35,Adult-Child,1,1,1,output,GBBGGRYBBRGBB,0.6923076923076923,2,0.7692307692307693
S2_D36_P1,S2_D36,1,3350,35,Adult-Child,1,2,2,output,BBRRYGYBBBGRB,0.3076923076923077,1,0.7692307692307693
S2_D36_P1,S2_D36,1,3350,35,Adult-Child,1,3,3,output,GGRYRBGGBYRYY,0.46153846153846156,1,0.7692307692307693
S2_D36_P1,S2_D36,1,3350,35,Adult-Child,1,4,4,output,BBRRGRRBBBYYR,0.7692307692307692,1,0.7692307692307693
S2_D36_P1,S2_D36,1,3350,35,Adult-Child,1,5,5,output,GGRGYYBGRYBBG,0.3846153846153846,1,0.7692307692307693
S2_D36_P1,S2_D36,1,3350,35,Adult-Child,1,6,6,output,BBRRGYBBBRRYG,1.0,1,0.6153846153846154
S2_D36_P1,S2_D36,1,3350,35,Adult-Child,1,7,7,output,GGRYBBGYBBRGY,0.7692307692307692,1,0.6153846153846154
S2_D36_P1,S2_D36,1,3350,35,Adult-Child,1,8,8,output,BBRGBYRGGRGGB,0.3846153846153846,2,0.6153846153846154
S2_D36_P1,S2_D36,1,3350,35,Adult-Child,2,0,,seed,GRRRYBGGRRGGR,,2,0.6153846153846154
S2_D36_P1,S2_D36,1,3350,35,Adult-Child,2,1,9,output,GRYRBGRRYGGRR,0.6153846153846154,2,0.6153846153846154
S2_D36_P1,S2_D36,1,3350,35,Adult-Child,2,2,10,output,RGYRGBYRRGBBB,0.3846153846153846,2,0.6153846153846154
S2_D36_P1,S2_D36,1,3350,35,Adult-Child,2,3,11,output,YYRBBYRBBGGGG,0.46153846153846156,1,0.46153846153846156
S2_D36_P1,S2_D36,1,3350,35,Adult-Child,2,4,12,output,YBBGRBBGGRYRB,0.3846153846153846,1,0.6153846153846154
S2_D36_P1,S2_D36,1,3350,35,Adult-Child,2,5,13,output,YRRBRYBGGGGGB,0.6923076923076923,1,0.5384615384615384
S2_D36_P1,S2_D36,1,3350,35,Adult-Child,2,6,14,output,YYGRBBYYRBBGY,0.46153846153846156,1,0.6153846153846154
S2_D36_P1,S2_D36,1,3350,35,Adult-Child,2,7,15,output,RGYBRYYGRBBYR,0.15384615384615385,0,0.7692307692307693
S2_D36_P1,S2_D36,1,3350,35,Adult-Child,2,8,16,output,BBYRGBBYYGBRY,0.3076923076923077,1,0.7692307692307693
S2_D36_P2,S2_D36,2,3351,35,Adult-Child,1,0,,seed,RYYBRRBBYYRBG,,1,0.7692307692307693
S2_D36_P2,S2_D36,2,3351,35,Adult-Child,1,1,1,output,RYYRBYGRBYRRY,0.46153846153846156,1,0.6153846153846154
S2_D36_P2,S2_D36,2,3351,35,Adult-Child,1,2,2,output,GGBRYGBRYBGYB,0.46153846153846156,1,0.5384615384615384
S2_D36_P2,S2_D36,2,3351,35,Adult-Child,1,3,3,output,BBRRYGRRBBGYR,0.6923076923076923,1,0.7692307692307693
S2_D36_P2,S2_D36,2,3351,35,Adult-Child,1,4,4,output,GGRRBYGRGGRRB,0.46153846153846156,2,0.5384615384615384
S2_D36_P2,S2_D36,2,3351,35,Adult-Child,1,5,5,output,BBRRGYBBBRRYG,0.6153846153846154,1,0.6153846153846154
S2_D36_P2,S2_D36,2,3351,35,Adult-Child,1,6,6,output,GGRYBBGRYBGGY,0.6923076923076923,1,0.5384615384615384
S2_D36_P2,S2_D36,2,3351,35,Adult-Child,1,7,7,output,BBRRYGBBBRYGG,0.6923076923076923,1,0.6153846153846154
S2_D36_P2,S2_D36,2,3351,35,Adult-Child,1,8,8,output,GGBRYGGRBYYGG,0.46153846153846156,2,0.6153846153846154
S2_D36_P2,S2_D36,2,3351,35,Adult-Child,2,0,,seed,YBRYBBRYRGYBG,,1,0.6153846153846154
S2_D36_P2,S2_D36,2,3351,35,Adult-Child,2,1,9,output,YRBYRBBGRYBRG,0.46153846153846156,1,0.7692307692307693
S2_D36_P2,S2_D36,2,3351,35,Adult-Child,2,2,10,output,GRYBRGRGGGGGG,0.5384615384615384,1,0.46153846153846156
S2_D36_P2,S2_D36,2,3351,35,Adult-Child,2,3,11,output,GRBRGYGRBYGBR,0.3076923076923077,1,0.7692307692307693
S2_D36_P2,S2_D36,2,3351,35,Adult-Child,2,4,12,output,YYRBYRBBGGGGG,0.8461538461538461,1,0.46153846153846156
S2_D36_P2,S2_D36,2,3351,35,Adult-Child,2,5,13,output,YYRBYGRYBRYBB,0.46153846153846156,1,0.6153846153846154
S2_D36_P2,S2_D36,2,3351,35,Adult-Child,2,6,14,output,YRRBYRBGGGGGB,0.8461538461538461,1,0.5384615384615384
S2_D36_P2,S2_D36,2,3351,35,Adult-Child,2,7,15,output,YYGRBYRGYBBGB,0.6153846153846154,0,0.7692307692307693
S2_D36_P2,S2_D36,2,3351,35,Adult-Child,2,8,16,output,RGYBRGYBRGBBB,0.6153846153846154,2,0.46153846153846156
S2_D37_P1,S2_D37,1,3360,36,Child-Child,1,0,,seed,GBRRBRYBYYRYR,,1,0.7692307692307693
S2_D37_P1,S2_D37,1,3360,36,Child-Child,1,1,1,output,BRRBGBRBGBGBR,0.3846153846153846,2,0.46153846153846156
S2_D37_P1,S2_D37,1,3360,36,Child-Child,1,2,2,output,BBBRYGBRYBGRY,0.5384615384615384,1,0.6153846153846154
S2_D37_P1,S2_D37,1,3360,36,Child-Child,1,3,3,output,GBBRGRBGBYRBY,0.46153846153846156,1,0.7692307692307693
S2_D37_P1,S2_D37,1,3360,36,Child-Child,1,4,4,output,BYYRBGYBRYRRY,0.3076923076923077,1,0.7692307692307693
S2_D37_P1,S2_D37,1,3360,36,Child-Child,1,5,5,output,GBRRBYRBGRBYG,0.46153846153846156,2,0.6153846153846154
S2_D37_P1,S2_D37,1,3360,36,Child-Child,1,6,6,output,BRGRBBRBYRBYR,0.46153846153846156,1,0.5384615384615384
S2_D37_P1,S2_D37,1,3360,36,Child-Child,1,7,7,output,BBBRGBBBRGYBR,0.6923076923076923,1,0.5384615384615384
S2_D37_P1,S2_D37,1,3360,36,Child-Child,1,8,8,output,RRGYRYYYBBYRG,0.3076923076923077,1,0.7692307692307693
S2_D37_P1,S2_D37,1,3360,36,Child-Child,2,0,,seed,YRGGYGBGRYGGG,,1,0.7692307692307693
S2_D37_P1,S2_D37,1,3360,36,Child-Child,2,1,9,output,BRGBRYRBGYBRG,0.46153846153846156,2,0.7692307692307693
S2_D37_P1,S2_D37,1,3360,36,Child-Child,2,2,10,output,RGBBRYGBRYBGR,0.6923076923076923,1,0.6153846153846154
S2_D37_P1,S2_D37,1,3360,36,Child-Child,2,3,11,output,BBBGRYBBRYGRB,0.5384615384615384,1,0.7692307692307693
S2_D37_P1,S2_D37,1,3360,36,Child-Child,2,4,12,output,BRGBBRBRBGYRR,0.6153846153846154,1,0.6153846153846154
S2_D37_P1,S2_D37,1,3360,36,Child-Child,2,5,13,output,BBBRRBYRRBYGR,0.6153846153846154,1,0.5384615384615384
S2_D37_P1,S2_D37,1,3360,36,Child-Child,2,6,14,output,BRBBGRYBGRBBY,0.5384615384615384,1,0.6153846153846154
S2_D37_P1,S2_D37,1,3360,36,Child-Child,2,7,15,output,BBRYGBYBGGRYB,0.6923076923076923,1,0.7692307692307693
S2_D37_P1,S2_D37,1,3360,36,Child-Child,2,8,16,output,BBRGYBBYBRGYR,0.5384615384615384,1,0.5384615384615384
S2_D37_P2,S2_D37,2,3361,36,Child-Child,1,0,,seed,YRBRBYRRYRGYB,,1,0.7692307692307693
S2_D37_P2,S2_D37,2,3361,36,Child-Child,1,1,1,output,BBBBRRYGRGBYR,0.46153846153846156,1,0.7692307692307693
S2_D37_P2,S2_D37,2,3361,36,Child-Child,1,2,2,output,BRRGBRYBRGBRY,0.6153846153846154,2,0.46153846153846156
S2_D37_P2,S2_D37,2,3361,36,Child-Child,1,3,3,output,BBRYGBYRGGYRB,0.5384615384615384,1,0.7692307692307693
S2_D37_P2,S2_D37,2,3361,36,Child-Child,1,4,4,output,GBBRYRBRBBRRB,0.6153846153846154,2,0.6153846153846154
S2_D37_P2,S2_D37,2,3361,36,Child-Child,1,5,5,output,BGYRBRGRYRGBR,0.46153846153846156,1,0.7692307692307693
S2_D37_P2,S2_D37,2,3361,36,Child-Child,1,6,6,output,BBBRRGYBBBRGY,0.46153846153846156,1,0.6153846153846154
S2_D37_P2,S2_D37,2,3361,36,Child-Child,1,7,7,output,BRBBRGBYYYRYY,0.46153846153846156,1,0.7692307692307693
S2_D37_P2,S2_D37,2,3361,36,Child-Child,1,8,8,output,BBBRGGBRYBGBB,0.5384615384615384,1,0.7692307692307693
S2_D37_P2,S2_D37,2,3361,36,Child-Child,2,0,,seed,RGBGRRYBRBYRY,,1,0.7692307692307693
S2_D37_P2,S2_D37,2,3361,36,Child-Child,2,1,9,output,RBGBYRBGRYBGR,0.3846153846153846,1,0.6153846153846154
S2_D37_P2,S2_D37,2,3361,36,Child-Child,2,2,10,output,BBBRGBBYRBRBG,0.5384615384615384,1,0.7692307692307693
S2_D37_P2,S2_D37,2,3361,36,Child-Child,2,3,11,output,BRGBBRYGBRYBB,0.7692307692307692,1,0.6153846153846154
S2_D37_P2,S2_D37,2,3361,36,Child-Child,2,4,12,output,BBBRGBYRBBGYB,0.5384615384615384,1,0.7692307692307693
S2_D37_P2,S2_D37,2,3361,36,Child-Child,2,5,13,output,BRBBRGYRBRYBG,0.5384615384615384,1,0.7692307692307693
S2_D37_P2,S2_D37,2,3361,36,Child-Child,2,6,14,output,BBRGYRBYBYGRB,0.5384615384615384,1,0.7692307692307693
S2_D37_P2,S2_D37,2,3361,36,Child-Child,2,7,15,output,BBRYBBRGYBRBG,0.46153846153846156,1,0.7692307692307693
S2_D37_P2,S2_D37,2,3361,36,Child-Child,2,8,16,output,BBRGYRBBGBYRB,0.5384615384615384,1,0.6153846153846154
S2_D38_P1,S2_D38,1,3370,37,Adult-Child,1,0,,seed,BRYBBBRBYRRBR,,1,0.7692307692307693
S2_D38_P1,S2_D38,1,3370,37,Adult-Child,1,1,1,output,BRBBRBYBGRRBB,0.6153846153846154,1,0.6153846153846154
S2_D38_P1,S2_D38,1,3370,37,Adult-Child,1,2,2,output,RBRYGYBGRRBBY,0.23076923076923073,1,0.7692307692307693
S2_D38_P1,S2_D38,1,3370,37,Adult-Child,1,3,3,output,RBRBBBRBRBYGB,0.6153846153846154,2,0.6153846153846154
S2_D38_P1,S2_D38,1,3370,37,Adult-Child,1,4,4,output,BRBYYGRBYYRYY,0.5384615384615384,1,0.5384615384615384
S2_D38_P1,S2_D38,1,3370,37,Adult-Child,1,5,5,output,RRBRBRBGRBGYR,0.6153846153846154,2,0.46153846153846156
S2_D38_P1,S2_D38,1,3370,37,Adult-Child,1,6,6,output,RBRBRGRBGGRBY,0.3846153846153846,2,0.6153846153846154
S2_D38_P1,S2_D38,1,3370,37,Adult-Child,1,7,7,output,RBRRRYRGBYGYG,0.5384615384615384,1,0.7692307692307693
S2_D38_P1,S2_D38,1,3370,37,Adult-Child,1,8,8,output,RBRYGBRYRBGYY,0.5384615384615384,1,0.6153846153846154
S2_D38_P1,S2_D38,1,3370,37,Adult-Child,2,0,,seed,BYBGRRRGRGGGR,,1,0.7692307692307693
S2_D38_P1,S2_D38,1,3370,37,Adult-Child,2,1,9,output,YRYRRBYRBYGRY,0.3846153846153846,1,0.6153846153846154
S2_D38_P1,S2_D38,1,3370,37,Adult-Child,2,2,10,output,YRYGBRBRGYRBG,0.3846153846153846,1,0.7692307692307693
S2_D38_P1,S2_D38,1,3370,37,Adult-Child,2,3,11,output,RYRYRYRYGYRYB,0.6153846153846154,2,0.38461538461538464
S2_D38_P1,S2_D38,1,3370,37,Adult-Child,2,4,12,output,RBBBGYBBBBBBB,0.3076923076923077,1,0.38461538461538464
S2_D38_P1,S2_D38,1,3370,37,Adult-Child,2,5,13,output,YRYRYRRYGRYGY,0.6153846153846154,1,0.5384615384615384
S2_D38_P1,S2_D38,1,3370,37,Adult-Child,2,6,14,output,RYRGBBBBBBBBB,0.6153846153846154,2,0.23076923076923078
S2_D38_P1,S2_D38,1,3370,37,Adult-Child,2,7,15,output,YRYRYRYYRGYRY,0.6923076923076923,2,0.46153846153846156
S2_D38_P1,S2_D38,1,3370,37,Adult-Child,2,8,16,output,RYGBBBBBBBBBB,1.0,2,0.15384615384615385
S2_D38_P2,S2_D38,2,3371,37,Adult-Child,1,0,,seed,BYRYYBGBYGYGY,,1,0.6153846153846154
S2_D38_P2,S2_D38,2,3371,37,Adult-Child,1,1,1,output,BYRBYRGBYGYBR,0.6923076923076923,2,0.7692307692307693
S2_D38_P2,S2_D38,2,3371,37,Adult-Child,1,2,2,output,BRRBBRRBYGYRB,0.6153846153846154,1,0.6153846153846154
S2_D38_P2,S2_D38,2,3371,37,Adult-Child,1,3,3,output,BRYBYGYYRYYGR,0.3076923076923077,1,0.7692307692307693
S2_D38_P2,S2_D38,2,3371,37,Adult-Child,1,4,4,output,BRBRBRBYGYBYG,0.5384615384615384,1,0.46153846153846156
S2_D38_P2,S2_D38,2,3371,37,Adult-Child,1,5,5,output,BBYYRYRGYRYGY,0.5384615384615384,1,0.6153846153846154
S2_D38_P2,S2_D38,2,3371,37,Adult-Child,1,6,6,output,RBRBBGRRBYRYB,0.5384615384615384,1,0.7692307692307693
S2_D38_P2,S2_D38,2,3371,37,Adult-Child,1,7,7,output,BRBRGBRYYBRGB,0.46153846153846156,2,0.5384615384615384
S2_D38_P2,S2_D38,2,3371,37,Adult-Child,1,8,8,output,RBRRRBRYRYYRG,0.6153846153846154,1,0.7692307692307693
S2_D38_P2,S2_D38,2,3371,37,Adult-Child,2,0,,seed,GYRGYRGRRYYRG,,1,0.5384615384615384
S2_D38_P2,S2_D38,2,3371,37,Adult-Child,2,1,9,output,GYRGYRRYYGRYB,0.6153846153846154,1,0.7692307692307693
S2_D38_P2,S2_D38,2,3371,37,Adult-Child,2,2,10,output,YRYRRYBRYRYGB,0.6153846153846154,1,0.6153846153846154
S2_D38_P2,S2_D38,2,3371,37,Adult-Child,2,3,11,output,YRYGBYRBGYRBG,0.8461538461538461,2,0.5384615384615384
S2_D38_P2,S2_D38,2,3371,37,Adult-Child,2,4,12,output,RYRYRYGYRYGBB,0.6923076923076923,2,0.46153846153846156
S2_D38_P2,S2_D38,2,3371,37,Adult-Child,2,5,13,output,RBBBGYBBBBBBB,1.0,1,0.38461538461538464
S2_D38_P2,S2_D38,2,3371,37,Adult-Child,2,6,14,output,YRYRYRYRYGRYG,0.8461538461538461,2,0.3076923076923077
S2_D38_P2,S2_D38,2,3371,37,Adult-Child,2,7,15,output,RYGBBBBBBBBBB,0.8461538461538461,2,0.15384615384615385
S2_D38_P2,S2_D38,2,3371,37,Adult-Child,2,8,16,output,YRYRYYRGYRYGY,0.6923076923076923,2,0.6153846153846154
S2_D39_P1,S2_D39,1,3380,38,Adult-Child,1,0,,seed,RRYYGRGGYYYYR,,1,0.6153846153846154
S2_D39_P1,S2_D39,1,3380,38,Adult-Child,1,1,1,output,RRRYYGRRGRGGG,0.46153846153846156,1,0.7692307692307693
S2_D39_P1,S2_D39,1,3380,38,Adult-Child,1,2,2,output,YYGBBBBGGGGRY,0.3076923076923077,1,0.5384615384615384
S2_D39_P1,S2_D39,1,3380,38,Adult-Child,1,3,3,output,RGGGGYYGGRYYG,0.5384615384615384,1,0.5384615384615384
S2_D39_P1,S2_D39,1,3380,38,Adult-Child,1,4,4,output,RGGYYGGYBYYGY,0.5384615384615384,1,0.5384615384615384
S2_D39_P1,S2_D39,1,3380,38,Adult-Child,1,5,5,output,RYGGGYGGGGGGY,0.6923076923076923,1,0.38461538461538464
S2_D39_P1,S2_D39,1,3380,38,Adult-Child,1,6,6,output,RRGGGGBBBBBGG,0.5384615384615384,1,0.46153846153846156
S2_D39_P1,S2_D39,1,3380,38,Adult-Child,1,7,7,output,RGYGGGGGGYGGG,0.6153846153846154,2,0.3076923076923077
S2_D39_P1,S2_D39,1,3380,38,Adult-Child,1,8,8,output,RRGGGGBBBBBBB,0.5384615384615384,1,0.3076923076923077
S2_D39_P1,S2_D39,1,3380,38,Adult-Child,2,0,,seed,RBGYGBRGGGGGB,,1,0.5384615384615384
S2_D39_P1,S2_D39,1,3380,38,Adult-Child,2,1,9,output,RYYYBGBGGBBGG,0.46153846153846156,2,0.6153846153846154
S2_D39_P1,S2_D39,1,3380,38,Adult-Child,2,2,10,output,RBYGGGGBRBBGY,0.46153846153846156,1,0.6153846153846154
S2_D39_P1,S2_D39,1,3380,38,Adult-Child,2,3,11,output,RGGGYRGBBGYRY,0.46153846153846156,1,0.6153846153846154
S2_D39_P1,S2_D39,1,3380,38,Adult-Child,2,4,12,output,RBGGGGYRBGYGG,0.5384615384615384,1,0.6153846153846154
S2_D39_P1,S2_D39,1,3380,38,Adult-Child,2,5,13,output,RBYGGRGYBBBRY,0.5384615384615384,0,0.7692307692307693
S2_D39_P1,S2_D39,1,3380,38,Adult-Child,2,6,14,output,RYGGRYRBBGYBB,0.46153846153846156,1,0.7692307692307693
S2_D39_P1,S2_D39,1,3380,38,Adult-Child,2,7,15,output,RBGYRBGBBYBBG,0.6153846153846154,1,0.7692307692307693
S2_D39_P1,S2_D39,1,3380,38,Adult-Child,2,8,16,output,YGBRYYRGYYBYY,0.3846153846153846,1,0.7692307692307693
S2_D39_P2,S2_D39,2,3381,38,Adult-Child,1,0,,seed,GGGYGBBYGYYGB,,2,0.6153846153846154
S2_D39_P2,S2_D39,2,3381,38,Adult-Child,1,1,1,output,YGGGBYGGRYYGG,0.5384615384615384,1,0.6153846153846154
S2_D39_P2,S2_D39,2,3381,38,Adult-Child,1,2,2,output,RYGGGBYRGGGGY,0.3846153846153846,1,0.6153846153846154
S2_D39_P2,S2_D39,2,3381,38,Adult-Child,1,3,3,output,YGGYGGRGGBBYG,0.3076923076923077,2,0.7692307692307693
S2_D39_P2,S2_D39,2,3381,38,Adult-Child,1,4,4,output,RGGGGYRGYGGGG,0.6153846153846154,2,0.46153846153846156
S2_D39_P2,S2_D39,2,3381,38,Adult-Child,1,5,5,output,RGGGRGGGYBGGG,0.5384615384615384,1,0.5384615384615384
S2_D39_P2,S2_D39,2,3381,38,Adult-Child,1,6,6,output,RGGGRYGGGGGGY,0.8461538461538461,1,0.46153846153846156
S2_D39_P2,S2_D39,2,3381,38,Adult-Child,1,7,7,output,RRGGGBGGGGBBR,0.5384615384615384,1,0.5384615384615384
S2_D39_P2,S2_D39,2,3381,38,Adult-Child,1,8,8,output,RGYGGGGGYGGGY,0.8461538461538461,2,0.38461538461538464
S2_D39_P2,S2_D39,2,3381,38,Adult-Child,2,0,,seed,RYBRGBGBRRBRB,,1,0.7692307692307693
S2_D39_P2,S2_D39,2,3381,38,Adult-Child,2,1,9,output,RYBRGGRBYGRBY,0.5384615384615384,1,0.5384615384615384
S2_D39_P2,S2_D39,2,3381,38,Adult-Child,2,2,10,output,RGRGGGBYGBBGB,0.5384615384615384,1,0.7692307692307693
S2_D39_P2,S2_D39,2,3381,38,Adult-Child,2,3,11,output,RBGGGRBYGGBBB,0.46153846153846156,1,0.7692307692307693
S2_D39_P2,S2_D39,2,3381,38,Adult-Child,2,4,12,output,GYGGRYGBBRGYY,0.5384615384615384,1,0.7692307692307693
S2_D39_P2,S2_D39,2,3381,38,Adult-Child,2,5,13,output,RGYBBRYGGBGGB,0.3076923076923077,1,0.6153846153846154
S2_D39_P2,S2_D39,2,3381,38,Adult-Child,2,6,14,output,RBGGRBYYGRBBG,0.46153846153846156,2,0.6153846153846154
S2_D39_P2,S2_D39,2,3381,38,Adult-Child,2,7,15,output,YGRBYGGBRYGBG,0.3846153846153846,1,0.7692307692307693
S2_D39_P2,S2_D39,2,3381,38,Adult-Child,2,8,16,output,RBYGRBYRBGGBG,0.5384615384615384,2,0.7692307692307693
S2_D40_P1,S2_D40,1,3390,39,Adult-Child,1,0,,seed,YRYBGGRGBBBGR,,1,0.7692307692307693
S2_D40_P1,S2_D40,1,3390,39,Adult-Child,1,1,1,output,YRYRGGRBBBGYR,0.7692307692307692,1,0.7692307692307693
S2_D40_P1,S2_D40,1,3390,39,Adult-Child,1,2,2,output,YGYRYBYGYYGBR,0.5384615384615384,2,0.7692307692307693
S2_D40_P1,S2_D40,1,3390,39,Adult-Child,1,3,3,output,GYRYBYGYRBYGY,0.6153846153846154,2,0.5384615384615384
S2_D40_P1,S2_D40,1,3390,39,Adult-Child,1,4,4,output,YRYRGBYGBRYGB,0.5384615384615384,2,0.6153846153846154
S2_D40_P1,S2_D40,1,3390,39,Adult-Child,1,5,5,output,RYRYGBRBYGYGR,0.3846153846153846,1,0.7692307692307693
S2_D40_P1,S2_D40,1,3390,39,Adult-Child,1,6,6,output,RYRYGBGBBYGBY,0.6923076923076923,1,0.6153846153846154
S2_D40_P1,S2_D40,1,3390,39,Adult-Child,1,7,7,output,RYRYGBGRGBYGY,0.7692307692307692,1,0.7692307692307693
S2_D40_P1,S2_D40,1,3390,39,Adult-Child,1,8,8,output,RYRYGBGBGRBGY,0.7692307692307692,1,0.6153846153846154
S2_D40_P1,S2_D40,1,3390,39,Adult-Child,2,0,,seed,GBGYRGYGGYGGG,,2,0.5384615384615384
S2_D40_P1,S2_D40,1,3390,39,Adult-Child,2,1,9,output,GBGYGGYGGGYGG,0.7692307692307692,2,0.38461538461538464
S2_D40_P1,S2_D40,1,3390,39,Adult-Child,2,2,10,output,GYRRRBGRBYGGG,0.6923076923076923,1,0.7692307692307693
S2_D40_P1,S2_D40,1,3390,39,Adult-Child,2,3,11,output,GBRYBYGGGGGGG,0.6153846153846154,1,0.38461538461538464
S2_D40_P1,S2_D40,1,3390,39,Adult-Child,2,4,12,output,GYRRBGBBRYGGG,0.6153846153846154,0,0.7692307692307693
S2_D40_P1,S2_D40,1,3390,39,Adult-Child,2,5,13,output,GRBYGRBGGGGGG,0.6923076923076923,1,0.46153846153846156
S2_D40_P1,S2_D40,1,3390,39,Adult-Child,2,6,14,output,GYRBGRGBYGGGG,0.5384615384615384,1,0.6153846153846154
S2_D40_P1,S2_D40,1,3390,39,Adult-Child,2,7,15,output,GRBYGRBGYRGGG,0.6153846153846154,1,0.7692307692307693
S2_D40_P1,S2_D40,1,3390,39,Adult-Child,2,8,16,output,YGBRBGYGRBGYB,0.6153846153846154,1,0.5384615384615384
S2_D40_P2,S2_D40,2,3391,39,Adult-Child,1,0,,seed,GYBYBBGRRBRYG,,1,0.7692307692307693
S2_D40_P2,S2_D40,2,3391,39,Adult-Child,1,1,1,output,GYBYRYGYYBYBB,0.46153846153846156,1,0.6153846153846154
S2_D40_P2,S2_D40,2,3391,39,Adult-Child,1,2,2,output,YRYRGYBYGYRBY,0.5384615384615384,1,0.7692307692307693
S2_D40_P2,S2_D40,2,3391,39,Adult-Child,1,3,3,output,YRYGBGBYYRBGY,0.3846153846153846,1,0.7692307692307693
S2_D40_P2,S2_D40,2,3391,39,Adult-Child,1,4,4,output,YGRYBGYRYRYBG,0.46153846153846156,2,0.5384615384615384
S2_D40_P2,S2_D40,2,3391,39,Adult-Child,1,5,5,output,YRYRGBGBRYRBY,0.7692307692307692,1,0.6153846153846154
S2_D40_P2,S2_D40,2,3391,39,Adult-Child,1,6,6,output,RYRYGBGRYRBGY,0.6153846153846154,1,0.7692307692307693
S2_D40_P2,S2_D40,2,3391,39,Adult-Child,1,7,7,output,RYRYGBGBGBYBG,0.7692307692307692,1,0.5384615384615384
S2_D40_P2,S2_D40,2,3391,39,Adult-Child,1,8,8,output,RYRYGBGRYBYBY,0.8461538461538461,1,0.6153846153846154
S2_D40_P2,S2_D40,2,3391,39,Adult-Child,2,0,,seed,YGYGRBRYRGGGG,,1,0.6153846153846154
S2_D40_P2,S2_D40,2,3391,39,Adult-Child,2,1,9,output,GYGYRBGBRBGGG,0.6153846153846154,1,0.6153846153846154
S2_D40_P2,S2_D40,2,3391,39,Adult-Child,2,2,10,output,GBYGBRGGYBGGG,0.5384615384615384,1,0.7692307692307693
S2_D40_P2,S2_D40,2,3391,39,Adult-Child,2,3,11,output,GYRGGBYRGGGYG,0.5384615384615384,1,0.5384615384615384
S2_D40_P2,S2_D40,2,3391,39,Adult-Child,2,4,12,output,GBYRBYGGGGGGR,0.7692307692307692,1,0.46153846153846156
S2_D40_P2,S2_D40,2,3391,39,Adult-Child,2,5,13,output,GYBRGYBGGGYGR,0.46153846153846156,2,0.7692307692307693
S2_D40_P2,S2_D40,2,3391,39,Adult-Child,2,6,14,output,GRBGRBYGGRBGY,0.6153846153846154,1,0.6153846153846154
S2_D40_P2,S2_D40,2,3391,39,Adult-Child,2,7,15,output,GYRBYGYGYBGYR,0.5384615384615384,2,0.6153846153846154
S2_D40_P2,S2_D40,2,3391,39,Adult-Child,2,8,16,output,GRBYGRBGRBGYG,0.7692307692307692,1,0.5384615384615384
S2_D41_P1,S2_D41,1,3400,40,Adult-Child,1,0,,seed,BRYBYBRYBBYBB,,2,0.5384615384615384
S2_D41_P1,S2_D41,1,3400,40,Adult-Child,1,1,1,output,BRYGYRGBRBGYB,0.5384615384615384,1,0.7692307692307693
S2_D41_P1,S2_D41,1,3400,40,Adult-Child,1,2,2,output,BGBBBYGRBGBYG,0.6923076923076923,1,0.6153846153846154
S2_D41_P1,S2_D41,1,3400,40,Adult-Child,1,3,3,output,BRYGYRGRBGYBB,0.6923076923076923,1,0.7692307692307693
S2_D41_P1,S2_D41,1,3400,40,Adult-Child,1,4,4,output,BGBBBRYGBBGBB,0.6923076923076923,1,0.5384615384615384
S2_D41_P1,S2_D41,1,3400,40,Adult-Child,1,5,5,output,BRYGBRGYBRYGB,0.6923076923076923,2,0.5384615384615384
S2_D41_P1,S2_D41,1,3400,40,Adult-Child,1,6,6,output,BBYRGBYGRBYRG,0.3846153846153846,2,0.5384615384615384
S2_D41_P1,S2_D41,1,3400,40,Adult-Child,1,7,7,output,BRYGBRYYBRGYB,0.7692307692307692,2,0.7692307692307693
S2_D41_P1,S2_D41,1,3400,40,Adult-Child,1,8,8,output,BYRGBYRGBYRGB,1.0,1,0.23076923076923078
S2_D41_P1,S2_D41,1,3400,40,Adult-Child,2,0,,seed,RBYGGBGYRGGRY,,1,0.7692307692307693
S2_D41_P1,S2_D41,1,3400,40,Adult-Child,2,1,9,output,RBYGRBGRYGBRY,0.6923076923076923,1,0.7692307692307693
S2_D41_P1,S2_D41,1,3400,40,Adult-Child,2,2,10,output,BGYBBBBGBBBBB,0.6153846153846154,2,0.46153846153846156
S2_D41_P1,S2_D41,1,3400,40,Adult-Child,2,3,11,output,RBYGBRGGBYRGB,0.6153846153846154,1,0.7692307692307693
S2_D41_P1,S2_D41,1,3400,40,Adult-Child,2,4,12,output,BGYBBGYBBBBBB,0.8461538461538461,1,0.38461538461538464
S2_D41_P1,S2_D41,1,3400,40,Adult-Child,2,5,13,output,RBGYRBYGGRYBR,0.5384615384615384,1,0.7692307692307693
S2_D41_P1,S2_D41,1,3400,40,Adult-Child,2,6,14,output,BRGYBGBBBBRYB,0.6923076923076923,1,0.6153846153846154
S2_D41_P1,S2_D41,1,3400,40,Adult-Child,2,7,15,output,RBGYRBYGRBGYR,0.8461538461538461,2,0.5384615384615384
S2_D41_P1,S2_D41,1,3400,40,Adult-Child,2,8,16,output,BRGYBBBYGRBBB,0.6153846153846154,1,0.6153846153846154
S2_D41_P2,S2_D41,2,3401,40,Adult-Child,1,0,,seed,BGBBBGYBYYRGB,,1,0.7692307692307693
S2_D41_P2,S2_D41,2,3401,40,Adult-Child,1,1,1,output,BGBBBYGBGBBRY,0.46153846153846156,2,0.6153846153846154
S2_D41_P2,S2_D41,2,3401,40,Adult-Child,1,2,2,output,BRYGBRGYBRYBG,0.6153846153846154,2,0.7692307692307693
S2_D41_P2,S2_D41,2,3401,40,Adult-Child,1,3,3,output,BGBBBYRGBYRBB,0.6153846153846154,1,0.6153846153846154
S2_D41_P2,S2_D41,2,3401,40,Adult-Child,1,4,4,output,BRYGBRGYRBYBG,0.6923076923076923,1,0.7692307692307693
S2_D41_P2,S2_D41,2,3401,40,Adult-Child,1,5,5,output,BBGBBRBYRBBBB,0.6153846153846154,1,0.6153846153846154
S2_D41_P2,S2_D41,2,3401,40,Adult-Child,1,6,6,output,BRYGBRGYBRYGB,1.0,2,0.5384615384615384
S2_D41_P2,S2_D41,2,3401,40,Adult-Child,1,7,7,output,BYRGBYRGBYRGB,0.6923076923076923,1,0.23076923076923078
S2_D41_P2,S2_D41,2,3401,40,Adult-Child,1,8,8,output,BRYGBRYYBRYGB,0.8461538461538461,2,0.5384615384615384
S2_D41_P2,S2_D41,2,3401,40,Adult-Child,2,0,,seed,BGBYYBYBGRYBB,,1,0.7692307692307693
S2_D41_P2,S2_D41,2,3401,40,Adult-Child,2,1,9,output,GBBYBGBYBBBBB,0.46153846153846156,1,0.46153846153846156
S2_D41_P2,S2_D41,2,3401,40,Adult-Child,2,2,10,output,RBYGRBGRRBYRG,0.6923076923076923,2,0.7692307692307693
S2_D41_P2,S2_D41,2,3401,40,Adult-Child,2,3,11,output,BGYBGYBBBBBBB,0.7692307692307692,1,0.3076923076923077
S2_D41_P2,S2_D41,2,3401,40,Adult-Child,2,4,12,output,RBYGRBGGRBYRB,0.6923076923076923,2,0.6153846153846154
S2_D41_P2,S2_D41,2,3401,40,Adult-Child,2,5,13,output,BGYBGYBBBBBBB,0.8461538461538461,1,0.3076923076923077
S2_D41_P2,S2_D41,2,3401,40,Adult-Child,2,6,14,output,RBGYRBYGRBYGR,0.7692307692307692,2,0.46153846153846156
S2_D41_P2,S2_D41,2,3401,40,Adult-Child,2,7,15,output,BRYGBBBYBBBRB,0.6153846153846154,1,0.6153846153846154
S2_D41_P2,S2_D41,2,3401,40,Adult-Child,2,8,16,output,RBYGRBGYRBYGR,0.5384615384615384,2,0.5384615384615384
S2_D42_P1,S2_D42,1,3410,41,Adult-Child,1,0,,seed,RYYYRGGRGGRGG,,1,0.38461538461538464
S2_D42_P1,S2_D42,1,3410,41,Adult-Child,1,1,1,output,RYYYRGGGRYGRY,0.6923076923076923,2,0.6153846153846154
S2_D42_P1,S2_D42,1,3410,41,Adult-Child,1,2,2,output,BRGYYBRGGYBYB,0.5384615384615384,1,0.7692307692307693
S2_D42_P1,S2_D42,1,3410,41,Adult-Child,1,3,3,output,BBYGRBYRGRYBR,0.3846153846153846,1,0.7692307692307693
S2_D42_P1,S2_D42,1,3410,41,Adult-Child,1,4,4,output,BRGYYGRBBRGBY,0.7692307692307692,1,0.7692307692307693
S2_D42_P1,S2_D42,1,3410,41,Adult-Child,1,5,5,output,BYYGGRYGGBYYG,0.5384615384615384,2,0.5384615384615384
S2_D42_P1,S2_D42,1,3410,41,Adult-Child,1,6,6,output,BRGYYBYGRGBGG,0.6923076923076923,1,0.7692307692307693
S2_D42_P1,S2_D42,1,3410,41,Adult-Child,1,7,7,output,BBBBBBBBBRGYB,0.23076923076923073,2,0.3076923076923077
S2_D42_P1,S2_D42,1,3410,41,Adult-Child,1,8,8,output,BRGYGRYYBGGRR,0.6153846153846154,1,0.7692307692307693
S2_D42_P1,S2_D42,1,3410,41,Adult-Child,2,0,,seed,YGGBRBYGRRRGR,,1,0.7692307692307693
S2_D42_P1,S2_D42,1,3410,41,Adult-Child,2,1,9,output,YYGGRYGRRRRGR,0.6923076923076923,1,0.6153846153846154
S2_D42_P1,S2_D42,1,3410,41,Adult-Child,2,2,10,output,YYYGRGYRBRRRG,0.5384615384615384,1,0.7692307692307693
S2_D42_P1,S2_D42,1,3410,41,Adult-Child,2,3,11,output,YYYYGRYGBGRRG,0.3846153846153846,1,0.7692307692307693
S2_D42_P1,S2_D42,1,3410,41,Adult-Child,2,4,12,output,YYYYGGRGRGYGB,0.46153846153846156,1,0.6153846153846154
S2_D42_P1,S2_D42,1,3410,41,Adult-Child,2,5,13,output,YYYGGGRYGYGRB,0.5384615384615384,1,0.7692307692307693
S2_D42_P1,S2_D42,1,3410,41,Adult-Child,2,6,14,output,YYYRRRGGBYRGY,0.5384615384615384,1,0.7692307692307693
S2_D42_P1,S2_D42,1,3410,41,Adult-Child,2,7,15,output,YYYRGGYRGBYBB,0.6923076923076923,1,0.6153846153846154
S2_D42_P1,S2_D42,1,3410,41,Adult-Child,2,8,16,output,YYYYRBGGYRYRB,0.7692307692307692,1,0.6153846153846154
S2_D42_P2,S2_D42,2,3411,41,Adult-Child,1,0,,seed,BRGBBRGYGRGGG,,1,0.7692307692307693
S2_D42_P2,S2_D42,2,3411,41,Adult-Child,1,1,1,output,BBRGBBRGYBYRR,0.5384615384615384,1,0.6153846153846154
S2_D42_P2,S2_D42,2,3411,41,Adult-Child,1,2,2,output,RYYGGGRGBRGRB,0.5384615384615384,1,0.7692307692307693
S2_D42_P2,S2_D42,2,3411,41,Adult-Child,1,3,3,output,BRGYYGRBRGRBB,0.6153846153846154,1,0.6153846153846154
S2_D42_P2,S2_D42,2,3411,41,Adult-Child,1,4,4,output,BBYGGYRGBBBYY,0.5384615384615384,1,0.7692307692307693
S2_D42_P2,S2_D42,2,3411,41,Adult-Child,1,5,5,output,BRGYBBYGGRBBG,0.5384615384615384,1,0.7692307692307693
S2_D42_P2,S2_D42,2,3411,41,Adult-Child,1,6,6,output,BGYYGGGRYGGBB,0.6153846153846154,1,0.6153846153846154
S2_D42_P2,S2_D42,2,3411,41,Adult-Child,1,7,7,output,BYGRYYBBGYRRY,0.3846153846153846,1,0.7692307692307693
S2_D42_P2,S2_D42,2,3411,41,Adult-Child,1,8,8,output,BBBBBBBBBRBYY,0.8461538461538461,2,0.3076923076923077
S2_D42_P2,S2_D42,2,3411,41,Adult-Child,2,0,,seed,YRBYRBRGYBYYG,,1,0.7692307692307693
S2_D42_P2,S2_D42,2,3411,41,Adult-Child,2,1,9,output,YYYRRGRGBYGRY,0.3846153846153846,1,0.7692307692307693
S2_D42_P2,S2_D42,2,3411,41,Adult-Child,2,2,10,output,YRRGGGYRYGGYR,0.3846153846153846,1,0.5384615384615384
S2_D42_P2,S2_D42,2,3411,41,Adult-Child,2,3,11,output,YYYRGRYYGGBGY,0.3846153846153846,1,0.7692307692307693
S2_D42_P2,S2_D42,2,3411,41,Adult-Child,2,4,12,output,YYYRYGGGRRYRY,0.5384615384615384,1,0.6153846153846154
S2_D42_P2,S2_D42,2,3411,41,Adult-Child,2,5,13,output,YYYRGYYRYGBYR,0.46153846153846156,1,0.6153846153846154
S2_D42_P2,S2_D42,2,3411,41,Adult-Child,2,6,14,output,YYYRYGYRYRBYB,0.46153846153846156,1,0.6153846153846154
S2_D42_P2,S2_D42,2,3411,41,Adult-Child,2,7,15,output,YYYYRYBGYRYRY,0.5384615384615384,1,0.6153846153846154
S2_D42_P2,S2_D42,2,3411,41,Adult-Child,2,8,16,output,YYRYRGBBBBBYB,0.5384615384615384,1,0.5384615384615384
S2_D43_P1,S2_D43,1,3420,42,Child-Child,1,0,,seed,RRGBBGRRBYBYY,,1,0.7692307692307693
S2_D43_P1,S2_D43,1,3420,42,Child-Child,1,1,1,output,RRBGRGGRRBBBY,0.6153846153846154,1,0.7692307692307693
S2_D43_P1,S2_D43,1,3420,42,Child-Child,1,2,2,output,YYGRYYBYYGRBY,0.5384615384615384,2,0.6153846153846154
S2_D43_P1,S2_D43,1,3420,42,Child-Child,1,3,3,output,RRYGGGBRRGYRB,0.46153846153846156,1,0.7692307692307693
S2_D43_P1,S2_D43,1,3420,42,Child-Child,1,4,4,output,YYRRBBYRRBGGY,0.46153846153846156,1,0.5384615384615384
S2_D43_P1,S2_D43,1,3420,42,Child-Child,1,5,5,output,RRRGGGYYYBBBG,1.0,0,0.7692307692307693
S2_D43_P1,S2_D43,1,3420,42,Child-Child,1,6,6,output,YYRRGBBYYGBYR,0.5384615384615384,1,0.7692307692307693
S2_D43_P1,S2_D43,1,3420,42,Child-Child,1,7,7,output,RRRRRRGGGGGYY,0.9230769230769231,1,0.38461538461538464
S2_D43_P1,S2_D43,1,3420,42,Child-Child,1,8,8,output,GGGGGGGYGGGGG,0.6923076923076923,2,0.23076923076923078
S2_D43_P1,S2_D43,1,3420,42,Child-Child,2,0,,seed,YRRRYBYBYBRBY,,1,0.5384615384615384
S2_D43_P1,S2_D43,1,3420,42,Child-Child,2,1,9,output,YRRRBYBYBYBRY,0.8461538461538461,1,0.46153846153846156
S2_D43_P1,S2_D43,1,3420,42,Child-Child,2,2,10,output,BBBBBGGYYRRRR,0.5384615384615384,1,0.5384615384615384
S2_D43_P1,S2_D43,1,3420,42,Child-Child,2,3,11,output,RRRRRRRRRBBGG,0.6923076923076923,2,0.3076923076923077
S2_D43_P1,S2_D43,1,3420,42,Child-Child,2,4,12,output,BBBBBGYYRRRYR,0.7692307692307692,1,0.6153846153846154
S2_D43_P1,S2_D43,1,3420,42,Child-Child,2,5,13,output,RRRRRRRRRBBGG,0.8461538461538461,2,0.3076923076923077
S2_D43_P1,S2_D43,1,3420,42,Child-Child,2,6,14,output,RRBBBBBRRRRRY,0.6923076923076923,1,0.38461538461538464
S2_D43_P1,S2_D43,1,3420,42,Child-Child,2,7,15,output,RRRRRRRRBBBGG,1.0,2,0.38461538461538464
S2_D43_P1,S2_D43,1,3420,42,Child-Child,2,8,16,output,BBBRRRBGRBYRB,0.5384615384615384,1,0.7692307692307693
S2_D43_P2,S2_D43,2,3421,42,Child-Child,1,0,,seed,YGBYBBGYBRYBG,,1,0.7692307692307693
S2_D43_P2,S2_D43,2,3421,42,Child-Child,1,1,1,output,YYGBYGBRBYGBB,0.46153846153846156,1,0.46153846153846156
S2_D43_P2,S2_D43,2,3421,42,Child-Child,1,2,2,output,RRBBGYYGGRRRB,0.5384615384615384,1,0.7692307692307693
S2_D43_P2,S2_D43,2,3421,42,Child-Child,1,3,3,output,YYGGBBRRBBRRG,0.3076923076923077,1,0.5384615384615384
S2_D43_P2,S2_D43,2,3421,42,Child-Child,1,4,4,output,RRRGGGYYYBBBG,0.3846153846153846,0,0.7692307692307693
S2_D43_P2,S2_D43,2,3421,42,Child-Child,1,5,5,output,YRRGGGBBBGGBY,0.46153846153846156,1,0.6153846153846154
S2_D43_P2,S2_D43,2,3421,42,Child-Child,1,6,6,output,RRRRRRGGGGGGY,0.23076923076923073,1,0.3076923076923077
S2_D43_P2,S2_D43,2,3421,42,Child-Child,1,7,7,output,GGGGGGYYYYYGG,0.23076923076923073,1,0.38461538461538464
S2_D43_P2,S2_D43,2,3421,42,Child-Child,1,8,8,output,RRRRRGGGGYYGY,0.7692307692307692,1,0.5384615384615384
S2_D43_P2,S2_D43,2,3421,42,Child-Child,2,0,,seed,BBGYRBBBRYRYB,,1,0.7692307692307693
S2_D43_P2,S2_D43,2,3421,42,Child-Child,2,1,9,output,BBBBRRGGGYYYR,0.3846153846153846,1,0.7692307692307693
S2_D43_P2,S2_D43,2,3421,42,Child-Child,2,2,10,output,RRRRRRRBBGGYY,0.3846153846153846,1,0.46153846153846156
S2_D43_P2,S2_D43,2,3421,42,Child-Child,2,3,11,output,BBBBGGYYRRRRY,0.8461538461538461,1,0.6153846153846154
S2_D43_P2,S2_D43,2,3421,42,Child-Child,2,4,12,output,RRRRRRRRBBGGG,0.8461538461538461,2,0.38461538461538464
S2_D43_P2,S2_D43,2,3421,42,Child-Child,2,5,13,output,BBBBBBRRRRYYY,0.6153846153846154,1,0.46153846153846156
S2_D43_P2,S2_D43,2,3421,42,Child-Child,2,6,14,output,RRRRRRRRBBBGG,0.9230769230769231,2,0.38461538461538464
S2_D43_P2,S2_D43,2,3421,42,Child-Child,2,7,15,output,RRBBBRRRRYRRB,0.6923076923076923,2,0.6153846153846154
S2_D43_P2,S2_D43,2,3421,42,Child-Child,2,8,16,output,RRRRRRRRBBBBG,0.9230769230769231,2,0.3076923076923077
S2_D44_P1,S2_D44,1,3430,43,Child-Child,1,0,,seed,BYYYGBRYYYYRY,,1,0.6153846153846154
S2_D44_P1,S2_D44,1,3430,43,Child-Child,1,1,1,output,YYYYGBRYBBGBB,0.5384615384615384,1,0.7692307692307693
S2_D44_P1,S2_D44,1,3430,43,Child-Child,1,2,2,output,BRBGRBBGBBRGB,0.6153846153846154,1,0.7692307692307693
S2_D44_P1,S2_D44,1,3430,43,Child-Child,1,3,3,output,YYBBBBRYGBBBB,0.6923076923076923,2,0.46153846153846156
S2_D44_P1,S2_D44,1,3430,43,Child-Child,1,4,4,output,GGBYRBBYBBBBY,0.6153846153846154,1,0.6153846153846154
S2_D44_P1,S2_D44,1,3430,43,Child-Child,1,5,5,output,BRGGGBGBRGBRG,0.5384615384615384,2,0.5384615384615384
S2_D44_P1,S2_D44,1,3430,43,Child-Child,1,6,6,output,RYGBYGBYBRGYY,0.23076923076923073,1,0.5384615384615384
S2_D44_P1,S2_D44,1,3430,43,Child-Child,1,7,7,output,RRGGBYGRYBBYB,0.3846153846153846,1,0.7692307692307693
S2_D44_P1,S2_D44,1,3430,43,Child-Child,1,8,8,output,YBGRBBGRRYBRR,0.3846153846153846,1,0.6153846153846154
S2_D44_P1,S2_D44,1,3430,43,Child-Child,2,0,,seed,BBBBGYYYRBGYG,,1,0.6153846153846154
S2_D44_P1,S2_D44,1,3430,43,Child-Child,2,1,9,output,BYGYRRYGGBRYG,0.3846153846153846,2,0.6153846153846154
S2_D44_P1,S2_D44,1,3430,43,Child-Child,2,2,10,output,YRRGBBGRBYRGB,0.3076923076923077,1,0.6153846153846154
S2_D44_P1,S2_D44,1,3430,43,Child-Child,2,3,11,output,BGGYGRYRBGYGB,0.46153846153846156,1,0.6153846153846154
S2_D44_P1,S2_D44,1,3430,43,Child-Child,2,4,12,output,BGYRGBRRGBYRG,0.5384615384615384,2,0.5384615384615384
S2_D44_P1,S2_D44,1,3430,43,Child-Child,2,5,13,output,YBRYBRGYGRRBY,0.6153846153846154,1,0.7692307692307693
S2_D44_P1,S2_D44,1,3430,43,Child-Child,2,6,14,output,BRYBRGGGRYYBR,0.15384615384615385,2,0.6153846153846154
S2_D44_P1,S2_D44,1,3430,43,Child-Child,2,7,15,output,BRGYRYYBGBRYY,0.46153846153846156,1,0.6153846153846154
S2_D44_P1,S2_D44,1,3430,43,Child-Child,2,8,16,output,GYBRGYRBGYBGB,0.46153846153846156,2,0.7692307692307693
S2_D44_P2,S2_D44,2,3431,43,Child-Child,1,0,,seed,RGYGRRBYBYYBY,,1,0.6153846153846154
S2_D44_P2,S2_D44,2,3431,43,Child-Child,1,1,1,output,BRYBGRYYBBRRB,0.3076923076923077,1,0.7692307692307693
S2_D44_P2,S2_D44,2,3431,43,Child-Child,1,2,2,output,YYGBBBBYGBRYB,0.46153846153846156,1,0.5384615384615384
S2_D44_P2,S2_D44,2,3431,43,Child-Child,1,3,3,output,GBRBBRYRBBGBY,0.46153846153846156,1,0.6153846153846154
S2_D44_P2,S2_D44,2,3431,43,Child-Child,1,4,4,output,BRGBGRBYYBYRG,0.23076923076923073,1,0.7692307692307693
S2_D44_P2,S2_D44,2,3431,43,Child-Child,1,5,5,output,BGGRRYYRGRBYB,0.3076923076923077,1,0.7692307692307693
S2_D44_P2,S2_D44,2,3431,43,Child-Child,1,6,6,output,BRBGRBGRGGBRG,0.6923076923076923,1,0.5384615384615384
S2_D44_P2,S2_D44,2,3431,43,Child-Child,1,7,7,output,BRBYGBRGGBRYB,0.46153846153846156,2,0.6153846153846154
S2_D44_P2,S2_D44,2,3431,43,Child-Child,1,8,8,output,RBGYRRGYRBYRG,0.3846153846153846,1,0.6153846153846154
S2_D44_P2,S2_D44,2,3431,43,Child-Child,2,0,,seed,GGRYBGRBGYRBB,,1,0.7692307692307693
S2_D44_P2,S2_D44,2,3431,43,Child-Child,2,1,9,output,GGRYRBYRYGGYY,0.46153846153846156,1,0.7692307692307693
S2_D44_P2,S2_D44,2,3431,43,Child-Child,2,2,10,output,BBGGRYBGBBYRG,0.5384615384615384,1,0.7692307692307693
S2_D44_P2,S2_D44,2,3431,43,Child-Child,2,3,11,output,GBRGBRGBYGBYG,0.46153846153846156,2,0.38461538461538464
S2_D44_P2,S2_D44,2,3431,43,Child-Child,2,4,12,output,GRYBRYBGYGRBG,0.5384615384615384,1,0.6153846153846154
S2_D44_P2,S2_D44,2,3431,43,Child-Child,2,5,13,output,YGBBBGBBBRBGY,0.3076923076923077,1,0.5384615384615384
S2_D44_P2,S2_D44,2,3431,43,Child-Child,2,6,14,output,YRBGYBGRYBGRY,0.46153846153846156,2,0.46153846153846156
S2_D44_P2,S2_D44,2,3431,43,Child-Child,2,7,15,output,BRGYBRYGBYRYB,0.5384615384615384,1,0.7692307692307693
S2_D44_P2,S2_D44,2,3431,43,Child-Child,2,8,16,output,GYRGBYGYRGRRR,0.3076923076923077,1,0.6153846153846154
S2_D45_P1,S2_D45,1,3440,44,Adult-Adult,1,0,,seed,GRYRRRYYRRYYB,,1,0.5384615384615384
S2_D45_P1,S2_D45,1,3440,44,Adult-Adult,1,1,1,output,RBRRYRGRRYRGR,0.3846153846153846,1,0.38461538461538464
S2_D45_P1,S2_D45,1,3440,44,Adult-Adult,1,2,2,output,BBBBGGGYGBBBY,0.46153846153846156,1,0.6153846153846154
S2_D45_P1,S2_D45,1,3440,44,Adult-Adult,1,3,3,output,BBBBBRYGGRRBG,0.46153846153846156,1,0.6153846153846154
S2_D45_P1,S2_D45,1,3440,44,Adult-Adult,1,4,4,output,BBBBGGYGGBBGY,0.6923076923076923,1,0.6153846153846154
S2_D45_P1,S2_D45,1,3440,44,Adult-Adult,1,5,5,output,BBBBGGGYRGRBB,0.5384615384615384,1,0.7692307692307693
S2_D45_P1,S2_D45,1,3440,44,Adult-Adult,1,6,6,output,BBBGGGYGGYYBB,0.46153846153846156,1,0.6153846153846154
S2_D45_P1,S2_D45,1,3440,44,Adult-Adult,1,7,7,output,BBBBBGGGGYRYG,0.9230769230769231,1,0.5384615384615384
S2_D45_P1,S2_D45,1,3440,44,Adult-Adult,1,8,8,output,BBBBGGYGGBGYG,0.6923076923076923,1,0.6153846153846154
S2_D45_P1,S2_D45,1,3440,44,Adult-Adult,2,0,,seed,BBBYRBRYRYYRB,,2,0.6153846153846154
S2_D45_P1,S2_D45,1,3440,44,Adult-Adult,2,1,9,output,BBBYYYBBRYRBB,0.5384615384615384,1,0.7692307692307693
S2_D45_P1,S2_D45,1,3440,44,Adult-Adult,2,2,10,output,GGGYRYGBBGYGR,0.46153846153846156,1,0.7692307692307693
S2_D45_P1,S2_D45,1,3440,44,Adult-Adult,2,3,11,output,BBBYYRYYBRYYB,0.6153846153846154,2,0.5384615384615384
S2_D45_P1,S2_D45,1,3440,44,Adult-Adult,2,4,12,output,GGGYYGRGYRYGR,0.6153846153846154,1,0.6153846153846154
S2_D45_P1,S2_D45,1,3440,44,Adult-Adult,2,5,13,output,BBBGYGGRGYRBR,0.6923076923076923,1,0.7692307692307693
S2_D45_P1,S2_D45,1,3440,44,Adult-Adult,2,6,14,output,GGGGYYYRGRRYG,0.6153846153846154,1,0.7692307692307693
S2_D45_P1,S2_D45,1,3440,44,Adult-Adult,2,7,15,output,BBBBBRGYGYRGR,0.7692307692307692,1,0.6153846153846154
S2_D45_P1,S2_D45,1,3440,44,Adult-Adult,2,8,16,output,GGGGYYRGRYYRG,0.8461538461538461,1,0.5384615384615384
S2_D45_P2,S2_D45,2,3441,44,Adult-Adult,1,0,,seed,BBGRGBGGYBBGY,,2,0.7692307692307693
S2_D45_P2,S2_D45,2,3441,44,Adult-Adult,1,1,1,output,BBBGYBBBGYBGB,0.5384615384615384,1,0.46153846153846156
S2_D45_P2,S2_D45,2,3441,44,Adult-Adult,1,2,2,output,BBBRYYGBBRYRB,0.46153846153846156,1,0.5384615384615384
S2_D45_P2,S2_D45,2,3441,44,Adult-Adult,1,3,3,output,BBBBGGGYBGGGY,0.6923076923076923,1,0.46153846153846156
S2_D45_P2,S2_D45,2,3441,44,Adult-Adult,1,4,4,output,BBBBBRYGGRRRB,0.8461538461538461,1,0.6153846153846154
S2_D45_P2,S2_D45,2,3441,44,Adult-Adult,1,5,5,output,BBBBBGGGBBYGY,0.7692307692307692,1,0.6153846153846154
S2_D45_P2,S2_D45,2,3441,44,Adult-Adult,1,6,6,output,BBBBBGGGGYRGG,0.6153846153846154,1,0.5384615384615384
S2_D45_P2,S2_D45,2,3441,44,Adult-Adult,1,7,7,output,BBBGGGYGBGGYY,0.6923076923076923,1,0.6153846153846154
S2_D45_P2,S2_D45,2,3441,44,Adult-Adult,1,8,8,output,BBBBBGGYRGYBB,0.6153846153846154,1,0.6153846153846154
S2_D45_P2,S2_D45,2,3441,44,Adult-Adult,2,0,,seed,GRYRRBBRRGBBR,,1,0.6153846153846154
S2_D45_P2,S2_D45,2,3441,44,Adult-Adult,2,1,9,output,GYRGGBBRGBBRR,0.6153846153846154,1,0.5384615384615384
S2_D45_P2,S2_D45,2,3441,44,Adult-Adult,2,2,10,output,BBBYYYRRYYBRG,0.6153846153846154,1,0.7692307692307693
S2_D45_P2,S2_D45,2,3441,44,Adult-Adult,2,3,11,output,GGGYYRGYBGRGB,0.6153846153846154,1,0.7692307692307693
S2_D45_P2,S2_D45,2,3441,44,Adult-Adult,2,4,12,output,BBBRYGBBRGYBR,0.5384615384615384,1,0.6153846153846154
S2_D45_P2,S2_D45,2,3441,44,Adult-Adult,2,5,13,output,GGGGYRGYYRGYR,0.6153846153846154,1,0.5384615384615384
S2_D45_P2,S2_D45,2,3441,44,Adult-Adult,2,6,14,output,BBBBBRGYRGYBR,0.6153846153846154,1,0.5384615384615384
S2_D45_P2,S2_D45,2,3441,44,Adult-Adult,2,7,15,output,GGGGYYYRGYYRG,0.7692307692307692,1,0.5384615384615384
S2_D45_P2,S2_D45,2,3441,44,Adult-Adult,2,8,16,output,BBBBRGYRGYYRG,0.6923076923076923,2,0.5384615384615384
S2_D46_P1,S2_D46,1,3450,45,Adult-Adult,1,0,,seed,RRGGYYBBGRGYY,,1,0.6153846153846154
S2_D46_P1,S2_D46,1,3450,45,Adult-Adult,1,1,1,output,RRRBRRRRRRGGB,0.3076923076923077,1,0.46153846153846156
S2_D46_P1,S2_D46,1,3450,45,Adult-Adult,1,2,2,output,RRRGGGBBBYRGR,0.7692307692307692,1,0.7692307692307693
S2_D46_P1,S2_D46,1,3450,45,Adult-Adult,1,3,3,output,RRRRRRBBBRGYB,0.46153846153846156,1,0.5384615384615384
S2_D46_P1,S2_D46,1,3450,45,Adult-Adult,1,4,4,output,RRRRGGBBBBBRR,0.3846153846153846,1,0.5384615384615384
S2_D46_P1,S2_D46,1,3450,45,Adult-Adult,1,5,5,output,RRRRGGGGBBRGR,0.6153846153846154,1,0.6153846153846154
S2_D46_P1,S2_D46,1,3450,45,Adult-Adult,1,6,6,output,RRRBGGRRRRRRR,1.0,1,0.38461538461538464
S2_D46_P1,S2_D46,1,3450,45,Adult-Adult,1,7,7,output,RRRRGGGGGBRRR,0.8461538461538461,1,0.46153846153846156
S2_D46_P1,S2_D46,1,3450,45,Adult-Adult,1,8,8,output,RRRBGGRRRRRRR,0.8461538461538461,1,0.38461538461538464
S2_D46_P1,S2_D46,1,3450,45,Adult-Adult,2,0,,seed,BYYGYYBGGGYGR,,1,0.7692307692307693
S2_D46_P1,S2_D46,1,3450,45,Adult-Adult,2,1,9,output,BYYYBGGGRRRBR,0.5384615384615384,0,0.7692307692307693
S2_D46_P1,S2_D46,1,3450,45,Adult-Adult,2,2,10,output,BBYYGGYBRBYRY,0.3846153846153846,1,0.7692307692307693
S2_D46_P1,S2_D46,1,3450,45,Adult-Adult,2,3,11,output,BBYYGGRGYBGBG,0.3076923076923077,1,0.7692307692307693
S2_D46_P1,S2_D46,1,3450,45,Adult-Adult,2,4,12,output,BYYBBGGGRGBRR,0.6923076923076923,0,0.7692307692307693
S2_D46_P1,S2_D46,1,3450,45,Adult-Adult,2,5,13,output,BBYYGGBGRGBBG,0.6923076923076923,1,0.7692307692307693
S2_D46_P1,S2_D46,1,3450,45,Adult-Adult,2,6,14,output,BYBYYGRBRRBGG,0.6923076923076923,1,0.7692307692307693
S2_D46_P1,S2_D46,1,3450,45,Adult-Adult,2,7,15,output,BYYBGBRBRBGBR,0.6923076923076923,2,0.5384615384615384
S2_D46_P1,S2_D46,1,3450,45,Adult-Adult,2,8,16,output,BYYBGBRYBGBYG,0.5384615384615384,1,0.5384615384615384
S2_D46_P2,S2_D46,2,3451,45,Adult-Adult,1,0,,seed,RRBGYYRRGRRGG,,2,0.6153846153846154
S2_D46_P2,S2_D46,2,3451,45,Adult-Adult,1,1,1,output,RRRGGRGBGYRGR,0.46153846153846156,1,0.7692307692307693
S2_D46_P2,S2_D46,2,3451,45,Adult-Adult,1,2,2,output,RRRBRRGYRRRBG,0.6923076923076923,2,0.6153846153846154
S2_D46_P2,S2_D46,2,3451,45,Adult-Adult,1,3,3,output,RGGGRBBGRRRRR,0.46153846153846156,1,0.5384615384615384
S2_D46_P2,S2_D46,2,3451,45,Adult-Adult,1,4,4,output,RRRRGGRBRBRRG,0.5384615384615384,2,0.6153846153846154
S2_D46_P2,S2_D46,2,3451,45,Adult-Adult,1,5,5,output,RRRBGGRRRRRRR,0.5384615384615384,1,0.38461538461538464
S2_D46_P2,S2_D46,2,3451,45,Adult-Adult,1,6,6,output,RRRRGGGGGGRRB,0.6923076923076923,1,0.46153846153846156
S2_D46_P2,S2_D46,2,3451,45,Adult-Adult,1,7,7,output,RRBGGRRRRRRRR,0.8461538461538461,2,0.3076923076923077
S2_D46_P2,S2_D46,2,3451,45,Adult-Adult,1,8,8,output,RRRRGGGGGBRRR,1.0,1,0.46153846153846156
S2_D46_P2,S2_D46,2,3451,45,Adult-Adult,2,0,,seed,YYGRGGRYBYGYG,,1,0.7692307692307693
S2_D46_P2,S2_D46,2,3451,45,Adult-Adult,2,1,9,output,YYGGBBRGRGBYG,0.46153846153846156,1,0.7692307692307693
S2_D46_P2,S2_D46,2,3451,45,Adult-Adult,2,2,10,output,YBGGYYRBGRGRB,0.3846153846153846,1,0.7692307692307693
S2_D46_P2,S2_D46,2,3451,45,Adult-Adult,2,3,11,output,YYBBGGGRBRBGR,0.46153846153846156,1,0.7692307692307693
S2_D46_P2,S2_D46,2,3451,45,Adult-Adult,2,4,12,output,BBYYBGGBGBGRG,0.6923076923076923,1,0.6153846153846154
S2_D46_P2,S2_D46,2,3451,45,Adult-Adult,2,5,13,output,BYBYYRRGGRRBG,0.46153846153846156,1,0.7692307692307693
S2_D46_P2,S2_D46,2,3451,45,Adult-Adult,2,6,14,output,BYYBGBGRBBRGB,0.6153846153846154,1,0.7692307692307693
S2_D46_P2,S2_D46,2,3451,45,Adult-Adult,2,7,15,output,BYYGRBGRGBGYB,0.5384615384615384,1,0.7692307692307693
S2_D46_P2,S2_D46,2,3451,45,Adult-Adult,2,8,16,output,BYBGBRBRBGRBG,0.7692307692307692,1,0.5384615384615384
S2_D47_P1,S2_D47,1,3460,46,Child-Child,1,0,,seed,GYRYGBBRBRBRG,,1,0.5384615384615384
S2_D47_P1,S2_D47,1,3460,46,Child-Child,1,1,1,output,YYYRBRYRYGYRY,0.3076923076923077,2,0.6153846153846154
S2_D47_P1,S2_D47,1,3460,46,Child-Child,1,2,2,output,BYGYRGBGYBBBY,0.3846153846153846,1,0.7692307692307693
S2_D47_P1,S2_D47,1,3460,46,Child-Child,1,3,3,output,YYRGYRGRBGGYR,0.5384615384615384,2,0.5384615384615384
S2_D47_P1,S2_D47,1,3460,46,Child-Child,1,4,4,output,YYRBGBGRBRYBR,0.46153846153846156,1,0.7692307692307693
S2_D47_P1,S2_D47,1,3460,46,Child-Child,1,5,5,output,YYRBYBGYBBGYY,0.46153846153846156,1,0.6153846153846154
S2_D47_P1,S2_D47,1,3460,46,Child-Child,1,6,6,output,YYRBGYYGRYGBR,0.6153846153846154,1,0.7692307692307693
S2_D47_P1,S2_D47,1,3460,46,Child-Child,1,7,7,output,YGYRYYRGYGRBY,0.3846153846153846,1,0.7692307692307693
S2_D47_P1,S2_D47,1,3460,46,Child-Child,1,8,8,output,YRYBGYBRYYGYR,0.46153846153846156,1,0.7692307692307693
S2_D47_P1,S2_D47,1,3460,46,Child-Child,2,0,,seed,BBYYYRBGYBRGY,,1,0.7692307692307693
S2_D47_P1,S2_D47,1,3460,46,Child-Child,2,1,9,output,YRGYBRGGRYBRB,0.3846153846153846,1,0.6153846153846154
S2_D47_P1,S2_D47,1,3460,46,Child-Child,2,2,10,output,YBGYGRGYRBYGR,0.46153846153846156,1,0.6153846153846154
S2_D47_P1,S2_D47,1,3460,46,Child-Child,2,3,11,output,RGBYGYRBGYBRG,0.5384615384615384,1,0.7692307692307693
S2_D47_P1,S2_D47,1,3460,46,Child-Child,2,4,12,output,GBYGYRBYGBYRG,0.5384615384615384,2,0.6153846153846154
S2_D47_P1,S2_D47,1,3460,46,Child-Child,2,5,13,output,RGYRYRBGYRBGY,0.5384615384615384,2,0.46153846153846156
S2_D47_P1,S2_D47,1,3460,46,Child-Child,2,6,14,output,BRYBRGYYRBGRY,0.46153846153846156,1,0.7692307692307693
S2_D47_P1,S2_D47,1,3460,46,Child-Child,2,7,15,output,RGYBGRYYBYBGY,0.46153846153846156,2,0.6153846153846154
S2_D47_P1,S2_D47,1,3460,46,Child-Child,2,8,16,output,RGYBYGRYGRYGR,0.6923076923076923,1,0.38461538461538464
S2_D47_P2,S2_D47,2,3461,46,Child-Child,1,0,,seed,YYRYBRGGYRRRB,,1,0.7692307692307693
S2_D47_P2,S2_D47,2,3461,46,Child-Child,1,1,1,output,YYRBGYYRRRBYR,0.6153846153846154,1,0.7692307692307693
S2_D47_P2,S2_D47,2,3461,46,Child-Child,1,2,2,output,YYYRBRBRYGYRY,0.9230769230769231,1,0.6153846153846154
S2_D47_P2,S2_D47,2,3461,46,Child-Child,1,3,3,output,BBYRBGRYYRBRY,0.46153846153846156,1,0.6153846153846154
S2_D47_P2,S2_D47,2,3461,46,Child-Child,1,4,4,output,YYRYRGBYRYGBR,0.5384615384615384,1,0.6153846153846154
S2_D47_P2,S2_D47,2,3461,46,Child-Child,1,5,5,output,YYRGBGRYBGBYR,0.6153846153846154,1,0.7692307692307693
S2_D47_P2,S2_D47,2,3461,46,Child-Child,1,6,6,output,YRBYBGBRGYBYR,0.6153846153846154,1,0.7692307692307693
S2_D47_P2,S2_D47,2,3461,46,Child-Child,1,7,7,output,YYRBYGRYGBRYR,0.6923076923076923,1,0.7692307692307693
S2_D47_P2,S2_D47,2,3461,46,Child-Child,1,8,8,output,YRYGYGRYGYRBG,0.5384615384615384,2,0.5384615384615384
S2_D47_P2,S2_D47,2,3461,46,Child-Child,2,0,,seed,RGYGBYYRBGGGY,,1,0.7692307692307693
S2_D47_P2,S2_D47,2,3461,46,Child-Child,2,1,9,output,RYBGRYBGYBRYG,0.3076923076923077,2,0.6153846153846154
S2_D47_P2,S2_D47,2,3461,46,Child-Child,2,2,10,output,YRGYRBGYRGYBR,0.6153846153846154,2,0.6153846153846154
S2_D47_P2,S2_D47,2,3461,46,Child-Child,2,3,11,output,BRYGRBYGRYGRB,0.5384615384615384,2,0.46153846153846156
S2_D47_P2,S2_D47,2,3461,46,Child-Child,2,4,12,output,BRGYGYRBBRGYB,0.5384615384615384,2,0.6153846153846154
S2_D47_P2,S2_D47,2,3461,46,Child-Child,2,5,13,output,YBGRYGRBYGRYB,0.46153846153846156,2,0.6153846153846154
S2_D47_P2,S2_D47,2,3461,46,Child-Child,2,6,14,output,RYGRYRBGRYRBG,0.6923076923076923,2,0.38461538461538464
S2_D47_P2,S2_D47,2,3461,46,Child-Child,2,7,15,output,BRGYBYRYGYBGR,0.5384615384615384,1,0.6153846153846154
S2_D47_P2,S2_D47,2,3461,46,Child-Child,2,8,16,output,RGYBRYGBYRYBG,0.6153846153846154,1,0.7692307692307693
S2_D48_P1,S2_D48,1,3470,47,Child-Child,1,0,,seed,RYYBYBYYBBBBY,,2,0.5384615384615384
S2_D48_P1,S2_D48,1,3470,47,Child-Child,1,1,1,output,RGYGYBRBGRGBR,0.3846153846153846,1,0.7692307692307693
S2_D48_P1,S2_D48,1,3470,47,Child-Child,1,2,2,output,YYYYYYYYYRGBR,0.3846153846153846,2,0.3076923076923077
S2_D48_P1,S2_D48,1,3470,47,Child-Child,1,3,3,output,BRBRYRGYGRBGR,0.3846153846153846,1,0.7692307692307693
S2_D48_P1,S2_D48,1,3470,47,Child-Child,1,4,4,output,YGRBGBRGRBBGB,0.3846153846153846,1,0.5384615384615384
S2_D48_P1,S2_D48,1,3470,47,Child-Child,1,5,5,output,RGYRGRBYBBYGR,0.3846153846153846,1,0.7692307692307693
S2_D48_P1,S2_D48,1,3470,47,Child-Child,1,6,6,output,GYRGBBBRRRYRG,0.3076923076923077,1,0.6153846153846154
S2_D48_P1,S2_D48,1,3470,47,Child-Child,1,7,7,output,GRBBYBYRRRYGG,0.23076923076923073,1,0.7692307692307693
S2_D48_P1,S2_D48,1,3470,47,Child-Child,1,8,8,output,GYBRGBBGRBRRR,0.3076923076923077,1,0.7692307692307693
S2_D48_P1,S2_D48,1,3470,47,Child-Child,2,0,,seed,RRYGGBGRBRGRB,,1,0.6153846153846154
S2_D48_P1,S2_D48,1,3470,47,Child-Child,2,1,9,output,RRYGBRGRYGBRG,0.5384615384615384,1,0.38461538461538464
S2_D48_P1,S2_D48,1,3470,47,Child-Child,2,2,10,output,RRGYBRGGYBRGG,0.3076923076923077,2,0.38461538461538464
S2_D48_P1,S2_D48,1,3470,47,Child-Child,2,3,11,output,GBRGBRGYBGYRR,0.46153846153846156,1,0.6153846153846154
S2_D48_P1,S2_D48,1,3470,47,Child-Child,2,4,12,output,RGBRGYGBYRGGY,0.46153846153846156,1,0.7692307692307693
S2_D48_P1,S2_D48,1,3470,47,Child-Child,2,5,13,output,RGYBGGGGBYGRB,0.3076923076923077,1,0.6153846153846154
S2_D48_P1,S2_D48,1,3470,47,Child-Child,2,6,14,output,GYBGYGGGGGGGG,0.23076923076923073,2,0.3076923076923077
S2_D48_P1,S2_D48,1,3470,47,Child-Child,2,7,15,output,RBYGGGGGGGGGG,0.3846153846153846,2,0.15384615384615385
S2_D48_P1,S2_D48,1,3470,47,Child-Child,2,8,16,output,RBBBBBBBBYGGG,0.3076923076923077,2,0.3076923076923077
S2_D48_P2,S2_D48,2,3471,47,Child-Child,1,0,,seed,RBBYYYBRRBGRR,,1,0.7692307692307693
S2_D48_P2,S2_D48,2,3471,47,Child-Child,1,1,1,output,RBYYYRBGRYBGB,0.5384615384615384,1,0.7692307692307693
S2_D48_P2,S2_D48,2,3471,47,Child-Child,1,2,2,output,RGBRGBYYRBGBY,0.46153846153846156,1,0.6153846153846154
S2_D48_P2,S2_D48,2,3471,47,Child-Child,1,3,3,output,YYYYYYYYRRBGB,0.7692307692307692,2,0.38461538461538464
S2_D48_P2,S2_D48,2,3471,47,Child-Child,1,4,4,output,BRBRBRYGBRYGB,0.6153846153846154,2,0.38461538461538464
S2_D48_P2,S2_D48,2,3471,47,Child-Child,1,5,5,output,GYRBRYGGYGYYR,0.23076923076923073,1,0.7692307692307693
S2_D48_P2,S2_D48,2,3471,47,Child-Child,1,6,6,output,RGYYRGYBBBRGY,0.6153846153846154,1,0.6153846153846154
S2_D48_P2,S2_D48,2,3471,47,Child-Child,1,7,7,output,RGYYRBGYYRGBY,0.23076923076923073,1,0.5384615384615384
S2_D48_P2,S2_D48,2,3471,47,Child-Child,1,8,8,output,RGYBBRGYRBGYR,0.3846153846153846,1,0.6153846153846154
S2_D48_P2,S2_D48,2,3471,47,Child-Child,2,0,,seed,YRBGGRBGBGYBG,,1,0.6153846153846154
S2_D48_P2,S2_D48,2,3471,47,Child-Child,2,1,9,output,GBRRYRBGBRYBR,0.46153846153846156,1,0.7692307692307693
S2_D48_P2,S2_D48,2,3471,47,Child-Child,2,2,10,output,RGYYBRGYYGBRG,0.7692307692307692,2,0.5384615384615384
S2_D48_P2,S2_D48,2,3471,47,Child-Child,2,3,11,output,RGGYRBGYYGBRY,0.46153846153846156,1,0.7692307692307693
S2_D48_P2,S2_D48,2,3471,47,Child-Child,2,4,12,output,GYRBGYBRRBGYR,0.5384615384615384,2,0.5384615384615384
S2_D48_P2,S2_D48,2,3471,47,Child-Child,2,5,13,output,RGBRGBYRGBYYG,0.6153846153846154,2,0.5384615384615384
S2_D48_P2,S2_D48,2,3471,47,Child-Child,2,6,14,output,GYBRGYBRGGGGY,0.3846153846153846,1,0.46153846153846156
S2_D48_P2,S2_D48,2,3471,47,Child-Child,2,7,15,output,GYBGGGGGGGGGG,0.9230769230769231,2,0.15384615384615385
S2_D48_P2,S2_D48,2,3471,47,Child-Child,2,8,16,output,RBYGGGGGGGGGG,1.0,2,0.15384615384615385
S2_D49_P1,S2_D49,1,3480,48,Adult-Adult,1,0,,seed,BGGGRYYRRBGRG,,1,0.7692307692307693
S2_D49_P1,S2_D49,1,3480,48,Adult-Adult,1,1,1,output,BGGGYRYYRGBYY,0.6153846153846154,1,0.7692307692307693
S2_D49_P1,S2_D49,1,3480,48,Adult-Adult,1,2,2,output,BRRYYGGRYBGGG,0.46153846153846156,1,0.7692307692307693
S2_D49_P1,S2_D49,1,3480,48,Adult-Adult,1,3,3,output,RYBYGGRBBYYGG,0.3076923076923077,1,0.6153846153846154
S2_D49_P1,S2_D49,1,3480,48,Adult-Adult,1,4,4,output,BBRYYGGBRYGRB,0.5384615384615384,1,0.6153846153846154
S2_D49_P1,S2_D49,1,3480,48,Adult-Adult,1,5,5,output,RRYYBBGGYRBYR,0.6923076923076923,1,0.7692307692307693
S2_D49_P1,S2_D49,1,3480,48,Adult-Adult,1,6,6,output,RRBBYYRRBBGGG,0.8461538461538461,1,0.6153846153846154
S2_D49_P1,S2_D49,1,3480,48,Adult-Adult,1,7,7,output,RRBBYYGGBBGGR,1.0,1,0.7692307692307693
S2_D49_P1,S2_D49,1,3480,48,Adult-Adult,1,8,8,output,RRBYYRBBGGGGG,0.6923076923076923,1,0.5384615384615384
S2_D49_P1,S2_D49,1,3480,48,Adult-Adult,2,0,,seed,RBBBGRYGRYBRY,,1,0.6153846153846154
S2_D49_P1,S2_D49,1,3480,48,Adult-Adult,2,1,9,output,RBBBGYRBYBRGY,0.6923076923076923,1,0.7692307692307693
S2_D49_P1,S2_D49,1,3480,48,Adult-Adult,2,2,10,output,RRGGBBRRYYGGB,0.46153846153846156,1,0.6153846153846154
S2_D49_P1,S2_D49,1,3480,48,Adult-Adult,2,3,11,output,RRBBYYGGBBGRR,0.9230769230769231,1,0.7692307692307693
S2_D49_P1,S2_D49,1,3480,48,Adult-Adult,2,4,12,output,RRYYBBGGBBRRR,0.3076923076923077,1,0.7692307692307693
S2_D49_P1,S2_D49,1,3480,48,Adult-Adult,2,5,13,output,RRBBYYGGBBGGR,1.0,1,0.7692307692307693
S2_D49_P1,S2_D49,1,3480,48,Adult-Adult,2,6,14,output,RRYYBBGGBBRRR,1.0,1,0.7692307692307693
S2_D49_P1,S2_D49,1,3480,48,Adult-Adult,2,7,15,output,RRBBYYGGRRGGR,0.9230769230769231,1,0.6153846153846154
S2_D49_P1,S2_D49,1,3480,48,Adult-Adult,2,8,16,output,RRBBYYGGBBGGR,0.5384615384615384,1,0.7692307692307693
S2_D49_P2,S2_D49,2,3481,48,Adult-Adult,1,0,,seed,RYGRGBBGBGGBY,,1,0.7692307692307693
S2_D49_P2,S2_D49,2,3481,48,Adult-Adult,1,1,1,output,RRRBBYYGGBYYG,0.46153846153846156,1,0.5384615384615384
S2_D49_P2,S2_D49,2,3481,48,Adult-Adult,1,2,2,output,RRYYYBBGGYYRR,0.23076923076923073,1,0.7692307692307693
S2_D49_P2,S2_D49,2,3481,48,Adult-Adult,1,3,3,output,BBRRYYGGRBBGG,0.7692307692307692,1,0.7692307692307693
S2_D49_P2,S2_D49,2,3481,48,Adult-Adult,1,4,4,output,RRYYBBGGYYGGB,0.46153846153846156,1,0.7692307692307693
S2_D49_P2,S2_D49,2,3481,48,Adult-Adult,1,5,5,output,RRBBYYRRBBYYG,0.3076923076923077,1,0.46153846153846156
S2_D49_P2,S2_D49,2,3481,48,Adult-Adult,1,6,6,output,RRBBYYGGBBGGR,0.3846153846153846,1,0.7692307692307693
S2_D49_P2,S2_D49,2,3481,48,Adult-Adult,1,7,7,output,RRBBYYRRBBGGG,1.0,1,0.6153846153846154
S2_D49_P2,S2_D49,2,3481,48,Adult-Adult,1,8,8,output,RRBBYYGGBBGGR,1.0,1,0.7692307692307693
S2_D49_P2,S2_D49,2,3481,48,Adult-Adult,2,0,,seed,RGBGGBGGYYBYY,,1,0.5384615384615384
S2_D49_P2,S2_D49,2,3481,48,Adult-Adult,2,1,9,output,RRGGBBGGBBYYR,0.5384615384615384,1,0.5384615384615384
S2_D49_P2,S2_D49,2,3481,48,Adult-Adult,2,2,10,output,RRBBYYGGBBGGR,0.46153846153846156,1,0.7692307692307693
S2_D49_P2,S2_D49,2,3481,48,Adult-Adult,2,3,11,output,RRGGBBYYRRBBG,0.5384615384615384,1,0.7692307692307693
S2_D49_P2,S2_D49,2,3481,48,Adult-Adult,2,4,12,output,RRBBYYGGBBGGR,0.9230769230769231,1,0.7692307692307693
S2_D49_P2,S2_D49,2,3481,48,Adult-Adult,2,5,13,output,RRYYBBGGBBRRR,1.0,1,0.7692307692307693
S2_D49_P2,S2_D49,2,3481,48,Adult-Adult,2,6,14,output,RRBBYYGGRRGGB,0.7692307692307692,1,0.7692307692307693
S2_D49_P2,S2_D49,2,3481,48,Adult-Adult,2,7,15,output,RRYYBBGGBBRRR,1.0,1,0.7692307692307693
S2_D49_P2,S2_D49,2,3481,48,Adult-Adult,2,8,16,output,RRBBYYGGRRGGR,1.0,1,0.6153846153846154
S2_D50_P1,S2_D50,1,3490,49,Adult-Child,1,0,,seed,RBYBYBRBRBGYG,,1,0.5384615384615384
S2_D50_P1,S2_D50,1,3490,49,Adult-Child,1,1,1,output,BYBGRBBBGBBBB,0.3846153846153846,1,0.6153846153846154
S2_D50_P1,S2_D50,1,3490,49,Adult-Child,1,2,2,output,GBBBRBBYGBRBB,0.46153846153846156,2,0.5384615384615384
S2_D50_P1,S2_D50,1,3490,49,Adult-Child,1,3,3,output,BYYBBYYBGRRBR,0.5384615384615384,1,0.6153846153846154
S2_D50_P1,S2_D50,1,3490,49,Adult-Child,1,4,4,output,GBGBBGBRRBGYY,0.46153846153846156,1,0.6153846153846154
S2_D50_P1,S2_D50,1,3490,49,Adult-Child,1,5,5,output,YBBYYBYBBYBBB,0.6923076923076923,2,0.5384615384615384
S2_D50_P1,S2_D50,1,3490,49,Adult-Child,1,6,6,output,GBBBYBYGRRRRR,0.3076923076923077,1,0.5384615384615384
S2_D50_P1,S2_D50,1,3490,49,Adult-Child,1,7,7,output,YBBYYYYBBYYYB,0.6923076923076923,2,0.38461538461538464
S2_D50_P1,S2_D50,1,3490,49,Adult-Child,1,8,8,output,YYBBYBBBBYBGB,0.46153846153846156,2,0.46153846153846156
S2_D50_P1,S2_D50,1,3490,49,Adult-Child,2,0,,seed,YRGGYRYRBGBBY,,1,0.7692307692307693
S2_D50_P1,S2_D50,1,3490,49,Adult-Child,2,1,9,output,YRGYYRYBGBYRB,0.6153846153846154,1,0.7692307692307693
S2_D50_P1,S2_D50,1,3490,49,Adult-Child,2,2,10,output,BYBGBYYBGBBRB,0.3846153846153846,1,0.5384615384615384
S2_D50_P1,S2_D50,1,3490,49,Adult-Child,2,3,11,output,BBBGBBBGBBBBB,0.46153846153846156,3,0.38461538461538464
S2_D50_P1,S2_D50,1,3490,49,Adult-Child,2,4,12,output,BGBGGBGBYRRRR,0.6153846153846154,1,0.5384615384615384
S2_D50_P1,S2_D50,1,3490,49,Adult-Child,2,5,13,output,BBGBBBBBBBBBB,0.8461538461538461,2,0.15384615384615385
S2_D50_P1,S2_D50,1,3490,49,Adult-Child,2,6,14,output,BBBYYRRRRRRRR,1.0,2,0.3076923076923077
S2_D50_P1,S2_D50,1,3490,49,Adult-Child,2,7,15,output,BBBBBBBBBBBBB,0.9230769230769231,2,0.0
S2_D50_P1,S2_D50,1,3490,49,Adult-Child,2,8,16,output,BBBYYRRRRRRRR,0.8461538461538461,2,0.3076923076923077
S2_D50_P2,S2_D50,2,3491,49,Adult-Child,1,0,,seed,GBRYGGBRRGBRG,,1,0.6153846153846154
S2_D50_P2,S2_D50,2,3491,49,Adult-Child,1,1,1,output,GBRRBBGYRBYRR,0.3846153846153846,1,0.7692307692307693
S2_D50_P2,S2_D50,2,3491,49,Adult-Child,1,2,2,output,BYYBBGRRYYBBR,0.3846153846153846,1,0.5384615384615384
S2_D50_P2,S2_D50,2,3491,49,Adult-Child,1,3,3,output,GBBBGYYYRBBBG,0.5384615384615384,1,0.5384615384615384
S2_D50_P2,S2_D50,2,3491,49,Adult-Child,1,4,4,output,YBBBYYYBBGGBB,0.46153846153846156,1,0.7692307692307693
S2_D50_P2,S2_D50,2,3491,49,Adult-Child,1,5,5,output,BBGGBBYYRYGBB,0.3846153846153846,2,0.6153846153846154
S2_D50_P2,S2_D50,2,3491,49,Adult-Child,1,6,6,output,YBYYBYYYBBBYB,0.6153846153846154,2,0.6153846153846154
S2_D50_P2,S2_D50,2,3491,49,Adult-Child,1,7,7,output,BBBYBYYYBBGGB,0.3846153846153846,1,0.7692307692307693
S2_D50_P2,S2_D50,2,3491,49,Adult-Child,1,8,8,output,YBBBYYBBYYYBY,0.7692307692307692,2,0.5384615384615384
S2_D50_P2,S2_D50,2,3491,49,Adult-Child,2,0,,seed,GYYGBGYYRGRYG,,1,0.7692307692307693
S2_D50_P2,S2_D50,2,3491,49,Adult-Child,2,1,9,output,BBGYYYRRRGYGB,0.3846153846153846,1,0.7692307692307693
S2_D50_P2,S2_D50,2,3491,49,Adult-Child,2,2,10,output,BBBGYYYBYYBBG,0.3846153846153846,1,0.6153846153846154
S2_D50_P2,S2_D50,2,3491,49,Adult-Child,2,3,11,output,BGYGGBBYYGRBR,0.5384615384615384,1,0.7692307692307693
S2_D50_P2,S2_D50,2,3491,49,Adult-Child,2,4,12,output,BGBBBGBBBBBBB,0.6923076923076923,1,0.38461538461538464
S2_D50_P2,S2_D50,2,3491,49,Adult-Child,2,5,13,output,BBBYYRRRRRRRR,0.46153846153846156,2,0.3076923076923077
S2_D50_P2,S2_D50,2,3491,49,Adult-Child,2,6,14,output,BGBBBBBBBBBBB,0.8461538461538461,2,0.07692307692307693
S2_D50_P2,S2_D50,2,3491,49,Adult-Child,2,7,15,output,BBYYRRRRRRRRR,0.8461538461538461,2,0.23076923076923078
S2_D50_P2,S2_D50,2,3491,49,Adult-Child,2,8,16,output,BBBBBBBBBBBBB,1.0,2,0.0
S2_D51_P1,S2_D51,1,3500,50,Adult-Adult,1,0,,seed,BBBGGRGGRBBBR,,1,0.6153846153846154
S2_D51_P1,S2_D51,1,3500,50,Adult-Adult,1,1,1,output,BBBBRBRRGBBRR,0.5384615384615384,2,0.6153846153846154
S2_D51_P1,S2_D51,1,3500,50,Adult-Adult,1,2,2,output,RRYYRYGRBYGBB,0.7692307692307692,1,0.7692307692307693
S2_D51_P1,S2_D51,1,3500,50,Adult-Adult,1,3,3,output,BBBRBRGBYRBBB,0.6153846153846154,1,0.7692307692307693
S2_D51_P1,S2_D51,1,3500,50,Adult-Adult,1,4,4,output,RRRYRYRGYRYRR,0.6923076923076923,2,0.46153846153846156
S2_D51_P1,S2_D51,1,3500,50,Adult-Adult,1,5,5,output,BBBRBRGYBGYBB,0.7692307692307692,1,0.6153846153846154
S2_D51_P1,S2_D51,1,3500,50,Adult-Adult,1,6,6,output,RRRYRYRBYGYGR,0.8461538461538461,1,0.6153846153846154
S2_D51_P1,S2_D51,1,3500,50,Adult-Adult,1,7,7,output,BBBRBRBYGRBRG,1.0,1,0.5384615384615384
S2_D51_P1,S2_D51,1,3500,50,Adult-Adult,1,8,8,output,RRRRYRYRBYGRB,0.8461538461538461,1,0.6153846153846154
S2_D51_P1,S2_D51,1,3500,50,Adult-Adult,2,0,,seed,YBRGRGGYYBGRR,,1,0.7692307692307693
S2_D51_P1,S2_D51,1,3500,50,Adult-Adult,2,1,9,output,YBRGYBYYRGYRR,0.6153846153846154,1,0.6153846153846154
S2_D51_P1,S2_D51,1,3500,50,Adult-Adult,2,2,10,output,GGRGBGRBGRBGR,0.8461538461538461,2,0.38461538461538464
S2_D51_P1,S2_D51,1,3500,50,Adult-Adult,2,3,11,output,YBRGYBGRBGRRR,0.6923076923076923,1,0.6153846153846154
S2_D51_P1,S2_D51,1,3500,50,Adult-Adult,2,4,12,output,GGRBGRBGRRRRG,0.46153846153846156,2,0.38461538461538464
S2_D51_P1,S2_D51,1,3500,50,Adult-Adult,2,5,13,output,YBRGYBGRYBGRR,0.8461538461538461,2,0.5384615384615384
S2_D51_P1,S2_D51,1,3500,50,Adult-Adult,2,6,14,output,GGBRGRYGBGRRG,0.5384615384615384,1,0.7692307692307693
S2_D51_P1,S2_D51,1,3500,50,Adult-Adult,2,7,15,output,YBRGYBGRYBGRR,1.0,2,0.5384615384615384
S2_D51_P1,S2_D51,1,3500,50,Adult-Adult,2,8,16,output,YBGYGRYBRGYYY,0.6153846153846154,1,0.7692307692307693
S2_D51_P2,S2_D51,2,3501,50,Adult-Adult,1,0,,seed,RYYRRRYYRBGBY,,1,0.6153846153846154
S2_D51_P2,S2_D51,2,3501,50,Adult-Adult,1,1,1,output,RRYYYRYGYBYGB,0.46153846153846156,1,0.7692307692307693
S2_D51_P2,S2_D51,2,3501,50,Adult-Adult,1,2,2,output,BBBRBRBGYBGRB,0.6153846153846154,1,0.6153846153846154
S2_D51_P2,S2_D51,2,3501,50,Adult-Adult,1,3,3,output,RRRYRGYRRGYYR,0.46153846153846156,1,0.6153846153846154
S2_D51_P2,S2_D51,2,3501,50,Adult-Adult,1,4,4,output,BBBRBGYBRGBBB,0.6923076923076923,1,0.7692307692307693
S2_D51_P2,S2_D51,2,3501,50,Adult-Adult,1,5,5,output,RRRYRYRGBYGYR,0.7692307692307692,1,0.6153846153846154
S2_D51_P2,S2_D51,2,3501,50,Adult-Adult,1,6,6,output,BBBRBRBYGRBRG,0.6153846153846154,1,0.5384615384615384
S2_D51_P2,S2_D51,2,3501,50,Adult-Adult,1,7,7,output,RRRRYRYRGBYGR,0.6923076923076923,1,0.6153846153846154
S2_D51_P2,S2_D51,2,3501,50,Adult-Adult,1,8,8,output,BBBBRRYGBRBRG,0.7692307692307692,1,0.7692307692307693
S2_D51_P2,S2_D51,2,3501,50,Adult-Adult,2,0,,seed,GRRBRRBGGRGBY,,1,0.6153846153846154
S2_D51_P2,S2_D51,2,3501,50,Adult-Adult,2,1,9,output,GGRGBGRBGRBYY,0.5384615384615384,2,0.5384615384615384
S2_D51_P2,S2_D51,2,3501,50,Adult-Adult,2,2,10,output,YBRGYYBGRYBGR,0.5384615384615384,2,0.5384615384615384
S2_D51_P2,S2_D51,2,3501,50,Adult-Adult,2,3,11,output,GGRGBRGBRGRBR,0.6923076923076923,2,0.46153846153846156
S2_D51_P2,S2_D51,2,3501,50,Adult-Adult,2,4,12,output,YBRGYBGRYRGBR,0.6923076923076923,1,0.7692307692307693
S2_D51_P2,S2_D51,2,3501,50,Adult-Adult,2,5,13,output,GBRGGGBRYGRBG,0.46153846153846156,1,0.7692307692307693
S2_D51_P2,S2_D51,2,3501,50,Adult-Adult,2,6,14,output,YBRGYBGRYBGRR,1.0,2,0.5384615384615384
S2_D51_P2,S2_D51,2,3501,50,Adult-Adult,2,7,15,output,YGBYGRGYBRYBY,0.3846153846153846,1,0.7692307692307693
S2_D51_P2,S2_D51,2,3501,50,Adult-Adult,2,8,16,output,YBRGYBGRYBGRR,1.0,2,0.5384615384615384
S2_D52_P1,S2_D52,1,3510,51,Adult-Child,1,0,,seed,GRRGRYGRBYGBR,,1,0.7692307692307693
S2_D52_P1,S2_D52,1,3510,51,Adult-Child,1,1,1,output,YGYYRBGRYGRGY,0.3846153846153846,1,0.7692307692307693
S2_D52_P1,S2_D52,1,3510,51,Adult-Child,1,2,2,output,GBYRBGRYBGRRG,0.6153846153846154,1,0.6153846153846154
S2_D52_P1,S2_D52,1,3510,51,Adult-Child,1,3,3,output,YGBRYGBRGRBYR,0.46153846153846156,1,0.6153846153846154
S2_D52_P1,S2_D52,1,3510,51,Adult-Child,1,4,4,output,RGYGBYGRYRGBR,0.3846153846153846,1,0.7692307692307693
S2_D52_P1,S2_D52,1,3510,51,Adult-Child,1,5,5,output,GRGYYRGYYRGBR,0.46153846153846156,2,0.38461538461538464
S2_D52_P1,S2_D52,1,3510,51,Adult-Child,1,6,6,output,YGRGYBRGYBRYG,0.5384615384615384,1,0.46153846153846156
S2_D52_P1,S2_D52,1,3510,51,Adult-Child,1,7,7,output,YGRGGRBRGGRBR,0.5384615384615384,2,0.38461538461538464
S2_D52_P1,S2_D52,1,3510,51,Adult-Child,1,8,8,output,YGBGYRGBRGYGR,0.5384615384615384,1,0.7692307692307693
S2_D52_P1,S2_D52,1,3510,51,Adult-Child,2,0,,seed,BBYGRGYYGBGYB,,1,0.7692307692307693
S2_D52_P1,S2_D52,1,3510,51,Adult-Child,2,1,9,output,RYGYBGYGYBRGY,0.3846153846153846,2,0.5384615384615384
S2_D52_P1,S2_D52,1,3510,51,Adult-Child,2,2,10,output,GYGYBRGYGRBGR,0.3846153846153846,1,0.7692307692307693
S2_D52_P1,S2_D52,1,3510,51,Adult-Child,2,3,11,output,YGRRBRBBGYBRR,0.3846153846153846,1,0.7692307692307693
S2_D52_P1,S2_D52,1,3510,51,Adult-Child,2,4,12,output,RBRGYRGRBGYRR,0.3846153846153846,1,0.6153846153846154
S2_D52_P1,S2_D52,1,3510,51,Adult-Child,2,5,13,output,YBRRGYBRBBRGY,0.5384615384615384,1,0.6153846153846154
S2_D52_P1,S2_D52,1,3510,51,Adult-Child,2,6,14,output,GYBRBRGBRBYRR,0.46153846153846156,1,0.6153846153846154
S2_D52_P1,S2_D52,1,3510,51,Adult-Child,2,7,15,output,RBGRBGYRBRBGY,0.46153846153846156,3,0.5384615384615384
S2_D52_P1,S2_D52,1,3510,51,Adult-Child,2,8,16,output,RBGYGGRYBRGYR,0.3076923076923077,1,0.7692307692307693
S2_D52_P2,S2_D52,2,3511,51,Adult-Child,1,0,,seed,YBGGRGRGBRBGG,,1,0.5384615384615384
S2_D52_P2,S2_D52,2,3511,51,Adult-Child,1,1,1,output,YBRRBGRYBRBYG,0.6153846153846154,1,0.7692307692307693
S2_D52_P2,S2_D52,2,3511,51,Adult-Child,1,2,2,output,YBRGYBRBGYBRB,0.46153846153846156,2,0.46153846153846156
S2_D52_P2,S2_D52,2,3511,51,Adult-Child,1,3,3,output,YRGBYBGRYBRRG,0.6923076923076923,1,0.7692307692307693
S2_D52_P2,S2_D52,2,3511,51,Adult-Child,1,4,4,output,YGRBRYGYGBRGB,0.5384615384615384,1,0.7692307692307693
S2_D52_P2,S2_D52,2,3511,51,Adult-Child,1,5,5,output,YRGBYBRGYRGBB,0.5384615384615384,2,0.6153846153846154
S2_D52_P2,S2_D52,2,3511,51,Adult-Child,1,6,6,output,GRYRGYGRYGRBR,0.6153846153846154,2,0.6153846153846154
S2_D52_P2,S2_D52,2,3511,51,Adult-Child,1,7,7,output,YGRBGRGYBGRGY,0.5384615384615384,2,0.46153846153846156
S2_D52_P2,S2_D52,2,3511,51,Adult-Child,1,8,8,output,YGRBRGGBGRBRG,0.5384615384615384,1,0.46153846153846156
S2_D52_P2,S2_D52,2,3511,51,Adult-Child,2,0,,seed,RRRRBYGYYRRGR,,1,0.7692307692307693
S2_D52_P2,S2_D52,2,3511,51,Adult-Child,2,1,9,output,RRRBRBGYGBRBB,0.5384615384615384,1,0.6153846153846154
S2_D52_P2,S2_D52,2,3511,51,Adult-Child,2,2,10,output,RBGBRBYGGRBRB,0.3846153846153846,1,0.6153846153846154
S2_D52_P2,S2_D52,2,3511,51,Adult-Child,2,3,11,output,GYBRBGRBYGBRB,0.46153846153846156,2,0.6153846153846154
S2_D52_P2,S2_D52,2,3511,51,Adult-Child,2,4,12,output,YGBRRBYGYBRBR,0.6923076923076923,1,0.7692307692307693
S2_D52_P2,S2_D52,2,3511,51,Adult-Child,2,5,13,output,RBGRBGYGBGBRR,0.6153846153846154,1,0.7692307692307693
S2_D52_P2,S2_D52,2,3511,51,Adult-Child,2,6,14,output,RBYGRRBRGYGRB,0.3076923076923077,1,0.6153846153846154
S2_D52_P2,S2_D52,2,3511,51,Adult-Child,2,7,15,output,YGRBRYRBGRBYB,0.46153846153846156,2,0.6153846153846154
S2_D52_P2,S2_D52,2,3511,51,Adult-Child,2,8,16,output,RBGRBGRYGBRGR,0.6923076923076923,1,0.6153846153846154
S2_D53_P1,S2_D53,1,3520,52,Adult-Child,1,0,,seed,GBYBYBRGBGRBB,,1,0.6153846153846154
S2_D53_P1,S2_D53,1,3520,52,Adult-Child,1,1,1,output,GBBYBYYRGBYRB,0.6923076923076923,1,0.7692307692307693
S2_D53_P1,S2_D53,1,3520,52,Adult-Child,1,2,2,output,RRYYYBBBGRRRR,0.5384615384615384,1,0.6153846153846154
S2_D53_P1,S2_D53,1,3520,52,Adult-Child,1,3,3,output,GGBBRGGGGGGGG,1.0,2,0.3076923076923077
S2_D53_P1,S2_D53,1,3520,52,Adult-Child,1,4,4,output,RRYYBYBYRRRRR,0.6923076923076923,1,0.46153846153846156
S2_D53_P1,S2_D53,1,3520,52,Adult-Child,1,5,5,output,GBRGGGGGGGGGG,0.8461538461538461,2,0.15384615384615385
S2_D53_P1,S2_D53,1,3520,52,Adult-Child,1,6,6,output,YYBYYRRRRRRRR,0.8461538461538461,2,0.3076923076923077
S2_D53_P1,S2_D53,1,3520,52,Adult-Child,1,7,7,output,GRGGGGGGGGGGG,1.0,2,0.07692307692307693
S2_D53_P1,S2_D53,1,3520,52,Adult-Child,1,8,8,output,YYYYYRRRRRRRR,0.9230769230769231,2,0.23076923076923078
S2_D53_P1,S2_D53,1,3520,52,Adult-Child,2,0,,seed,BGYRRBYGRYRBG,,1,0.7692307692307693
S2_D53_P1,S2_D53,1,3520,52,Adult-Child,2,1,9,output,GYBRRBYGYYBRG,0.6153846153846154,1,0.6153846153846154
S2_D53_P1,S2_D53,1,3520,52,Adult-Child,2,2,10,output,GRBRGYGGRBBRG,0.6153846153846154,1,0.6153846153846154
S2_D53_P1,S2_D53,1,3520,52,Adult-Child,2,3,11,output,GYBRGRYBRGYBG,0.5384615384615384,2,0.5384615384615384
S2_D53_P1,S2_D53,1,3520,52,Adult-Child,2,4,12,output,GYBRRGRBYGBRR,0.46153846153846156,1,0.6153846153846154
S2_D53_P1,S2_D53,1,3520,52,Adult-Child,2,5,13,output,GBYGYBRGYBRGY,0.6923076923076923,2,0.38461538461538464
S2_D53_P1,S2_D53,1,3520,52,Adult-Child,2,6,14,output,GYBRGYBRGGYBR,0.6923076923076923,1,0.38461538461538464
S2_D53_P1,S2_D53,1,3520,52,Adult-Child,2,7,15,output,GBBYGBYGRBYGY,0.6153846153846154,1,0.5384615384615384
S2_D53_P1,S2_D53,1,3520,52,Adult-Child,2,8,16,output,GYBRGGYBRGYBR,0.6923076923076923,1,0.46153846153846156
S2_D53_P2,S2_D53,2,3521,52,Adult-Child,1,0,,seed,RRRGYYBBRBGRR,,1,0.7692307692307693
S2_D53_P2,S2_D53,2,3521,52,Adult-Child,1,1,1,output,RRYRGYYYBBBRR,0.6923076923076923,1,0.7692307692307693
S2_D53_P2,S2_D53,2,3521,52,Adult-Child,1,2,2,output,GGBBRGGGGGGGG,0.23076923076923073,2,0.3076923076923077
S2_D53_P2,S2_D53,2,3521,52,Adult-Child,1,3,3,output,RRYYBYYBGRRRG,0.6923076923076923,1,0.6153846153846154
S2_D53_P2,S2_D53,2,3521,52,Adult-Child,1,4,4,output,GGBRGGGGGGGGG,0.8461538461538461,2,0.23076923076923078
S2_D53_P2,S2_D53,2,3521,52,Adult-Child,1,5,5,output,RYYBYYRRRRRRR,0.6923076923076923,1,0.38461538461538464
S2_D53_P2,S2_D53,2,3521,52,Adult-Child,1,6,6,output,GRGGGGGGGGGGG,0.8461538461538461,2,0.07692307692307693
S2_D53_P2,S2_D53,2,3521,52,Adult-Child,1,7,7,output,YYYYRRRRRRRRR,0.8461538461538461,2,0.23076923076923078
S2_D53_P2,S2_D53,2,3521,52,Adult-Child,1,8,8,output,GRGRGGGGGGGGG,0.9230769230769231,2,0.23076923076923078
S2_D53_P2,S2_D53,2,3521,52,Adult-Child,2,0,,seed,GYRYRGGGRRBRR,,1,0.7692307692307693
S2_D53_P2,S2_D53,2,3521,52,Adult-Child,2,1,9,output,GBRGGYRYRBGRG,0.46153846153846156,1,0.7692307692307693
S2_D53_P2,S2_D53,2,3521,52,Adult-Child,2,2,10,output,GYRBRGBRYGGRB,0.46153846153846156,1,0.7692307692307693
S2_D53_P2,S2_D53,2,3521,52,Adult-Child,2,3,11,output,GBRYBBRGYRGRR,0.46153846153846156,1,0.7692307692307693
S2_D53_P2,S2_D53,2,3521,52,Adult-Child,2,4,12,output,GYBYRGYBRGYBR,0.7692307692307692,2,0.46153846153846156
S2_D53_P2,S2_D53,2,3521,52,Adult-Child,2,5,13,output,GYBRGYGBRGBRG,0.6153846153846154,2,0.5384615384615384
S2_D53_P2,S2_D53,2,3521,52,Adult-Child,2,6,14,output,GBYGBBYGRBRYB,0.6153846153846154,1,0.6153846153846154
S2_D53_P2,S2_D53,2,3521,52,Adult-Child,2,7,15,output,GYBRGBRGGYBRG,0.8461538461538461,2,0.46153846153846156
S2_D53_P2,S2_D53,2,3521,52,Adult-Child,2,8,16,output,GBYYGBYRBGRYR,0.6153846153846154,1,0.7692307692307693
S2_D54_P1,S2_D54,1,3530,53,Child-Child,1,0,,seed,RRYYRBYRYRBRY,,2,0.6153846153846154
S2_D54_P1,S2_D54,1,3530,53,Child-Child,1,1,1,output,RRYYRBRYRYBGR,0.6923076923076923,1,0.7692307692307693
S2_D54_P1,S2_D54,1,3530,53,Child-Child,1,2,2,output,YGBRYYGGBRBBY,0.6153846153846154,1,0.6153846153846154
S2_D54_P1,S2_D54,1,3530,53,Child-Child,1,3,3,output,YYRRYYRBGRBGR,0.7692307692307692,1,0.5384615384615384
S2_D54_P1,S2_D54,1,3530,53,Child-Child,1,4,4,output,YGBRYGBYGGBRR,1.0,2,0.6153846153846154
S2_D54_P1,S2_D54,1,3530,53,Child-Child,1,5,5,output,YYRRYYRRBGBRB,0.8461538461538461,1,0.6153846153846154
S2_D54_P1,S2_D54,1,3530,53,Child-Child,1,6,6,output,YGBRYGBRYGGBB,1.0,2,0.46153846153846156
S2_D54_P1,S2_D54,1,3530,53,Child-Child,1,7,7,output,YYRRYYRRGBBRB,0.8461538461538461,1,0.6153846153846154
S2_D54_P1,S2_D54,1,3530,53,Child-Child,1,8,8,output,YGBRYGBRGGBBR,0.6923076923076923,1,0.6153846153846154
S2_D54_P1,S2_D54,1,3530,53,Child-Child,2,0,,seed,GRGGRGBGRRBBB,,2,0.7692307692307693
S2_D54_P1,S2_D54,1,3530,53,Child-Child,2,1,9,output,GRGGGBBGGRGGB,0.6153846153846154,2,0.6153846153846154
S2_D54_P1,S2_D54,1,3530,53,Child-Child,2,2,10,output,BRBBBGRBYRBGB,0.46153846153846156,1,0.7692307692307693
S2_D54_P1,S2_D54,1,3530,53,Child-Child,2,3,11,output,GRGRBGGGRBBGR,0.6153846153846154,2,0.6153846153846154
S2_D54_P1,S2_D54,1,3530,53,Child-Child,2,4,12,output,BBBGRGBRYGBRY,0.46153846153846156,1,0.5384615384615384
S2_D54_P1,S2_D54,1,3530,53,Child-Child,2,5,13,output,BBBGRGBBRGBRB,0.5384615384615384,1,0.6153846153846154
S2_D54_P1,S2_D54,1,3530,53,Child-Child,2,6,14,output,BBBBGYGBYGRBY,0.6923076923076923,1,0.7692307692307693
S2_D54_P1,S2_D54,1,3530,53,Child-Child,2,7,15,output,BBBBBGRBGRBBG,0.6923076923076923,1,0.46153846153846156
S2_D54_P1,S2_D54,1,3530,53,Child-Child,2,8,16,output,BBBBGGYGBGYRB,0.7692307692307692,1,0.7692307692307693
S2_D54_P2,S2_D54,2,3531,53,Child-Child,1,0,,seed,YGRRGYRYBRBRB,,1,0.6153846153846154
S2_D54_P2,S2_D54,2,3531,53,Child-Child,1,1,1,output,YGGRBYYGGBBRR,0.46153846153846156,1,0.7692307692307693
S2_D54_P2,S2_D54,2,3531,53,Child-Child,1,2,2,output,YYRRYYRBGYRYR,0.6153846153846154,1,0.7692307692307693
S2_D54_P2,S2_D54,2,3531,53,Child-Child,1,3,3,output,YGBRYGBYGGBRR,0.6153846153846154,2,0.6153846153846154
S2_D54_P2,S2_D54,2,3531,53,Child-Child,1,4,4,output,YYRRYYRRBGRBG,0.8461538461538461,1,0.5384615384615384
S2_D54_P2,S2_D54,2,3531,53,Child-Child,1,5,5,output,YGBRYGBRYGGBB,0.7692307692307692,2,0.46153846153846156
S2_D54_P2,S2_D54,2,3531,53,Child-Child,1,6,6,output,YYRRYYRRGBRBB,0.8461538461538461,1,0.6153846153846154
S2_D54_P2,S2_D54,2,3531,53,Child-Child,1,7,7,output,YRBGYRBGGGBBR,0.5384615384615384,1,0.6153846153846154
S2_D54_P2,S2_D54,2,3531,53,Child-Child,1,8,8,output,YYRRYYRRGBBRR,0.9230769230769231,1,0.6153846153846154
S2_D54_P2,S2_D54,2,3531,53,Child-Child,2,0,,seed,GBRGRBYGGRYYY,,1,0.7692307692307693
S2_D54_P2,S2_D54,2,3531,53,Child-Child,2,1,9,output,BBBYRGRGRBYGG,0.3076923076923077,1,0.6153846153846154
S2_D54_P2,S2_D54,2,3531,53,Child-Child,2,2,10,output,GRGRGGBGRGRBB,0.6153846153846154,2,0.6153846153846154
S2_D54_P2,S2_D54,2,3531,53,Child-Child,2,3,11,output,BBRGGRGYBRGYB,0.46153846153846156,2,0.5384615384615384
S2_D54_P2,S2_D54,2,3531,53,Child-Child,2,4,12,output,BBGBGRRGGBBGR,0.5384615384615384,2,0.6153846153846154
S2_D54_P2,S2_D54,2,3531,53,Child-Child,2,5,13,output,BBBBYGGBRYGRB,0.6153846153846154,1,0.7692307692307693
S2_D54_P2,S2_D54,2,3531,53,Child-Child,2,6,14,output,BBBGRBGRBBGRB,0.6923076923076923,1,0.38461538461538464
S2_D54_P2,S2_D54,2,3531,53,Child-Child,2,7,15,output,BBBBGGYGBRGYG,0.6153846153846154,1,0.6153846153846154
S2_D54_P2,S2_D54,2,3531,53,Child-Child,2,8,16,output,BBBGRGRBBGRBB,0.6923076923076923,2,0.5384615384615384
S2_D55_P1,S2_D55,1,3540,54,Child-Child,1,0,,seed,GGBGGBBBBYGYB,,1,0.6153846153846154
S2_D55_P1,S2_D55,1,3540,54,Child-Child,1,1,1,output,GGGBBGGBYRYYY,0.46153846153846156,1,0.6153846153846154
S2_D55_P1,S2_D55,1,3540,54,Child-Child,1,2,2,output,YYYGRBYYRYYYR,0.5384615384615384,2,0.6153846153846154
S2_D55_P1,S2_D55,1,3540,54,Child-Child,1,3,3,output,GGBBYYRRYGGBB,0.46153846153846156,1,0.6153846153846154
S2_D55_P1,S2_D55,1,3540,54,Child-Child,1,4,4,output,YYYGRBYRYYGRY,0.7692307692307692,1,0.5384615384615384
S2_D55_P1,S2_D55,1,3540,54,Child-Child,1,5,5,output,GGBBRYRBYRRYR,0.5384615384615384,2,0.6153846153846154
S2_D55_P1,S2_D55,1,3540,54,Child-Child,1,6,6,output,YYYGRBYYRYGBY,0.6153846153846154,1,0.7692307692307693
S2_D55_P1,S2_D55,1,3540,54,Child-Child,1,7,7,output,GGGRYYRYGGRYB,0.3846153846153846,1,0.5384615384615384
S2_D55_P1,S2_D55,1,3540,54,Child-Child,1,8,8,output,YYYRBGRRYYYYY,0.5384615384615384,2,0.5384615384615384
S2_D55_P1,S2_D55,1,3540,54,Child-Child,2,0,,seed,GRGBYBGBBRRYG,,1,0.7692307692307693
S2_D55_P1,S2_D55,1,3540,54,Child-Child,2,1,9,output,GGRRBYGRBYGGG,0.46153846153846156,1,0.5384615384615384
S2_D55_P1,S2_D55,1,3540,54,Child-Child,2,2,10,output,YYYGRYGYRGYRB,0.5384615384615384,1,0.6153846153846154
S2_D55_P1,S2_D55,1,3540,54,Child-Child,2,3,11,output,GGRBYGRYBYGGG,0.6923076923076923,1,0.6153846153846154
S2_D55_P1,S2_D55,1,3540,54,Child-Child,2,4,12,output,YGRYRGYGRBBBB,0.6153846153846154,1,0.6153846153846154
S2_D55_P1,S2_D55,1,3540,54,Child-Child,2,5,13,output,GRBYGGRBRYGGG,0.6923076923076923,1,0.6153846153846154
S2_D55_P1,S2_D55,1,3540,54,Child-Child,2,6,14,output,YGRRYGRYGBBBB,0.6153846153846154,2,0.5384615384615384
S2_D55_P1,S2_D55,1,3540,54,Child-Child,2,7,15,output,GRBYRBYRGGGGG,0.7692307692307692,1,0.38461538461538464
S2_D55_P1,S2_D55,1,3540,54,Child-Child,2,8,16,output,YGRYRGYBRGBBB,0.5384615384615384,1,0.7692307692307693
S2_D55_P2,S2_D55,2,3541,54,Child-Child,1,0,,seed,YYGRYRRBBGRRY,,1,0.7692307692307693
S2_D55_P2,S2_D55,2,3541,54,Child-Child,1,1,1,output,YYGRRBYYRBRRG,0.5384615384615384,1,0.7692307692307693
S2_D55_P2,S2_D55,2,3541,54,Child-Child,1,2,2,output,GGBBGGYYGGRYY,0.6153846153846154,1,0.7692307692307693
S2_D55_P2,S2_D55,2,3541,54,Child-Child,1,3,3,output,YYYGRBYYRYYRG,0.8461538461538461,2,0.6153846153846154
S2_D55_P2,S2_D55,2,3541,54,Child-Child,1,4,4,output,GGBBRYYGGRYBB,0.6153846153846154,1,0.7692307692307693
S2_D55_P2,S2_D55,2,3541,54,Child-Child,1,5,5,output,YYYGRBYRGBBRR,0.6923076923076923,0,0.7692307692307693
S2_D55_P2,S2_D55,2,3541,54,Child-Child,1,6,6,output,GGBRYRRBYYYGG,0.5384615384615384,1,0.7692307692307693
S2_D55_P2,S2_D55,2,3541,54,Child-Child,1,7,7,output,YYYBRBYRGBYYG,0.6153846153846154,1,0.7692307692307693
S2_D55_P2,S2_D55,2,3541,54,Child-Child,1,8,8,output,GGRYYYRRGYRGB,0.6153846153846154,1,0.7692307692307693
S2_D55_P2,S2_D55,2,3541,54,Child-Child,2,0,,seed,GYGGYYRRYGYGB,,2,0.7692307692307693
S2_D55_P2,S2_D55,2,3541,54,Child-Child,2,1,9,output,YGYRGGYYRGBRG,0.46153846153846156,1,0.6153846153846154
S2_D55_P2,S2_D55,2,3541,54,Child-Child,2,2,10,output,GGRRBYGGRYGGG,0.8461538461538461,2,0.6153846153846154
S2_D55_P2,S2_D55,2,3541,54,Child-Child,2,3,11,output,YYRGYYGRGRBBB,0.5384615384615384,1,0.7692307692307693
S2_D55_P2,S2_D55,2,3541,54,Child-Child,2,4,12,output,GGRBYRYBRYGGG,0.8461538461538461,1,0.7692307692307693
S2_D55_P2,S2_D55,2,3541,54,Child-Child,2,5,13,output,YRGRGYRGYGBBB,0.6923076923076923,2,0.6153846153846154
S2_D55_P2,S2_D55,2,3541,54,Child-Child,2,6,14,output,GRBGRYRBGGGGG,0.6153846153846154,1,0.46153846153846156
S2_D55_P2,S2_D55,2,3541,54,Child-Child,2,7,15,output,YRGYYGRBYRBBB,0.5384615384615384,1,0.7692307692307693
S2_D55_P2,S2_D55,2,3541,54,Child-Child,2,8,16,output,RBYGRBYGGGGGG,0.7692307692307692,1,0.38461538461538464
S2_D56_P1,S2_D56,1,3550,55,Adult-Adult,1,0,,seed,BYYGYYRRYBRRY,,1,0.6153846153846154
S2_D56_P1,S2_D56,1,3550,55,Adult-Adult,1,1,1,output,BBGGRRYBBGRYG,0.46153846153846156,1,0.7692307692307693
S2_D56_P1,S2_D56,1,3550,55,Adult-Adult,1,2,2,output,YRYRBGYRYBRGY,0.6153846153846154,1,0.7692307692307693
S2_D56_P1,S2_D56,1,3550,55,Adult-Adult,1,3,3,output,BBGGYYRBYGRYY,0.6923076923076923,1,0.7692307692307693
S2_D56_P1,S2_D56,1,3550,55,Adult-Adult,1,4,4,output,BGBGYRYRBYRGB,0.6923076923076923,1,0.7692307692307693
S2_D56_P1,S2_D56,1,3550,55,Adult-Adult,1,5,5,output,BBGGYYRRBYGRB,0.9230769230769231,1,0.7692307692307693
S2_D56_P1,S2_D56,1,3550,55,Adult-Adult,1,6,6,output,BGBGYRYRBYGRB,0.9230769230769231,1,0.7692307692307693
S2_D56_P1,S2_D56,1,3550,55,Adult-Adult,1,7,7,output,BBGGYYRRBYGRB,1.0,1,0.7692307692307693
S2_D56_P1,S2_D56,1,3550,55,Adult-Adult,1,8,8,output,BGBGYRYRBYGRB,1.0,1,0.7692307692307693
S2_D56_P1,S2_D56,1,3550,55,Adult-Adult,2,0,,seed,BBYGBBRYYRYGB,,1,0.6153846153846154
S2_D56_P1,S2_D56,1,3550,55,Adult-Adult,2,1,9,output,BBYGRYBYGRBYG,0.5384615384615384,2,0.46153846153846156
S2_D56_P1,S2_D56,1,3550,55,Adult-Adult,2,2,10,output,BBRRBBRRRYGYG,0.6923076923076923,1,0.6153846153846154
S2_D56_P1,S2_D56,1,3550,55,Adult-Adult,2,3,11,output,BBYGRBYGRBYGR,0.8461538461538461,1,0.23076923076923078
S2_D56_P1,S2_D56,1,3550,55,Adult-Adult,2,4,12,output,BRRBBRRYGYGRB,0.6923076923076923,1,0.7692307692307693
S2_D56_P1,S2_D56,1,3550,55,Adult-Adult,2,5,13,output,BBYGRBYGRBYGR,1.0,1,0.23076923076923078
S2_D56_P1,S2_D56,1,3550,55,Adult-Adult,2,6,14,output,BBRRBBBYYGGYG,0.6153846153846154,1,0.7692307692307693
S2_D56_P1,S2_D56,1,3550,55,Adult-Adult,2,7,15,output,BBYGRBYGRBYGR,1.0,1,0.23076923076923078
S2_D56_P1,S2_D56,1,3550,55,Adult-Adult,2,8,16,output,BBRRBBBYYGGYG,1.0,1,0.7692307692307693
S2_D56_P2,S2_D56,2,3551,55,Adult-Adult,1,0,,seed,YRYBRYBYRGYBY,,1,0.5384615384615384
S2_D56_P2,S2_D56,2,3551,55,Adult-Adult,1,1,1,output,YRYRYBYGYBRYB,0.6923076923076923,1,0.6153846153846154
S2_D56_P2,S2_D56,2,3551,55,Adult-Adult,1,2,2,output,BBGGYYRBBGYRB,0.5384615384615384,1,0.6153846153846154
S2_D56_P2,S2_D56,2,3551,55,Adult-Adult,1,3,3,output,BGBGYRBGYRGBY,0.46153846153846156,2,0.5384615384615384
S2_D56_P2,S2_D56,2,3551,55,Adult-Adult,1,4,4,output,BBGGYYRRBYGRY,0.8461538461538461,0,0.7692307692307693
S2_D56_P2,S2_D56,2,3551,55,Adult-Adult,1,5,5,output,BGBGYRYRBYGRY,0.7692307692307692,1,0.7692307692307693
S2_D56_P2,S2_D56,2,3551,55,Adult-Adult,1,6,6,output,BBGGYYRRBYGRB,1.0,1,0.7692307692307693
S2_D56_P2,S2_D56,2,3551,55,Adult-Adult,1,7,7,output,BGBGYRYRBYGRB,1.0,1,0.7692307692307693
S2_D56_P2,S2_D56,2,3551,55,Adult-Adult,1,8,8,output,BBGGYYRRBYGRB,1.0,1,0.7692307692307693
S2_D56_P2,S2_D56,2,3551,55,Adult-Adult,2,0,,seed,BRBBBRRRBBYGY,,1,0.6153846153846154
S2_D56_P2,S2_D56,2,3551,55,Adult-Adult,2,1,9,output,BRBBRRRBBYGYG,0.8461538461538461,1,0.6153846153846154
S2_D56_P2,S2_D56,2,3551,55,Adult-Adult,2,2,10,output,BBYGRYGRBYGRY,0.6923076923076923,2,0.38461538461538464
S2_D56_P2,S2_D56,2,3551,55,Adult-Adult,2,3,11,output,BBRRBBRYGYGYG,0.8461538461538461,1,0.5384615384615384
S2_D56_P2,S2_D56,2,3551,55,Adult-Adult,2,4,12,output,BBYGRBYGRBYGR,1.0,1,0.23076923076923078
S2_D56_P2,S2_D56,2,3551,55,Adult-Adult,2,5,13,output,BRRBBRRYGYGYR,0.8461538461538461,1,0.6153846153846154
S2_D56_P2,S2_D56,2,3551,55,Adult-Adult,2,6,14,output,BBYGRBYGRBYGR,1.0,1,0.23076923076923078
S2_D56_P2,S2_D56,2,3551,55,Adult-Adult,2,7,15,output,BBRRBBBYYGGYG,1.0,1,0.7692307692307693
S2_D56_P2,S2_D56,2,3551,55,Adult-Adult,2,8,16,output,BBYGRBYGRBYGR,1.0,1,0.23076923076923078
S2_D57_P1,S2_D57,1,3560,56,Adult-Adult,1,0,,seed,YBYGYBBRGYRRR,,1,0.7692307692307693
S2_D57_P1,S2_D57,1,3560,56,Adult-Adult,1,1,1,output,YBGYBRYGYBRGG,0.5384615384615384,2,0.5384615384615384
S2_D57_P1,S2_D57,1,3560,56,Adult-Adult,1,2,2,output,GRGRYGRBGRYGG,0.7692307692307692,2,0.5384615384615384
S2_D57_P1,S2_D57,1,3560,56,Adult-Adult,1,3,3,output,YBRYGBRYGBYGB,0.6923076923076923,1,0.38461538461538464
S2_D57_P1,S2_D57,1,3560,56,Adult-Adult,1,4,4,output,RGRYGRGRBGRGR,0.6923076923076923,2,0.5384615384615384
S2_D57_P1,S2_D57,1,3560,56,Adult-Adult,1,5,5,output,YBYRYGYBYGRYB,0.6923076923076923,1,0.7692307692307693
S2_D57_P1,S2_D57,1,3560,56,Adult-Adult,1,6,6,output,RYRGRRYRGRGGY,0.5384615384615384,1,0.5384615384615384
S2_D57_P1,S2_D57,1,3560,56,Adult-Adult,1,7,7,output,YBYRGBGYRYBRG,0.7692307692307692,1,0.7692307692307693
S2_D57_P1,S2_D57,1,3560,56,Adult-Adult,1,8,8,output,YRRGRRYRGRRYR,0.6923076923076923,2,0.38461538461538464
S2_D57_P1,S2_D57,1,3560,56,Adult-Adult,2,0,,seed,GBYRGBGRRYYBB,,1,0.7692307692307693
S2_D57_P1,S2_D57,1,3560,56,Adult-Adult,2,1,9,output,GBRBRRRYYBBBY,0.6153846153846154,1,0.7692307692307693
S2_D57_P1,S2_D57,1,3560,56,Adult-Adult,2,2,10,output,BYGRRBGGYYRGG,0.5384615384615384,1,0.7692307692307693
S2_D57_P1,S2_D57,1,3560,56,Adult-Adult,2,3,11,output,GBBGRYBGRBBBB,0.5384615384615384,1,0.5384615384615384
S2_D57_P1,S2_D57,1,3560,56,Adult-Adult,2,4,12,output,YGRGGBYRGBBYG,0.5384615384615384,1,0.7692307692307693
S2_D57_P1,S2_D57,1,3560,56,Adult-Adult,2,5,13,output,GRRYGRRYGBBBB,0.7692307692307692,1,0.46153846153846156
S2_D57_P1,S2_D57,1,3560,56,Adult-Adult,2,6,14,output,GRBYGGRRBYGRR,0.46153846153846156,1,0.5384615384615384
S2_D57_P1,S2_D57,1,3560,56,Adult-Adult,2,7,15,output,GRYGRRYBBBBBB,0.8461538461538461,1,0.46153846153846156
S2_D57_P1,S2_D57,1,3560,56,Adult-Adult,2,8,16,output,GRBYGRRYYBBBB,0.6923076923076923,1,0.6153846153846154
S2_D57_P2,S2_D57,2,3561,56,Adult-Adult,1,0,,seed,GRGRYYRGYGRBR,,1,0.7692307692307693
S2_D57_P2,S2_D57,2,3561,56,Adult-Adult,1,1,1,output,GRGRYGRGGRBYG,0.6923076923076923,1,0.7692307692307693
S2_D57_P2,S2_D57,2,3561,56,Adult-Adult,1,2,2,output,YBGBRYGBRYGBB,0.6153846153846154,2,0.38461538461538464
S2_D57_P2,S2_D57,2,3561,56,Adult-Adult,1,3,3,output,GRGRYGRGRRBRG,0.6923076923076923,2,0.6153846153846154
S2_D57_P2,S2_D57,2,3561,56,Adult-Adult,1,4,4,output,YBRYGYBRYGGYR,0.6923076923076923,1,0.5384615384615384
S2_D57_P2,S2_D57,2,3561,56,Adult-Adult,1,5,5,output,RGRYGRBGYGRGY,0.6923076923076923,2,0.6153846153846154
S2_D57_P2,S2_D57,2,3561,56,Adult-Adult,1,6,6,output,YBYRYBGYBRYBG,0.6923076923076923,2,0.5384615384615384
S2_D57_P2,S2_D57,2,3561,56,Adult-Adult,1,7,7,output,YRGRRYRGRYGGR,0.7692307692307692,1,0.6153846153846154
S2_D57_P2,S2_D57,2,3561,56,Adult-Adult,1,8,8,output,YBYRGYBRGYRBG,0.6923076923076923,1,0.6153846153846154
S2_D57_P2,S2_D57,2,3561,56,Adult-Adult,2,0,,seed,YBGBBGGRRYGYR,,1,0.7692307692307693
S2_D57_P2,S2_D57,2,3561,56,Adult-Adult,2,1,9,output,YBYGGRRBBGRYG,0.46153846153846156,1,0.7692307692307693
S2_D57_P2,S2_D57,2,3561,56,Adult-Adult,2,2,10,output,GBGRRGYRGBBBY,0.6153846153846154,1,0.7692307692307693
S2_D57_P2,S2_D57,2,3561,56,Adult-Adult,2,3,11,output,BYGRRBGGYRBYG,0.7692307692307692,1,0.7692307692307693
S2_D57_P2,S2_D57,2,3561,56,Adult-Adult,2,4,12,output,GGRRYGRYBBBBB,0.5384615384615384,1,0.5384615384615384
S2_D57_P2,S2_D57,2,3561,56,Adult-Adult,2,5,13,output,GRGGBYGRYBGYY,0.6153846153846154,1,0.7692307692307693
S2_D57_P2,S2_D57,2,3561,56,Adult-Adult,2,6,14,output,GRYRGRRBBBBBB,0.6923076923076923,1,0.46153846153846156
S2_D57_P2,S2_D57,2,3561,56,Adult-Adult,2,7,15,output,GRBYGGRRBYRBB,0.7692307692307692,1,0.6153846153846154
S2_D57_P2,S2_D57,2,3561,56,Adult-Adult,2,8,16,output,GRGRRYGRBBBYB,0.6923076923076923,1,0.7692307692307693
S2_D58_P1,S2_D58,1,3570,57,Child-Child,1,0,,seed,YRBGYGGYGBBRB,,1,0.6153846153846154
S2_D58_P1,S2_D58,1,3570,57,Child-Child,1,1,1,output,YRBGYGGBRYGBB,0.6923076923076923,1,0.7692307692307693
S2_D58_P1,S2_D58,1,3570,57,Child-Child,1,2,2,output,BGBRBRBRGBBRB,0.8461538461538461,1,0.46153846153846156
S2_D58_P1,S2_D58,1,3570,57,Child-Child,1,3,3,output,YRGBBYRBBGRBB,0.5384615384615384,1,0.6153846153846154
S2_D58_P1,S2_D58,1,3570,57,Child-Child,1,4,4,output,GBRBRGBRGGGRB,0.46153846153846156,2,0.6153846153846154
S2_D58_P1,S2_D58,1,3570,57,Child-Child,1,5,5,output,RBGRBYRGBBRGY,0.46153846153846156,1,0.7692307692307693
S2_D58_P1,S2_D58,1,3570,57,Child-Child,1,6,6,output,BGRBBGRBBGGBR,0.3846153846153846,2,0.46153846153846156
S2_D58_P1,S2_D58,1,3570,57,Child-Child,1,7,7,output,BRBGRBGBRGRBG,0.6153846153846154,1,0.46153846153846156
S2_D58_P1,S2_D58,1,3570,57,Child-Child,1,8,8,output,BGRBBBBBGRBGB,0.8461538461538461,2,0.46153846153846156
S2_D58_P1,S2_D58,1,3570,57,Child-Child,2,0,,seed,BRRRBGBRRYRBR,,1,0.7692307692307693
S2_D58_P1,S2_D58,1,3570,57,Child-Child,2,1,9,output,BRBRYGRBGRYBR,0.6153846153846154,1,0.7692307692307693
S2_D58_P1,S2_D58,1,3570,57,Child-Child,2,2,10,output,BGYBBYGBYGBGY,0.6153846153846154,1,0.5384615384615384
S2_D58_P1,S2_D58,1,3570,57,Child-Child,2,3,11,output,BGRBRRGBRGBGR,0.5384615384615384,1,0.6153846153846154
S2_D58_P1,S2_D58,1,3570,57,Child-Child,2,4,12,output,YBGGYBYBGYBGY,0.5384615384615384,2,0.5384615384615384
S2_D58_P1,S2_D58,1,3570,57,Child-Child,2,5,13,output,BRGBRRRGBRGBR,0.8461538461538461,2,0.46153846153846156
S2_D58_P1,S2_D58,1,3570,57,Child-Child,2,6,14,output,BYGBYYGBYGBYG,0.6923076923076923,2,0.38461538461538464
S2_D58_P1,S2_D58,1,3570,57,Child-Child,2,7,15,output,BRBRRBRBGBRGR,0.7692307692307692,1,0.6153846153846154
S2_D58_P1,S2_D58,1,3570,57,Child-Child,2,8,16,output,BYGBYYGBYGBYG,1.0,2,0.38461538461538464
S2_D58_P2,S2_D58,2,3571,57,Child-Child,1,0,,seed,BGBRBRBRBBBGR,,1,0.46153846153846156
S2_D58_P2,S2_D58,2,3571,57,Child-Child,1,1,1,output,BGBRBRBRBBBRG,0.8461538461538461,1,0.46153846153846156
S2_D58_P2,S2_D58,2,3571,57,Child-Child,1,2,2,output,YGBBRYGRGRYBB,0.5384615384615384,1,0.7692307692307693
S2_D58_P2,S2_D58,2,3571,57,Child-Child,1,3,3,output,BRBRBGRBBRBGR,0.5384615384615384,2,0.46153846153846156
S2_D58_P2,S2_D58,2,3571,57,Child-Child,1,4,4,output,RGBRGBBBRYBGR,0.46153846153846156,1,0.7692307692307693
S2_D58_P2,S2_D58,2,3571,57,Child-Child,1,5,5,output,BBGBRBGBGBRBG,0.46153846153846156,2,0.38461538461538464
S2_D58_P2,S2_D58,2,3571,57,Child-Child,1,6,6,output,BRBGBRRGRGBGR,0.46153846153846156,1,0.7692307692307693
S2_D58_P2,S2_D58,2,3571,57,Child-Child,1,7,7,output,BGRBBBBGBGRBG,0.6153846153846154,2,0.5384615384615384
S2_D58_P2,S2_D58,2,3571,57,Child-Child,1,8,8,output,BBRBGGBGRBRGR,0.6153846153846154,1,0.7692307692307693
S2_D58_P2,S2_D58,2,3571,57,Child-Child,2,0,,seed,BYYGYBBBGGBBG,,1,0.6153846153846154
S2_D58_P2,S2_D58,2,3571,57,Child-Child,2,1,9,output,BYGBBYGBYYBYB,0.3846153846153846,2,0.6153846153846154
S2_D58_P2,S2_D58,2,3571,57,Child-Child,2,2,10,output,BGRBBGRBBGRBB,0.5384615384615384,1,0.23076923076923078
S2_D58_P2,S2_D58,2,3571,57,Child-Child,2,3,11,output,YBGBYGGBYBYGB,0.46153846153846156,2,0.5384615384615384
S2_D58_P2,S2_D58,2,3571,57,Child-Child,2,4,12,output,BRGBRRRBRGBRG,0.6153846153846154,2,0.5384615384615384
S2_D58_P2,S2_D58,2,3571,57,Child-Child,2,5,13,output,BGYBGBYGBYGBY,0.46153846153846156,2,0.38461538461538464
S2_D58_P2,S2_D58,2,3571,57,Child-Child,2,6,14,output,BRGBRRBRGBRGB,0.8461538461538461,2,0.5384615384615384
S2_D58_P2,S2_D58,2,3571,57,Child-Child,2,7,15,output,BYGBYYGBYGBYG,1.0,2,0.38461538461538464
S2_D58_P2,S2_D58,2,3571,57,Child-Child,2,8,16,output,BRRBBRGBGRBRB,0.5384615384615384,1,0.7692307692307693
S2_D59_P1,S2_D59,1,3580,58,Adult-Adult,1,0,,seed,RGYBRYRBGRYBB,,1,0.7692307692307693
S2_D59_P1,S2_D59,1,3580,58,Adult-Adult,1,1,1,output,RRGYBRYBGRYBB,0.8461538461538461,2,0.6153846153846154
S2_D59_P1,S2_D59,1,3580,58,Adult-Adult,1,2,2,output,YGRRYBGBRYBRB,0.5384615384615384,1,0.6153846153846154
S2_D59_P1,S2_D59,1,3580,58,Adult-Adult,1,3,3,output,RGYRGYBBRRGYB,0.5384615384615384,2,0.5384615384615384
S2_D59_P1,S2_D59,1,3580,58,Adult-Adult,1,4,4,output,YGRYGRRYGBRYR,0.5384615384615384,2,0.6153846153846154
S2_D59_P1,S2_D59,1,3580,58,Adult-Adult,1,5,5,output,RGYRGBRGYBBRY,0.6153846153846154,2,0.7692307692307693
S2_D59_P1,S2_D59,1,3580,58,Adult-Adult,1,6,6,output,YGRRYGRBRBRYG,0.5384615384615384,2,0.6153846153846154
S2_D59_P1,S2_D59,1,3580,58,Adult-Adult,1,7,7,output,RGYRGYRBBRGBR,0.6923076923076923,2,0.6153846153846154
S2_D59_P1,S2_D59,1,3580,58,Adult-Adult,1,8,8,output,YGRYGRRYGBBRY,0.5384615384615384,2,0.6153846153846154
S2_D59_P1,S2_D59,1,3580,58,Adult-Adult,2,0,,seed,GYGRBYRYGGBRG,,1,0.7692307692307693
S2_D59_P1,S2_D59,1,3580,58,Adult-Adult,2,1,9,output,GYRGYBBRYGBRY,0.6153846153846154,1,0.6153846153846154
S2_D59_P1,S2_D59,1,3580,58,Adult-Adult,2,2,10,output,GYBGYRBBRGYBR,0.6153846153846154,2,0.7692307692307693
S2_D59_P1,S2_D59,1,3580,58,Adult-Adult,2,3,11,output,GYRGYRBBRYGBR,0.8461538461538461,1,0.7692307692307693
S2_D59_P1,S2_D59,1,3580,58,Adult-Adult,2,4,12,output,GYRGYRBBGYRBG,0.7692307692307692,2,0.5384615384615384
S2_D59_P1,S2_D59,1,3580,58,Adult-Adult,2,5,13,output,GYRGYBBGYRGYB,0.6923076923076923,2,0.46153846153846156
S2_D59_P1,S2_D59,1,3580,58,Adult-Adult,2,6,14,output,GYRGYBBRBYGBY,0.8461538461538461,1,0.7692307692307693
S2_D59_P1,S2_D59,1,3580,58,Adult-Adult,2,7,15,output,GYRGYBBRBYGBR,0.8461538461538461,1,0.7692307692307693
S2_D59_P1,S2_D59,1,3580,58,Adult-Adult,2,8,16,output,GYRGYBBRBGYRB,0.8461538461538461,2,0.7692307692307693
S2_D59_P2,S2_D59,2,3581,58,Adult-Adult,1,0,,seed,YGRGRBGBYBRYY,,1,0.7692307692307693
S2_D59_P2,S2_D59,2,3581,58,Adult-Adult,1,1,1,output,YGRRYGBBBRGYY,0.6923076923076923,1,0.7692307692307693
S2_D59_P2,S2_D59,2,3581,58,Adult-Adult,1,2,2,output,RGYGRRBYRGRGY,0.3846153846153846,2,0.7692307692307693
S2_D59_P2,S2_D59,2,3581,58,Adult-Adult,1,3,3,output,YGRRYGRBRGYYG,0.5384615384615384,2,0.7692307692307693
S2_D59_P2,S2_D59,2,3581,58,Adult-Adult,1,4,4,output,RGYRGYBBRGYRB,0.8461538461538461,1,0.6153846153846154
S2_D59_P2,S2_D59,2,3581,58,Adult-Adult,1,5,5,output,YGRYGRRGYBBRG,0.6923076923076923,1,0.7692307692307693
S2_D59_P2,S2_D59,2,3581,58,Adult-Adult,1,6,6,output,RGYRGRRYBBRGY,0.7692307692307692,2,0.7692307692307693
S2_D59_P2,S2_D59,2,3581,58,Adult-Adult,1,7,7,output,YGRYGRRBRYGYG,0.6923076923076923,2,0.6153846153846154
S2_D59_P2,S2_D59,2,3581,58,Adult-Adult,1,8,8,output,RGYRGYBBRBRGY,0.6923076923076923,1,0.6153846153846154
S2_D59_P2,S2_D59,2,3581,58,Adult-Adult,2,0,,seed,GBYYRYGBBYRYB,,1,0.6153846153846154
S2_D59_P2,S2_D59,2,3581,58,Adult-Adult,2,1,9,output,GBYGBYRRBRGYB,0.5384615384615384,1,0.7692307692307693
S2_D59_P2,S2_D59,2,3581,58,Adult-Adult,2,2,10,output,GYRGYBBRGYGBR,0.8461538461538461,2,0.6153846153846154
S2_D59_P2,S2_D59,2,3581,58,Adult-Adult,2,3,11,output,GYRGYBBRBGYRG,0.6153846153846154,2,0.6153846153846154
S2_D59_P2,S2_D59,2,3581,58,Adult-Adult,2,4,12,output,GYRGYBBRBGYRG,0.6923076923076923,2,0.6153846153846154
S2_D59_P2,S2_D59,2,3581,58,Adult-Adult,2,5,13,output,GYRGYBBRBYGGR,0.5384615384615384,1,0.7692307692307693
S2_D59_P2,S2_D59,2,3581,58,Adult-Adult,2,6,14,output,GYRGYBBRBRGYR,0.7692307692307692,2,0.6153846153846154
S2_D59_P2,S2_D59,2,3581,58,Adult-Adult,2,7,15,output,GYRGYBBRBBGYR,0.7692307692307692,2,0.7692307692307693
S2_D59_P2,S2_D59,2,3581,58,Adult-Adult,2,8,16,output,GYRGYBBRBRBYG,0.6923076923076923,1,0.6153846153846154
S2_D60_P1,S2_D60,1,3590,59,Child-Child,1,0,,seed,YYRRBGRRYBBGB,,1,0.7692307692307693
S2_D60_P1,S2_D60,1,3590,59,Child-Child,1,1,1,output,YYRRBGRYBRGYR,0.6923076923076923,1,0.7692307692307693
S2_D60_P1,S2_D60,1,3590,59,Child-Child,1,2,2,output,RRRRRRRRRRRRR,0.7692307692307692,2,0.0
S2_D60_P1,S2_D60,1,3590,59,Child-Child,1,3,3,output,YRBGYGRBGGRGY,0.3076923076923077,1,0.6153846153846154
S2_D60_P1,S2_D60,1,3590,59,Child-Child,1,4,4,output,RRRRRRRRRRRRR,1.0,2,0.0
S2_D60_P1,S2_D60,1,3590,59,Child-Child,1,5,5,output,YRBBYRGBYRBGY,0.5384615384615384,2,0.6153846153846154
S2_D60_P1,S2_D60,1,3590,59,Child-Child,1,6,6,output,RRRRRRRRRRRRR,1.0,2,0.0
S2_D60_P1,S2_D60,1,3590,59,Child-Child,1,7,7,output,YRBYRGYBGRYBB,0.6153846153846154,1,0.7692307692307693
S2_D60_P1,S2_D60,1,3590,59,Child-Child,1,8,8,output,RRRRRRRRRRRRR,1.0,2,0.0
S2_D60_P1,S2_D60,1,3590,59,Child-Child,2,0,,seed,RYBYGRRGBRRYG,,1,0.7692307692307693
S2_D60_P1,S2_D60,1,3590,59,Child-Child,2,1,9,output,YRBRGRYGBGYGR,0.46153846153846156,1,0.7692307692307693
S2_D60_P1,S2_D60,1,3590,59,Child-Child,2,2,10,output,RRRRGBYRRRRGY,0.6923076923076923,2,0.5384615384615384
S2_D60_P1,S2_D60,1,3590,59,Child-Child,2,3,11,output,YRBGRYRGYGBBY,0.6153846153846154,1,0.7692307692307693
S2_D60_P1,S2_D60,1,3590,59,Child-Child,2,4,12,output,RRRGBYRRRGYRB,0.6923076923076923,1,0.6153846153846154
S2_D60_P1,S2_D60,1,3590,59,Child-Child,2,5,13,output,RGBYGBYRBGRYB,0.5384615384615384,1,0.6153846153846154
S2_D60_P1,S2_D60,1,3590,59,Child-Child,2,6,14,output,RRRRGYBRRRGYB,0.8461538461538461,1,0.38461538461538464
S2_D60_P1,S2_D60,1,3590,59,Child-Child,2,7,15,output,RGBYRGBBRGYBY,0.6153846153846154,2,0.7692307692307693
S2_D60_P1,S2_D60,1,3590,59,Child-Child,2,8,16,output,RRRGYBRRRRGYR,0.9230769230769231,1,0.5384615384615384
S2_D60_P2,S2_D60,2,3591,59,Child-Child,1,0,,seed,RGBGRYYGYYRGB,,1,0.7692307692307693
S2_D60_P2,S2_D60,2,3591,59,Child-Child,1,1,1,output,RRRRRRRRRRGBB,0.3076923076923077,2,0.23076923076923078
S2_D60_P2,S2_D60,2,3591,59,Child-Child,1,2,2,output,YYRGBRYRYGBYR,0.6153846153846154,1,0.7692307692307693
S2_D60_P2,S2_D60,2,3591,59,Child-Child,1,3,3,output,RRRRRRRRRRRRR,1.0,2,0.0
S2_D60_P2,S2_D60,2,3591,59,Child-Child,1,4,4,output,YRGBYRBYYGRYG,0.46153846153846156,1,0.7692307692307693
S2_D60_P2,S2_D60,2,3591,59,Child-Child,1,5,5,output,RRRRRRRRRRRRR,1.0,2,0.0
S2_D60_P2,S2_D60,2,3591,59,Child-Child,1,6,6,output,YRBYRGBYRGBYR,0.6923076923076923,3,0.3076923076923077
S2_D60_P2,S2_D60,2,3591,59,Child-Child,1,7,7,output,RRRRRRRRRRRRR,1.0,2,0.0
S2_D60_P2,S2_D60,2,3591,59,Child-Child,1,8,8,output,YRBGYBGYRBGYR,0.5384615384615384,2,0.46153846153846156
S2_D60_P2,S2_D60,2,3591,59,Child-Child,2,0,,seed,RGRRBRYYBBBRR,,1,0.7692307692307693
S2_D60_P2,S2_D60,2,3591,59,Child-Child,2,1,9,output,RRRGBYRRRBYRG,0.3846153846153846,1,0.6153846153846154
S2_D60_P2,S2_D60,2,3591,59,Child-Child,2,2,10,output,YRBGYRGYRBYGB,0.5384615384615384,2,0.6153846153846154
S2_D60_P2,S2_D60,2,3591,59,Child-Child,2,3,11,output,RRRRGBYRRRRGY,1.0,2,0.5384615384615384
S2_D60_P2,S2_D60,2,3591,59,Child-Child,2,4,12,output,RYYGRBYRGYRGB,0.46153846153846156,1,0.6153846153846154
S2_D60_P2,S2_D60,2,3591,59,Child-Child,2,5,13,output,RRRGYBRRRGYBR,0.6923076923076923,1,0.38461538461538464
S2_D60_P2,S2_D60,2,3591,59,Child-Child,2,6,14,output,RGBYYBRGBBRYG,0.6153846153846154,1,0.7692307692307693
S2_D60_P2,S2_D60,2,3591,59,Child-Child,2,7,15,output,RRRGYBRRRRGYB,0.8461538461538461,1,0.46153846153846156
S2_D60_P2,S2_D60,2,3591,59,Child-Child,2,8,16,output,RGBYRGBBRGYYB,0.8461538461538461,2,0.7692307692307693
S2_D61_P1,S2_D61,1,3600,60,Child-Child,1,0,,seed,BBRBBYYGBRBRB,,1,0.6153846153846154
S2_D61_P1,S2_D61,1,3600,60,Child-Child,1,1,1,output,BRBRBYYGBRBRB,0.8461538461538461,2,0.5384615384615384
S2_D61_P1,S2_D61,1,3600,60,Child-Child,1,2,2,output,RYGBBBGYRGYRB,0.6153846153846154,1,0.6153846153846154
S2_D61_P1,S2_D61,1,3600,60,Child-Child,1,3,3,output,BBRGYBRBGBYBR,0.5384615384615384,2,0.6153846153846154
S2_D61_P1,S2_D61,1,3600,60,Child-Child,1,4,4,output,RYBBRYGBRYYRB,0.6153846153846154,2,0.6153846153846154
S2_D61_P1,S2_D61,1,3600,60,Child-Child,1,5,5,output,BBRYGBRRYBGYB,0.5384615384615384,1,0.7692307692307693
S2_D61_P1,S2_D61,1,3600,60,Child-Child,1,6,6,output,RRBYRBGYRRBYG,0.46153846153846156,2,0.6153846153846154
S2_D61_P1,S2_D61,1,3600,60,Child-Child,1,7,7,output,BBBYGBBGYBRGB,0.6923076923076923,1,0.7692307692307693
S2_D61_P1,S2_D61,1,3600,60,Child-Child,1,8,8,output,RRBBBYGBBRYGB,0.46153846153846156,1,0.6153846153846154
S2_D61_P1,S2_D61,1,3600,60,Child-Child,2,0,,seed,GBGBRBYRBBYRG,,1,0.6153846153846154
S2_D61_P1,S2_D61,1,3600,60,Child-Child,2,1,9,output,GBGBRBRBBYGRB,0.7692307692307692,1,0.6153846153846154
S2_D61_P1,S2_D61,1,3600,60,Child-Child,2,2,10,output,BGYRRRYBGRYGY,0.3846153846153846,1,0.7692307692307693
S2_D61_P1,S2_D61,1,3600,60,Child-Child,2,3,11,output,GBBBRBBYRBGYR,0.6153846153846154,1,0.7692307692307693
S2_D61_P1,S2_D61,1,3600,60,Child-Child,2,4,12,output,RBBGYRRRBGYRB,0.46153846153846156,1,0.5384615384615384
S2_D61_P1,S2_D61,1,3600,60,Child-Child,2,5,13,output,GBBBBRBBBBBBB,0.8461538461538461,2,0.3076923076923077
S2_D61_P1,S2_D61,1,3600,60,Child-Child,2,6,14,output,BBGGYRRGBYBGR,0.6153846153846154,1,0.7692307692307693
S2_D61_P1,S2_D61,1,3600,60,Child-Child,2,7,15,output,BBBBRRBBBBBBB,1.0,2,0.38461538461538464
S2_D61_P1,S2_D61,1,3600,60,Child-Child,2,8,16,output,BBBGYRRYBGYRB,0.6923076923076923,1,0.5384615384615384
S2_D61_P2,S2_D61,2,3601,60,Child-Child,1,0,,seed,RGYGBRRBYGYYR,,1,0.7692307692307693
S2_D61_P2,S2_D61,2,3601,60,Child-Child,1,1,1,output,RGYGBBBRYGRRY,0.5384615384615384,1,0.7692307692307693
S2_D61_P2,S2_D61,2,3601,60,Child-Child,1,2,2,output,BBRBRBYYBGBRB,0.7692307692307692,2,0.5384615384615384
S2_D61_P2,S2_D61,2,3601,60,Child-Child,1,3,3,output,RRYGBBRYGBBYR,0.46153846153846156,1,0.46153846153846156
S2_D61_P2,S2_D61,2,3601,60,Child-Child,1,4,4,output,BBRGYBRBGBYBR,1.0,2,0.6153846153846154
S2_D61_P2,S2_D61,2,3601,60,Child-Child,1,5,5,output,RRYBYGBRRGYRB,0.6153846153846154,1,0.7692307692307693
S2_D61_P2,S2_D61,2,3601,60,Child-Child,1,6,6,output,BBBYGBBYGRYYB,0.5384615384615384,1,0.5384615384615384
S2_D61_P2,S2_D61,2,3601,60,Child-Child,1,7,7,output,RBBYBBGRRBBYG,0.6923076923076923,2,0.6153846153846154
S2_D61_P2,S2_D61,2,3601,60,Child-Child,1,8,8,output,BBBGYBBGYBBRY,0.6153846153846154,2,0.38461538461538464
S2_D61_P2,S2_D61,2,3601,60,Child-Child,2,0,,seed,BYBYBGRRBGRRY,,1,0.5384615384615384
S2_D61_P2,S2_D61,2,3601,60,Child-Child,2,1,9,output,BBYBBGRRYBBBG,0.46153846153846156,2,0.6153846153846154
S2_D61_P2,S2_D61,2,3601,60,Child-Child,2,2,10,output,GBBGBRBBRBYBB,0.6153846153846154,1,0.6153846153846154
S2_D61_P2,S2_D61,2,3601,60,Child-Child,2,3,11,output,BRBBRYGRRRYBG,0.3076923076923077,1,0.7692307692307693
S2_D61_P2,S2_D61,2,3601,60,Child-Child,2,4,12,output,GBBBRBBBBBBBB,0.6153846153846154,2,0.3076923076923077
S2_D61_P2,S2_D61,2,3601,60,Child-Child,2,5,13,output,BBGGRYBRYBGRB,0.5384615384615384,1,0.6153846153846154
S2_D61_P2,S2_D61,2,3601,60,Child-Child,2,6,14,output,BBBBRRBBBBBBB,0.8461538461538461,2,0.38461538461538464
S2_D61_P2,S2_D61,2,3601,60,Child-Child,2,7,15,output,BBBGGYRRBYBGY,0.7692307692307692,1,0.7692307692307693
S2_D61_P2,S2_D61,2,3601,60,Child-Child,2,8,16,output,BBRRBBBBBBBBB,0.6923076923076923,2,0.23076923076923078
S2_D62_P1,S2_D62,1,3610,61,Adult-Adult,1,0,,seed,BBYGBBBRRYBRB,,1,0.7692307692307693
S2_D62_P1,S2_D62,1,3610,61,Adult-Adult,1,1,1,output,BBYRBBGYBYRRG,0.5384615384615384,1,0.6153846153846154
S2_D62_P1,S2_D62,1,3610,61,Adult-Adult,1,2,2,output,GGYBRRYGRBYYY,0.46153846153846156,0,0.7692307692307693
S2_D62_P1,S2_D62,1,3610,61,Adult-Adult,1,3,3,output,BBYRBBYGBYRBG,0.7692307692307692,1,0.5384615384615384
S2_D62_P1,S2_D62,1,3610,61,Adult-Adult,1,4,4,output,YYGRYYGYYBBBG,0.46153846153846156,2,0.7692307692307693
S2_D62_P1,S2_D62,1,3610,61,Adult-Adult,1,5,5,output,BBYRBBYRBBYGY,0.8461538461538461,2,0.38461538461538464
S2_D62_P1,S2_D62,1,3610,61,Adult-Adult,1,6,6,output,BBYRBBYRBGYBR,0.3846153846153846,1,0.5384615384615384
S2_D62_P1,S2_D62,1,3610,61,Adult-Adult,1,7,7,output,YYRBYYGRYYGYR,0.8461538461538461,2,0.6153846153846154
S2_D62_P1,S2_D62,1,3610,61,Adult-Adult,1,8,8,output,BBYRBBYRBGYGY,0.9230769230769231,1,0.5384615384615384
S2_D62_P1,S2_D62,1,3610,61,Adult-Adult,2,0,,seed,RRRGGRYGRRBYB,,1,0.7692307692307693
S2_D62_P1,S2_D62,1,3610,61,Adult-Adult,2,1,9,output,RRGYRRYRBGBBY,0.3846153846153846,1,0.7692307692307693
S2_D62_P1,S2_D62,1,3610,61,Adult-Adult,2,2,10,output,RYGRYRGBRYGRB,0.6923076923076923,2,0.6153846153846154
S2_D62_P1,S2_D62,1,3610,61,Adult-Adult,2,3,11,output,RRYGRRYBGBRYG,0.9230769230769231,1,0.6153846153846154
S2_D62_P1,S2_D62,1,3610,61,Adult-Adult,2,4,12,output,RRYBRRYGRYGBB,0.6923076923076923,1,0.6153846153846154
S2_D62_P1,S2_D62,1,3610,61,Adult-Adult,2,5,13,output,RRYBRRYGBGBBB,0.6153846153846154,1,0.7692307692307693
S2_D62_P1,S2_D62,1,3610,61,Adult-Adult,2,6,14,output,RRYBRRYGBGBBG,0.6153846153846154,1,0.7692307692307693
S2_D62_P1,S2_D62,1,3610,61,Adult-Adult,2,7,15,output,RRYBRRYGYRBBB,0.7692307692307692,1,0.7692307692307693
S2_D62_P1,S2_D62,1,3610,61,Adult-Adult,2,8,16,output,RRYBRRYGGYBBB,0.7692307692307692,1,0.7692307692307693
S2_D62_P2,S2_D62,2,3611,61,Adult-Adult,1,0,,seed,GYRGYYGBRRBYY,,1,0.7692307692307693
S2_D62_P2,S2_D62,2,3611,61,Adult-Adult,1,1,1,output,GYGGRRYBBBRGY,0.46153846153846156,1,0.7692307692307693
S2_D62_P2,S2_D62,2,3611,61,Adult-Adult,1,2,2,output,BBYRBBYGYYRRB,0.7692307692307692,1,0.7692307692307693
S2_D62_P2,S2_D62,2,3611,61,Adult-Adult,1,3,3,output,GGYRGGYGYGBBB,0.3846153846153846,1,0.6153846153846154
S2_D62_P2,S2_D62,2,3611,61,Adult-Adult,1,4,4,output,BBYRBBYRBGYGB,0.6923076923076923,1,0.5384615384615384
S2_D62_P2,S2_D62,2,3611,61,Adult-Adult,1,5,5,output,YYGRYYGRBGYGB,0.6153846153846154,1,0.6153846153846154
S2_D62_P2,S2_D62,2,3611,61,Adult-Adult,1,6,6,output,YYRBYYBRYYGYB,0.46153846153846156,1,0.7692307692307693
S2_D62_P2,S2_D62,2,3611,61,Adult-Adult,1,7,7,output,BBYRBBYRBGYGB,0.8461538461538461,1,0.5384615384615384
S2_D62_P2,S2_D62,2,3611,61,Adult-Adult,1,8,8,output,YYRBYYRGYGYBB,0.6923076923076923,1,0.7692307692307693
S2_D62_P2,S2_D62,2,3611,61,Adult-Adult,2,0,,seed,RGYRRBYBRGGBG,,1,0.7692307692307693
S2_D62_P2,S2_D62,2,3611,61,Adult-Adult,2,1,9,output,RYGRYRYGBRBRG,0.3846153846153846,2,0.7692307692307693
S2_D62_P2,S2_D62,2,3611,61,Adult-Adult,2,2,10,output,RRYGRRYBGBRYB,0.6153846153846154,1,0.6153846153846154
S2_D62_P2,S2_D62,2,3611,61,Adult-Adult,2,3,11,output,RRYGRRYGBGYGB,0.6153846153846154,1,0.5384615384615384
S2_D62_P2,S2_D62,2,3611,61,Adult-Adult,2,4,12,output,RRYGRRYBYRGBB,0.6153846153846154,1,0.7692307692307693
S2_D62_P2,S2_D62,2,3611,61,Adult-Adult,2,5,13,output,RRYGRRYBRYGBB,0.8461538461538461,1,0.6153846153846154
S2_D62_P2,S2_D62,2,3611,61,Adult-Adult,2,6,14,output,RRYBRRYGBGYBB,0.9230769230769231,1,0.7692307692307693
S2_D62_P2,S2_D62,2,3611,61,Adult-Adult,2,7,15,output,RRYBRRYGBGGBB,0.8461538461538461,1,0.7692307692307693
S2_D62_P2,S2_D62,2,3611,61,Adult-Adult,2,8,16,output,RRYBRRYGYRBBB,1.0,1,0.7692307692307693
S2_D63_P1,S2_D63,1,3620,62,Adult-Adult,1,0,,seed,BBYRRRBGGRYGY,,0,0.7692307692307693
S2_D63_P1,S2_D63,1,3620,62,Adult-Adult,1,1,1,output,BBRRBYYGGYRGY,0.5384615384615384,1,0.7692307692307693
S2_D63_P1,S2_D63,1,3620,62,Adult-Adult,1,2,2,output,YBBBYBYBGRGYR,0.5384615384615384,1,0.6153846153846154
S2_D63_P1,S2_D63,1,3620,62,Adult-Adult,1,3,3,output,BBRBBBYRGRYGR,0.5384615384615384,1,0.7692307692307693
S2_D63_P1,S2_D63,1,3620,62,Adult-Adult,1,4,4,output,YBBYBYGRGBRYG,0.5384615384615384,1,0.7692307692307693
S2_D63_P1,S2_D63,1,3620,62,Adult-Adult,1,5,5,output,BYRBYGRBYGRBY,0.6153846153846154,3,0.3076923076923077
S2_D63_P1,S2_D63,1,3620,62,Adult-Adult,1,6,6,output,YBYBGRYBGRYBG,0.6923076923076923,3,0.3076923076923077
S2_D63_P1,S2_D63,1,3620,62,Adult-Adult,1,7,7,output,BYBGRYBYGRBYG,0.8461538461538461,1,0.6153846153846154
S2_D63_P1,S2_D63,1,3620,62,Adult-Adult,1,8,8,output,YBYBGRYBGRYBG,0.8461538461538461,3,0.3076923076923077
S2_D63_P1,S2_D63,1,3620,62,Adult-Adult,2,0,,seed,YYRBGRGGGBBYB,,0,0.7692307692307693
S2_D63_P1,S2_D63,1,3620,62,Adult-Adult,2,1,9,output,YYRGBGRYGBGRB,0.6153846153846154,1,0.5384615384615384
S2_D63_P1,S2_D63,1,3620,62,Adult-Adult,2,2,10,output,YBGRYBYGBRYRY,0.7692307692307692,1,0.7692307692307693
S2_D63_P1,S2_D63,1,3620,62,Adult-Adult,2,3,11,output,YRGYRGBRGRYRY,0.6923076923076923,2,0.7692307692307693
S2_D63_P1,S2_D63,1,3620,62,Adult-Adult,2,4,12,output,YBGRYBYGRYGBR,0.8461538461538461,1,0.6153846153846154
S2_D63_P1,S2_D63,1,3620,62,Adult-Adult,2,5,13,output,YRGYRGBYRYGYR,0.8461538461538461,2,0.6153846153846154
S2_D63_P1,S2_D63,1,3620,62,Adult-Adult,2,6,14,output,YRGBYRGBYRGYR,0.46153846153846156,3,0.38461538461538464
S2_D63_P1,S2_D63,1,3620,62,Adult-Adult,2,7,15,output,YRGYBGYRGYBRY,0.7692307692307692,2,0.5384615384615384
S2_D63_P1,S2_D63,1,3620,62,Adult-Adult,2,8,16,output,YRGYRGYBYRGYB,0.6923076923076923,2,0.38461538461538464
S2_D63_P2,S2_D63,2,3621,62,Adult-Adult,1,0,,seed,YBBBGYYYRBRGB,,0,0.7692307692307693
S2_D63_P2,S2_D63,2,3621,62,Adult-Adult,1,1,1,output,YBBBYBGYRBYBG,0.5384615384615384,2,0.5384615384615384
S2_D63_P2,S2_D63,2,3621,62,Adult-Adult,1,2,2,output,BBRRBYGRBBGGR,0.5384615384615384,1,0.7692307692307693
S2_D63_P2,S2_D63,2,3621,62,Adult-Adult,1,3,3,output,YBBYBGRBYBGRR,0.6153846153846154,2,0.46153846153846156
S2_D63_P2,S2_D63,2,3621,62,Adult-Adult,1,4,4,output,BBGRBYBGRBYGR,0.6153846153846154,1,0.46153846153846156
S2_D63_P2,S2_D63,2,3621,62,Adult-Adult,1,5,5,output,YBBYBGRYBYGRY,0.6153846153846154,1,0.6153846153846154
S2_D63_P2,S2_D63,2,3621,62,Adult-Adult,1,6,6,output,BYBGRBYGRBYGR,0.6923076923076923,2,0.38461538461538464
S2_D63_P2,S2_D63,2,3621,62,Adult-Adult,1,7,7,output,YBYBGRYBGRGYG,0.8461538461538461,2,0.5384615384615384
S2_D63_P2,S2_D63,2,3621,62,Adult-Adult,1,8,8,output,BYBGRYBGRYBBG,0.7692307692307692,2,0.38461538461538464
S2_D63_P2,S2_D63,2,3621,62,Adult-Adult,2,0,,seed,YBYGRYBYYGBGY,,1,0.7692307692307693
S2_D63_P2,S2_D63,2,3621,62,Adult-Adult,2,1,9,output,YBGRYBYGRYBYY,0.6153846153846154,2,0.46153846153846156
S2_D63_P2,S2_D63,2,3621,62,Adult-Adult,2,2,10,output,YRGRYBYRGRYBY,0.3846153846153846,1,0.38461538461538464
S2_D63_P2,S2_D63,2,3621,62,Adult-Adult,2,3,11,output,YBGRYBYGRYBGR,0.6923076923076923,2,0.5384615384615384
S2_D63_P2,S2_D63,2,3621,62,Adult-Adult,2,4,12,output,YRGYRGBYRGYRY,0.8461538461538461,2,0.5384615384615384
S2_D63_P2,S2_D63,2,3621,62,Adult-Adult,2,5,13,output,YBGRYBGRYGRYB,0.6923076923076923,2,0.38461538461538464
S2_D63_P2,S2_D63,2,3621,62,Adult-Adult,2,6,14,output,YRGYBYRGYBYRG,0.6153846153846154,2,0.3076923076923077
S2_D63_P2,S2_D63,2,3621,62,Adult-Adult,2,7,15,output,YRGYBYRGYRGYB,0.7692307692307692,1,0.46153846153846156
S2_D63_P2,S2_D63,2,3621,62,Adult-Adult,2,8,16,output,YRGYRGYBYRGYB,0.6153846153846154,2,0.38461538461538464
S2_D64_P1,S2_D64,1,3630,63,Child-Child,1,0,,seed,YBRBBYBRYGRRY,,1,0.7692307692307693
S2_D64_P1,S2_D64,1,3630,63,Child-Child,1,1,1,output,YBRRGBRYGBBRB,0.5384615384615384,1,0.7692307692307693
S2_D64_P1,S2_D64,1,3630,63,Child-Child,1,2,2,output,RRBBGGYGGRBYY,0.6923076923076923,1,0.7692307692307693
S2_D64_P1,S2_D64,1,3630,63,Child-Child,1,3,3,output,YBBRGBRGYYRBG,0.3076923076923077,1,0.6153846153846154
S2_D64_P1,S2_D64,1,3630,63,Child-Child,1,4,4,output,RBGYGYYYBBRRG,0.46153846153846156,1,0.7692307692307693
S2_D64_P1,S2_D64,1,3630,63,Child-Child,1,5,5,output,RRBGYRRBGYRBG,0.5384615384615384,1,0.46153846153846156
S2_D64_P1,S2_D64,1,3630,63,Child-Child,1,6,6,output,RBYYGRBGGYRBG,0.3846153846153846,2,0.6153846153846154
S2_D64_P1,S2_D64,1,3630,63,Child-Child,1,7,7,output,RBYGRRYGBRRGB,0.6153846153846154,1,0.7692307692307693
S2_D64_P1,S2_D64,1,3630,63,Child-Child,1,8,8,output,RRYGBYGBYRGYB,0.46153846153846156,1,0.5384615384615384
S2_D64_P1,S2_D64,1,3630,63,Child-Child,2,0,,seed,BGYRGRYBGGRRB,,1,0.7692307692307693
S2_D64_P1,S2_D64,1,3630,63,Child-Child,2,1,9,output,RRBGYRYGRBBYR,0.3846153846153846,1,0.7692307692307693
S2_D64_P1,S2_D64,1,3630,63,Child-Child,2,2,10,output,RBYGRRYBGRYBB,0.3846153846153846,1,0.6153846153846154
S2_D64_P1,S2_D64,1,3630,63,Child-Child,2,3,11,output,RBYGRGBYRGBRY,0.46153846153846156,1,0.6153846153846154
S2_D64_P1,S2_D64,1,3630,63,Child-Child,2,4,12,output,RRGBRRGBYGRYR,0.46153846153846156,1,0.6153846153846154
S2_D64_P1,S2_D64,1,3630,63,Child-Child,2,5,13,output,GGGGGGGGGGGGG,0.15384615384615385,2,0.0
S2_D64_P1,S2_D64,1,3630,63,Child-Child,2,6,14,output,RRYGBRGRBYGRB,0.3846153846153846,1,0.6153846153846154
S2_D64_P1,S2_D64,1,3630,63,Child-Child,2,7,15,output,GGGGGGGGGGGGG,1.0,2,0.0
S2_D64_P1,S2_D64,1,3630,63,Child-Child,2,8,16,output,RBYGBYGRBYRYB,0.46153846153846156,2,0.6153846153846154
S2_D64_P2,S2_D64,2,3631,63,Child-Child,1,0,,seed,RGGYBBGBRBYGG,,1,0.7692307692307693
S2_D64_P2,S2_D64,2,3631,63,Child-Child,1,1,1,output,RRBBGGYYGGRRR,0.3076923076923077,1,0.7692307692307693
S2_D64_P2,S2_D64,2,3631,63,Child-Child,1,2,2,output,BYGRRGGBBRRGY,0.3846153846153846,1,0.6153846153846154
S2_D64_P2,S2_D64,2,3631,63,Child-Child,1,3,3,output,RBYYGGGYYGGBR,0.3846153846153846,1,0.5384615384615384
S2_D64_P2,S2_D64,2,3631,63,Child-Child,1,4,4,output,RRBYGBBYYGRBB,0.46153846153846156,1,0.7692307692307693
S2_D64_P2,S2_D64,2,3631,63,Child-Child,1,5,5,output,RRYYYGGBBRGGY,0.46153846153846156,1,0.7692307692307693
S2_D64_P2,S2_D64,2,3631,63,Child-Child,1,6,6,output,RBGGYRRYYBGRB,0.5384615384615384,1,0.7692307692307693
S2_D64_P2,S2_D64,2,3631,63,Child-Child,1,7,7,output,RBYYGRRGGYRRB,0.7692307692307692,1,0.7692307692307693
S2_D64_P2,S2_D64,2,3631,63,Child-Child,1,8,8,output,RRBBYYGGRBGYR,0.3076923076923077,1,0.7692307692307693
S2_D64_P2,S2_D64,2,3631,63,Child-Child,2,0,,seed,BGRYYRYGYRBBR,,1,0.7692307692307693
S2_D64_P2,S2_D64,2,3631,63,Child-Child,2,1,9,output,BRYYGYYRGYRYY,0.46153846153846156,2,0.6153846153846154
S2_D64_P2,S2_D64,2,3631,63,Child-Child,2,2,10,output,BGRRYYRYGBYYR,0.5384615384615384,1,0.6153846153846154
S2_D64_P2,S2_D64,2,3631,63,Child-Child,2,3,11,output,RRYYGRRYBGBRY,0.6153846153846154,1,0.7692307692307693
S2_D64_P2,S2_D64,2,3631,63,Child-Child,2,4,12,output,RBYRRBGYBRBYG,0.46153846153846156,2,0.7692307692307693
S2_D64_P2,S2_D64,2,3631,63,Child-Child,2,5,13,output,RGBYGRBBRRGYG,0.3846153846153846,1,0.7692307692307693
S2_D64_P2,S2_D64,2,3631,63,Child-Child,2,6,14,output,GGGGGGGGGGGGG,1.0,2,0.0
S2_D64_P2,S2_D64,2,3631,63,Child-Child,2,7,15,output,RYBRGYYRBGGYY,0.46153846153846156,1,0.6153846153846154
S2_D64_P2,S2_D64,2,3631,63,Child-Child,2,8,16,output,GGGGGGGGGGGGG,1.0,2,0.0
S2_D65_P1,S2_D65,1,3640,64,Child-Child,1,0,,seed,BGBYRRYGGBRYY,,1,0.7692307692307693
S2_D65_P1,S2_D65,1,3640,64,Child-Child,1,1,1,output,BBGYRRRYYYBGY,0.46153846153846156,1,0.6153846153846154
S2_D65_P1,S2_D65,1,3640,64,Child-Child,1,2,2,output,BBBBYGRBYGBBR,0.46153846153846156,1,0.6153846153846154
S2_D65_P1,S2_D65,1,3640,64,Child-Child,1,3,3,output,BRYGGYRBBGBYR,0.46153846153846156,1,0.7692307692307693
S2_D65_P1,S2_D65,1,3640,64,Child-Child,1,4,4,output,BBYYGYGYYYRBG,0.7692307692307692,1,0.6153846153846154
S2_D65_P1,S2_D65,1,3640,64,Child-Child,1,5,5,output,YRGBBYRBGBYGG,0.6153846153846154,1,0.7692307692307693
S2_D65_P1,S2_D65,1,3640,64,Child-Child,1,6,6,output,YYYBGRYBYBGRR,0.46153846153846156,2,0.5384615384615384
S2_D65_P1,S2_D65,1,3640,64,Child-Child,1,7,7,output,RYBGYRRRBGYRY,0.46153846153846156,1,0.5384615384615384
S2_D65_P1,S2_D65,1,3640,64,Child-Child,1,8,8,output,YBGRYYYBGRRYB,0.3846153846153846,2,0.6153846153846154
S2_D65_P1,S2_D65,1,3640,64,Child-Child,2,0,,seed,GRBRBYYYRRYYY,,1,0.6153846153846154
S2_D65_P1,S2_D65,1,3640,64,Child-Child,2,1,9,output,GRBYBYYYYYRGY,0.6153846153846154,1,0.5384615384615384
S2_D65_P1,S2_D65,1,3640,64,Child-Child,2,2,10,output,BBBBYRBBBBGGY,0.46153846153846156,2,0.6153846153846154
S2_D65_P1,S2_D65,1,3640,64,Child-Child,2,3,11,output,BGBBGRGBGYBYG,0.6153846153846154,1,0.7692307692307693
S2_D65_P1,S2_D65,1,3640,64,Child-Child,2,4,12,output,BGRBGYRYBGYYG,0.5384615384615384,2,0.6153846153846154
S2_D65_P1,S2_D65,1,3640,64,Child-Child,2,5,13,output,BRGYYYYBRYYYG,0.6153846153846154,1,0.5384615384615384
S2_D65_P1,S2_D65,1,3640,64,Child-Child,2,6,14,output,BGRBBBYBGGRBG,0.6923076923076923,1,0.6153846153846154
S2_D65_P1,S2_D65,1,3640,64,Child-Child,2,7,15,output,BRGYYYYRRGBYB,0.6153846153846154,1,0.6153846153846154
S2_D65_P1,S2_D65,1,3640,64,Child-Child,2,8,16,output,BBRGYBGRYBRGB,0.5384615384615384,1,0.6153846153846154
S2_D65_P2,S2_D65,2,3641,64,Child-Child,1,0,,seed,BBYBGYRGGBBRB,,1,0.7692307692307693
S2_D65_P2,S2_D65,2,3641,64,Child-Child,1,1,1,output,BBYBRGYGRRYRR,0.5384615384615384,1,0.7692307692307693
S2_D65_P2,S2_D65,2,3641,64,Child-Child,1,2,2,output,BYRBGGYGBYRBG,0.3076923076923077,1,0.5384615384615384
S2_D65_P2,S2_D65,2,3641,64,Child-Child,1,3,3,output,BBYYGYGYYRGBR,0.46153846153846156,1,0.6153846153846154
S2_D65_P2,S2_D65,2,3641,64,Child-Child,1,4,4,output,YRGBGYBRBYGRR,0.46153846153846156,0,0.7692307692307693
S2_D65_P2,S2_D65,2,3641,64,Child-Child,1,5,5,output,YYYBYRGYGYYBB,0.46153846153846156,1,0.6153846153846154
S2_D65_P2,S2_D65,2,3641,64,Child-Child,1,6,6,output,RRYGRRYBYBRYG,0.3846153846153846,1,0.6153846153846154
S2_D65_P2,S2_D65,2,3641,64,Child-Child,1,7,7,output,YRGBBGBBRYYBY,0.3076923076923077,1,0.6153846153846154
S2_D65_P2,S2_D65,2,3641,64,Child-Child,1,8,8,output,YRRBGRYGRYBYY,0.46153846153846156,1,0.6153846153846154
S2_D65_P2,S2_D65,2,3641,64,Child-Child,2,0,,seed,BBBBGBRYYGYBR,,1,0.7692307692307693
S2_D65_P2,S2_D65,2,3641,64,Child-Child,2,1,9,output,BBBBGRRBYRRYB,0.6153846153846154,1,0.7692307692307693
S2_D65_P2,S2_D65,2,3641,64,Child-Child,2,2,10,output,BGBGBGRBRGYYB,0.23076923076923073,1,0.6153846153846154
S2_D65_P2,S2_D65,2,3641,64,Child-Child,2,3,11,output,YYBRRBGYRBGRY,0.3846153846153846,1,0.6153846153846154
S2_D65_P2,S2_D65,2,3641,64,Child-Child,2,4,12,output,BRGYYYGBYBRBY,0.3076923076923077,1,0.7692307692307693
S2_D65_P2,S2_D65,2,3641,64,Child-Child,2,5,13,output,BGRBBGBYYRGRB,0.46153846153846156,1,0.6153846153846154
S2_D65_P2,S2_D65,2,3641,64,Child-Child,2,6,14,output,BRGYYYYGBYRGY,0.6153846153846154,1,0.5384615384615384
S2_D65_P2,S2_D65,2,3641,64,Child-Child,2,7,15,output,BBRGYBRBGRRYG,0.5384615384615384,1,0.7692307692307693
S2_D65_P2,S2_D65,2,3641,64,Child-Child,2,8,16,output,BRGYYYYGRBYBY,0.7692307692307692,1,0.6153846153846154
S2_D66_P1,S2_D66,1,3650,65,Adult-Adult,1,0,,seed,YGYRBYYGRGBRY,,1,0.7692307692307693
S2_D66_P1,S2_D66,1,3650,65,Adult-Adult,1,1,1,output,YGYBBRYGRRBRY,0.7692307692307692,1,0.6153846153846154
S2_D66_P1,S2_D66,1,3650,65,Adult-Adult,1,2,2,output,RGRGRRRRGRYRB,0.7692307692307692,1,0.6153846153846154
S2_D66_P1,S2_D66,1,3650,65,Adult-Adult,1,3,3,output,YGYGYRGYYGGGY,0.46153846153846156,1,0.7692307692307693
S2_D66_P1,S2_D66,1,3650,65,Adult-Adult,1,4,4,output,RGRGRRRRBRRRR,0.7692307692307692,2,0.46153846153846156
S2_D66_P1,S2_D66,1,3650,65,Adult-Adult,1,5,5,output,RGGRYRBYYGRYR,0.6153846153846154,1,0.5384615384615384
S2_D66_P1,S2_D66,1,3650,65,Adult-Adult,1,6,6,output,RGRGRRRRRGGRR,0.7692307692307692,1,0.46153846153846156
S2_D66_P1,S2_D66,1,3650,65,Adult-Adult,1,7,7,output,RGRGYRRRBRBGR,0.46153846153846156,1,0.7692307692307693
S2_D66_P1,S2_D66,1,3650,65,Adult-Adult,1,8,8,output,RGRGRRRRGRGRR,0.8461538461538461,2,0.38461538461538464
S2_D66_P1,S2_D66,1,3650,65,Adult-Adult,2,0,,seed,YRRBGRGRBBBYR,,1,0.7692307692307693
S2_D66_P1,S2_D66,1,3650,65,Adult-Adult,2,1,9,output,YRBRRGGYYRBRG,0.3846153846153846,1,0.6153846153846154
S2_D66_P1,S2_D66,1,3650,65,Adult-Adult,2,2,10,output,RGGRRRYRRYGRB,0.5384615384615384,1,0.6153846153846154
S2_D66_P1,S2_D66,1,3650,65,Adult-Adult,2,3,11,output,GRGRYBGRYRRYB,0.5384615384615384,2,0.5384615384615384
S2_D66_P1,S2_D66,1,3650,65,Adult-Adult,2,4,12,output,RGRGRRRYRGRYB,0.8461538461538461,2,0.6153846153846154
S2_D66_P1,S2_D66,1,3650,65,Adult-Adult,2,5,13,output,RGRGRGRRGRRGB,0.6153846153846154,2,0.3076923076923077
S2_D66_P1,S2_D66,1,3650,65,Adult-Adult,2,6,14,output,RGRGRRRYRGRGB,0.8461538461538461,2,0.6153846153846154
S2_D66_P1,S2_D66,1,3650,65,Adult-Adult,2,7,15,output,GRGRRGGRRGRRB,0.7692307692307692,2,0.5384615384615384
S2_D66_P1,S2_D66,1,3650,65,Adult-Adult,2,8,16,output,RGRGRRRYRGRGB,1.0,2,0.6153846153846154
S2_D66_P2,S2_D66,2,3651,65,Adult-Adult,1,0,,seed,RGRYRRRBRRGRR,,1,0.7692307692307693
S2_D66_P2,S2_D66,2,3651,65,Adult-Adult,1,1,1,output,RGRYRRRGRYRBR,0.6923076923076923,1,0.5384615384615384
S2_D66_P2,S2_D66,2,3651,65,Adult-Adult,1,2,2,output,YGYGYBRYGYBBR,0.6153846153846154,2,0.5384615384615384
S2_D66_P2,S2_D66,2,3651,65,Adult-Adult,1,3,3,output,RGRGRRRYRBRGR,0.6923076923076923,2,0.6153846153846154
S2_D66_P2,S2_D66,2,3651,65,Adult-Adult,1,4,4,output,YGGRRRYGYYGYR,0.46153846153846156,2,0.6153846153846154
S2_D66_P2,S2_D66,2,3651,65,Adult-Adult,1,5,5,output,RGRGRRRRBRBRR,0.9230769230769231,1,0.5384615384615384
S2_D66_P2,S2_D66,2,3651,65,Adult-Adult,1,6,6,output,RGGRYRBBRGRYR,0.8461538461538461,1,0.5384615384615384
S2_D66_P2,S2_D66,2,3651,65,Adult-Adult,1,7,7,output,RGRGRRRRGGRGR,0.8461538461538461,1,0.46153846153846156
S2_D66_P2,S2_D66,2,3651,65,Adult-Adult,1,8,8,output,RGRGRRRYRBRGR,0.7692307692307692,2,0.6153846153846154
S2_D66_P2,S2_D66,2,3651,65,Adult-Adult,2,0,,seed,GYGGRBRGBRYRB,,1,0.7692307692307693
S2_D66_P2,S2_D66,2,3651,65,Adult-Adult,2,1,9,output,GRRGRYRBRGRRB,0.5384615384615384,2,0.6153846153846154
S2_D66_P2,S2_D66,2,3651,65,Adult-Adult,2,2,10,output,GGRYBRRGYRYRR,0.46153846153846156,1,0.7692307692307693
S2_D66_P2,S2_D66,2,3651,65,Adult-Adult,2,3,11,output,RGRGRRRYRYGRB,0.8461538461538461,1,0.7692307692307693
S2_D66_P2,S2_D66,2,3651,65,Adult-Adult,2,4,12,output,RGRGRBRGGBBRB,0.46153846153846156,1,0.7692307692307693
S2_D66_P2,S2_D66,2,3651,65,Adult-Adult,2,5,13,output,RGRGRRRYRGRYR,0.9230769230769231,2,0.6153846153846154
S2_D66_P2,S2_D66,2,3651,65,Adult-Adult,2,6,14,output,GRGRRGGRGBRBB,0.6153846153846154,1,0.7692307692307693
S2_D66_P2,S2_D66,2,3651,65,Adult-Adult,2,7,15,output,RGRGRRRYRGRGB,1.0,2,0.6153846153846154
S2_D66_P2,S2_D66,2,3651,65,Adult-Adult,2,8,16,output,RGRGRGGRRGGBR,0.6153846153846154,2,0.5384615384615384
S2_D67_P1,S2_D67,1,3660,66,Adult-Adult,1,0,,seed,GRRBYGBYRRBYB,,2,0.5384615384615384
S2_D67_P1,S2_D67,1,3660,66,Adult-Adult,1,1,1,output,GBBBGBBBBRBYG,0.46153846153846156,1,0.6153846153846154
S2_D67_P1,S2_D67,1,3660,66,Adult-Adult,1,2,2,output,GYBRBBYGBRYGG,0.6153846153846154,1,0.7692307692307693
S2_D67_P1,S2_D67,1,3660,66,Adult-Adult,1,3,3,output,GBBGGGBBBGRYB,0.6153846153846154,1,0.6153846153846154
S2_D67_P1,S2_D67,1,3660,66,Adult-Adult,1,4,4,output,YBBYBGGBYRBGY,0.6153846153846154,1,0.7692307692307693
S2_D67_P1,S2_D67,1,3660,66,Adult-Adult,1,5,5,output,GBGBYRGBRYRYR,0.6923076923076923,1,0.6153846153846154
S2_D67_P1,S2_D67,1,3660,66,Adult-Adult,1,6,6,output,YBYBBRYBYGYGY,0.5384615384615384,1,0.6153846153846154
S2_D67_P1,S2_D67,1,3660,66,Adult-Adult,1,7,7,output,GYGYBYRGYGBYG,0.6153846153846154,1,0.7692307692307693
S2_D67_P1,S2_D67,1,3660,66,Adult-Adult,1,8,8,output,YBYBYRBYGYGYG,0.7692307692307692,1,0.5384615384615384
S2_D67_P1,S2_D67,1,3660,66,Adult-Adult,2,0,,seed,RRBYYYYRRGBRY,,1,0.6153846153846154
S2_D67_P1,S2_D67,1,3660,66,Adult-Adult,2,1,9,output,RRBYYYYRBYGYG,0.6153846153846154,1,0.5384615384615384
S2_D67_P1,S2_D67,1,3660,66,Adult-Adult,2,2,10,output,GYRYRGBGYRRBB,0.5384615384615384,2,0.7692307692307693
S2_D67_P1,S2_D67,1,3660,66,Adult-Adult,2,3,11,output,RYRYYYRGBYRRR,0.6153846153846154,1,0.7692307692307693
S2_D67_P1,S2_D67,1,3660,66,Adult-Adult,2,4,12,output,GYBYGRYGYGYGY,0.7692307692307692,1,0.46153846153846156
S2_D67_P1,S2_D67,1,3660,66,Adult-Adult,2,5,13,output,RYRYRYBGYRBGY,0.9230769230769231,1,0.5384615384615384
S2_D67_P1,S2_D67,1,3660,66,Adult-Adult,2,6,14,output,GYBRYGYGYBRGY,0.8461538461538461,2,0.6153846153846154
S2_D67_P1,S2_D67,1,3660,66,Adult-Adult,2,7,15,output,RYRYBGYRYRYGY,0.6153846153846154,2,0.6153846153846154
S2_D67_P1,S2_D67,1,3660,66,Adult-Adult,2,8,16,output,GYBRGBRYGBGYR,0.6153846153846154,1,0.7692307692307693
S2_D67_P2,S2_D67,2,3661,66,Adult-Adult,1,0,,seed,GGBRBGBYBRGGY,,1,0.7692307692307693
S2_D67_P2,S2_D67,2,3661,66,Adult-Adult,1,1,1,output,GGYBRBYGRYBBG,0.5384615384615384,1,0.7692307692307693
S2_D67_P2,S2_D67,2,3661,66,Adult-Adult,1,2,2,output,GGBBBGBBBGRBY,0.7692307692307692,1,0.46153846153846156
S2_D67_P2,S2_D67,2,3661,66,Adult-Adult,1,3,3,output,YBBGBBYRBGYBY,0.46153846153846156,1,0.7692307692307693
S2_D67_P2,S2_D67,2,3661,66,Adult-Adult,1,4,4,output,GBGBBYGBGYRYB,0.5384615384615384,1,0.7692307692307693
S2_D67_P2,S2_D67,2,3661,66,Adult-Adult,1,5,5,output,YBBYGBYRGYGYG,0.6153846153846154,1,0.6153846153846154
S2_D67_P2,S2_D67,2,3661,66,Adult-Adult,1,6,6,output,GYGBYGBYGRYGY,0.5384615384615384,2,0.46153846153846156
S2_D67_P2,S2_D67,2,3661,66,Adult-Adult,1,7,7,output,YBYBYBRGYGYGY,0.7692307692307692,1,0.46153846153846156
S2_D67_P2,S2_D67,2,3661,66,Adult-Adult,1,8,8,output,GYGYBRYBRGYGY,0.6923076923076923,2,0.5384615384615384
S2_D67_P2,S2_D67,2,3661,66,Adult-Adult,2,0,,seed,GYRYRYBBBGYYR,,1,0.6153846153846154
S2_D67_P2,S2_D67,2,3661,66,Adult-Adult,2,1,9,output,GYRGYBGYGYBRG,0.5384615384615384,2,0.6153846153846154
S2_D67_P2,S2_D67,2,3661,66,Adult-Adult,2,2,10,output,RYRRYYYRGYBGY,0.5384615384615384,1,0.7692307692307693
S2_D67_P2,S2_D67,2,3661,66,Adult-Adult,2,3,11,output,GYBYRRYGBYGYG,0.3846153846153846,1,0.7692307692307693
S2_D67_P2,S2_D67,2,3661,66,Adult-Adult,2,4,12,output,RYRYRYBGYRYGY,0.5384615384615384,1,0.5384615384615384
S2_D67_P2,S2_D67,2,3661,66,Adult-Adult,2,5,13,output,GYBRYGYGYBGYG,0.6923076923076923,2,0.5384615384615384
S2_D67_P2,S2_D67,2,3661,66,Adult-Adult,2,6,14,output,RYRYRYBGYRGGY,0.9230769230769231,1,0.6153846153846154
S2_D67_P2,S2_D67,2,3661,66,Adult-Adult,2,7,15,output,GYBRGYRGYRGYB,0.6923076923076923,2,0.38461538461538464
S2_D67_P2,S2_D67,2,3661,66,Adult-Adult,2,8,16,output,RYRYGBYRGYBYG,0.6153846153846154,1,0.7692307692307693
S2_D68_P1,S2_D68,1,3670,67,Child-Child,1,0,,seed,YRBRGBBRYBRBY,,1,0.7692307692307693
S2_D68_P1,S2_D68,1,3670,67,Child-Child,1,1,1,output,YRBGYYRBBGYRR,0.3846153846153846,1,0.6153846153846154
S2_D68_P1,S2_D68,1,3670,67,Child-Child,1,2,2,output,RRBYGYYYRGBBY,0.6153846153846154,1,0.7692307692307693
S2_D68_P1,S2_D68,1,3670,67,Child-Child,1,3,3,output,YRBBGYRYBYGRY,0.6923076923076923,1,0.7692307692307693
S2_D68_P1,S2_D68,1,3670,67,Child-Child,1,4,4,output,RBBYGRBGYYYBB,0.7692307692307692,1,0.7692307692307693
S2_D68_P1,S2_D68,1,3670,67,Child-Child,1,5,5,output,RBYYGBBRYYGBR,0.6153846153846154,1,0.5384615384615384
S2_D68_P1,S2_D68,1,3670,67,Child-Child,1,6,6,output,RBGYBGYRBRBYB,0.6153846153846154,1,0.6153846153846154
S2_D68_P1,S2_D68,1,3670,67,Child-Child,1,7,7,output,RBGYGGBBYYRBB,0.6153846153846154,1,0.7692307692307693
S2_D68_P1,S2_D68,1,3670,67,Child-Child,1,8,8,output,RBYGRBYGRBGRR,0.8461538461538461,2,0.46153846153846156
S2_D68_P1,S2_D68,1,3670,67,Child-Child,2,0,,seed,RBYRRYBBYGGYY,,1,0.7692307692307693
S2_D68_P1,S2_D68,1,3670,67,Child-Child,2,1,9,output,RBYRRYYGRBYYR,0.6153846153846154,1,0.7692307692307693
S2_D68_P1,S2_D68,1,3670,67,Child-Child,2,2,10,output,RYGRBGRBYRGBY,0.6923076923076923,1,0.6153846153846154
S2_D68_P1,S2_D68,1,3670,67,Child-Child,2,3,11,output,RBGBYGRYBRGRG,0.5384615384615384,1,0.7692307692307693
S2_D68_P1,S2_D68,1,3670,67,Child-Child,2,4,12,output,YGBRYGRRGBRYR,0.6153846153846154,1,0.5384615384615384
S2_D68_P1,S2_D68,1,3670,67,Child-Child,2,5,13,output,RBYGRBYGGRBBY,0.8461538461538461,2,0.5384615384615384
S2_D68_P1,S2_D68,1,3670,67,Child-Child,2,6,14,output,RBGYRGBYRYGYB,0.46153846153846156,1,0.7692307692307693
S2_D68_P1,S2_D68,1,3670,67,Child-Child,2,7,15,output,RBYGGRBYYGRBY,1.0,2,0.5384615384615384
S2_D68_P1,S2_D68,1,3670,67,Child-Child,2,8,16,output,RBYGRRBYRBBGY,0.6153846153846154,2,0.7692307692307693
S2_D68_P2,S2_D68,2,3671,67,Child-Child,1,0,,seed,RGRBGYYBRGBYY,,1,0.7692307692307693
S2_D68_P2,S2_D68,2,3671,67,Child-Child,1,1,1,output,RBYGYYYRBYGRY,0.46153846153846156,1,0.6153846153846154
S2_D68_P2,S2_D68,2,3671,67,Child-Child,1,2,2,output,YRBGYRRYBGRYB,0.6153846153846154,1,0.6153846153846154
S2_D68_P2,S2_D68,2,3671,67,Child-Child,1,3,3,output,RBYGRBGYYYRBG,0.46153846153846156,2,0.6153846153846154
S2_D68_P2,S2_D68,2,3671,67,Child-Child,1,4,4,output,YRBYYGRBYGYBR,0.46153846153846156,1,0.6153846153846154
S2_D68_P2,S2_D68,2,3671,67,Child-Child,1,5,5,output,RBGYYRBGYYRBY,0.6923076923076923,2,0.38461538461538464
S2_D68_P2,S2_D68,2,3671,67,Child-Child,1,6,6,output,YRBGYYRBBGYRB,0.46153846153846156,1,0.6153846153846154
S2_D68_P2,S2_D68,2,3671,67,Child-Child,1,7,7,output,RBYGRBYGYRBGR,0.46153846153846156,2,0.6153846153846154
S2_D68_P2,S2_D68,2,3671,67,Child-Child,1,8,8,output,BGYBBGRBYRYYG,0.3846153846153846,1,0.7692307692307693
S2_D68_P2,S2_D68,2,3671,67,Child-Child,2,0,,seed,RYGRGRBYBRGGY,,1,0.7692307692307693
S2_D68_P2,S2_D68,2,3671,67,Child-Child,2,1,9,output,RYGRYBGRBGYRB,0.46153846153846156,1,0.7692307692307693
S2_D68_P2,S2_D68,2,3671,67,Child-Child,2,2,10,output,RBYYGRBYRGRYR,0.5384615384615384,1,0.7692307692307693
S2_D68_P2,S2_D68,2,3671,67,Child-Child,2,3,11,output,RYGBRYGRBYGRY,0.6923076923076923,2,0.6153846153846154
S2_D68_P2,S2_D68,2,3671,67,Child-Child,2,4,12,output,RBYGRBYGGYRBY,0.46153846153846156,2,0.5384615384615384
S2_D68_P2,S2_D68,2,3671,67,Child-Child,2,5,13,output,RYGBYRBGRBYGG,0.3846153846153846,1,0.7692307692307693
S2_D68_P2,S2_D68,2,3671,67,Child-Child,2,6,14,output,RBYGGRBYYGRBY,0.7692307692307692,2,0.5384615384615384
S2_D68_P2,S2_D68,2,3671,67,Child-Child,2,7,15,output,RBYGRGBYRGYRB,0.6923076923076923,1,0.7692307692307693
S2_D68_P2,S2_D68,2,3671,67,Child-Child,2,8,16,output,RBYGGRBYYGRBY,1.0,2,0.5384615384615384
S2_D69_P1,S2_D69,1,3680,68,Child-Child,1,0,,seed,RBBGBBBGGGYBG,,1,0.6153846153846154
S2_D69_P1,S2_D69,1,3680,68,Child-Child,1,1,1,output,RBBGGGYBBBGYR,0.46153846153846156,1,0.6153846153846154
S2_D69_P1,S2_D69,1,3680,68,Child-Child,1,2,2,output,RBYGRRRRBYRRB,0.6923076923076923,1,0.5384615384615384
S2_D69_P1,S2_D69,1,3680,68,Child-Child,1,3,3,output,RBYYRBYRBYGRB,0.7692307692307692,2,0.5384615384615384
S2_D69_P1,S2_D69,1,3680,68,Child-Child,1,4,4,output,RBRRRBYYRBYRB,0.3846153846153846,2,0.6153846153846154
S2_D69_P1,S2_D69,1,3680,68,Child-Child,1,5,5,output,RBYYYYGRBYYYY,0.6923076923076923,2,0.38461538461538464
S2_D69_P1,S2_D69,1,3680,68,Child-Child,1,6,6,output,RBYYRBYGRBYYR,0.6153846153846154,2,0.5384615384615384
S2_D69_P1,S2_D69,1,3680,68,Child-Child,1,7,7,output,RBYYYYRBYYYYG,1.0,2,0.38461538461538464
S2_D69_P1,S2_D69,1,3680,68,Child-Child,1,8,8,output,RBYYYYYGYRBYB,0.6923076923076923,1,0.5384615384615384
S2_D69_P1,S2_D69,1,3680,68,Child-Child,2,0,,seed,RRYGGYGGRRBYG,,2,0.6153846153846154
S2_D69_P1,S2_D69,1,3680,68,Child-Child,2,1,9,output,RYYYGRYBBYGRB,0.3846153846153846,1,0.6153846153846154
S2_D69_P1,S2_D69,1,3680,68,Child-Child,2,2,10,output,RBYGRBYYGRBYG,0.46153846153846156,2,0.46153846153846156
S2_D69_P1,S2_D69,1,3680,68,Child-Child,2,3,11,output,RBYYYYGRBYYGR,0.6153846153846154,2,0.46153846153846156
S2_D69_P1,S2_D69,1,3680,68,Child-Child,2,4,12,output,RYGBRYGBYBBRY,0.5384615384615384,2,0.5384615384615384
S2_D69_P1,S2_D69,1,3680,68,Child-Child,2,5,13,output,GRBYYYYYYGRBY,0.6923076923076923,1,0.38461538461538464
S2_D69_P1,S2_D69,1,3680,68,Child-Child,2,6,14,output,BYYYYRBYYYRBY,0.5384615384615384,2,0.3076923076923077
S2_D69_P1,S2_D69,1,3680,68,Child-Child,2,7,15,output,GRBYYYYYYGRBY,1.0,1,0.38461538461538464
S2_D69_P1,S2_D69,1,3680,68,Child-Child,2,8,16,output,RBYYYYGRBYRYY,0.7692307692307692,1,0.6153846153846154
S2_D69_P2,S2_D69,2,3681,68,Child-Child,1,0,,seed,GRBRBGRRRGBGY,,1,0.7692307692307693
S2_D69_P2,S2_D69,2,3681,68,Child-Child,1,1,1,output,RRBYGRRRRBGYR,0.6153846153846154,2,0.6153846153846154
S2_D69_P2,S2_D69,2,3681,68,Child-Child,1,2,2,output,RBYYGRBYRBRGB,0.3846153846153846,2,0.7692307692307693
S2_D69_P2,S2_D69,2,3681,68,Child-Child,1,3,3,output,RRRBRRYBRRBBY,0.3846153846153846,2,0.6153846153846154
S2_D69_P2,S2_D69,2,3681,68,Child-Child,1,4,4,output,BYRBYYYGRBYYY,0.46153846153846156,2,0.46153846153846156
S2_D69_P2,S2_D69,2,3681,68,Child-Child,1,5,5,output,RYBRBYRGRBYBY,0.46153846153846156,1,0.6153846153846154
S2_D69_P2,S2_D69,2,3681,68,Child-Child,1,6,6,output,RBYYYYRBYYYYG,0.8461538461538461,2,0.38461538461538464
S2_D69_P2,S2_D69,2,3681,68,Child-Child,1,7,7,output,RBYYYRBYYGRBY,0.6923076923076923,2,0.5384615384615384
S2_D69_P2,S2_D69,2,3681,68,Child-Child,1,8,8,output,RBYYYYGRBYYYY,0.8461538461538461,2,0.38461538461538464
S2_D69_P2,S2_D69,2,3681,68,Child-Child,2,0,,seed,BBGGYBRYBGBGY,,1,0.7692307692307693
S2_D69_P2,S2_D69,2,3681,68,Child-Child,2,1,9,output,BBBYBRBBBYGRB,0.46153846153846156,1,0.6153846153846154
S2_D69_P2,S2_D69,2,3681,68,Child-Child,2,2,10,output,RYYYGRBBYGRBR,0.8461538461538461,1,0.5384615384615384
S2_D69_P2,S2_D69,2,3681,68,Child-Child,2,3,11,output,RYGBBBRYBGRYB,0.46153846153846156,2,0.6153846153846154
S2_D69_P2,S2_D69,2,3681,68,Child-Child,2,4,12,output,GRBYYYYGRBYYG,0.8461538461538461,2,0.46153846153846156
S2_D69_P2,S2_D69,2,3681,68,Child-Child,2,5,13,output,BYYYYBRYBYBRR,0.46153846153846156,1,0.5384615384615384
S2_D69_P2,S2_D69,2,3681,68,Child-Child,2,6,14,output,GRBYYYYYYGRBY,1.0,1,0.38461538461538464
S2_D69_P2,S2_D69,2,3681,68,Child-Child,2,7,15,output,RBYYYYRBYYYYR,0.6923076923076923,2,0.3076923076923077
S2_D69_P2,S2_D69,2,3681,68,Child-Child,2,8,16,output,GRBYYYYYYGRBY,1.0,1,0.38461538461538464
S2_D70_P1,S2_D70,1,3690,69,Adult-Adult,1,0,,seed,RRGYYBYGGGYYY,,1,0.6153846153846154
S2_D70_P1,S2_D70,1,3690,69,Adult-Adult,1,1,1,output,RRGYBBYYGRGGY,0.6153846153846154,1,0.7692307692307693
S2_D70_P1,S2_D70,1,3690,69,Adult-Adult,1,2,2,output,BGRRRBRGGYGRB,0.5384615384615384,1,0.7692307692307693
S2_D70_P1,S2_D70,1,3690,69,Adult-Adult,1,3,3,output,RRGYBRBBYGBGR,0.6153846153846154,0,0.7692307692307693
S2_D70_P1,S2_D70,1,3690,69,Adult-Adult,1,4,4,output,BGRRBYGYRBBRG,0.3846153846153846,1,0.7692307692307693
S2_D70_P1,S2_D70,1,3690,69,Adult-Adult,1,5,5,output,RRGGBBYGRRBBY,0.6153846153846154,1,0.6153846153846154
S2_D70_P1,S2_D70,1,3690,69,Adult-Adult,1,6,6,output,BBRGYGRBRYGGY,0.6153846153846154,1,0.7692307692307693
S2_D70_P1,S2_D70,1,3690,69,Adult-Adult,1,7,7,output,RRGGBYGGYRBRG,0.46153846153846156,1,0.7692307692307693
S2_D70_P1,S2_D70,1,3690,69,Adult-Adult,1,8,8,output,BBRGYYBRRGYYB,0.8461538461538461,1,0.46153846153846156
S2_D70_P1,S2_D70,1,3690,69,Adult-Adult,2,0,,seed,GYRRRYBYYRRYB,,1,0.5384615384615384
S2_D70_P1,S2_D70,1,3690,69,Adult-Adult,2,1,9,output,GYRRRBYRYGBYB,0.6923076923076923,1,0.7692307692307693
S2_D70_P1,S2_D70,1,3690,69,Adult-Adult,2,2,10,output,GGGGYBGYRBYGB,0.6923076923076923,1,0.7692307692307693
S2_D70_P1,S2_D70,1,3690,69,Adult-Adult,2,3,11,output,GGYBRGYYRBBGY,0.7692307692307692,1,0.7692307692307693
S2_D70_P1,S2_D70,1,3690,69,Adult-Adult,2,4,12,output,GGGGYBGYRBGGY,0.6923076923076923,1,0.6153846153846154
S2_D70_P1,S2_D70,1,3690,69,Adult-Adult,2,5,13,output,GGYBRGYRBGYGR,0.8461538461538461,1,0.7692307692307693
S2_D70_P1,S2_D70,1,3690,69,Adult-Adult,2,6,14,output,GGGGYRBGYRGGY,0.6923076923076923,1,0.5384615384615384
S2_D70_P1,S2_D70,1,3690,69,Adult-Adult,2,7,15,output,GGYBRGYRGBYGG,0.6153846153846154,1,0.7692307692307693
S2_D70_P1,S2_D70,1,3690,69,Adult-Adult,2,8,16,output,GGGGYBRGYBRGG,0.7692307692307692,1,0.46153846153846156
S2_D70_P2,S2_D70,2,3691,69,Adult-Adult,1,0,,seed,BGRRBBGBYGRRB,,1,0.5384615384615384
S2_D70_P2,S2_D70,2,3691,69,Adult-Adult,1,1,1,output,BGRRBGRRYBRRB,0.6923076923076923,1,0.5384615384615384
S2_D70_P2,S2_D70,2,3691,69,Adult-Adult,1,2,2,output,RRGYBBRRGYBBG,0.5384615384615384,1,0.46153846153846156
S2_D70_P2,S2_D70,2,3691,69,Adult-Adult,1,3,3,output,BBGGRYBBGRRYB,0.3846153846153846,1,0.6153846153846154
S2_D70_P2,S2_D70,2,3691,69,Adult-Adult,1,4,4,output,RRGYBBRRGGBBY,0.5384615384615384,1,0.7692307692307693
S2_D70_P2,S2_D70,2,3691,69,Adult-Adult,1,5,5,output,BRRGYBBRRGYGY,0.3846153846153846,1,0.5384615384615384
S2_D70_P2,S2_D70,2,3691,69,Adult-Adult,1,6,6,output,RRGGBBYRRGGBB,0.6923076923076923,1,0.46153846153846156
S2_D70_P2,S2_D70,2,3691,69,Adult-Adult,1,7,7,output,BBRGYYBRRGGYY,0.6923076923076923,1,0.6153846153846154
S2_D70_P2,S2_D70,2,3691,69,Adult-Adult,1,8,8,output,RBBGYRRBBGYGG,0.23076923076923073,1,0.5384615384615384
S2_D70_P2,S2_D70,2,3691,69,Adult-Adult,2,0,,seed,GGGGYGBGRYRGY,,1,0.7692307692307693
S2_D70_P2,S2_D70,2,3691,69,Adult-Adult,2,1,9,output,GGGGYBGYGYRGY,0.7692307692307692,1,0.7692307692307693
S2_D70_P2,S2_D70,2,3691,69,Adult-Adult,2,2,10,output,GGYBRGYYGBGYR,0.46153846153846156,1,0.7692307692307693
S2_D70_P2,S2_D70,2,3691,69,Adult-Adult,2,3,11,output,GGGGYBGYRGYBG,0.7692307692307692,1,0.5384615384615384
S2_D70_P2,S2_D70,2,3691,69,Adult-Adult,2,4,12,output,GGYBRGYRBYGYG,0.7692307692307692,1,0.7692307692307693
S2_D70_P2,S2_D70,2,3691,69,Adult-Adult,2,5,13,output,GGGGYBRYGGYGY,0.6923076923076923,2,0.6153846153846154
S2_D70_P2,S2_D70,2,3691,69,Adult-Adult,2,6,14,output,GGYBRGGYRBGYR,0.8461538461538461,1,0.6153846153846154
S2_D70_P2,S2_D70,2,3691,69,Adult-Adult,2,7,15,output,GGGGYBRGGYRGY,0.7692307692307692,2,0.6153846153846154
S2_D70_P2,S2_D70,2,3691,69,Adult-Adult,2,8,16,output,GGYBRGYBRGYBR,0.6923076923076923,1,0.23076923076923078
S2_D71_P1,S2_D71,1,3700,70,Adult-Adult,1,0,,seed,YRRYRGBRYYGGY,,1,0.7692307692307693
S2_D71_P1,S2_D71,1,3700,70,Adult-Adult,1,1,1,output,YRRYRBGRYBGBY,0.6923076923076923,1,0.7692307692307693
S2_D71_P1,S2_D71,1,3700,70,Adult-Adult,1,2,2,output,BBYYRRGYBRYGB,0.7692307692307692,0,0.7692307692307693
S2_D71_P1,S2_D71,1,3700,70,Adult-Adult,1,3,3,output,RRRGYBRYYGRBY,0.7692307692307692,0,0.7692307692307693
S2_D71_P1,S2_D71,1,3700,70,Adult-Adult,1,4,4,output,BBRRGGYYBRGYB,0.6153846153846154,1,0.7692307692307693
S2_D71_P1,S2_D71,1,3700,70,Adult-Adult,1,5,5,output,RRRGYBRRYGYBR,0.6923076923076923,1,0.5384615384615384
S2_D71_P1,S2_D71,1,3700,70,Adult-Adult,1,6,6,output,RRGGYYBRGYBRG,0.8461538461538461,2,0.5384615384615384
S2_D71_P1,S2_D71,1,3700,70,Adult-Adult,1,7,7,output,RRRGYBRGYBRYB,0.6923076923076923,1,0.46153846153846156
S2_D71_P1,S2_D71,1,3700,70,Adult-Adult,1,8,8,output,RRGGYYBRGYBRG,1.0,2,0.5384615384615384
S2_D71_P1,S2_D71,1,3700,70,Adult-Adult,2,0,,seed,YGGRRGGGGYYRY,,1,0.6153846153846154
S2_D71_P1,S2_D71,1,3700,70,Adult-Adult,2,1,9,output,YGRRGGGYRGYRG,0.6153846153846154,2,0.5384615384615384
S2_D71_P1,S2_D71,1,3700,70,Adult-Adult,2,2,10,output,RBRBGYRBGYRBG,0.8461538461538461,3,0.3076923076923077
S2_D71_P1,S2_D71,1,3700,70,Adult-Adult,2,3,11,output,YYGRYGRYBRGYY,0.7692307692307692,1,0.5384615384615384
S2_D71_P1,S2_D71,1,3700,70,Adult-Adult,2,4,12,output,RBRBGYRBYGYRB,0.6923076923076923,2,0.5384615384615384
S2_D71_P1,S2_D71,1,3700,70,Adult-Adult,2,5,13,output,YGYGRBYGYBRYG,0.6923076923076923,1,0.7692307692307693
S2_D71_P1,S2_D71,1,3700,70,Adult-Adult,2,6,14,output,RBGYBRBYGBRYB,0.6923076923076923,1,0.7692307692307693
S2_D71_P1,S2_D71,1,3700,70,Adult-Adult,2,7,15,output,YGYGRBRYBRBYG,0.7692307692307692,1,0.7692307692307693
S2_D71_P1,S2_D71,1,3700,70,Adult-Adult,2,8,16,output,RBRBYGBRBYGRB,0.8461538461538461,2,0.46153846153846156
S2_D71_P2,S2_D71,2,3701,70,Adult-Adult,1,0,,seed,BGGRGYBGGRGYR,,1,0.46153846153846156
S2_D71_P2,S2_D71,2,3701,70,Adult-Adult,1,1,1,output,BBYYRRGYBGRRB,0.3846153846153846,1,0.7692307692307693
S2_D71_P2,S2_D71,2,3701,70,Adult-Adult,1,2,2,output,RRRGYBRGYRBRY,0.3846153846153846,1,0.6153846153846154
S2_D71_P2,S2_D71,2,3701,70,Adult-Adult,1,3,3,output,BBYYGYBBRGYYB,0.6153846153846154,1,0.7692307692307693
S2_D71_P2,S2_D71,2,3701,70,Adult-Adult,1,4,4,output,RRRGYBRYGBRYB,0.6923076923076923,1,0.6153846153846154
S2_D71_P2,S2_D71,2,3701,70,Adult-Adult,1,5,5,output,BRRGGYYBRGBRG,0.6923076923076923,2,0.6153846153846154
S2_D71_P2,S2_D71,2,3701,70,Adult-Adult,1,6,6,output,RRRGYBRGYRBGR,0.6923076923076923,1,0.6153846153846154
S2_D71_P2,S2_D71,2,3701,70,Adult-Adult,1,7,7,output,RRGGYYBRGYBRG,1.0,2,0.5384615384615384
S2_D71_P2,S2_D71,2,3701,70,Adult-Adult,1,8,8,output,RRRGYBRGYBRYB,1.0,1,0.46153846153846156
S2_D71_P2,S2_D71,2,3701,70,Adult-Adult,2,0,,seed,RBRGBRBYGBBBR,,1,0.7692307692307693
S2_D71_P2,S2_D71,2,3701,70,Adult-Adult,2,1,9,output,RBRBGYRBGRBYG,0.5384615384615384,2,0.6153846153846154
S2_D71_P2,S2_D71,2,3701,70,Adult-Adult,2,2,10,output,YYGRYGRBRGYGR,0.46153846153846156,1,0.5384615384615384
S2_D71_P2,S2_D71,2,3701,70,Adult-Adult,2,3,11,output,RBRBGYRYRBGYR,0.6923076923076923,2,0.46153846153846156
S2_D71_P2,S2_D71,2,3701,70,Adult-Adult,2,4,12,output,YGYGRBGYRBYGR,0.46153846153846156,1,0.6153846153846154
S2_D71_P2,S2_D71,2,3701,70,Adult-Adult,2,5,13,output,RBGYRBYRBGYRB,0.6923076923076923,3,0.46153846153846156
S2_D71_P2,S2_D71,2,3701,70,Adult-Adult,2,6,14,output,YGYGBRYYRGBYG,0.6153846153846154,1,0.7692307692307693
S2_D71_P2,S2_D71,2,3701,70,Adult-Adult,2,7,15,output,RBRBYGBRYGRBR,0.5384615384615384,1,0.7692307692307693
S2_D71_P2,S2_D71,2,3701,70,Adult-Adult,2,8,16,output,YGYGRBYGBRGYR,0.6923076923076923,1,0.7692307692307693
