participant_id,dyad_id,member,source_participant_id,source_pair_id,condition,block,trial_in_block,global_trial,presented_sequence,reproduced_sequence,logged_accuracy,reproduction_accuracy
S2_D01_P1,S2_D01,1,3000,0,Child-Child,1,1,1,RBRGBGRRBYRYR,RBRGRYBRRRYBR,0.5384615384615384,0.5384615384615384
S2_D01_P1,S2_D01,1,3000,0,Child-Child,1,2,2,GYGBBYRRBYGGB,GYGBYRBGYRYGR,0.5384615384615384,0.5384615384615384
S2_D01_P1,S2_D01,1,3000,0,Child-Child,1,3,3,RRBGYRBYGRRRY,RBYRRRBGYRYGB,0.3076923076923077,0.3076923076923077
S2_D01_P1,S2_D01,1,3000,0,Child-Child,1,4,4,GGBYGRBGYYRRG,GGRYYRBGGGRRR,0.6153846153846154,0.6153846153846154
S2_D01_P1,S2_D01,1,3000,0,Child-Child,1,5,5,RBGYRBBGYRRBG,RBGYRRBGYRRBG,0.9230769230769232,0.9230769230769231
S2_D01_P1,S2_D01,1,3000,0,Child-Child,1,6,6,RYGBBRRGYBBRY,RRYGBRRBYGGRY,0.6153846153846154,0.6153846153846154
S2_D01_P1,S2_D01,1,3000,0,Child-Child,1,7,7,RBGYRBGYRRRBG,RBGYRBGYRRRBG,1.0,1.0
S2_D01_P1,S2_D01,1,3000,0,Child-Child,1,8,8,RRYGBRRBGYRRB,RRYGRRBYGRRYG,0.6153846153846154,0.6153846153846154
S2_D01_P1,S2_D01,1,3000,0,Child-Child,2,1,9,BGYGGRBGBYYRB,BYRBGYBBGYBBY,0.3846153846153846,0.3846153846153846
S2_D01_P1,S2_D01,1,3000,0,Child-Child,2,2,10,RYRYRRBGYRRYB,RYRYRRBRGBBRY,0.6923076923076923,0.6923076923076923
S2_D01_P1,S2_D01,1,3000,0,Child-Child,2,3,11,RBYGRBBYRBYGR,RBYGRBYRRBYGY,0.7692307692307692,0.7692307692307692
S2_D01_P1,S2_D01,1,3000,0,Child-Child,2,4,12,RYRRYRBBRRYGB,RRYRBRYGBRYGB,0.6153846153846154,0.6153846153846154
S2_D01_P1,S2_D01,1,3000,0,Child-Child,2,5,13,RBYGRBYRRBYGR,BYGRBYRBYGBRB,0.6923076923076923,0.6923076923076923
S2_D01_P1,S2_D01,1,3000,0,Child-Child,2,6,14,RYRYBRGRRBYRR,RYBRYGBRYBGRY,0.4615384615384615,0.46153846153846156
S2_D01_P1,S2_D01,1,3000,0,Child-Child,2,7,15,GGBBGBRYRGBBB,GBGGBRGGBRYGB,0.4615384615384615,0.46153846153846156
S2_D01_P1,S2_D01,1,3000,0,Child-Child,2,8,16,RBYRBYGRBYRRY,RBYRBYGRBYRBY,0.9230769230769232,0.9230769230769231
S2_D01_P2,S2_D01,2,3001,0,Child-Child,1,1,1,GYGRGBGBYBGYG,GYGBBYRRBYGGB,0.3846153846153846,0.3846153846153846
S2_D01_P2,S2_D01,2,3001,0,Child-Child,1,2,2,RBRGRYBRRRYBR,RRBGYRBYGRRRY,0.4615384615384615,0.46153846153846156
S2_D01_P2,S2_D01,2,3001,0,Child-Child,1,3,3,GYGBYRBGYRYGR,GGBYGRBGYYRRG,0.6153846153846154,0.6153846153846154
S2_D01_P2,S2_D01,2,3001,0,Child-Child,1,4,4,RBYRRRBGYRYGB,RBGYRBBGYRRBG,0.5384615384615384,0.5384615384615384
S2_D01_P2,S2_D01,2,3001,0,Child-Child,1,5,5,GGRYYRBGGGRRR,RYGBBRRGYBBRY,0.2307692307692307,0.23076923076923073
S2_D01_P2,S2_D01,2,3001,0,Child-Child,1,6,6,RBGYRRBGYRRBG,RBGYRBGYRRRBG,0.8461538461538461,0.8461538461538461
S2_D01_P2,S2_D01,2,3001,0,Child-Child,1,7,7,RRYGBRRBYGGRY,RRYGBRRBGYRRB,0.6923076923076923,0.6923076923076923
S2_D01_P2,S2_D01,2,3001,0,Child-Child,1,8,8,RBGYRBGYRRRBG,RBGYRBGYRRRBG,1.0,1.0
S2_D01_P2,S2_D01,2,3001,0,Child-Child,2,1,9,RYRRGGRBYRYYB,RYRYRRBGYRRYB,0.6153846153846154,0.6153846153846154
S2_D01_P2,S2_D01,2,3001,0,Child-Child,2,2,10,BYRBGYBBGYBBY,RBYGRBBYRBYGR,0.3846153846153846,0.3846153846153846
S2_D01_P2,S2_D01,2,3001,0,Child-Child,2,3,11,RYRYRRBRGBBRY,RYRRYRBBRRYGB,0.4615384615384615,0.46153846153846156
S2_D01_P2,S2_D01,2,3001,0,Child-Child,2,4,12,RBYGRBYRRBYGY,RBYGRBYRRBYGR,0.9230769230769232,0.9230769230769231
S2_D01_P2,S2_D01,2,3001,0,Child-Child,2,5,13,RRYRBRYGBRYGB,RYRYBRGRRBYRR,0.4615384615384615,0.46153846153846156
S2_D01_P2,S2_D01,2,3001,0,Child-Child,2,6,14,BYGRBYRBYGBRB,GGBBGBRYRGBBB,0.3846153846153846,0.3846153846153846
S2_D01_P2,S2_D01,2,3001,0,Child-Child,2,7,15,RYBRYGBRYBGRY,RBYRBYGRBYRRY,0.4615384615384615,0.46153846153846156
S2_D01_P2,S2_D01,2,3001,0,Child-Child,2,8,16,GBGGBRGGBRYGB,GBGGBRGBGBRYG,0.8461538461538461,0.8461538461538461
S2_D02_P1,S2_D02,1,3010,1,Adult-Adult,1,1,1,GYRGYGYYGYYRY,GYRGYYGYGYRGY,0.6923076923076923,0.6923076923076923
S2_D02_P1,S2_D02,1,3010,1,Adult-Adult,1,2,2,RYYRGRYGRRYRR,RYGRYYGRYRRRR,0.6153846153846154,0.6153846153846154
S2_D02_P1,S2_D02,1,3010,1,Adult-Adult,1,3,3,GYGYGYRGYGYGY,GYGYGYRGYGYGY,1.0,1.0
S2_D02_P1,S2_D02,1,3010,1,Adult-Adult,1,4,4,RYGRYYRYRRRRR,RYRYRYGRYRRRR,0.6923076923076923,0.6923076923076923
S2_D02_P1,S2_D02,1,3010,1,Adult-Adult,1,5,5,GYGYGYRGYGYGY,GYGYGYRGYGYGY,1.0,1.0
S2_D02_P1,S2_D02,1,3010,1,Adult-Adult,1,6,6,RYRYRYGRRRRRR,RYRYRYGRYRYRR,0.8461538461538461,0.8461538461538461
S2_D02_P1,S2_D02,1,3010,1,Adult-Adult,1,7,7,GYGYGYRGYGYGY,GYGYGYRGYGYGY,1.0,1.0
S2_D02_P1,S2_D02,1,3010,1,Adult-Adult,1,8,8,YRYRYGRYRYRRR,YRYRYRGYRYRYR,0.7692307692307692,0.7692307692307692
S2_D02_P1,S2_D02,1,3010,1,Adult-Adult,2,1,9,RGGGBBRYBYYYG,RGRGBRGRGRRRR,0.3076923076923077,0.3076923076923077
S2_D02_P1,S2_D02,1,3010,1,Adult-Adult,2,2,10,YGYGGRYGYGYGR,YGYGYGRYGYGYG,0.8461538461538461,0.8461538461538461
S2_D02_P1,S2_D02,1,3010,1,Adult-Adult,2,3,11,RGRGBRGRGRRRR,RGRGRGBRGRGRR,0.7692307692307692,0.7692307692307692
S2_D02_P1,S2_D02,1,3010,1,Adult-Adult,2,4,12,YGYGYGRYGYGYG,YGYGYGRYGYGYG,1.0,1.0
S2_D02_P1,S2_D02,1,3010,1,Adult-Adult,2,5,13,RGRGRGBRGRGRR,RGRGRGBRGRGRR,1.0,1.0
S2_D02_P1,S2_D02,1,3010,1,Adult-Adult,2,6,14,YGYGYGRYGYGYG,YGYGYGRYGYGYG,1.0,1.0
S2_D02_P1,S2_D02,1,3010,1,Adult-Adult,2,7,15,RGRGRGBRGRGRG,RGRGRGBRGGRGR,0.8461538461538461,0.8461538461538461
S2_D02_P1,S2_D02,1,3010,1,Adult-Adult,2,8,16,YGYGYGRYGYGYG,YGYGYGRYGYGYG,1.0,1.0
S2_D02_P2,S2_D02,2,3011,1,Adult-Adult,1,1,1,RYYRRGRBYYGRG,RYYRGRYGRRYRR,0.5384615384615384,0.5384615384615384
S2_D02_P2,S2_D02,2,3011,1,Adult-Adult,1,2,2,GYRGYYGYGYRGY,GYGYGYRGYGYGY,0.6923076923076923,0.6923076923076923
S2_D02_P2,S2_D02,2,3011,1,Adult-Adult,1,3,3,RYGRYYGRYRRRR,RYGRYYRYRRRRR,0.8461538461538461,0.8461538461538461
S2_D02_P2,S2_D02,2,3011,1,Adult-Adult,1,4,4,GYGYGYRGYGYGY,GYGYGYRGYGYGY,1.0,1.0
S2_D02_P2,S2_D02,2,3011,1,Adult-Adult,1,5,5,RYRYRYGRYRRRR,RYRYRYGRRRRRR,0.9230769230769232,0.9230769230769231
S2_D02_P2,S2_D02,2,3011,1,Adult-Adult,1,6,6,GYGYGYRGYGYGY,GYGYGYRGYGYGY,1.0,1.0
S2_D02_P2,S2_D02,2,3011,1,Adult-Adult,1,7,7,RYRYRYGRYRYRR,YRYRYGRYRYRRR,0.8461538461538461,0.8461538461538461
S2_D02_P2,S2_D02,2,3011,1,Adult-Adult,1,8,8,GYGYGYRGYGYGY,GYGYGYRGYGYGY,1.0,1.0
S2_D02_P2,S2_D02,2,3011,1,Adult-Adult,2,1,9,YGGYRYGYRGRBY,YGYGGRYGYGYGR,0.5384615384615384,0.5384615384615384
S2_D02_P2,S2_D02,2,3011,1,Adult-Adult,2,2,10,RGRGBRGRGRRRR,RGRGBRGRGRRRR,1.0,1.0
S2_D02_P2,S2_D02,2,3011,1,Adult-Adult,2,3,11,YGYGYGRYGYGYG,YGYGYGRYGYGYG,1.0,1.0
S2_D02_P2,S2_D02,2,3011,1,Adult-Adult,2,4,12,RGRGRGBRGRGRR,RGRGRGBRGRGRR,1.0,1.0
S2_D02_P2,S2_D02,2,3011,1,Adult-Adult,2,5,13,YGYGYGRYGYGYG,YGYGYGRYGYGYG,1.0,1.0
S2_D02_P2,S2_D02,2,3011,1,Adult-Adult,2,6,14,RGRGRGBRGRGRR,RGRGRGBRGRGRG,0.9230769230769232,0.9230769230769231
S2_D02_P2,S2_D02,2,3011,1,Adult-Adult,2,7,15,YGYGYGRYGYGYG,YGYGYGRYGYGYG,1.0,1.0
S2_D02_P2,S2_D02,2,3011,1,Adult-Adult,2,8,16,RGRGRGBRGGRGR,RGRGRGBRGGRGR,1.0,1.0
S2_D03_P1,S2_D03,1,3020,2,Child-Child,1,1,1,BRRGGGGGBRYYG,BRBGGBRYYYBBR,0.3846153846153846,0.3846153846153846
S2_D03_P1,S2_D03,1,3020,2,Child-Child,1,2,2,RBYGGYRRRBBGY,RBYGGYBYRRRBY,0.6923076923076923,0.6923076923076923
S2_D03_P1,S2_D03,1,3020,2,Child-Child,1,3,3,RRRBBYYGGYYYR,RRGYRBYGGYRBR,0.5384615384615384,0.5384615384615384
S2_D03_P1,S2_D03,1,3020,2,Child-Child,1,4,4,RBBYGGYYRBRBY,RBBGGYGYRBBGG,0.6153846153846154,0.6153846153846154
S2_D03_P1,S2_D03,1,3020,2,Child-Child,1,5,5,RRYYGYRBBRYGB,RRBGGYRRBBGYY,0.5384615384615384,0.5384615384615384
S2_D03_P1,S2_D03,1,3020,2,Child-Child,1,6,6,RRYYGYGGBBBBB,RRYYGGGGGBBBB,0.8461538461538461,0.8461538461538461
S2_D03_P1,S2_D03,1,3020,2,Child-Child,1,7,7,BBGGYRRBBGGYR,BBGGYRBGGYRBB,0.6923076923076923,0.6923076923076923
S2_D03_P1,S2_D03,1,3020,2,Child-Child,1,8,8,RRYGGGGGBBBBB,RRRYGGGGGGBBB,0.7692307692307692,0.7692307692307692
S2_D03_P1,S2_D03,1,3020,2,Child-Child,2,1,9,RYYRGRGRYBGRB,RYYRYRGRGGGRB,0.7692307692307692,0.7692307692307692
S2_D03_P1,S2_D03,1,3020,2,Child-Child,2,2,10,BBBGRGRYYGBRG,RGRRGRYRBRRYR,0.3076923076923077,0.3076923076923077
S2_D03_P1,S2_D03,1,3020,2,Child-Child,2,3,11,RRYYGGGGBBRYB,RRYGGGGBRYRRB,0.6923076923076923,0.6923076923076923
S2_D03_P1,S2_D03,1,3020,2,Child-Child,2,4,12,RRGRGYYRYBBRY,RRYGBGYGBRYGB,0.4615384615384615,0.46153846153846156
S2_D03_P1,S2_D03,1,3020,2,Child-Child,2,5,13,RRYGRRBRYGRBB,RRYRGRYRBRBRY,0.5384615384615384,0.5384615384615384
S2_D03_P1,S2_D03,1,3020,2,Child-Child,2,6,14,RRYYRGRGYRGBR,RYYRGRGRRRBRG,0.6923076923076923,0.6923076923076923
S2_D03_P1,S2_D03,1,3020,2,Child-Child,2,7,15,RRYGRRBRBRBYR,GGRBRBRBRBRYR,0.6153846153846154,0.6153846153846154
S2_D03_P1,S2_D03,1,3020,2,Child-Child,2,8,16,RRYRYRRGGRGRG,RRYRYRGRGRGRY,0.7692307692307692,0.7692307692307692
S2_D03_P2,S2_D03,2,3021,2,Child-Child,1,1,1,RBYGBGYBYRRRG,RBYGGYRRRBBGY,0.5384615384615384,0.5384615384615384
S2_D03_P2,S2_D03,2,3021,2,Child-Child,1,2,2,BRBGGBRYYYBBR,RRRBBYYGGYYYR,0.3076923076923077,0.3076923076923077
S2_D03_P2,S2_D03,2,3021,2,Child-Child,1,3,3,RBYGGYBYRRRBY,RBBYGGYYRBRBY,0.7692307692307692,0.7692307692307692
S2_D03_P2,S2_D03,2,3021,2,Child-Child,1,4,4,RRGYRBYGGYRBR,RRYYGYRBBRYGB,0.4615384615384615,0.46153846153846156
S2_D03_P2,S2_D03,2,3021,2,Child-Child,1,5,5,RBBGGYGYRBBGG,RRYYGYGGBBBBB,0.4615384615384615,0.46153846153846156
S2_D03_P2,S2_D03,2,3021,2,Child-Child,1,6,6,RRBGGYRRBBGYY,BBGGYRRBBGGYR,0.6923076923076923,0.6923076923076923
S2_D03_P2,S2_D03,2,3021,2,Child-Child,1,7,7,RRYYGGGGGBBBB,RRYGGGGGBBBBB,0.8461538461538461,0.8461538461538461
S2_D03_P2,S2_D03,2,3021,2,Child-Child,1,8,8,BBGGYRBGGYRBB,BBGGYRBBGGYRB,0.8461538461538461,0.8461538461538461
S2_D03_P2,S2_D03,2,3021,2,Child-Child,2,1,9,BBBRGRGRYBGRY,BBBGRGRYYGBRG,0.6923076923076923,0.6923076923076923
S2_D03_P2,S2_D03,2,3021,2,Child-Child,2,2,10,RYYRYRGRGGGRB,RRYYGGGGBBRYB,0.4615384615384615,0.46153846153846156
S2_D03_P2,S2_D03,2,3021,2,Child-Child,2,3,11,RGRRGRYRBRRYR,RRGRGYYRYBBRY,0.5384615384615384,0.5384615384615384
S2_D03_P2,S2_D03,2,3021,2,Child-Child,2,4,12,RRYGGGGBRYRRB,RRYGRRBRYGRBB,0.6153846153846154,0.6153846153846154
S2_D03_P2,S2_D03,2,3021,2,Child-Child,2,5,13,RRYGBGYGBRYGB,RRYYRGRGYRGBR,0.5384615384615384,0.5384615384615384
S2_D03_P2,S2_D03,2,3021,2,Child-Child,2,6,14,RRYRGRYRBRBRY,RRYGRRBRBRBYR,0.6923076923076923,0.6923076923076923
S2_D03_P2,S2_D03,2,3021,2,Child-Child,2,7,15,RYYRGRGRRRBRG,RRYRYRRGGRGRG,0.5384615384615384,0.5384615384615384
S2_D03_P2,S2_D03,2,3021,2,Child-Child,2,8,16,GGRBRBRBRBRYR,GGGRGRRBRBRBR,0.6923076923076923,0.6923076923076923
S2_D04_P1,S2_D04,1,3030,3,Adult-Adult,1,1,1,BGGGYYYRRGGGR,BGGGYGRRBGYYR,0.615384615,0.6153846153846154
S2_D04_P1,S2_D04,1,3030,3,Adult-Adult,1,2,2,RRYYRRBBYGGRY,RRRYYGGYYRBGY,0.384615385,0.3846153846153846
S2_D04_P1,S2_D04,1,3030,3,Adult-Adult,1,3,3,BGGGYRYBYGGYY,BBGGYYRBGGRYY,0.615384615,0.6153846153846154
S2_D04_P1,S2_D04,1,3030,3,Adult-Adult,1,4,4,RRRYYGGYBBYGB,RRRYYGGBGYYRR,0.615384615,0.6153846153846154
S2_D04_P1,S2_D04,1,3030,3,Adult-Adult,1,5,5,RRRYYGGYYRRBB,RRYYGGYYRRBRB,0.846153846,0.8461538461538461
S2_D04_P1,S2_D04,1,3030,3,Adult-Adult,1,6,6,RRRYYGGBBYGYB,RRRYGGYYBYGYB,0.769230769,0.7692307692307692
S2_D04_P1,S2_D04,1,3030,3,Adult-Adult,1,7,7,RRYYGGYRRYBYG,RRYGGYYBYGRBY,0.538461538,0.5384615384615384
S2_D04_P1,S2_D04,1,3030,3,Adult-Adult,1,8,8,RRRYYGGYBYGYB,RRYGGYBYGYBGY,0.692307692,0.6923076923076923
S2_D04_P1,S2_D04,1,3030,3,Adult-Adult,2,1,9,GRRRBBRGYRBBB,GGGRRBGYRRBGY,0.461538462,0.46153846153846156
S2_D04_P1,S2_D04,1,3030,3,Adult-Adult,2,2,10,GGRYBGRGYBGGR,GGRYBGGBBYYRG,0.615384615,0.6153846153846154
S2_D04_P1,S2_D04,1,3030,3,Adult-Adult,2,3,11,GGGRRYBGRYGYB,GGGRYBGGRYBRB,0.692307692,0.6923076923076923
S2_D04_P1,S2_D04,1,3030,3,Adult-Adult,2,4,12,GGRYBGRYBGGGB,GGGGRRYYGBGGB,0.538461538,0.5384615384615384
S2_D04_P1,S2_D04,1,3030,3,Adult-Adult,2,5,13,GGGRYBGGRYBGG,GGRYBGGRYGGRY,0.692307692,0.6923076923076923
S2_D04_P1,S2_D04,1,3030,3,Adult-Adult,2,6,14,GGGRYGBGGYRBG,GGRYBGGYRGGRY,0.615384615,0.6153846153846154
S2_D04_P1,S2_D04,1,3030,3,Adult-Adult,2,7,15,GGRYBGRYBGGYR,GGRYBGGYRBGRY,0.692307692,0.6923076923076923
S2_D04_P1,S2_D04,1,3030,3,Adult-Adult,2,8,16,GGRYBGGRYGGBG,GGRGGRYGGBYGR,0.692307692,0.6923076923076923
S2_D04_P2,S2_D04,2,3031,3,Adult-Adult,1,1,1,RRYBRYGRBBYYB,RRYYRRBBYGGRY,0.461538462,0.46153846153846156
S2_D04_P2,S2_D04,2,3031,3,Adult-Adult,1,2,2,BGGGYGRRBGYYR,BGGGYRYBYGGYY,0.615384615,0.6153846153846154
S2_D04_P2,S2_D04,2,3031,3,Adult-Adult,1,3,3,RRRYYGGYYRBGY,RRRYYGGYBBYGB,0.692307692,0.6923076923076923
S2_D04_P2,S2_D04,2,3031,3,Adult-Adult,1,4,4,BBGGYYRBGGRYY,RRRYYGGYYRRBB,0.230769231,0.23076923076923073
S2_D04_P2,S2_D04,2,3031,3,Adult-Adult,1,5,5,RRRYYGGBGYYRR,RRRYYGGBBYGYB,0.692307692,0.6923076923076923
S2_D04_P2,S2_D04,2,3031,3,Adult-Adult,1,6,6,RRYYGGYYRRBRB,RRYYGGYRRYBYG,0.692307692,0.6923076923076923
S2_D04_P2,S2_D04,2,3031,3,Adult-Adult,1,7,7,RRRYGGYYBYGYB,RRRYYGGYBYGYB,0.846153846,0.8461538461538461
S2_D04_P2,S2_D04,2,3031,3,Adult-Adult,1,8,8,RRYGGYYBYGRBY,RRYGGYBBYGYBB,0.769230769,0.7692307692307692
S2_D04_P2,S2_D04,2,3031,3,Adult-Adult,2,1,9,GGRYBBGBGRYGR,GGRYBGRGYBGGR,0.615384615,0.6153846153846154
S2_D04_P2,S2_D04,2,3031,3,Adult-Adult,2,2,10,GGGRRBGYRRBGY,GGGRRYBGRYGYB,0.615384615,0.6153846153846154
S2_D04_P2,S2_D04,2,3031,3,Adult-Adult,2,3,11,GGRYBGGBBYYRG,GGRYBGRYBGGGB,0.538461538,0.5384615384615384
S2_D04_P2,S2_D04,2,3031,3,Adult-Adult,2,4,12,GGGRYBGGRYBRB,GGGRYBGGRYBGG,0.846153846,0.8461538461538461
S2_D04_P2,S2_D04,2,3031,3,Adult-Adult,2,5,13,GGGGRRYYGBGGB,GGGRYGBGGYRBG,0.538461538,0.5384615384615384
S2_D04_P2,S2_D04,2,3031,3,Adult-Adult,2,6,14,GGRYBGGRYGGRY,GGRYBGRYBGGYR,0.692307692,0.6923076923076923
S2_D04_P2,S2_D04,2,3031,3,Adult-Adult,2,7,15,GGRYBGGYRGGRY,GGRYBGGRYGGBG,0.692307692,0.6923076923076923
S2_D04_P2,S2_D04,2,3031,3,Adult-Adult,2,8,16,GGRYBGGYRBGRY,GGGRYBGRYBGYR,0.615384615,0.6153846153846154
S2_D05_P1,S2_D05,1,3040,4,Child-Child,1,1,1,GYRYYGBGYYRBG,GGYRYYRBGRYGB,0.615384615,0.6153846153846154
S2_D05_P1,S2_D05,1,3040,4,Child-Child,1,2,2,GYBRRRRRRGYBB,GYRRRRBGBBBBY,0.538461538,0.5384615384615384
S2_D05_P1,S2_D05,1,3040,4,Child-Child,1,3,3,GYBRRGYBRRGRY,GYRBBRGYGYBBR,0.461538462,0.46153846153846156
S2_D05_P1,S2_D05,1,3040,4,Child-Child,1,4,4,GYRRRRBGYRBGY,GYRRRBGYRGBGY,0.846153846,0.8461538461538461
S2_D05_P1,S2_D05,1,3040,4,Child-Child,1,5,5,GYRBBBGYGYRBG,GYRBGYRBGGYRB,0.615384615,0.6153846153846154
S2_D05_P1,S2_D05,1,3040,4,Child-Child,1,6,6,GYRRRRBGBYRBG,GYRRBGYGGRBGY,0.538461538,0.5384615384615384
S2_D05_P1,S2_D05,1,3040,4,Child-Child,1,7,7,GYRBGYRBGYRBG,GYRBGYRBGBGYR,0.692307692,0.6923076923076923
S2_D05_P1,S2_D05,1,3040,4,Child-Child,1,8,8,GYRBBGYRBGYGY,GYRBGYRBGYYGY,0.846153846,0.8461538461538461
S2_D05_P1,S2_D05,1,3040,4,Child-Child,2,1,9,BYRGGYBYRGRYG,BYGBGYRGYGYYR,0.461538462,0.46153846153846156
S2_D05_P1,S2_D05,1,3040,4,Child-Child,2,2,10,GBGBRYRYBGYRB,BGYRBGYRBGYRB,0.615384615,0.6153846153846154
S2_D05_P1,S2_D05,1,3040,4,Child-Child,2,3,11,BGBGBYGBRGYBG,GYBGYRYGBGYGY,0.461538462,0.46153846153846156
S2_D05_P1,S2_D05,1,3040,4,Child-Child,2,4,12,BGYRBGYRBGYRB,BGYRBGYRBGYRB,1.0,1.0
S2_D05_P1,S2_D05,1,3040,4,Child-Child,2,5,13,GBYGBYGRBYGRY,GBYGBYGBYRBYG,0.692307692,0.6923076923076923
S2_D05_P1,S2_D05,1,3040,4,Child-Child,2,6,14,GYRBGYRBGYRBG,GYRBGYRBGYRBG,1.0,1.0
S2_D05_P1,S2_D05,1,3040,4,Child-Child,2,7,15,GBYGBYGBYRGBY,GBYGBYGBYRBYG,0.846153846,0.8461538461538461
S2_D05_P1,S2_D05,1,3040,4,Child-Child,2,8,16,GYRBGYRBGYRBG,GYRBGYRBGYRBG,1.0,1.0
S2_D05_P2,S2_D05,2,3041,4,Child-Child,1,1,1,GYBGRRRRRGGBB,GYBRRRRRRGYBB,0.846153846,0.8461538461538461
S2_D05_P2,S2_D05,2,3041,4,Child-Child,1,2,2,GGYRYYRBGRYGB,GYBRRGYBRRGRY,0.384615385,0.3846153846153846
S2_D05_P2,S2_D05,2,3041,4,Child-Child,1,3,3,GYRRRRBGBBBBY,GYRRRRBGYRBGY,0.769230769,0.7692307692307692
S2_D05_P2,S2_D05,2,3041,4,Child-Child,1,4,4,GYRBBRGYGYBBR,GYRBBBGYGYRBG,0.769230769,0.7692307692307692
S2_D05_P2,S2_D05,2,3041,4,Child-Child,1,5,5,GYRRRBGYRGBGY,GYRRRRBGBYRBG,0.692307692,0.6923076923076923
S2_D05_P2,S2_D05,2,3041,4,Child-Child,1,6,6,GYRBGYRBGGYRB,GYRBGYRBGYRBG,0.846153846,0.8461538461538461
S2_D05_P2,S2_D05,2,3041,4,Child-Child,1,7,7,GYRRBGYGGRBGY,GYRBBGYRBGYGY,0.615384615,0.6153846153846154
S2_D05_P2,S2_D05,2,3041,4,Child-Child,1,8,8,GYRBGYRBGBGYR,GYRBGYRBGBGYR,1.0,1.0
S2_D05_P2,S2_D05,2,3041,4,Child-Child,2,1,9,BGRRYYRYRYBRR,GBGBRYRYBGYRB,0.461538462,0.46153846153846156
S2_D05_P2,S2_D05,2,3041,4,Child-Child,2,2,10,BYGBGYRGYGYYR,BGBGBYGBRGYBG,0.461538462,0.46153846153846156
S2_D05_P2,S2_D05,2,3041,4,Child-Child,2,3,11,BGYRBGYRBGYRB,BGYRBGYRBGYRB,1.0,1.0
S2_D05_P2,S2_D05,2,3041,4,Child-Child,2,4,12,GYBGYRYGBGYGY,GBYGBYGRBYGRY,0.461538462,0.46153846153846156
S2_D05_P2,S2_D05,2,3041,4,Child-Child,2,5,13,BGYRBGYRBGYRB,GYRBGYRBGYRBG,0.846153846,0.8461538461538461
S2_D05_P2,S2_D05,2,3041,4,Child-Child,2,6,14,GBYGBYGBYRBYG,GBYGBYGBYRGBY,0.846153846,0.8461538461538461
S2_D05_P2,S2_D05,2,3041,4,Child-Child,2,7,15,GYRBGYRBGYRBG,GYRBGYRBGYRBG,1.0,1.0
S2_D05_P2,S2_D05,2,3041,4,Child-Child,2,8,16,GBYGBYGBYRBYG,GBYGBYGBYRBGY,0.846153846,0.8461538461538461
S2_D06_P1,S2_D06,1,3050,5,Child-Child,1,1,1,BYYYBYGBGBYYR,YYYGYRYGYYYBY,0.4615384615384615,0.46153846153846156
S2_D06_P1,S2_D06,1,3050,5,Child-Child,1,2,2,BBYBYGYYYYGBY,GGBYGYBYYYYYY,0.5384615384615384,0.5384615384615384
S2_D06_P1,S2_D06,1,3050,5,Child-Child,1,3,3,RYYYBGYYRYYBB,RRYYYBBBRYYBB,0.6923076923076923,0.6923076923076923
S2_D06_P1,S2_D06,1,3050,5,Child-Child,1,4,4,YBGYYBGYYYBYY,YYGGBBBYYBGBB,0.3846153846153846,0.3846153846153846
S2_D06_P1,S2_D06,1,3050,5,Child-Child,1,5,5,RRRYBBYYGRBYY,RYYGGBYRGBBYR,0.4615384615384615,0.46153846153846156
S2_D06_P1,S2_D06,1,3050,5,Child-Child,1,6,6,YYGGBBBYYGRRY,YYGBBBYBRBYYG,0.5384615384615384,0.5384615384615384
S2_D06_P1,S2_D06,1,3050,5,Child-Child,1,7,7,BYRGBBYYRRYBB,YBYRRBYYBGYBR,0.5384615384615384,0.5384615384615384
S2_D06_P1,S2_D06,1,3050,5,Child-Child,1,8,8,BBYYGGRYBGRYB,RYBGRGYBBYRBB,0.3846153846153846,0.3846153846153846
S2_D06_P1,S2_D06,1,3050,5,Child-Child,2,1,9,RYYGGBGGGYGBG,YGYGGBYYBYGYG,0.5384615384615384,0.5384615384615384
S2_D06_P1,S2_D06,1,3050,5,Child-Child,2,2,10,YRYGBBGYGYRYR,GBYBYBYRGYGBY,0.3076923076923077,0.3076923076923077
S2_D06_P1,S2_D06,1,3050,5,Child-Child,2,3,11,YGYGBRYBYGYGG,GYGBRBYBRYGGY,0.6153846153846154,0.6153846153846154
S2_D06_P1,S2_D06,1,3050,5,Child-Child,2,4,12,YRBYBYGYBYGYR,RYGYGYBRYBYYG,0.4615384615384615,0.46153846153846156
S2_D06_P1,S2_D06,1,3050,5,Child-Child,2,5,13,YRYGGBBGYRBBY,RYRYBGBYRYBYR,0.5384615384615384,0.5384615384615384
S2_D06_P1,S2_D06,1,3050,5,Child-Child,2,6,14,YGYGYRBRYGBBG,YBGYRRYGBYGYG,0.5384615384615384,0.5384615384615384
S2_D06_P1,S2_D06,1,3050,5,Child-Child,2,7,15,YRYRBGYBBGRYY,BGBGYRYRYRGGY,0.2307692307692307,0.23076923076923073
S2_D06_P1,S2_D06,1,3050,5,Child-Child,2,8,16,YRYRRRBGYRYYG,RYRBRYBYGBYYY,0.4615384615384615,0.46153846153846156
S2_D06_P2,S2_D06,2,3051,5,Child-Child,1,1,1,BYBYYYGYYYRGB,BBYBYGYYYYGBY,0.6923076923076923,0.6923076923076923
S2_D06_P2,S2_D06,2,3051,5,Child-Child,1,2,2,YYYGYRYGYYYBY,RYYYBGYYRYYBB,0.5384615384615384,0.5384615384615384
S2_D06_P2,S2_D06,2,3051,5,Child-Child,1,3,3,GGBYGYBYYYYYY,YBGYYBGYYYBYY,0.5384615384615384,0.5384615384615384
S2_D06_P2,S2_D06,2,3051,5,Child-Child,1,4,4,RRYYYBBBRYYBB,RRRYBBYYGRBYY,0.3846153846153846,0.3846153846153846
S2_D06_P2,S2_D06,2,3051,5,Child-Child,1,5,5,YYGGBBBYYBGBB,YYGGBBBYYGRRY,0.6923076923076923,0.6923076923076923
S2_D06_P2,S2_D06,2,3051,5,Child-Child,1,6,6,RYYGGBYRGBBYR,BYRGBBYYRRYBB,0.3846153846153846,0.3846153846153846
S2_D06_P2,S2_D06,2,3051,5,Child-Child,1,7,7,YYGBBBYBRBYYG,BBYYGGRYBGRYB,0.3076923076923077,0.3076923076923077
S2_D06_P2,S2_D06,2,3051,5,Child-Child,1,8,8,YBYRRBYYBGYBR,BYBYYGYBYYGYB,0.5384615384615384,0.5384615384615384
S2_D06_P2,S2_D06,2,3051,5,Child-Child,2,1,9,YGGRYRRRRYRYR,YRYGBBGYGYRYR,0.3846153846153846,0.3846153846153846
S2_D06_P2,S2_D06,2,3051,5,Child-Child,2,2,10,YGYGGBYYBYGYG,YGYGBRYBYGYGG,0.7692307692307692,0.7692307692307692
S2_D06_P2,S2_D06,2,3051,5,Child-Child,2,3,11,GBYBYBYRGYGBY,YRBYBYGYBYGYR,0.4615384615384615,0.46153846153846156
S2_D06_P2,S2_D06,2,3051,5,Child-Child,2,4,12,GYGBRBYBRYGGY,YRYGGBBGYRBBY,0.3076923076923077,0.3076923076923077
S2_D06_P2,S2_D06,2,3051,5,Child-Child,2,5,13,RYGYGYBRYBYYG,YGYGYRBRYGBBG,0.6153846153846154,0.6153846153846154
S2_D06_P2,S2_D06,2,3051,5,Child-Child,2,6,14,RYRYBGBYRYBYR,YRYRBGYBBGRYY,0.4615384615384615,0.46153846153846156
S2_D06_P2,S2_D06,2,3051,5,Child-Child,2,7,15,YBGYRRYGBYGYG,YRYRRRBGYRYYG,0.4615384615384615,0.46153846153846156
S2_D06_P2,S2_D06,2,3051,5,Child-Child,2,8,16,BGBGYRYRYRGGY,YRYRYRGBYRYGY,0.4615384615384615,0.46153846153846156
S2_D07_P1,S2_D07,1,3060,6,Adult-Adult,1,1,1,BBGGGYYRGGYRY,BBRRYYYGYRBGY,0.4615384615384615,0.46153846153846156
S2_D07_P1,S2_D07,1,3060,6,Adult-Adult,1,2,2,GGYRGYRYGBBBB,GGYYRYGYGYBBB,0.6923076923076923,0.6923076923076923
S2_D07_P1,S2_D07,1,3060,6,Adult-Adult,1,3,3,GGRRYYGYBYYBY,GGYYRRGYRGYBB,0.4615384615384615,0.46153846153846156
S2_D07_P1,S2_D07,1,3060,6,Adult-Adult,1,4,4,GGYYYRRBBBBBB,GGYRYBBBBBBBB,0.7692307692307692,0.7692307692307692
S2_D07_P1,S2_D07,1,3060,6,Adult-Adult,1,5,5,GGYYRGYGBBBBB,GGYYRGYGYBBBB,0.9230769230769232,0.9230769230769231
S2_D07_P1,S2_D07,1,3060,6,Adult-Adult,1,6,6,GGYRGYBBBBBBB,GGYRGYBBBBBBB,1.0,1.0
S2_D07_P1,S2_D07,1,3060,6,Adult-Adult,1,7,7,GGYYRGYGYBBBB,GGYYRGYBBBBBB,0.8461538461538461,0.8461538461538461
S2_D07_P1,S2_D07,1,3060,6,Adult-Adult,1,8,8,GGYYRGYBBBBBB,GGYYRGYBBBBBB,1.0,1.0
S2_D07_P1,S2_D07,1,3060,6,Adult-Adult,2,1,9,YGYBBYYRRGRRB,YYGYBRYGYYYBB,0.3846153846153846,0.3846153846153846
S2_D07_P1,S2_D07,1,3060,6,Adult-Adult,2,2,10,YYBRGYBBBBBBB,YYGYRGYBBBBBB,0.7692307692307692,0.7692307692307692
S2_D07_P1,S2_D07,1,3060,6,Adult-Adult,2,3,11,YYGGYBRGYYBBB,YYGGRBYGBBBBB,0.6923076923076923,0.6923076923076923
S2_D07_P1,S2_D07,1,3060,6,Adult-Adult,2,4,12,YYGGRGYBBBBBB,YYGGRYGBBBBBB,0.8461538461538461,0.8461538461538461
S2_D07_P1,S2_D07,1,3060,6,Adult-Adult,2,5,13,YYGGRYBBBBBBB,YYGGRYBBBBBBB,1.0,1.0
S2_D07_P1,S2_D07,1,3060,6,Adult-Adult,2,6,14,YYGGRYGBBBBBB,YYGGRYGBBBBBB,1.0,1.0
S2_D07_P1,S2_D07,1,3060,6,Adult-Adult,2,7,15,YYGGRYBBBBBBB,YYGGRYBBBBBBB,1.0,1.0
S2_D07_P1,S2_D07,1,3060,6,Adult-Adult,2,8,16,YYGGRYGBBBBBB,YYGGRYGBBBBBB,1.0,1.0
S2_D07_P2,S2_D07,2,3061,6,Adult-Adult,1,1,1,GGYGYGRGBGYGR,GGYRGYRYGBBBB,0.4615384615384615,0.46153846153846156
S2_D07_P2,S2_D07,2,3061,6,Adult-Adult,1,2,2,BBRRYYYGYRBGY,GGRRYYGYBYYBY,0.5384615384615384,0.5384615384615384
S2_D07_P2,S2_D07,2,3061,6,Adult-Adult,1,3,3,GGYYRYGYGYBBB,GGYYYRRBBBBBB,0.5384615384615384,0.5384615384615384
S2_D07_P2,S2_D07,2,3061,6,Adult-Adult,1,4,4,GGYYRRGYRGYBB,GGYYRGYGBBBBB,0.6153846153846154,0.6153846153846154
S2_D07_P2,S2_D07,2,3061,6,Adult-Adult,1,5,5,GGYRYBBBBBBBB,GGYRGYBBBBBBB,0.8461538461538461,0.8461538461538461
S2_D07_P2,S2_D07,2,3061,6,Adult-Adult,1,6,6,GGYYRGYGYBBBB,GGYYRGYGYBBBB,1.0,1.0
S2_D07_P2,S2_D07,2,3061,6,Adult-Adult,1,7,7,GGYRGYBBBBBBB,GGYYRGYBBBBBB,0.8461538461538461,0.8461538461538461
S2_D07_P2,S2_D07,2,3061,6,Adult-Adult,1,8,8,GGYYRGYBBBBBB,GGYYRGYBBBBBB,1.0,1.0
S2_D07_P2,S2_D07,2,3061,6,Adult-Adult,2,1,9,YYBGYRGBGYYYG,YYBRGYBBBBBBB,0.3846153846153846,0.3846153846153846
S2_D07_P2,S2_D07,2,3061,6,Adult-Adult,2,2,10,YYGYBRYGYYYBB,YYGGYBRGYYBBB,0.7692307692307692,0.7692307692307692
S2_D07_P2,S2_D07,2,3061,6,Adult-Adult,2,3,11,YYGYRGYBBBBBB,YYGGRGYBBBBBB,0.9230769230769232,0.9230769230769231
S2_D07_P2,S2_D07,2,3061,6,Adult-Adult,2,4,12,YYGGRBYGBBBBB,YYGGRYBBBBBBB,0.7692307692307692,0.7692307692307692
S2_D07_P2,S2_D07,2,3061,6,Adult-Adult,2,5,13,YYGGRYGBBBBBB,YYGGRYGBBBBBB,1.0,1.0
S2_D07_P2,S2_D07,2,3061,6,Adult-Adult,2,6,14,YYGGRYBBBBBBB,YYGGRYBBBBBBB,1.0,1.0
S2_D07_P2,S2_D07,2,3061,6,Adult-Adult,2,7,15,YYGGRYGBBBBBB,YYGGRYGBBBBBB,1.0,1.0
S2_D07_P2,S2_D07,2,3061,6,Adult-Adult,2,8,16,YYGGRYBBBBBBB,YYGGRYBBBBBBB,1.0,1.0
S2_D08_P1,S2_D08,1,3070,7,Child-Child,1,1,1,YYRBBRRYYBGRB,YYRBBYRBYBGRY,0.7692307692307692,0.7692307692307692
S2_D08_P1,S2_D08,1,3070,7,Child-Child,1,2,2,BYYGBYGBYYRBY,BYYGBYGBYRYRB,0.8461538461538461,0.8461538461538461
S2_D08_P1,S2_D08,1,3070,7,Child-Child,1,3,3,RBYBGRYGBRYBG,RBBYYGRYGRBYR,0.5384615384615384,0.5384615384615384
S2_D08_P1,S2_D08,1,3070,7,Child-Child,1,4,4,BYYGBYRBGYYRB,BGRYBRGBGRRYR,0.3846153846153846,0.3846153846153846
S2_D08_P1,S2_D08,1,3070,7,Child-Child,1,5,5,RBBYYGBRYGBRY,RBYYGBRBYBGRY,0.6923076923076923,0.6923076923076923
S2_D08_P1,S2_D08,1,3070,7,Child-Child,1,6,6,RBGYBBRGYBYYR,BBRGYYRGBBRRR,0.4615384615384615,0.46153846153846156
S2_D08_P1,S2_D08,1,3070,7,Child-Child,1,7,7,RBYYGBYGRRBYR,BYGRBYGBRYRBR,0.5384615384615384,0.5384615384615384
S2_D08_P1,S2_D08,1,3070,7,Child-Child,1,8,8,BRYGYRGBBRYBR,RBGYRGBRYGBRR,0.6153846153846154,0.6153846153846154
S2_D08_P1,S2_D08,1,3070,7,Child-Child,2,1,9,BYRRGRYYGBBBB,RBGYYRBGRYBRY,0.3076923076923077,0.3076923076923077
S2_D08_P1,S2_D08,1,3070,7,Child-Child,2,2,10,GRRGGRBYRGBRY,RGGRGRRBYBBRB,0.5384615384615384,0.5384615384615384
S2_D08_P1,S2_D08,1,3070,7,Child-Child,2,3,11,RBGYYRRBGYBRG,RBYGRGRGRGRRG,0.4615384615384615,0.46153846153846156
S2_D08_P1,S2_D08,1,3070,7,Child-Child,2,4,12,RGRGRRBRBRYRG,RRGGRRGGRBYRG,0.6153846153846154,0.6153846153846154
S2_D08_P1,S2_D08,1,3070,7,Child-Child,2,5,13,RBYGRGGRRGRRG,RBGRRGBRYBGGB,0.4615384615384615,0.46153846153846156
S2_D08_P1,S2_D08,1,3070,7,Child-Child,2,6,14,RRGGRRGGRRGGR,RRGGRRGGRRGGR,1.0,1.0
S2_D08_P1,S2_D08,1,3070,7,Child-Child,2,7,15,RRGGRBGYBGRRB,RRRBYGBYGRBYB,0.4615384615384615,0.46153846153846156
S2_D08_P1,S2_D08,1,3070,7,Child-Child,2,8,16,RRGGRRGGRRGGR,RRGGRRGGRRGGR,1.0,1.0
S2_D08_P2,S2_D08,2,3071,7,Child-Child,1,1,1,BYYGGYBYGBYYR,BYYGBYGBYYRBY,0.6923076923076923,0.6923076923076923
S2_D08_P2,S2_D08,2,3071,7,Child-Child,1,2,2,YYRBBYRBYBGRY,RBYBGRYGBRYBG,0.3076923076923077,0.3076923076923077
S2_D08_P2,S2_D08,2,3071,7,Child-Child,1,3,3,BYYGBYGBYRYRB,BYYGBYRBGYYRB,0.7692307692307692,0.7692307692307692
S2_D08_P2,S2_D08,2,3071,7,Child-Child,1,4,4,RBBYYGRYGRBYR,RBBYYGBRYGBRY,0.6923076923076923,0.6923076923076923
S2_D08_P2,S2_D08,2,3071,7,Child-Child,1,5,5,BGRYBRGBGRRYR,RBGYBBRGYBYYR,0.4615384615384615,0.46153846153846156
S2_D08_P2,S2_D08,2,3071,7,Child-Child,1,6,6,RBYYGBRBYBGRY,RBYYGBYGRRBYR,0.5384615384615384,0.5384615384615384
S2_D08_P2,S2_D08,2,3071,7,Child-Child,1,7,7,BBRGYYRGBBRRR,BRYGYRGBBRYBR,0.6153846153846154,0.6153846153846154
S2_D08_P2,S2_D08,2,3071,7,Child-Child,1,8,8,BYGRBYGBRYRBR,RBYGBYRGBYRBG,0.6153846153846154,0.6153846153846154
S2_D08_P2,S2_D08,2,3071,7,Child-Child,2,1,9,GRRGGBYRBRYYR,GRRGGRBYRGBRY,0.6923076923076923,0.6923076923076923
S2_D08_P2,S2_D08,2,3071,7,Child-Child,2,2,10,RBGYYRBGRYBRY,RBGYYRRBGYBRG,0.7692307692307692,0.7692307692307692
S2_D08_P2,S2_D08,2,3071,7,Child-Child,2,3,11,RGGRGRRBYBBRB,RGRGRRBRBRYRG,0.6153846153846154,0.6153846153846154
S2_D08_P2,S2_D08,2,3071,7,Child-Child,2,4,12,RBYGRGRGRGRRG,RBYGRGGRRGRRG,0.8461538461538461,0.8461538461538461
S2_D08_P2,S2_D08,2,3071,7,Child-Child,2,5,13,RRGGRRGGRBYRG,RRGGRRGGRRGGR,0.6923076923076923,0.6923076923076923
S2_D08_P2,S2_D08,2,3071,7,Child-Child,2,6,14,RBGRRGBRYBGGB,RRGGRBGYBGRRB,0.5384615384615384,0.5384615384615384
S2_D08_P2,S2_D08,2,3071,7,Child-Child,2,7,15,RRGGRRGGRRGGR,RRGGRRGGRRGGR,1.0,1.0
S2_D08_P2,S2_D08,2,3071,7,Child-Child,2,8,16,RRRBYGBYGRBYB,RRRBYGRYGBBRY,0.6923076923076923,0.6923076923076923
S2_D09_P1,S2_D09,1,3080,8,Child-Child,1,1,1,YRGGGBYRBYYGY,BRYYGGRRBBYYG,0.4615384615384615,0.46153846153846156
S2_D09_P1,S2_D09,1,3080,8,Child-Child,1,2,2,RBBBRYRGBRYBB,BRYGBBYRGBGRY,0.4615384615384615,0.46153846153846156
S2_D09_P1,S2_D09,1,3080,8,Child-Child,1,3,3,RRBYGGRRBBYYG,RBBYGRBBYGGRB,0.5384615384615384,0.5384615384615384
S2_D09_P1,S2_D09,1,3080,8,Child-Child,1,4,4,BYGBYRBGYRBYY,BYGRBGYGBYYRB,0.6153846153846154,0.6153846153846154
S2_D09_P1,S2_D09,1,3080,8,Child-Child,1,5,5,RBYGRRBBYRBBY,RBYGRRBBYRYGB,0.7692307692307692,0.7692307692307692
S2_D09_P1,S2_D09,1,3080,8,Child-Child,1,6,6,GYRBGYBRGYRGB,YRBGYRBGRYBGY,0.5384615384615384,0.5384615384615384
S2_D09_P1,S2_D09,1,3080,8,Child-Child,1,7,7,RRBBYYGRBYYRY,RRBBYGBYYRYBG,0.6923076923076923,0.6923076923076923
S2_D09_P1,S2_D09,1,3080,8,Child-Child,1,8,8,YRBGYBGRYBYBB,RBRYBGBYYYRBG,0.5384615384615384,0.5384615384615384
S2_D09_P1,S2_D09,1,3080,8,Child-Child,2,1,9,RYBYRBRGBRYRY,RYBRGYBBRYGRR,0.5384615384615384,0.5384615384615384
S2_D09_P1,S2_D09,1,3080,8,Child-Child,2,2,10,BBYYGBYYRYRYR,BYGRRYGBYGBBB,0.2307692307692307,0.23076923076923073
S2_D09_P1,S2_D09,1,3080,8,Child-Child,2,3,11,RRBBYYRBBYYGG,RRBBYYGRBYGYB,0.6153846153846154,0.6153846153846154
S2_D09_P1,S2_D09,1,3080,8,Child-Child,2,4,12,BBYGRBYRGBYRG,RRBBYYGGRBYGR,0.3846153846153846,0.3846153846153846
S2_D09_P1,S2_D09,1,3080,8,Child-Child,2,5,13,RRBBYYRRBBYYG,RRBBYYRRBBYYG,1.0,1.0
S2_D09_P1,S2_D09,1,3080,8,Child-Child,2,6,14,RRBBYYGGRBYGR,RRBBYYGGRBYGR,1.0,1.0
S2_D09_P1,S2_D09,1,3080,8,Child-Child,2,7,15,RRBBYYRRBBYGG,RRBBYYRRBBYGR,0.9230769230769232,0.9230769230769231
S2_D09_P1,S2_D09,1,3080,8,Child-Child,2,8,16,RRBBYYGGRBYRR,RRBBYYGGRBYGR,0.9230769230769232,0.9230769230769231
S2_D09_P2,S2_D09,2,3081,8,Child-Child,1,1,1,RRBBRRYGYGRRY,RBBBRYRGBRYBB,0.4615384615384615,0.46153846153846156
S2_D09_P2,S2_D09,2,3081,8,Child-Child,1,2,2,BRYYGGRRBBYYG,RRBYGGRRBBYYG,0.8461538461538461,0.8461538461538461
S2_D09_P2,S2_D09,2,3081,8,Child-Child,1,3,3,BRYGBBYRGBGRY,BYGBYRBGYRBYY,0.5384615384615384,0.5384615384615384
S2_D09_P2,S2_D09,2,3081,8,Child-Child,1,4,4,RBBYGRBBYGGRB,RBYGRRBBYRBBY,0.5384615384615384,0.5384615384615384
S2_D09_P2,S2_D09,2,3081,8,Child-Child,1,5,5,BYGRBGYGBYYRB,GYRBGYBRGYRGB,0.5384615384615384,0.5384615384615384
S2_D09_P2,S2_D09,2,3081,8,Child-Child,1,6,6,RBYGRRBBYRYGB,RRBBYYGRBYYRY,0.4615384615384615,0.46153846153846156
S2_D09_P2,S2_D09,2,3081,8,Child-Child,1,7,7,YRBGYRBGRYBGY,YRBGYBGRYBYBB,0.6923076923076923,0.6923076923076923
S2_D09_P2,S2_D09,2,3081,8,Child-Child,1,8,8,RRBBYGBYYRYBG,RRBBBRYGRYRGB,0.5384615384615384,0.5384615384615384
S2_D09_P2,S2_D09,2,3081,8,Child-Child,2,1,9,BBYYGGBBRYRRY,BBYYGBYYRYRYR,0.6153846153846154,0.6153846153846154
S2_D09_P2,S2_D09,2,3081,8,Child-Child,2,2,10,RYBRGYBBRYGRR,RRBBYYRBBYYGG,0.4615384615384615,0.46153846153846156
S2_D09_P2,S2_D09,2,3081,8,Child-Child,2,3,11,BYGRRYGBYGBBB,BBYGRBYRGBYRG,0.4615384615384615,0.46153846153846156
S2_D09_P2,S2_D09,2,3081,8,Child-Child,2,4,12,RRBBYYGRBYGYB,RRBBYYRRBBYYG,0.6923076923076923,0.6923076923076923
S2_D09_P2,S2_D09,2,3081,8,Child-Child,2,5,13,RRBBYYGGRBYGR,RRBBYYGGRBYGR,1.0,1.0
S2_D09_P2,S2_D09,2,3081,8,Child-Child,2,6,14,RRBBYYRRBBYYG,RRBBYYRRBBYGG,0.9230769230769232,0.9230769230769231
S2_D09_P2,S2_D09,2,3081,8,Child-Child,2,7,15,RRBBYYGGRBYGR,RRBBYYGGRBYRR,0.9230769230769232,0.9230769230769231
S2_D09_P2,S2_D09,2,3081,8,Child-Child,2,8,16,RRBBYYRRBBYGR,RRBBYYRRBBGRR,0.8461538461538461,0.8461538461538461
S2_D10_P1,S2_D10,1,3090,9,Adult-Adult,1,1,1,YGGGRGYYYBGGR,YGGGRRGYGBBYB,0.5384615384615384,0.5384615384615384
S2_D10_P1,S2_D10,1,3090,9,Adult-Adult,1,2,2,GBGRRYYYYYBRB,GBGRRYYYYBGBR,0.7692307692307692,0.7692307692307692
S2_D10_P1,S2_D10,1,3090,9,Adult-Adult,1,3,3,YGGGGBRYRYBYB,YGGGGBRYBYGYB,0.8461538461538461,0.8461538461538461
S2_D10_P1,S2_D10,1,3090,9,Adult-Adult,1,4,4,GBGRRYYYYGBGB,GBGRRYYYYRYGB,0.8461538461538461,0.8461538461538461
S2_D10_P1,S2_D10,1,3090,9,Adult-Adult,1,5,5,YGGGBRBRYRBYR,YGGGBRBGRRRRB,0.6153846153846154,0.6153846153846154
S2_D10_P1,S2_D10,1,3090,9,Adult-Adult,1,6,6,GBGGRYRBGYYYY,YGGGBRBYYYYYY,0.5384615384615384,0.5384615384615384
S2_D10_P1,S2_D10,1,3090,9,Adult-Adult,1,7,7,YGYYGGGBRRRRY,GYYGGGBRRBYBB,0.6153846153846154,0.6153846153846154
S2_D10_P1,S2_D10,1,3090,9,Adult-Adult,1,8,8,GGGBBRYYYYYYY,GGBBRYYYYYYYY,0.8461538461538461,0.8461538461538461
S2_D10_P1,S2_D10,1,3090,9,Adult-Adult,2,1,9,BGYBGGGBBGGGY,BGGYGGGBBGGYB,0.6923076923076923,0.6923076923076923
S2_D10_P1,S2_D10,1,3090,9,Adult-Adult,2,2,10,GGBGGRRRYYBYB,GGGBGRRRYGGYY,0.6153846153846154,0.6153846153846154
S2_D10_P1,S2_D10,1,3090,9,Adult-Adult,2,3,11,BGGGYGGYYBBBB,BGGGYGGGBYYYB,0.6153846153846154,0.6153846153846154
S2_D10_P1,S2_D10,1,3090,9,Adult-Adult,2,4,12,GGGBRGGBRRYYY,GGGBRGGBYYYRB,0.6923076923076923,0.6923076923076923
S2_D10_P1,S2_D10,1,3090,9,Adult-Adult,2,5,13,GBBGGGGBYGYBY,GBBGBGGBYBBBB,0.6923076923076923,0.6923076923076923
S2_D10_P1,S2_D10,1,3090,9,Adult-Adult,2,6,14,GGGBGYRRBYYBY,GGGBGYRRBGGYB,0.7692307692307692,0.7692307692307692
S2_D10_P1,S2_D10,1,3090,9,Adult-Adult,2,7,15,GBGBBYBYBRGGB,GGGBBYBYBRYRB,0.7692307692307692,0.7692307692307692
S2_D10_P1,S2_D10,1,3090,9,Adult-Adult,2,8,16,GGGBRBYRYBGGG,GGGBRBYRBGBYG,0.7692307692307692,0.7692307692307692
S2_D10_P2,S2_D10,2,3091,9,Adult-Adult,1,1,1,GBGRRGGGYYYRB,GBGRRYYYYYBRB,0.6923076923076923,0.6923076923076923
S2_D10_P2,S2_D10,2,3091,9,Adult-Adult,1,2,2,YGGGRRGYGBBYB,YGGGGBRYRYBYB,0.6153846153846154,0.6153846153846154
S2_D10_P2,S2_D10,2,3091,9,Adult-Adult,1,3,3,GBGRRYYYYBGBR,GBGRRYYYYGBGB,0.8461538461538461,0.8461538461538461
S2_D10_P2,S2_D10,2,3091,9,Adult-Adult,1,4,4,YGGGGBRYBYGYB,YGGGBRBRYRBYR,0.5384615384615384,0.5384615384615384
S2_D10_P2,S2_D10,2,3091,9,Adult-Adult,1,5,5,GBGRRYYYYRYGB,GBGGRYRBGYYYY,0.4615384615384615,0.46153846153846156
S2_D10_P2,S2_D10,2,3091,9,Adult-Adult,1,6,6,YGGGBRBGRRRRB,YGYYGGGBRRRRY,0.5384615384615384,0.5384615384615384
S2_D10_P2,S2_D10,2,3091,9,Adult-Adult,1,7,7,YGGGBRBYYYYYY,GGGBBRYYYYYYY,0.7692307692307692,0.7692307692307692
S2_D10_P2,S2_D10,2,3091,9,Adult-Adult,1,8,8,GYYGGGBRRBYBB,GYGGYYRBBRBBB,0.5384615384615384,0.5384615384615384
S2_D10_P2,S2_D10,2,3091,9,Adult-Adult,2,1,9,GGGRRBYGBGGBB,GGBGGRRRYYBYB,0.4615384615384615,0.46153846153846156
S2_D10_P2,S2_D10,2,3091,9,Adult-Adult,2,2,10,BGGYGGGBBGGYB,BGGGYGGYYBBBB,0.5384615384615384,0.5384615384615384
S2_D10_P2,S2_D10,2,3091,9,Adult-Adult,2,3,11,GGGBGRRRYGGYY,GGGBRGGBRRYYY,0.6153846153846154,0.6153846153846154
S2_D10_P2,S2_D10,2,3091,9,Adult-Adult,2,4,12,BGGGYGGGBYYYB,GBBGGGGBYGYBY,0.5384615384615384,0.5384615384615384
S2_D10_P2,S2_D10,2,3091,9,Adult-Adult,2,5,13,GGGBRGGBYYYRB,GGGBGYRRBYYBY,0.4615384615384615,0.46153846153846156
S2_D10_P2,S2_D10,2,3091,9,Adult-Adult,2,6,14,GBBGBGGBYBBBB,GBGBBYBYBRGGB,0.5384615384615384,0.5384615384615384
S2_D10_P2,S2_D10,2,3091,9,Adult-Adult,2,7,15,GGGBGYRRBGGYB,GGGBRBYRYBGGG,0.6153846153846154,0.6153846153846154
S2_D10_P2,S2_D10,2,3091,9,Adult-Adult,2,8,16,GGGBBYBYBRYRB,GGGBYYBYRYBGY,0.6153846153846154,0.6153846153846154
S2_D11_P1,S2_D11,1,3100,10,Adult-Adult,1,1,1,RBRBBBYYGYRRR,RRBBYYGYGGRRY,0.6153846153846154,0.6153846153846154
S2_D11_P1,S2_D11,1,3100,10,Adult-Adult,1,2,2,BYRGBYRGBRGBG,RYGBRYGBGGRGY,0.4615384615384615,0.46153846153846156
S2_D11_P1,S2_D11,1,3100,10,Adult-Adult,1,3,3,RRYYGGBGYYRRB,RRYYGGBGYGRRG,0.8461538461538461,0.8461538461538461
S2_D11_P1,S2_D11,1,3100,10,Adult-Adult,1,4,4,RYGBRGYBGYRBG,RYGBRYGBGYBGY,0.6923076923076923,0.6923076923076923
S2_D11_P1,S2_D11,1,3100,10,Adult-Adult,1,5,5,YGRRYYBBGGYYR,RBYGRBYYBGYRY,0.4615384615384615,0.46153846153846156
S2_D11_P1,S2_D11,1,3100,10,Adult-Adult,1,6,6,RYGBRYGBYRBGY,RBYRBGBYBYGBB,0.3846153846153846,0.3846153846153846
S2_D11_P1,S2_D11,1,3100,10,Adult-Adult,1,7,7,RBYGRBYGYGBRY,RBYGRBGYBGYBR,0.6923076923076923,0.6923076923076923
S2_D11_P1,S2_D11,1,3100,10,Adult-Adult,1,8,8,RBYRBYGBYGBYB,RBYRBYGBYGYBG,0.8461538461538461,0.8461538461538461
S2_D11_P1,S2_D11,1,3100,10,Adult-Adult,2,1,9,RBBYRRGBBGYYY,RBYBBGYBGYYYY,0.6153846153846154,0.6153846153846154
S2_D11_P1,S2_D11,1,3100,10,Adult-Adult,2,2,10,YRYYGYBRBBYBG,YRBYGYBBYGRBY,0.5384615384615384,0.5384615384615384
S2_D11_P1,S2_D11,1,3100,10,Adult-Adult,2,3,11,RYBBGYRBBYGYB,YBBGGRBBYRBYG,0.6153846153846154,0.6153846153846154
S2_D11_P1,S2_D11,1,3100,10,Adult-Adult,2,4,12,YYYGYBYYRYYGB,YGYYBYYGRYBYY,0.5384615384615384,0.5384615384615384
S2_D11_P1,S2_D11,1,3100,10,Adult-Adult,2,5,13,YRBYGYRYBGYBR,YRBYGYRYBYRGY,0.6923076923076923,0.6923076923076923
S2_D11_P1,S2_D11,1,3100,10,Adult-Adult,2,6,14,GYRYBYYBYGYYY,GYYBYGYRYYYYY,0.6923076923076923,0.6923076923076923
S2_D11_P1,S2_D11,1,3100,10,Adult-Adult,2,7,15,YGBYRYGBYRBYG,GYRBYBYRYYBYY,0.4615384615384615,0.46153846153846156
S2_D11_P1,S2_D11,1,3100,10,Adult-Adult,2,8,16,YYYBYRYYYYYYY,YYRYBYYYYYYYY,0.8461538461538461,0.8461538461538461
S2_D11_P2,S2_D11,2,3101,10,Adult-Adult,1,1,1,BYRBYGBRBYBGB,BYRGBYRGBRGBG,0.6153846153846154,0.6153846153846154
S2_D11_P2,S2_D11,2,3101,10,Adult-Adult,1,2,2,RRBBYYGYGGRRY,RRYYGGBGYYRRB,0.4615384615384615,0.46153846153846156
S2_D11_P2,S2_D11,2,3101,10,Adult-Adult,1,3,3,RYGBRYGBGGRGY,RYGBRGYBGYRBG,0.6153846153846154,0.6153846153846154
S2_D11_P2,S2_D11,2,3101,10,Adult-Adult,1,4,4,RRYYGGBGYGRRG,YGRRYYBBGGYYR,0.3846153846153846,0.3846153846153846
S2_D11_P2,S2_D11,2,3101,10,Adult-Adult,1,5,5,RYGBRYGBGYBGY,RYGBRYGBYRBGY,0.8461538461538461,0.8461538461538461
S2_D11_P2,S2_D11,2,3101,10,Adult-Adult,1,6,6,RBYGRBYYBGYRY,RBYGRBYGYGBRY,0.7692307692307692,0.7692307692307692
S2_D11_P2,S2_D11,2,3101,10,Adult-Adult,1,7,7,RBYRBGBYBYGBB,RBYRBYGBYGBYB,0.6923076923076923,0.6923076923076923
S2_D11_P2,S2_D11,2,3101,10,Adult-Adult,1,8,8,RBYGRBGYBGYBR,YRBYGYBRYRBGR,0.5384615384615384,0.5384615384615384
S2_D11_P2,S2_D11,2,3101,10,Adult-Adult,2,1,9,YRYYGRBRBBBRB,YRYYGYBRBBYBG,0.6923076923076923,0.6923076923076923
S2_D11_P2,S2_D11,2,3101,10,Adult-Adult,2,2,10,RBYBBGYBGYYYY,RYBBGYRBBYGYB,0.6153846153846154,0.6153846153846154
S2_D11_P2,S2_D11,2,3101,10,Adult-Adult,2,3,11,YRBYGYBBYGRBY,YYYGYBYYRYYGB,0.4615384615384615,0.46153846153846156
S2_D11_P2,S2_D11,2,3101,10,Adult-Adult,2,4,12,YBBGGRBBYRBYG,YRBYGYRYBGYBR,0.3846153846153846,0.3846153846153846
S2_D11_P2,S2_D11,2,3101,10,Adult-Adult,2,5,13,YGYYBYYGRYBYY,GYRYBYYBYGYYY,0.5384615384615384,0.5384615384615384
S2_D11_P2,S2_D11,2,3101,10,Adult-Adult,2,6,14,YRBYGYRYBYRGY,YGBYRYGBYRBYG,0.5384615384615384,0.5384615384615384
S2_D11_P2,S2_D11,2,3101,10,Adult-Adult,2,7,15,GYYBYGYRYYYYY,YYYBYRYYYYYYY,0.7692307692307692,0.7692307692307692
S2_D11_P2,S2_D11,2,3101,10,Adult-Adult,2,8,16,GYRBYBYRYYBYY,GYRYBYYBRYGYY,0.6153846153846154,0.6153846153846154
S2_D12_P1,S2_D12,1,3110,11,Child-Child,1,1,1,YGBGYYGBRRGRB,BYYBGGGBRBGBB,0.5384615384615384,0.5384615384615384
S2_D12_P1,S2_D12,1,3110,11,Child-Child,1,2,2,RRRGYYYBGRYRG,RRRBYGGYYYBBR,0.4615384615384615,0.46153846153846156
S2_D12_P1,S2_D12,1,3110,11,Child-Child,1,3,3,BGGYYRGGYGBGR,RRBBYGGGYYBBB,0.3846153846153846,0.3846153846153846
S2_D12_P1,S2_D12,1,3110,11,Child-Child,1,4,4,RRYGGYBBBYGBG,GGGBBRYYYGGGB,0.3076923076923077,0.3076923076923077
S2_D12_P1,S2_D12,1,3110,11,Child-Child,1,5,5,RBYGGYYYBBGGG,RBYYGGGGRBYGG,0.5384615384615384,0.5384615384615384
S2_D12_P1,S2_D12,1,3110,11,Child-Child,1,6,6,GGBYYRGGGGYRG,GGGYYBBBRRYYB,0.3846153846153846,0.3846153846153846
S2_D12_P1,S2_D12,1,3110,11,Child-Child,1,7,7,RRBBYYGGGGRYR,RRYYBGGGRRRBY,0.5384615384615384,0.5384615384615384
S2_D12_P1,S2_D12,1,3110,11,Child-Child,1,8,8,RBYBYYYGRRRGY,RRBBYGGRRGGYY,0.5384615384615384,0.5384615384615384
S2_D12_P1,S2_D12,1,3110,11,Child-Child,2,1,9,RBYBBRYYRYGRG,RBYYRYYBBBYGG,0.5384615384615384,0.5384615384615384
S2_D12_P1,S2_D12,1,3110,11,Child-Child,2,2,10,RGRRBYRBYYGBR,RRBBYYBBGGYYB,0.3846153846153846,0.3846153846153846
S2_D12_P1,S2_D12,1,3110,11,Child-Child,2,3,11,RRYYBBRRYBRBB,RRYYBBRRGYYBB,0.7692307692307692,0.7692307692307692
S2_D12_P1,S2_D12,1,3110,11,Child-Child,2,4,12,RGRBYGRYRBBRG,RGGRYYYGYBBRB,0.5384615384615384,0.5384615384615384
S2_D12_P1,S2_D12,1,3110,11,Child-Child,2,5,13,BYRRYRBRYRBBY,RRBYYBBRRBBYB,0.4615384615384615,0.46153846153846156
S2_D12_P1,S2_D12,1,3110,11,Child-Child,2,6,14,RRGGYYGGYRGYB,RRGYYRYGGRYBB,0.6153846153846154,0.6153846153846154
S2_D12_P1,S2_D12,1,3110,11,Child-Child,2,7,15,RBBYRRRYYRBBY,RRBBYBBRYYRYB,0.6153846153846154,0.6153846153846154
S2_D12_P1,S2_D12,1,3110,11,Child-Child,2,8,16,RRGGBBGRYRRGY,RRGGYBBBRRYYR,0.5384615384615384,0.5384615384615384
S2_D12_P2,S2_D12,2,3111,11,Child-Child,1,1,1,YBGGRYYRYBGGG,RRRGYYYBGRYRG,0.3846153846153846,0.3846153846153846
S2_D12_P2,S2_D12,2,3111,11,Child-Child,1,2,2,BYYBGGGBRBGBB,BGGYYRGGYGBGR,0.3846153846153846,0.3846153846153846
S2_D12_P2,S2_D12,2,3111,11,Child-Child,1,3,3,RRRBYGGYYYBBR,RRYGGYBBBYGBG,0.4615384615384615,0.46153846153846156
S2_D12_P2,S2_D12,2,3111,11,Child-Child,1,4,4,RRBBYGGGYYBBB,RBYGGYYYBBGGG,0.5384615384615384,0.5384615384615384
S2_D12_P2,S2_D12,2,3111,11,Child-Child,1,5,5,GGGBBRYYYGGGB,GGBYYRGGGGYRG,0.3846153846153846,0.3846153846153846
S2_D12_P2,S2_D12,2,3111,11,Child-Child,1,6,6,RBYYGGGGRBYGG,RRBBYYGGGGRYR,0.6153846153846154,0.6153846153846154
S2_D12_P2,S2_D12,2,3111,11,Child-Child,1,7,7,GGGYYBBBRRYYB,RBYBYYYGRRRGY,0.3076923076923077,0.3076923076923077
S2_D12_P2,S2_D12,2,3111,11,Child-Child,1,8,8,RRYYBGGGRRRBY,RRYYGGBBRBGRB,0.5384615384615384,0.5384615384615384
S2_D12_P2,S2_D12,2,3111,11,Child-Child,2,1,9,RRGYRGBYRYRRG,RGRRBYRBYYGBR,0.3846153846153846,0.3846153846153846
S2_D12_P2,S2_D12,2,3111,11,Child-Child,2,2,10,RBYYRYYBBBYGG,RRYYBBRRYBRBB,0.3846153846153846,0.3846153846153846
S2_D12_P2,S2_D12,2,3111,11,Child-Child,2,3,11,RRBBYYBBGGYYB,RGRBYGRYRBBRG,0.3076923076923077,0.3076923076923077
S2_D12_P2,S2_D12,2,3111,11,Child-Child,2,4,12,RRYYBBRRGYYBB,BYRRYRBRYRBBY,0.3846153846153846,0.3846153846153846
S2_D12_P2,S2_D12,2,3111,11,Child-Child,2,5,13,RGGRYYYGYBBRB,RRGGYYGGYRGYB,0.5384615384615384,0.5384615384615384
S2_D12_P2,S2_D12,2,3111,11,Child-Child,2,6,14,RRBYYBBRRBBYB,RBBYRRRYYRBBY,0.4615384615384615,0.46153846153846156
S2_D12_P2,S2_D12,2,3111,11,Child-Child,2,7,15,RRGYYRYGGRYBB,RRGGBBGRYRRGY,0.3076923076923077,0.3076923076923077
S2_D12_P2,S2_D12,2,3111,11,Child-Child,2,8,16,RRBBYBBRYYRYB,RRYYBBRYRBBYR,0.5384615384615384,0.5384615384615384
S2_D13_P1,S2_D13,1,3120,12,Adult-Adult,1,1,1,YRGYBYBBGRBRR,YRBYBRGBYRGYB,0.4615384615384615,0.46153846153846156
S2_D13_P1,S2_D13,1,3120,12,Adult-Adult,1,2,2,BGGBRYYGBGGBY,GGYRGBBGYRBGB,0.3846153846153846,0.3846153846153846
S2_D13_P1,S2_D13,1,3120,12,Adult-Adult,1,3,3,YRBYGBRYGBYGB,YRBYGRBBYGBYR,0.6923076923076923,0.6923076923076923
S2_D13_P1,S2_D13,1,3120,12,Adult-Adult,1,4,4,GGBGYRYGBGGYB,GGYRBGGYBBGGG,0.4615384615384615,0.46153846153846156
S2_D13_P1,S2_D13,1,3120,12,Adult-Adult,1,5,5,YRBYGBYGYRBYY,YRBYGGGRBYYGY,0.6153846153846154,0.6153846153846154
S2_D13_P1,S2_D13,1,3120,12,Adult-Adult,1,6,6,GYRGBGRBGBGGG,GRYBGBYRGGGGG,0.6153846153846154,0.6153846153846154
S2_D13_P1,S2_D13,1,3120,12,Adult-Adult,1,7,7,YRBYGGGBGRBGY,YRBYGGBYRRGBY,0.6923076923076923,0.6923076923076923
S2_D13_P1,S2_D13,1,3120,12,Adult-Adult,1,8,8,GRBYGRYBGGGGG,GRBYGRYBGGGGG,1.0,1.0
S2_D13_P1,S2_D13,1,3120,12,Adult-Adult,2,1,9,YBYRBRBGRGYRB,YRBYRBYGGRBGY,0.5384615384615384,0.5384615384615384
S2_D13_P1,S2_D13,1,3120,12,Adult-Adult,2,2,10,GGRBYGBRBGRYG,GGBYGGYRBGGYG,0.6923076923076923,0.6923076923076923
S2_D13_P1,S2_D13,1,3120,12,Adult-Adult,2,3,11,YGRBYGRBGGGBG,YGRBYGRBGGGGG,0.9230769230769232,0.9230769230769231
S2_D13_P1,S2_D13,1,3120,12,Adult-Adult,2,4,12,GGBGGYGRGBYGG,GGYBGGRBGBGGG,0.6153846153846154,0.6153846153846154
S2_D13_P1,S2_D13,1,3120,12,Adult-Adult,2,5,13,YGRBYGRBGGGGG,YGRBYGRBGGGGG,1.0,1.0
S2_D13_P1,S2_D13,1,3120,12,Adult-Adult,2,6,14,GGYBGBYGGBGGG,GGYBGGBYGGGGG,0.8461538461538461,0.8461538461538461
S2_D13_P1,S2_D13,1,3120,12,Adult-Adult,2,7,15,YGRBYGRBGGGGG,YGRBYGRBGGGGG,1.0,1.0
S2_D13_P1,S2_D13,1,3120,12,Adult-Adult,2,8,16,GGYBGGBYGGGGG,GGYBGGBYGGGGG,1.0,1.0
S2_D13_P2,S2_D13,2,3121,12,Adult-Adult,1,1,1,BGYGBBRGYGBGY,BGGBRYYGBGGBY,0.6153846153846154,0.6153846153846154
S2_D13_P2,S2_D13,2,3121,12,Adult-Adult,1,2,2,YRBYBRGBYRGYB,YRBYGBRYGBYGB,0.6923076923076923,0.6923076923076923
S2_D13_P2,S2_D13,2,3121,12,Adult-Adult,1,3,3,GGYRGBBGYRBGB,GGBGYRYGBGGYB,0.4615384615384615,0.46153846153846156
S2_D13_P2,S2_D13,2,3121,12,Adult-Adult,1,4,4,YRBYGRBBYGBYR,YRBYGBYGYRBYY,0.6153846153846154,0.6153846153846154
S2_D13_P2,S2_D13,2,3121,12,Adult-Adult,1,5,5,GGYRBGGYBBGGG,GYRGBGRBGBGGG,0.6153846153846154,0.6153846153846154
S2_D13_P2,S2_D13,2,3121,12,Adult-Adult,1,6,6,YRBYGGGRBYYGY,YRBYGGGBGRBGY,0.6923076923076923,0.6923076923076923
S2_D13_P2,S2_D13,2,3121,12,Adult-Adult,1,7,7,GRYBGBYRGGGGG,GRBYGRYBGGGGG,0.6923076923076923,0.6923076923076923
S2_D13_P2,S2_D13,2,3121,12,Adult-Adult,1,8,8,YRBYGGBYRRGBY,YGRBGGBBYRBYY,0.5384615384615384,0.5384615384615384
S2_D13_P2,S2_D13,2,3121,12,Adult-Adult,2,1,9,GGRBBGYGBYRYG,GGRBYGBRBGRYG,0.6923076923076923,0.6923076923076923
S2_D13_P2,S2_D13,2,3121,12,Adult-Adult,2,2,10,YRBYRBYGGRBGY,YGRBYGRBGGGBG,0.6153846153846154,0.6153846153846154
S2_D13_P2,S2_D13,2,3121,12,Adult-Adult,2,3,11,GGBYGGYRBGGYG,GGBGGYGRGBYGG,0.6153846153846154,0.6153846153846154
S2_D13_P2,S2_D13,2,3121,12,Adult-Adult,2,4,12,YGRBYGRBGGGGG,YGRBYGRBGGGGG,1.0,1.0
S2_D13_P2,S2_D13,2,3121,12,Adult-Adult,2,5,13,GGYBGGRBGBGGG,GGYBGBYGGBGGG,0.7692307692307692,0.7692307692307692
S2_D13_P2,S2_D13,2,3121,12,Adult-Adult,2,6,14,YGRBYGRBGGGGG,YGRBYGRBGGGGG,1.0,1.0
S2_D13_P2,S2_D13,2,3121,12,Adult-Adult,2,7,15,GGYBGGBYGGGGG,GGYBGGBYGGGGG,1.0,1.0
S2_D13_P2,S2_D13,2,3121,12,Adult-Adult,2,8,16,YGRBYGRBGGGGG,YGRBYGRBGGGGG,1.0,1.0
S2_D14_P1,S2_D14,1,3130,13,Child-Child,1,1,1,GRYBRRRRGGBYR,GYBRRRRRGGYYG,0.6923076923076923,0.6923076923076923
S2_D14_P1,S2_D14,1,3130,13,Child-Child,1,2,2,RRBRGGRYRBBGR,RRGGBRRBGGBYB,0.3846153846153846,0.3846153846153846
S2_D14_P1,S2_D14,1,3130,13,Child-Child,1,3,3,RBGRYBBGBYGRB,RBGYRRBGBYRYB,0.6153846153846154,0.6153846153846154
S2_D14_P1,S2_D14,1,3130,13,Child-Child,1,4,4,RGBGYYYYYRRGY,RBGYYYYYYRBGR,0.6923076923076923,0.6923076923076923
S2_D14_P1,S2_D14,1,3130,13,Child-Child,1,5,5,GBGYRGGBRBYRR,RBGRGGBRRGBRR,0.6153846153846154,0.6153846153846154
S2_D14_P1,S2_D14,1,3130,13,Child-Child,1,6,6,RYRYBYBYRRBYB,RYRYBYBYBBRYY,0.6923076923076923,0.6923076923076923
S2_D14_P1,S2_D14,1,3130,13,Child-Child,1,7,7,BGRYBRRGRBRGY,BGRBGRBRYGGRR,0.4615384615384615,0.46153846153846156
S2_D14_P1,S2_D14,1,3130,13,Child-Child,1,8,8,RBRRBBRYYRBGR,RRBBGYRRYBYBG,0.3846153846153846,0.3846153846153846
S2_D14_P1,S2_D14,1,3130,13,Child-Child,2,1,9,BBBGGRGRYGBGG,RBBRGYBGGRYRG,0.3846153846153846,0.3846153846153846
S2_D14_P1,S2_D14,1,3130,13,Child-Child,2,2,10,GYGGGGGGGGGGG,GYGGGGGGGGGGG,1.0,1.0
S2_D14_P1,S2_D14,1,3130,13,Child-Child,2,3,11,RRRRRRRRRRRRR,RRRRRRRRRRRRR,1.0,1.0
S2_D14_P1,S2_D14,1,3130,13,Child-Child,2,4,12,YGGGGGGGGGGGG,YGGGGGGGGGGGG,1.0,1.0
S2_D14_P1,S2_D14,1,3130,13,Child-Child,2,5,13,RRRRRRRRRRRRR,RRRRRRRRRRRRR,1.0,1.0
S2_D14_P1,S2_D14,1,3130,13,Child-Child,2,6,14,GYGGGGGGGGGGG,GYGGGGGGGGGGG,1.0,1.0
S2_D14_P1,S2_D14,1,3130,13,Child-Child,2,7,15,RRRRRRRRRRRRR,RRRRRRRRRRRRR,1.0,1.0
S2_D14_P1,S2_D14,1,3130,13,Child-Child,2,8,16,YGGGGGGGGGGGG,YGGGGGGGGGGGG,1.0,1.0
S2_D14_P2,S2_D14,2,3131,13,Child-Child,1,1,1,GYGBYRYYGGYYB,RRBRGGRYRBBGR,0.1538461538461538,0.15384615384615385
S2_D14_P2,S2_D14,2,3131,13,Child-Child,1,2,2,GYBRRRRRGGYYG,RBGRYBBGBYGRB,0.2307692307692307,0.23076923076923073
S2_D14_P2,S2_D14,2,3131,13,Child-Child,1,3,3,RRGGBRRBGGBYB,RGBGYYYYYRRGY,0.1538461538461538,0.15384615384615385
S2_D14_P2,S2_D14,2,3131,13,Child-Child,1,4,4,RBGYRRBGBYRYB,GBGYRGGBRBYRR,0.5384615384615384,0.5384615384615384
S2_D14_P2,S2_D14,2,3131,13,Child-Child,1,5,5,RBGYYYYYYRBGR,RYRYBYBYRRBYB,0.4615384615384615,0.46153846153846156
S2_D14_P2,S2_D14,2,3131,13,Child-Child,1,6,6,RBGRGGBRRGBRR,BGRYBRRGRBRGY,0.5384615384615384,0.5384615384615384
S2_D14_P2,S2_D14,2,3131,13,Child-Child,1,7,7,RYRYBYBYBBRYY,RBRRBBRYYRBGR,0.3076923076923077,0.3076923076923077
S2_D14_P2,S2_D14,2,3131,13,Child-Child,1,8,8,BGRBGRBRYGGRR,RRRRRRRRGRRYG,0.3076923076923077,0.3076923076923077
S2_D14_P2,S2_D14,2,3131,13,Child-Child,2,1,9,RBGYRRRBRRBYR,GYGGGGGGGGGGG,0.0769230769230768,0.07692307692307687
S2_D14_P2,S2_D14,2,3131,13,Child-Child,2,2,10,RBBRGYBGGRYRG,RRRRRRRRRRRRR,0.3076923076923077,0.3076923076923077
S2_D14_P2,S2_D14,2,3131,13,Child-Child,2,3,11,GYGGGGGGGGGGG,YGGGGGGGGGGGG,0.8461538461538461,0.8461538461538461
S2_D14_P2,S2_D14,2,3131,13,Child-Child,2,4,12,RRRRRRRRRRRRR,RRRRRRRRRRRRR,1.0,1.0
S2_D14_P2,S2_D14,2,3131,13,Child-Child,2,5,13,YGGGGGGGGGGGG,GYGGGGGGGGGGG,0.8461538461538461,0.8461538461538461
S2_D14_P2,S2_D14,2,3131,13,Child-Child,2,6,14,RRRRRRRRRRRRR,RRRRRRRRRRRRR,1.0,1.0
S2_D14_P2,S2_D14,2,3131,13,Child-Child,2,7,15,GYGGGGGGGGGGG,YGGGGGGGGGGGG,0.8461538461538461,0.8461538461538461
S2_D14_P2,S2_D14,2,3131,13,Child-Child,2,8,16,RRRRRRRRRRRRR,RRRRRRRRRRRRR,1.0,1.0
S2_D15_P1,S2_D15,1,3140,14,Child-Child,1,1,1,YYRRBGRYRBYBY,YYRBGRRBBYGBG,0.6153846153846154,0.6153846153846154
S2_D15_P1,S2_D15,1,3140,14,Child-Child,1,2,2,GGGBGBBBYGGGG,GGGBBGGBYGGGB,0.6923076923076923,0.6923076923076923
S2_D15_P1,S2_D15,1,3140,14,Child-Child,1,3,3,GYBBRBBBYGRBB,BBBGYBBBYGBBY,0.5384615384615384,0.5384615384615384
S2_D15_P1,S2_D15,1,3140,14,Child-Child,1,4,4,GGBBBBBBBBBYY,GGGBBBBBBBYYY,0.8461538461538461,0.8461538461538461
S2_D15_P1,S2_D15,1,3140,14,Child-Child,1,5,5,YYGGGBBBBBBBY,YYYGGBBBBBBYB,0.7692307692307692,0.7692307692307692
S2_D15_P1,S2_D15,1,3140,14,Child-Child,1,6,6,GBGBBBBYYGGBY,GGBBBYGBBBYBG,0.4615384615384615,0.46153846153846156
S2_D15_P1,S2_D15,1,3140,14,Child-Child,1,7,7,GGYYBBBYGYBBY,GGGBBBBBBBGYB,0.4615384615384615,0.46153846153846156
S2_D15_P1,S2_D15,1,3140,14,Child-Child,1,8,8,GBBBYGYBBYGBY,GGGGBBBBBYGBB,0.4615384615384615,0.46153846153846156
S2_D15_P1,S2_D15,1,3140,14,Child-Child,2,1,9,GGGYBBRYRGRBY,GBBBYRGYRGGBR,0.4615384615384615,0.46153846153846156
S2_D15_P1,S2_D15,1,3140,14,Child-Child,2,2,10,GYRBBYGBBBRYY,GRBYGYBBBBBBR,0.4615384615384615,0.46153846153846156
S2_D15_P1,S2_D15,1,3140,14,Child-Child,2,3,11,GBBBYGRBYYYGY,GGGBBBRYGGYYY,0.4615384615384615,0.46153846153846156
S2_D15_P1,S2_D15,1,3140,14,Child-Child,2,4,12,GYBBRGBBBYGYB,GYRRBBBGYRGGY,0.4615384615384615,0.46153846153846156
S2_D15_P1,S2_D15,1,3140,14,Child-Child,2,5,13,GYRBBYGGYBYRG,GGYRBBGYBBBRY,0.5384615384615384,0.5384615384615384
S2_D15_P1,S2_D15,1,3140,14,Child-Child,2,6,14,RGYYYBBBRGYBB,GGGRYYGRRRBBB,0.3846153846153846,0.3846153846153846
S2_D15_P1,S2_D15,1,3140,14,Child-Child,2,7,15,GBBBBYRRBBBYG,GGGBBBBBYYRYY,0.3846153846153846,0.3846153846153846
S2_D15_P1,S2_D15,1,3140,14,Child-Child,2,8,16,RBBBGGYYGBRYY,GGGYGRRBYGGGY,0.2307692307692307,0.23076923076923073
S2_D15_P2,S2_D15,2,3141,14,Child-Child,1,1,1,GGBBGBYYBGBGY,GGGBGBBBYGGGG,0.5384615384615384,0.5384615384615384
S2_D15_P2,S2_D15,2,3141,14,Child-Child,1,2,2,YYRBGRRBBYGBG,GYBBRBBBYGRBB,0.5384615384615384,0.5384615384615384
S2_D15_P2,S2_D15,2,3141,14,Child-Child,1,3,3,GGGBBGGBYGGGB,GGBBBBBBBBBYY,0.3846153846153846,0.3846153846153846
S2_D15_P2,S2_D15,2,3141,14,Child-Child,1,4,4,BBBGYBBBYGBBY,YYGGGBBBBBBBY,0.5384615384615384,0.5384615384615384
S2_D15_P2,S2_D15,2,3141,14,Child-Child,1,5,5,GGGBBBBBBBYYY,GBGBBBBYYGGBY,0.5384615384615384,0.5384615384615384
S2_D15_P2,S2_D15,2,3141,14,Child-Child,1,6,6,YYYGGBBBBBBYB,GGYYBBBYGYBBY,0.3846153846153846,0.3846153846153846
S2_D15_P2,S2_D15,2,3141,14,Child-Child,1,7,7,GGBBBYGBBBYBG,GBBBYGYBBYGBY,0.6923076923076923,0.6923076923076923
S2_D15_P2,S2_D15,2,3141,14,Child-Child,1,8,8,GGGBBBBBBBGYB,GBBBBYYGBBYGY,0.4615384615384615,0.46153846153846156
S2_D15_P2,S2_D15,2,3141,14,Child-Child,2,1,9,YRRGYYYYGBGGY,GYRBBYGBBBRYY,0.3076923076923077,0.3076923076923077
S2_D15_P2,S2_D15,2,3141,14,Child-Child,2,2,10,GBBBYRGYRGGBR,GBBBYGRBYYYGY,0.5384615384615384,0.5384615384615384
S2_D15_P2,S2_D15,2,3141,14,Child-Child,2,3,11,GRBYGYBBBBBBR,GYBBRGBBBYGYB,0.3846153846153846,0.3846153846153846
S2_D15_P2,S2_D15,2,3141,14,Child-Child,2,4,12,GGGBBBRYGGYYY,GYRBBYGGYBYRG,0.4615384615384615,0.46153846153846156
S2_D15_P2,S2_D15,2,3141,14,Child-Child,2,5,13,GYRRBBBGYRGGY,RGYYYBBBRGYBB,0.3846153846153846,0.3846153846153846
S2_D15_P2,S2_D15,2,3141,14,Child-Child,2,6,14,GGYRBBGYBBBRY,GBBBBYRRBBBYG,0.3846153846153846,0.3846153846153846
S2_D15_P2,S2_D15,2,3141,14,Child-Child,2,7,15,GGGRYYGRRRBBB,RBBBGGYYGBRYY,0.2307692307692307,0.23076923076923073
S2_D15_P2,S2_D15,2,3141,14,Child-Child,2,8,16,GGGBBBBBYYRYY,GBBBBRYYBBBYY,0.5384615384615384,0.5384615384615384
S2_D16_P1,S2_D16,1,3150,15,Child-Child,1,1,1,BGGGYYYRRGGGR,BRGGGGYYYYYRR,0.4615384615384615,0.46153846153846156
S2_D16_P1,S2_D16,1,3150,15,Child-Child,1,2,2,RRYGBGRYBBGGY,YGGYYBRGYBBGY,0.4615384615384615,0.46153846153846156
S2_D16_P1,S2_D16,1,3150,15,Child-Child,1,3,3,GGGYYYYYYBBBR,GGYYYYYYBBBRR,0.8461538461538461,0.8461538461538461
S2_D16_P1,S2_D16,1,3150,15,Child-Child,1,4,4,YYBRGBBGGYRRR,GGYBGYBYRRRGY,0.3846153846153846,0.3846153846153846
S2_D16_P1,S2_D16,1,3150,15,Child-Child,1,5,5,GRRBBBBBBBBBB,GGGRRRBBBBBBB,0.6153846153846154,0.6153846153846154
S2_D16_P1,S2_D16,1,3150,15,Child-Child,1,6,6,GYBBGYRRBYGGY,GGYBRRBGYRRGY,0.5384615384615384,0.5384615384615384
S2_D16_P1,S2_D16,1,3150,15,Child-Child,1,7,7,GGGBBBBBBBBBB,GGGGGGBBBBBBB,0.7692307692307692,0.7692307692307692
S2_D16_P1,S2_D16,1,3150,15,Child-Child,1,8,8,GGYRBBGRRYBBR,GGYBRGRYBBGBB,0.5384615384615384,0.5384615384615384
S2_D16_P1,S2_D16,1,3150,15,Child-Child,2,1,9,GRRRBBRGYRBBB,GRRYBBGYRBBBB,0.7692307692307692,0.7692307692307692
S2_D16_P1,S2_D16,1,3150,15,Child-Child,2,2,10,GGRBBGYRBYBRB,BBRRYBBGRYBGB,0.4615384615384615,0.46153846153846156
S2_D16_P1,S2_D16,1,3150,15,Child-Child,2,3,11,GRYGGBBBBBBBB,GGRYYGBBBBBBB,0.7692307692307692,0.7692307692307692
S2_D16_P1,S2_D16,1,3150,15,Child-Child,2,4,12,BBYYBGGYYYRGG,GGBYYRYYYBBGY,0.3846153846153846,0.3846153846153846
S2_D16_P1,S2_D16,1,3150,15,Child-Child,2,5,13,YGRBYGBGRRRBR,YGRBYGBRBYGRB,0.6153846153846154,0.6153846153846154
S2_D16_P1,S2_D16,1,3150,15,Child-Child,2,6,14,GGYRYYBGRYRRY,GRYRYGRYGRYBB,0.5384615384615384,0.5384615384615384
S2_D16_P1,S2_D16,1,3150,15,Child-Child,2,7,15,YGRBYGBRBGRYG,RYGGBRBGRYBGR,0.5384615384615384,0.5384615384615384
S2_D16_P1,S2_D16,1,3150,15,Child-Child,2,8,16,GYRRGYYRYGRBB,GYRYRRYGRBBYG,0.6153846153846154,0.6153846153846154
S2_D16_P2,S2_D16,2,3151,15,Child-Child,1,1,1,RRYBRYGRBBYYB,RRYGBGRYBBGGY,0.4615384615384615,0.46153846153846156
S2_D16_P2,S2_D16,2,3151,15,Child-Child,1,2,2,BRGGGGYYYYYRR,GGGYYYYYYBBBR,0.5384615384615384,0.5384615384615384
S2_D16_P2,S2_D16,2,3151,15,Child-Child,1,3,3,YGGYYBRGYBBGY,YYBRGBBGGYRRR,0.3846153846153846,0.3846153846153846
S2_D16_P2,S2_D16,2,3151,15,Child-Child,1,4,4,GGYYYYYYBBBRR,GRRBBBBBBBBBB,0.3076923076923077,0.3076923076923077
S2_D16_P2,S2_D16,2,3151,15,Child-Child,1,5,5,GGYBGYBYRRRGY,GYBBGYRRBYGGY,0.4615384615384615,0.46153846153846156
S2_D16_P2,S2_D16,2,3151,15,Child-Child,1,6,6,GGGRRRBBBBBBB,GGGBBBBBBBBBB,0.7692307692307692,0.7692307692307692
S2_D16_P2,S2_D16,2,3151,15,Child-Child,1,7,7,GGYBRRBGYRRGY,GGYRBBGRRYBBR,0.4615384615384615,0.46153846153846156
S2_D16_P2,S2_D16,2,3151,15,Child-Child,1,8,8,GGGGGGBBBBBBB,BBBBBBBBBBBBB,0.5384615384615384,0.5384615384615384
S2_D16_P2,S2_D16,2,3151,15,Child-Child,2,1,9,GGRYBBGBGRYGR,GGRBBGYRBYBRB,0.5384615384615384,0.5384615384615384
S2_D16_P2,S2_D16,2,3151,15,Child-Child,2,2,10,GRRYBBGYRBBBB,GRYGGBBBBBBBB,0.5384615384615384,0.5384615384615384
S2_D16_P2,S2_D16,2,3151,15,Child-Child,2,3,11,BBRRYBBGRYBGB,BBYYBGGYYYRGG,0.4615384615384615,0.46153846153846156
S2_D16_P2,S2_D16,2,3151,15,Child-Child,2,4,12,GGRYYGBBBBBBB,YGRBYGBGRRRBR,0.4615384615384615,0.46153846153846156
S2_D16_P2,S2_D16,2,3151,15,Child-Child,2,5,13,GGBYYRYYYBBGY,GGYRYYBGRYRRY,0.3846153846153846,0.3846153846153846
S2_D16_P2,S2_D16,2,3151,15,Child-Child,2,6,14,YGRBYGBRBYGRB,YGRBYGBRBGRYG,0.7692307692307692,0.7692307692307692
S2_D16_P2,S2_D16,2,3151,15,Child-Child,2,7,15,GRYRYGRYGRYBB,GYRRGYYRYGRBB,0.6153846153846154,0.6153846153846154
S2_D16_P2,S2_D16,2,3151,15,Child-Child,2,8,16,RYGGBRBGRYBGR,RRRYBGRYGBYRG,0.3846153846153846,0.3846153846153846
S2_D17_P1,S2_D17,1,3160,16,Child-Child,1,1,1,GYRYYGBGYYRBG,GBYYRGBYYRGGB,0.5384615384615384,0.5384615384615384
S2_D17_P1,S2_D17,1,3160,16,Child-Child,1,2,2,GYBGRRRRRBBBB,GRRRRBBBBYBBB,0.4615384615384615,0.46153846153846156
S2_D17_P1,S2_D17,1,3160,16,Child-Child,1,3,3,YGGBBRYYGBBRR,GGRRBBYYGGRRB,0.4615384615384615,0.46153846153846156
S2_D17_P1,S2_D17,1,3160,16,Child-Child,1,4,4,GRRRRYBBBBBYG,GYRRRRBBGYGBY,0.5384615384615384,0.5384615384615384
S2_D17_P1,S2_D17,1,3160,16,Child-Child,1,5,5,GGRRBBYYGGRRB,GGRRBBYYYYGGR,0.6923076923076923,0.6923076923076923
S2_D17_P1,S2_D17,1,3160,16,Child-Child,1,6,6,GGBBBYYGGBBYY,GBBBBYYGGBBYY,0.9230769230769232,0.9230769230769231
S2_D17_P1,S2_D17,1,3160,16,Child-Child,1,7,7,GGRRBBYYYYYGR,GGRRYYBBBGGRB,0.4615384615384615,0.46153846153846156
S2_D17_P1,S2_D17,1,3160,16,Child-Child,1,8,8,BGGBBBBYYYGBB,BGGGYBBBBGGGG,0.4615384615384615,0.46153846153846156
S2_D17_P1,S2_D17,1,3160,16,Child-Child,2,1,9,BYRGGYBYRGRYG,BRGYGBYRGRBYR,0.6153846153846154,0.6153846153846154
S2_D17_P1,S2_D17,1,3160,16,Child-Child,2,2,10,YYRRBBGGYYRRB,YYRRBBGGYYRRB,1.0,1.0
S2_D17_P1,S2_D17,1,3160,16,Child-Child,2,3,11,GBBRRYYRRBBYY,GBBRRRRYYBBGG,0.5384615384615384,0.5384615384615384
S2_D17_P1,S2_D17,1,3160,16,Child-Child,2,4,12,YYRRBBGGYYRRB,YYRRBBGGYYRRB,1.0,1.0
S2_D17_P1,S2_D17,1,3160,16,Child-Child,2,5,13,GGYYBBRRGGYYB,GGYYBBRRGGYYB,1.0,1.0
S2_D17_P1,S2_D17,1,3160,16,Child-Child,2,6,14,YYRRBBGGYYRRB,YYRRBBGGYYRRB,1.0,1.0
S2_D17_P1,S2_D17,1,3160,16,Child-Child,2,7,15,YYBBRRGGYYBBR,YYBBRRGGYYBBR,1.0,1.0
S2_D17_P1,S2_D17,1,3160,16,Child-Child,2,8,16,YYRRBBGGYYRRB,YYRRBBGGYYRRB,1.0,1.0
S2_D17_P2,S2_D17,2,3161,16,Child-Child,1,1,1,GYBGRRRRRGGBB,GYBGRRRRRBBBB,0.8461538461538461,0.8461538461538461
S2_D17_P2,S2_D17,2,3161,16,Child-Child,1,2,2,GBYYRGBYYRGGB,YGGBBRYYGBBRR,0.2307692307692307,0.23076923076923073
S2_D17_P2,S2_D17,2,3161,16,Child-Child,1,3,3,GRRRRBBBBYBBB,GRRRRYBBBBBYG,0.6923076923076923,0.6923076923076923
S2_D17_P2,S2_D17,2,3161,16,Child-Child,1,4,4,GGRRBBYYGGRRB,GGRRBBYYGGRRB,1.0,1.0
S2_D17_P2,S2_D17,2,3161,16,Child-Child,1,5,5,GYRRRRBBGYGBY,GGBBBYYGGBBYY,0.3076923076923077,0.3076923076923077
S2_D17_P2,S2_D17,2,3161,16,Child-Child,1,6,6,GGRRBBYYYYGGR,GGRRBBYYYYYGR,0.9230769230769232,0.9230769230769231
S2_D17_P2,S2_D17,2,3161,16,Child-Child,1,7,7,GBBBBYYGGBBYY,BGGBBBBYYYGBB,0.6153846153846154,0.6153846153846154
S2_D17_P2,S2_D17,2,3161,16,Child-Child,1,8,8,GGRRYYBBBGGRB,GGRRBBBYYGGRR,0.6153846153846154,0.6153846153846154
S2_D17_P2,S2_D17,2,3161,16,Child-Child,2,1,9,BGRRYYRYRYBRR,YYRRBBGGYYRRB,0.3076923076923077,0.3076923076923077
S2_D17_P2,S2_D17,2,3161,16,Child-Child,2,2,10,BRGYGBYRGRBYR,GBBRRYYRRBBYY,0.3846153846153846,0.3846153846153846
S2_D17_P2,S2_D17,2,3161,16,Child-Child,2,3,11,YYRRBBGGYYRRB,YYRRBBGGYYRRB,1.0,1.0
S2_D17_P2,S2_D17,2,3161,16,Child-Child,2,4,12,GBBRRRRYYBBGG,GGYYBBRRGGYYB,0.3846153846153846,0.3846153846153846
S2_D17_P2,S2_D17,2,3161,16,Child-Child,2,5,13,YYRRBBGGYYRRB,YYRRBBGGYYRRB,1.0,1.0
S2_D17_P2,S2_D17,2,3161,16,Child-Child,2,6,14,GGYYBBRRGGYYB,YYBBRRGGYYBBR,0.6923076923076923,0.6923076923076923
S2_D17_P2,S2_D17,2,3161,16,Child-Child,2,7,15,YYRRBBGGYYRRB,YYRRBBGGYYRRB,1.0,1.0
S2_D17_P2,S2_D17,2,3161,16,Child-Child,2,8,16,YYBBRRGGYYBBR,YYBBRRGGYYBBR,1.0,1.0
S2_D18_P1,S2_D18,1,3170,17,Adult-Child,1,1,1,GBYYGGYGBGRBY,GGRGBYRBGRYBR,0.4615384615384615,0.46153846153846156
S2_D18_P1,S2_D18,1,3170,17,Adult-Child,1,2,2,BGBGRYYRYRGGG,GGBBGBGBGBRYR,0.3076923076923077,0.3076923076923077
S2_D18_P1,S2_D18,1,3170,17,Adult-Child,1,3,3,GGBGRYRBGYGBG,RRRRRRRRRGBYR,0.2307692307692307,0.23076923076923073
S2_D18_P1,S2_D18,1,3170,17,Adult-Child,1,4,4,GGBGBGBGRYRYR,RBGBYRGGRGYRG,0.3846153846153846,0.3846153846153846
S2_D18_P1,S2_D18,1,3170,17,Adult-Child,1,5,5,RRRRRRRRGYBRR,RRRRRRRRGYGBR,0.8461538461538461,0.8461538461538461
S2_D18_P1,S2_D18,1,3170,17,Adult-Child,1,6,6,RBYRRGYRGYBRR,RGYBRGYBRRGYB,0.5384615384615384,0.5384615384615384
S2_D18_P1,S2_D18,1,3170,17,Adult-Child,1,7,7,RRRRRRRRGYBGR,RRRRRRRRGYBGY,0.9230769230769232,0.9230769230769231
S2_D18_P1,S2_D18,1,3170,17,Adult-Child,1,8,8,RGYBRGYBRRGYB,RGYBRGYBRGYBR,0.8461538461538461,0.8461538461538461
S2_D18_P1,S2_D18,1,3170,17,Adult-Child,2,1,9,BRBGBBBBYRBYY,BYBYRYGRBYGRB,0.3076923076923077,0.3076923076923077
S2_D18_P1,S2_D18,1,3170,17,Adult-Child,2,2,10,YBRRRRRRGYRRB,RRRRRRRRGYBRG,0.6923076923076923,0.6923076923076923
S2_D18_P1,S2_D18,1,3170,17,Adult-Child,2,3,11,YBRYBBRGRGYRG,RBGRRRBYRBYRG,0.4615384615384615,0.46153846153846156
S2_D18_P1,S2_D18,1,3170,17,Adult-Child,2,4,12,RRRRRGYBRRGBY,RRRRRGYBRGBRG,0.7692307692307692,0.7692307692307692
S2_D18_P1,S2_D18,1,3170,17,Adult-Child,2,5,13,RRBYGRGYRBGYR,YRRRGBYRGBYRG,0.3846153846153846,0.3846153846153846
S2_D18_P1,S2_D18,1,3170,17,Adult-Child,2,6,14,RRRRRRGYBRGBR,RRRRRRRGYBRGY,0.7692307692307692,0.7692307692307692
S2_D18_P1,S2_D18,1,3170,17,Adult-Child,2,7,15,YRRGBYRGYRYBR,RBYGRBYGBYRBG,0.3846153846153846,0.3846153846153846
S2_D18_P1,S2_D18,1,3170,17,Adult-Child,2,8,16,RRRRRRRGYBGYR,RRRRRRRGYBGYB,0.9230769230769232,0.9230769230769231
S2_D18_P2,S2_D18,2,3171,17,Adult-Child,1,1,1,BGBYGRRGYGRGG,BGBGRYYRYRGGG,0.5384615384615384,0.5384615384615384
S2_D18_P2,S2_D18,2,3171,17,Adult-Child,1,2,2,GGRGBYRBGRYBR,GGBGRYRBGYGBG,0.6153846153846154,0.6153846153846154
S2_D18_P2,S2_D18,2,3171,17,Adult-Child,1,3,3,GGBBGBGBGBRYR,GGBGBGBGRYRYR,0.7692307692307692,0.7692307692307692
S2_D18_P2,S2_D18,2,3171,17,Adult-Child,1,4,4,RRRRRRRRRGBYR,RRRRRRRRGYBRR,0.7692307692307692,0.7692307692307692
S2_D18_P2,S2_D18,2,3171,17,Adult-Child,1,5,5,RBGBYRGGRGYRG,RBYRRGYRGYBRR,0.5384615384615384,0.5384615384615384
S2_D18_P2,S2_D18,2,3171,17,Adult-Child,1,6,6,RRRRRRRRGYGBR,RRRRRRRRGYBGR,0.8461538461538461,0.8461538461538461
S2_D18_P2,S2_D18,2,3171,17,Adult-Child,1,7,7,RGYBRGYBRRGYB,RGYBRGYBRRGYB,1.0,1.0
S2_D18_P2,S2_D18,2,3171,17,Adult-Child,1,8,8,RRRRRRRRGYBGY,RRRRRRGYBGGYB,0.6923076923076923,0.6923076923076923
S2_D18_P2,S2_D18,2,3171,17,Adult-Child,2,1,9,YBBRRRRRGYRRG,YBRRRRRRGYRRB,0.8461538461538461,0.8461538461538461
S2_D18_P2,S2_D18,2,3171,17,Adult-Child,2,2,10,BYBYRYGRBYGRB,YBRYBBRGRGYRG,0.4615384615384615,0.46153846153846156
S2_D18_P2,S2_D18,2,3171,17,Adult-Child,2,3,11,RRRRRRRRGYBRG,RRRRRGYBRRGBY,0.5384615384615384,0.5384615384615384
S2_D18_P2,S2_D18,2,3171,17,Adult-Child,2,4,12,RBGRRRBYRBYRG,RRBYGRGYRBGYR,0.4615384615384615,0.46153846153846156
S2_D18_P2,S2_D18,2,3171,17,Adult-Child,2,5,13,RRRRRGYBRGBRG,RRRRRRGYBRGBR,0.8461538461538461,0.8461538461538461
S2_D18_P2,S2_D18,2,3171,17,Adult-Child,2,6,14,YRRRGBYRGBYRG,YRRGBYRGYRYBR,0.6153846153846154,0.6153846153846154
S2_D18_P2,S2_D18,2,3171,17,Adult-Child,2,7,15,RRRRRRRGYBRGY,RRRRRRRGYBGYR,0.8461538461538461,0.8461538461538461
S2_D18_P2,S2_D18,2,3171,17,Adult-Child,2,8,16,RBYGRBYGBYRBG,RBYGRBYGRYGBR,0.7692307692307692,0.7692307692307692
S2_D19_P1,S2_D19,1,3180,18,Adult-Child,1,1,1,BRBGBBYGBBRRY,BRGYBBYRRGYRB,0.4615384615384615,0.46153846153846156
S2_D19_P1,S2_D19,1,3180,18,Adult-Child,1,2,2,GGBBYRBGGBGBG,GYGBBGGBBGBBG,0.6153846153846154,0.6153846153846154
S2_D19_P1,S2_D19,1,3180,18,Adult-Child,1,3,3,BYGRBGYBGGBRR,GYBRGYRRGBBGY,0.3846153846153846,0.3846153846153846
S2_D19_P1,S2_D19,1,3180,18,Adult-Child,1,4,4,GGYYBBGBYRBBB,GGYYBBGRGBBGB,0.6923076923076923,0.6923076923076923
S2_D19_P1,S2_D19,1,3180,18,Adult-Child,1,5,5,GYRGYBBBGBRBG,GBYRGBBYRBBBB,0.5384615384615384,0.5384615384615384
S2_D19_P1,S2_D19,1,3180,18,Adult-Child,1,6,6,GGYYBBGGBRBBR,GGYYBBGYBGBYR,0.7692307692307692,0.7692307692307692
S2_D19_P1,S2_D19,1,3180,18,Adult-Child,1,7,7,GGYYBBGGRYRBG,GGYYBBGGBBGRY,0.6153846153846154,0.6153846153846154
S2_D19_P1,S2_D19,1,3180,18,Adult-Child,1,8,8,GGYYBBGBYBGBG,GGYYBBGYBGGBB,0.7692307692307692,0.7692307692307692
S2_D19_P1,S2_D19,1,3180,18,Adult-Child,2,1,9,RYRBRRBGBGGRR,RYRRYBRRYGBBG,0.5384615384615384,0.5384615384615384
S2_D19_P1,S2_D19,1,3180,18,Adult-Child,2,2,10,YYRGBRGYRBGRY,YYRRGBYRGBYRB,0.5384615384615384,0.5384615384615384
S2_D19_P1,S2_D19,1,3180,18,Adult-Child,2,3,11,RRYYRYBGBBBBB,RRYYRRBYBBBBB,0.8461538461538461,0.8461538461538461
S2_D19_P1,S2_D19,1,3180,18,Adult-Child,2,4,12,YYRRGBYYRGGBG,YYRRGBBYYRBYG,0.6923076923076923,0.6923076923076923
S2_D19_P1,S2_D19,1,3180,18,Adult-Child,2,5,13,YYRRYYRGBBBRB,YYRRYYRGBBBBG,0.8461538461538461,0.8461538461538461
S2_D19_P1,S2_D19,1,3180,18,Adult-Child,2,6,14,YYRRGBRYYGBBB,YYRRYRGGBBRBG,0.5384615384615384,0.5384615384615384
S2_D19_P1,S2_D19,1,3180,18,Adult-Child,2,7,15,YYRRGBRYYGBBB,YYRRYGBBBBBYB,0.5384615384615384,0.5384615384615384
S2_D19_P1,S2_D19,1,3180,18,Adult-Child,2,8,16,YYRRGBYRRRGBB,YYRRYRGBYRBGY,0.5384615384615384,0.5384615384615384
S2_D19_P2,S2_D19,2,3181,18,Adult-Child,1,1,1,GGBGGBYGBYRGG,GGBBYRBGGBGBG,0.4615384615384615,0.46153846153846156
S2_D19_P2,S2_D19,2,3181,18,Adult-Child,1,2,2,BRGYBBYRRGYRB,BYGRBGYBGGBRR,0.4615384615384615,0.46153846153846156
S2_D19_P2,S2_D19,2,3181,18,Adult-Child,1,3,3,GYGBBGGBBGBBG,GGYYBBGBYRBBB,0.5384615384615384,0.5384615384615384
S2_D19_P2,S2_D19,2,3181,18,Adult-Child,1,4,4,GYBRGYRRGBBGY,GYRGYBBBGBRBG,0.5384615384615384,0.5384615384615384
S2_D19_P2,S2_D19,2,3181,18,Adult-Child,1,5,5,GGYYBBGRGBBGB,GGYYBBGGBRBBR,0.6923076923076923,0.6923076923076923
S2_D19_P2,S2_D19,2,3181,18,Adult-Child,1,6,6,GBYRGBBYRBBBB,GGYYBBGGRYRBG,0.3846153846153846,0.3846153846153846
S2_D19_P2,S2_D19,2,3181,18,Adult-Child,1,7,7,GGYYBBGYBGBYR,GGYYBBGBYBGBG,0.7692307692307692,0.7692307692307692
S2_D19_P2,S2_D19,2,3181,18,Adult-Child,1,8,8,GGYYBBGGBBGRY,GGYYBBGGYRBGG,0.6923076923076923,0.6923076923076923
S2_D19_P2,S2_D19,2,3181,18,Adult-Child,2,1,9,YRGRGYYRRRBGB,YYRGBRGYRBGRY,0.4615384615384615,0.46153846153846156
S2_D19_P2,S2_D19,2,3181,18,Adult-Child,2,2,10,RYRRYBRRYGBBG,RRYYRYBGBBBBB,0.4615384615384615,0.46153846153846156
S2_D19_P2,S2_D19,2,3181,18,Adult-Child,2,3,11,YYRRGBYRGBYRB,YYRRGBYYRGGBG,0.6153846153846154,0.6153846153846154
S2_D19_P2,S2_D19,2,3181,18,Adult-Child,2,4,12,RRYYRRBYBBBBB,YYRRYYRGBBBRB,0.5384615384615384,0.5384615384615384
S2_D19_P2,S2_D19,2,3181,18,Adult-Child,2,5,13,YYRRGBBYYRBYG,YYRRGBRYYGBBB,0.6923076923076923,0.6923076923076923
S2_D19_P2,S2_D19,2,3181,18,Adult-Child,2,6,14,YYRRYYRGBBBBG,YYRRGBRYYGBBB,0.5384615384615384,0.5384615384615384
S2_D19_P2,S2_D19,2,3181,18,Adult-Child,2,7,15,YYRRYRGGBBRBG,YYRRGBYRRRGBB,0.4615384615384615,0.46153846153846156
S2_D19_P2,S2_D19,2,3181,18,Adult-Child,2,8,16,YYRRYGBBBBBYB,YYRRYGBGRYBBB,0.6923076923076923,0.6923076923076923
S2_D20_P1,S2_D20,1,3190,19,Adult-Child,1,1,1,RGYGYRYRYRYGY,BGRYRYRYRYRYB,0.6153846153846154,0.6153846153846154
S2_D20_P1,S2_D20,1,3190,19,Adult-Child,1,2,2,BRYGBYGRGGYBR,BBRYGBBBGYRGR,0.4615384615384615,0.46153846153846156
S2_D20_P1,S2_D20,1,3190,19,Adult-Child,1,3,3,BGYRYRBGYRYBB,BGRYGBYRRYGBB,0.6153846153846154,0.6153846153846154
S2_D20_P1,S2_D20,1,3190,19,Adult-Child,1,4,4,BBRYGBBBRYGBR,BYBBRGYRBGRBB,0.3076923076923077,0.3076923076923077
S2_D20_P1,S2_D20,1,3190,19,Adult-Child,1,5,5,BGYRBGYBRGRBB,BGRYYGBRYBGBB,0.5384615384615384,0.5384615384615384
S2_D20_P1,S2_D20,1,3190,19,Adult-Child,1,6,6,BYBRGBBYRBGRY,BGBRYRGBYRBGR,0.6153846153846154,0.6153846153846154
S2_D20_P1,S2_D20,1,3190,19,Adult-Child,1,7,7,BGRYRGBYGGBBB,BGYBRYGBYBBYG,0.4615384615384615,0.46153846153846156
S2_D20_P1,S2_D20,1,3190,19,Adult-Child,1,8,8,BGYRBGBGRYRBB,BGYRGYBBRRGYB,0.5384615384615384,0.5384615384615384
S2_D20_P1,S2_D20,1,3190,19,Adult-Child,2,1,9,BYGYGGYYGGBRR,BYGBRGYBGBRGY,0.5384615384615384,0.5384615384615384
S2_D20_P1,S2_D20,1,3190,19,Adult-Child,2,2,10,YYBYRBBYRBYYY,YYBRGYBRYYYGR,0.4615384615384615,0.46153846153846156
S2_D20_P1,S2_D20,1,3190,19,Adult-Child,2,3,11,BGYRBYGRBBYGB,GBGBYGRBGBYRG,0.5384615384615384,0.5384615384615384
S2_D20_P1,S2_D20,1,3190,19,Adult-Child,2,4,12,YYBRYBRGBGYYY,GBYYRGBRYGRYB,0.3846153846153846,0.3846153846153846
S2_D20_P1,S2_D20,1,3190,19,Adult-Child,2,5,13,GBGYBRYRYBYRG,YBGBRYBGYRBYY,0.4615384615384615,0.46153846153846156
S2_D20_P1,S2_D20,1,3190,19,Adult-Child,2,6,14,GBYRGBYBRYRGB,YBRGYRYYGBGYR,0.3846153846153846,0.3846153846153846
S2_D20_P1,S2_D20,1,3190,19,Adult-Child,2,7,15,YBGRYBRGBBRGY,BYGBRYGYBRYRG,0.3076923076923077,0.3076923076923077
S2_D20_P1,S2_D20,1,3190,19,Adult-Child,2,8,16,YBRGYYBRGYBYR,YBRGYBGGBRYRG,0.6153846153846154,0.6153846153846154
S2_D20_P2,S2_D20,2,3191,19,Adult-Child,1,1,1,BRYGBYGYBGGBB,BRYGBYGRGGYBR,0.6923076923076923,0.6923076923076923
S2_D20_P2,S2_D20,2,3191,19,Adult-Child,1,2,2,BGRYRYRYRYRYB,BGYRYRBGYRYBB,0.6923076923076923,0.6923076923076923
S2_D20_P2,S2_D20,2,3191,19,Adult-Child,1,3,3,BBRYGBBBGYRGR,BBRYGBBBRYGBR,0.7692307692307692,0.7692307692307692
S2_D20_P2,S2_D20,2,3191,19,Adult-Child,1,4,4,BGRYGBYRRYGBB,BGYRBGYBRGRBB,0.5384615384615384,0.5384615384615384
S2_D20_P2,S2_D20,2,3191,19,Adult-Child,1,5,5,BYBBRGYRBGRBB,BYBRGBBYRBGRY,0.6153846153846154,0.6153846153846154
S2_D20_P2,S2_D20,2,3191,19,Adult-Child,1,6,6,BGRYYGBRYBGBB,BGRYRGBYGGBBB,0.6923076923076923,0.6923076923076923
S2_D20_P2,S2_D20,2,3191,19,Adult-Child,1,7,7,BGBRYRGBYRBGR,BGYRBGBGRYRBB,0.4615384615384615,0.46153846153846156
S2_D20_P2,S2_D20,2,3191,19,Adult-Child,1,8,8,BGYBRYGBYBBYG,BYGBGYRYBYRYG,0.4615384615384615,0.46153846153846156
S2_D20_P2,S2_D20,2,3191,19,Adult-Child,2,1,9,YYRYBBBRYYBBR,YYBYRBBYRBYYY,0.4615384615384615,0.46153846153846156
S2_D20_P2,S2_D20,2,3191,19,Adult-Child,2,2,10,BYGBRGYBGBRGY,BGYRBYGRBBYGB,0.4615384615384615,0.46153846153846156
S2_D20_P2,S2_D20,2,3191,19,Adult-Child,2,3,11,YYBRGYBRYYYGR,YYBRYBRGBGYYY,0.5384615384615384,0.5384615384615384
S2_D20_P2,S2_D20,2,3191,19,Adult-Child,2,4,12,GBGBYGRBGBYRG,GBGYBRYRYBYRG,0.6153846153846154,0.6153846153846154
S2_D20_P2,S2_D20,2,3191,19,Adult-Child,2,5,13,GBYYRGBRYGRYB,GBYRGBYBRYRGB,0.6153846153846154,0.6153846153846154
S2_D20_P2,S2_D20,2,3191,19,Adult-Child,2,6,14,YBGBRYBGYRBYY,YBGRYBRGBBRGY,0.5384615384615384,0.5384615384615384
S2_D20_P2,S2_D20,2,3191,19,Adult-Child,2,7,15,YBRGYRYYGBGYR,YBRGYYBRGYBYR,0.6153846153846154,0.6153846153846154
S2_D20_P2,S2_D20,2,3191,19,Adult-Child,2,8,16,BYGBRYGYBRYRG,BYGRYBRBYGGYR,0.4615384615384615,0.46153846153846156
S2_D21_P1,S2_D21,1,3200,20,Adult-Child,1,1,1,YRBYBRRYGBBRG,YGRRBYBBBGYRB,0.3846153846153846,0.3846153846153846
S2_D21_P1,S2_D21,1,3200,20,Adult-Child,1,2,2,YYGGGBGYRBGBR,GBBYGBBGYBRGY,0.3076923076923077,0.3076923076923077
S2_D21_P1,S2_D21,1,3200,20,Adult-Child,1,3,3,YYGRYGBRYYGBG,YRBBYGRBBBBYG,0.3846153846153846,0.3846153846153846
S2_D21_P1,S2_D21,1,3200,20,Adult-Child,1,4,4,GGBBGYGBGRRBY,GBBYRGBBBBYGB,0.3846153846153846,0.3846153846153846
S2_D21_P1,S2_D21,1,3200,20,Adult-Child,1,5,5,RBYGBBBBGYBRY,GBYRGBBRGBBYR,0.4615384615384615,0.46153846153846156
S2_D21_P1,S2_D21,1,3200,20,Adult-Child,1,6,6,GBBRYGBBBBYGR,GBBRGBYRGBYRG,0.5384615384615384,0.5384615384615384
S2_D21_P1,S2_D21,1,3200,20,Adult-Child,1,7,7,GBYRGBYGBBYGB,GBGBYRGBGBYRG,0.5384615384615384,0.5384615384615384
S2_D21_P1,S2_D21,1,3200,20,Adult-Child,1,8,8,GBBRYGBYRGBRY,GBBYRGBYRGBRG,0.7692307692307692,0.7692307692307692
S2_D21_P1,S2_D21,1,3200,20,Adult-Child,2,1,9,RYGYRRBRGRBRB,RBRGYBRGYBGRY,0.4615384615384615,0.46153846153846156
S2_D21_P1,S2_D21,1,3200,20,Adult-Child,2,2,10,YYGGGRGGGGBGY,BRBBYRBYRBYGR,0.1538461538461538,0.15384615384615385
S2_D21_P1,S2_D21,1,3200,20,Adult-Child,2,3,11,RBRGYRGBRGYBR,YGBRYGBRGYBRG,0.6153846153846154,0.6153846153846154
S2_D21_P1,S2_D21,1,3200,20,Adult-Child,2,4,12,BYRBYRBYRBGGR,BBGYRBBBBBGYR,0.4615384615384615,0.46153846153846156
S2_D21_P1,S2_D21,1,3200,20,Adult-Child,2,5,13,YGBRYGBRYGBRG,YGRYGRBYGRBBY,0.5384615384615384,0.5384615384615384
S2_D21_P1,S2_D21,1,3200,20,Adult-Child,2,6,14,BBGYRBBBBBGRY,BGYRBGYRBGRBB,0.5384615384615384,0.5384615384615384
S2_D21_P1,S2_D21,1,3200,20,Adult-Child,2,7,15,YGRBYGRBYGRBY,YGRYGBRYGBRYG,0.5384615384615384,0.5384615384615384
S2_D21_P1,S2_D21,1,3200,20,Adult-Child,2,8,16,BGYRBGYRBGRBB,BBGYRBGYRBBGY,0.6153846153846154,0.6153846153846154
S2_D21_P2,S2_D21,2,3201,20,Adult-Child,1,1,1,YYGGGBGYBRBGB,YYGGGBGYRBGBR,0.8461538461538461,0.8461538461538461
S2_D21_P2,S2_D21,2,3201,20,Adult-Child,1,2,2,YGRRBYBBBGYRB,YYGRYGBRYYGBG,0.3846153846153846,0.3846153846153846
S2_D21_P2,S2_D21,2,3201,20,Adult-Child,1,3,3,GBBYGBBGYBRGY,GGBBGYGBGRRBY,0.5384615384615384,0.5384615384615384
S2_D21_P2,S2_D21,2,3201,20,Adult-Child,1,4,4,YRBBYGRBBBBYG,RBYGBBBBGYBRY,0.4615384615384615,0.46153846153846156
S2_D21_P2,S2_D21,2,3201,20,Adult-Child,1,5,5,GBBYRGBBBBYGB,GBBRYGBBBBYGR,0.7692307692307692,0.7692307692307692
S2_D21_P2,S2_D21,2,3201,20,Adult-Child,1,6,6,GBYRGBBRGBBYR,GBYRGBYGBBYGB,0.6923076923076923,0.6923076923076923
S2_D21_P2,S2_D21,2,3201,20,Adult-Child,1,7,7,GBBRGBYRGBYRG,GBBRYGBYRGBRY,0.7692307692307692,0.7692307692307692
S2_D21_P2,S2_D21,2,3201,20,Adult-Child,1,8,8,GBGBYRGBGBYRG,GBGBYRGBGBRYG,0.8461538461538461,0.8461538461538461
S2_D21_P2,S2_D21,2,3201,20,Adult-Child,2,1,9,YYYGGRGGBGGGB,YYGGGRGGGGBGY,0.6923076923076923,0.6923076923076923
S2_D21_P2,S2_D21,2,3201,20,Adult-Child,2,2,10,RBRGYBRGYBGRY,RBRGYRGBRGYBR,0.6923076923076923,0.6923076923076923
S2_D21_P2,S2_D21,2,3201,20,Adult-Child,2,3,11,BRBBYRBYRBYGR,BYRBYRBYRBGGR,0.7692307692307692,0.7692307692307692
S2_D21_P2,S2_D21,2,3201,20,Adult-Child,2,4,12,YGBRYGBRGYBRG,YGBRYGBRYGBRG,0.8461538461538461,0.8461538461538461
S2_D21_P2,S2_D21,2,3201,20,Adult-Child,2,5,13,BBGYRBBBBBGYR,BBGYRBBBBBGRY,0.8461538461538461,0.8461538461538461
S2_D21_P2,S2_D21,2,3201,20,Adult-Child,2,6,14,YGRYGRBYGRBBY,YGRBYGRBYGRBY,0.8461538461538461,0.8461538461538461
S2_D21_P2,S2_D21,2,3201,20,Adult-Child,2,7,15,BGYRBGYRBGRBB,BGYRBGYRBGRBB,1.0,1.0
S2_D21_P2,S2_D21,2,3201,20,Adult-Child,2,8,16,YGRYGBRYGBRYG,YGRBYGRYGRBGB,0.6153846153846154,0.6153846153846154
S2_D22_P1,S2_D22,1,3210,21,Child-Child,1,1,1,GYGRYBYYYYRRR,GGGYRBBBGYYYY,0.3846153846153846,0.3846153846153846
S2_D22_P1,S2_D22,1,3210,21,Child-Child,1,2,2,YRBBRRGYRBGYR,YRBGYRBGRBYGR,0.5384615384615384,0.5384615384615384
S2_D22_P1,S2_D22,1,3210,21,Child-Child,1,3,3,YRGGGYBBYRGYY,YRBGYRBBBBGRY,0.5384615384615384,0.5384615384615384
S2_D22_P1,S2_D22,1,3210,21,Child-Child,1,4,4,YRBGYRBGRBYGR,YRBGRGYBRGYBR,0.5384615384615384,0.5384615384615384
S2_D22_P1,S2_D22,1,3210,21,Child-Child,1,5,5,YRBGYRBBBBGRY,YRBGRGYBRGYBB,0.4615384615384615,0.46153846153846156
S2_D22_P1,S2_D22,1,3210,21,Child-Child,1,6,6,YGRBGYRBGRGYB,YRGBRGYRGGBRR,0.3846153846153846,0.3846153846153846
S2_D22_P1,S2_D22,1,3210,21,Child-Child,1,7,7,YRBGYRBGRGYBR,RYGBRGRGRBGRR,0.4615384615384615,0.46153846153846156
S2_D22_P1,S2_D22,1,3210,21,Child-Child,1,8,8,YRGBYGRBYRGRY,YRGBRGYRGBYRG,0.6153846153846154,0.6153846153846154
S2_D22_P1,S2_D22,1,3210,21,Child-Child,2,1,9,BYGRGRGRRGYGG,YBRGRGRGRGRGY,0.6153846153846154,0.6153846153846154
S2_D22_P1,S2_D22,1,3210,21,Child-Child,2,2,10,GBGBRYYBBRRRY,YBYRGYRGBRYBR,0.3076923076923077,0.3076923076923077
S2_D22_P1,S2_D22,1,3210,21,Child-Child,2,3,11,GYBRGYBRYYBBR,RYGBRGYRBBGBY,0.4615384615384615,0.46153846153846156
S2_D22_P1,S2_D22,1,3210,21,Child-Child,2,4,12,GBYRGYRRGYRBY,RGYRBGRYBRGBG,0.3846153846153846,0.3846153846153846
S2_D22_P1,S2_D22,1,3210,21,Child-Child,2,5,13,RYGBRYGRRBGRY,YRGBRGYRYRRRR,0.3846153846153846,0.3846153846153846
S2_D22_P1,S2_D22,1,3210,21,Child-Child,2,6,14,RGYRGBRGRYGBR,YRGYYGRBYRBBB,0.3846153846153846,0.3846153846153846
S2_D22_P1,S2_D22,1,3210,21,Child-Child,2,7,15,YRGBRYGRYRRRR,RYRBGRYGRBGGY,0.3846153846153846,0.3846153846153846
S2_D22_P1,S2_D22,1,3210,21,Child-Child,2,8,16,RGYRGYGBYRGRY,RYGGGRYGYYGRB,0.4615384615384615,0.46153846153846156
S2_D22_P2,S2_D22,2,3211,21,Child-Child,1,1,1,YRBRRGYRRBYRY,YRBBRRGYRBGYR,0.6923076923076923,0.6923076923076923
S2_D22_P2,S2_D22,2,3211,21,Child-Child,1,2,2,GGGYRBBBGYYYY,YRGGGYBBYRGYY,0.4615384615384615,0.46153846153846156
S2_D22_P2,S2_D22,2,3211,21,Child-Child,1,3,3,YRBGYRBGRBYGR,YRBGYRBGRBYGR,1.0,1.0
S2_D22_P2,S2_D22,2,3211,21,Child-Child,1,4,4,YRBGYRBBBBGRY,YRBGYRBBBBGRY,1.0,1.0
S2_D22_P2,S2_D22,2,3211,21,Child-Child,1,5,5,YRBGRGYBRGYBR,YGRBGYRBGRGYB,0.5384615384615384,0.5384615384615384
S2_D22_P2,S2_D22,2,3211,21,Child-Child,1,6,6,YRBGRGYBRGYBB,YRBGYRBGRGYBR,0.6153846153846154,0.6153846153846154
S2_D22_P2,S2_D22,2,3211,21,Child-Child,1,7,7,YRGBRGYRGGBRR,YRGBYGRBYRGRY,0.5384615384615384,0.5384615384615384
S2_D22_P2,S2_D22,2,3211,21,Child-Child,1,8,8,RYGBRGRGRBGRR,RYGBRYGGYRBGR,0.6923076923076923,0.6923076923076923
S2_D22_P2,S2_D22,2,3211,21,Child-Child,2,1,9,GBGBYRYYBBRRR,GBGBRYYBBRRRY,0.8461538461538461,0.8461538461538461
S2_D22_P2,S2_D22,2,3211,21,Child-Child,2,2,10,YBRGRGRGRGRGY,GYBRGYBRYYBBR,0.3076923076923077,0.3076923076923077
S2_D22_P2,S2_D22,2,3211,21,Child-Child,2,3,11,YBYRGYRGBRYBR,GBYRGYRRGYRBY,0.6153846153846154,0.6153846153846154
S2_D22_P2,S2_D22,2,3211,21,Child-Child,2,4,12,RYGBRGYRBBGBY,RYGBRYGRRBGRY,0.6923076923076923,0.6923076923076923
S2_D22_P2,S2_D22,2,3211,21,Child-Child,2,5,13,RGYRBGRYBRGBG,RGYRGBRGRYGBR,0.6153846153846154,0.6153846153846154
S2_D22_P2,S2_D22,2,3211,21,Child-Child,2,6,14,YRGBRGYRYRRRR,YRGBRYGRYRRRR,0.8461538461538461,0.8461538461538461
S2_D22_P2,S2_D22,2,3211,21,Child-Child,2,7,15,YRGYYGRBYRBBB,RGYRGYGBYRGRY,0.4615384615384615,0.46153846153846156
S2_D22_P2,S2_D22,2,3211,21,Child-Child,2,8,16,RYRBGRYGRBGGY,YRYGBRYBBGRGB,0.4615384615384615,0.46153846153846156
S2_D23_P1,S2_D23,1,3220,22,Adult-Child,1,1,1,RYRRYBYBRGGYY,RRYYBBRRGRGYB,0.5384615384615384,0.5384615384615384
S2_D23_P1,S2_D23,1,3220,22,Adult-Child,1,2,2,BYGRYBGGRYBRG,BYBRBYRGRBRYR,0.4615384615384615,0.46153846153846156
S2_D23_P1,S2_D23,1,3220,22,Adult-Child,1,3,3,RRGGYYBBRYGYB,RRGGYYBBRYYBG,0.8461538461538461,0.8461538461538461
S2_D23_P1,S2_D23,1,3220,22,Adult-Child,1,4,4,BYBRBGYBRGYBB,BYRGYBRGBYBRB,0.6923076923076923,0.6923076923076923
S2_D23_P1,S2_D23,1,3220,22,Adult-Child,1,5,5,GGYYBBRRGYBRG,GGYYBBRRGYBRG,1.0,1.0
S2_D23_P1,S2_D23,1,3220,22,Adult-Child,1,6,6,BYRYBRBYGGGYB,BYBRBYBRGGGBY,0.5384615384615384,0.5384615384615384
S2_D23_P1,S2_D23,1,3220,22,Adult-Child,1,7,7,GGYYBBRRGYBRG,GGYYBBRRGYBRG,1.0,1.0
S2_D23_P1,S2_D23,1,3220,22,Adult-Child,1,8,8,BYBRBYBRGGGYB,BYBRBYBRGGGBB,0.9230769230769232,0.9230769230769231
S2_D23_P1,S2_D23,1,3220,22,Adult-Child,2,1,9,GRYYBYBRBYGBB,GGBRYRBYGRBYB,0.5384615384615384,0.5384615384615384
S2_D23_P1,S2_D23,1,3220,22,Adult-Child,2,2,10,GYYBRGBGBGBYR,GRGRBYBYGYRRB,0.3076923076923077,0.3076923076923077
S2_D23_P1,S2_D23,1,3220,22,Adult-Child,2,3,11,GYBRYRBYGRBYG,YRBGYRBYGBYBB,0.5384615384615384,0.5384615384615384
S2_D23_P1,S2_D23,1,3220,22,Adult-Child,2,4,12,GRGRGYBYBGYBB,GRGRGRGYBBYBG,0.6923076923076923,0.6923076923076923
S2_D23_P1,S2_D23,1,3220,22,Adult-Child,2,5,13,GYRGBYGRBYYBY,YRGYBYRYBBYBY,0.6153846153846154,0.6153846153846154
S2_D23_P1,S2_D23,1,3220,22,Adult-Child,2,6,14,GRGRGRYBYBGBR,GRGRGRYBYBGGY,0.8461538461538461,0.8461538461538461
S2_D23_P1,S2_D23,1,3220,22,Adult-Child,2,7,15,YGRYBBYRGYBYB,RYYRYBBYRYBBB,0.6923076923076923,0.6923076923076923
S2_D23_P1,S2_D23,1,3220,22,Adult-Child,2,8,16,GRGRGRYBYBYBG,GRGRGRGRBYBYB,0.7692307692307692,0.7692307692307692
S2_D23_P2,S2_D23,2,3221,22,Adult-Child,1,1,1,BYRGGGGYBRGRR,BYGRYBGGRYBRG,0.5384615384615384,0.5384615384615384
S2_D23_P2,S2_D23,2,3221,22,Adult-Child,1,2,2,RRYYBBRRGRGYB,RRGGYYBBRYGYB,0.6153846153846154,0.6153846153846154
S2_D23_P2,S2_D23,2,3221,22,Adult-Child,1,3,3,BYBRBYRGRBRYR,BYBRBGYBRGYBB,0.5384615384615384,0.5384615384615384
S2_D23_P2,S2_D23,2,3221,22,Adult-Child,1,4,4,RRGGYYBBRYYBG,GGYYBBRRGYBRG,0.6153846153846154,0.6153846153846154
S2_D23_P2,S2_D23,2,3221,22,Adult-Child,1,5,5,BYRGYBRGBYBRB,BYRYBRBYGGGYB,0.5384615384615384,0.5384615384615384
S2_D23_P2,S2_D23,2,3221,22,Adult-Child,1,6,6,GGYYBBRRGYBRG,GGYYBBRRGYBRG,1.0,1.0
S2_D23_P2,S2_D23,2,3221,22,Adult-Child,1,7,7,BYBRBYBRGGGBY,BYBRBYBRGGGYB,0.8461538461538461,0.8461538461538461
S2_D23_P2,S2_D23,2,3221,22,Adult-Child,1,8,8,GGYYBBRRGYBRG,GGYYBRRGBYRRG,0.7692307692307692,0.7692307692307692
S2_D23_P2,S2_D23,2,3221,22,Adult-Child,2,1,9,GYGYYBRGBGGBG,GYYBRGBGBGBYR,0.6153846153846154,0.6153846153846154
S2_D23_P2,S2_D23,2,3221,22,Adult-Child,2,2,10,GGBRYRBYGRBYB,GYBRYRBYGRBYG,0.8461538461538461,0.8461538461538461
S2_D23_P2,S2_D23,2,3221,22,Adult-Child,2,3,11,GRGRBYBYGYRRB,GRGRGYBYBGYBB,0.6923076923076923,0.6923076923076923
S2_D23_P2,S2_D23,2,3221,22,Adult-Child,2,4,12,YRBGYRBYGBYBB,GYRGBYGRBYYBY,0.4615384615384615,0.46153846153846156
S2_D23_P2,S2_D23,2,3221,22,Adult-Child,2,5,13,GRGRGRGYBBYBG,GRGRGRYBYBGBR,0.6923076923076923,0.6923076923076923
S2_D23_P2,S2_D23,2,3221,22,Adult-Child,2,6,14,YRGYBYRYBBYBY,YGRYBBYRGYBYB,0.5384615384615384,0.5384615384615384
S2_D23_P2,S2_D23,2,3221,22,Adult-Child,2,7,15,GRGRGRYBYBGGY,GRGRGRYBYBYBG,0.7692307692307692,0.7692307692307692
S2_D23_P2,S2_D23,2,3221,22,Adult-Child,2,8,16,RYYRYBBYRYBBB,YRYYBRYRYYBYG,0.4615384615384615,0.46153846153846156
S2_D24_P1,S2_D24,1,3230,23,Adult-Child,1,1,1,GYYRBRRBRYGBY,GYRRBBYRBGGYR,0.4615384615384615,0.46153846153846156
S2_D24_P1,S2_D24,1,3230,23,Adult-Child,1,2,2,RGYRRRBRGRBBB,RGBYRRRYBGYRB,0.5384615384615384,0.5384615384615384
S2_D24_P1,S2_D24,1,3230,23,Adult-Child,1,3,3,GYRBRRYBGBRYY,GYRBYRGBRRRYG,0.6153846153846154,0.6153846153846154
S2_D24_P1,S2_D24,1,3230,23,Adult-Child,1,4,4,BRGYRRRGYBGRB,YGBYRRRGYBRBY,0.6153846153846154,0.6153846153846154
S2_D24_P1,S2_D24,1,3230,23,Adult-Child,1,5,5,GYBRRRRYBRGBR,GYBRRRRGBYGRB,0.6923076923076923,0.6923076923076923
S2_D24_P1,S2_D24,1,3230,23,Adult-Child,1,6,6,YGBYRRYBGRRRY,GYBYRRGBYRGBB,0.4615384615384615,0.46153846153846156
S2_D24_P1,S2_D24,1,3230,23,Adult-Child,1,7,7,GYBRRRRYBRGYR,GYRBRRRYGBBGY,0.6153846153846154,0.6153846153846154
S2_D24_P1,S2_D24,1,3230,23,Adult-Child,1,8,8,GYBYRRGYBYRRR,GYBYRRRGBYRGB,0.6923076923076923,0.6923076923076923
S2_D24_P1,S2_D24,1,3230,23,Adult-Child,2,1,9,BGGGGGGGBRRRG,BGGGGGRBGRRRB,0.6923076923076923,0.6923076923076923
S2_D24_P1,S2_D24,1,3230,23,Adult-Child,2,2,10,BYRBYRRBBGGGG,YRBRRRBBBGGGG,0.7692307692307692,0.7692307692307692
S2_D24_P1,S2_D24,1,3230,23,Adult-Child,2,3,11,BGGGGBRRBGGBR,BYRGGGGRRBYBB,0.5384615384615384,0.5384615384615384
S2_D24_P1,S2_D24,1,3230,23,Adult-Child,2,4,12,YRBRRBBGRRBYR,RYBRYRGGRYBRR,0.4615384615384615,0.46153846153846156
S2_D24_P1,S2_D24,1,3230,23,Adult-Child,2,5,13,YBRGGGRBBRBBR,GYRBGGGRRBBYR,0.5384615384615384,0.5384615384615384
S2_D24_P1,S2_D24,1,3230,23,Adult-Child,2,6,14,RYBRYRGBRRYGG,RYBRRGBYRGGBY,0.6153846153846154,0.6153846153846154
S2_D24_P1,S2_D24,1,3230,23,Adult-Child,2,7,15,GGBRBRBYYRBRB,GGBBRYYGRBRBY,0.6923076923076923,0.6923076923076923
S2_D24_P1,S2_D24,1,3230,23,Adult-Child,2,8,16,RYBRRGBYYRGGR,GYRBRRYYGBYRG,0.4615384615384615,0.46153846153846156
S2_D24_P2,S2_D24,2,3231,23,Adult-Child,1,1,1,BGRYRRYGBBGBY,RGYRRRBRGRBBB,0.3846153846153846,0.3846153846153846
S2_D24_P2,S2_D24,2,3231,23,Adult-Child,1,2,2,GYRRBBYRBGGYR,GYRBRRYBGBRYY,0.4615384615384615,0.46153846153846156
S2_D24_P2,S2_D24,2,3231,23,Adult-Child,1,3,3,RGBYRRRYBGYRB,BRGYRRRGYBGRB,0.6923076923076923,0.6923076923076923
S2_D24_P2,S2_D24,2,3231,23,Adult-Child,1,4,4,GYRBYRGBRRRYG,GYBRRRRYBRGBR,0.3846153846153846,0.3846153846153846
S2_D24_P2,S2_D24,2,3231,23,Adult-Child,1,5,5,YGBYRRRGYBRBY,YGBYRRYBGRRRY,0.6153846153846154,0.6153846153846154
S2_D24_P2,S2_D24,2,3231,23,Adult-Child,1,6,6,GYBRRRRGBYGRB,GYBRRRRYBRGYR,0.6923076923076923,0.6923076923076923
S2_D24_P2,S2_D24,2,3231,23,Adult-Child,1,7,7,GYBYRRGBYRGBB,GYBYRRGYBYRRR,0.6923076923076923,0.6923076923076923
S2_D24_P2,S2_D24,2,3231,23,Adult-Child,1,8,8,GYRBRRRYGBBGY,GYRRRBRYYBGBG,0.6153846153846154,0.6153846153846154
S2_D24_P2,S2_D24,2,3231,23,Adult-Child,2,1,9,BYYRBGBGGRBBG,BYRBYRRBBGGGG,0.4615384615384615,0.46153846153846156
S2_D24_P2,S2_D24,2,3231,23,Adult-Child,2,2,10,BGGGGGRBGRRRB,BGGGGBRRBGGBR,0.6153846153846154,0.6153846153846154
S2_D24_P2,S2_D24,2,3231,23,Adult-Child,2,3,11,YRBRRRBBBGGGG,YRBRRBBGRRBYR,0.4615384615384615,0.46153846153846156
S2_D24_P2,S2_D24,2,3231,23,Adult-Child,2,4,12,BYRGGGGRRBYBB,YBRGGGRBBRBBR,0.5384615384615384,0.5384615384615384
S2_D24_P2,S2_D24,2,3231,23,Adult-Child,2,5,13,RYBRYRGGRYBRR,RYBRYRGBRRYGG,0.6153846153846154,0.6153846153846154
S2_D24_P2,S2_D24,2,3231,23,Adult-Child,2,6,14,GYRBGGGRRBBYR,GGBRBRBYYRBRB,0.3076923076923077,0.3076923076923077
S2_D24_P2,S2_D24,2,3231,23,Adult-Child,2,7,15,RYBRRGBYRGGBY,RYBRRGBYYRGGR,0.7692307692307692,0.7692307692307692
S2_D24_P2,S2_D24,2,3231,23,Adult-Child,2,8,16,GGBBRYYGRBRBY,GGBBRYYGRBBRR,0.7692307692307692,0.7692307692307692
S2_D25_P1,S2_D25,1,3240,24,Adult-Child,1,1,1,GYYGRGBRGBGGB,BBBBBBBBBBBBB,0.2307692307692307,0.23076923076923073
S2_D25_P1,S2_D25,1,3240,24,Adult-Child,1,2,2,GRBBYGBRBYGYB,RBBYGBRYGBBBG,0.6153846153846154,0.6153846153846154
S2_D25_P1,S2_D25,1,3240,24,Adult-Child,1,3,3,BBBBBBBBBBBBB,BBBBBBBBBBBBB,1.0,1.0
S2_D25_P1,S2_D25,1,3240,24,Adult-Child,1,4,4,RBGBYBBBRGYBR,RBYBBGRRBBBGY,0.3846153846153846,0.3846153846153846
S2_D25_P1,S2_D25,1,3240,24,Adult-Child,1,5,5,BBBBBBBBBBBBB,BBBBBBBBBBBBB,1.0,1.0
S2_D25_P1,S2_D25,1,3240,24,Adult-Child,1,6,6,RBYRBBBGYBBRR,RBBRGYRBYRBBB,0.3846153846153846,0.3846153846153846
S2_D25_P1,S2_D25,1,3240,24,Adult-Child,1,7,7,BBBBBBBBBBBBB,BBBBBBBBBBBBB,1.0,1.0
S2_D25_P1,S2_D25,1,3240,24,Adult-Child,1,8,8,RBBYGRBBYGRRY,RBBYGRBBYGRRY,1.0,1.0
S2_D25_P1,S2_D25,1,3240,24,Adult-Child,2,1,9,GYYBGYGRRGGBR,YYYBGYYBRYRBY,0.5384615384615384,0.5384615384615384
S2_D25_P1,S2_D25,1,3240,24,Adult-Child,2,2,10,RRRBBBBGGYYRR,RRRBBBYYRRBBR,0.5384615384615384,0.5384615384615384
S2_D25_P1,S2_D25,1,3240,24,Adult-Child,2,3,11,YYYBGRRBYYYBG,YYYRBGRBYYRBG,0.7692307692307692,0.7692307692307692
S2_D25_P1,S2_D25,1,3240,24,Adult-Child,2,4,12,RRRBBBYYRRBBY,RRRBBBYYRRBBY,1.0,1.0
S2_D25_P1,S2_D25,1,3240,24,Adult-Child,2,5,13,YYYBRGYYRRBBG,YYBRGYYBRGBGY,0.6923076923076923,0.6923076923076923
S2_D25_P1,S2_D25,1,3240,24,Adult-Child,2,6,14,RRRBBBYYRRBBY,RRRBBBYYRRBBY,1.0,1.0
S2_D25_P1,S2_D25,1,3240,24,Adult-Child,2,7,15,YYBRGYYBRGBBR,YYBRGYYBRGYBB,0.8461538461538461,0.8461538461538461
S2_D25_P1,S2_D25,1,3240,24,Adult-Child,2,8,16,RRRBBBYYRRBBY,RRRBBBYYRRBBY,1.0,1.0
S2_D25_P2,S2_D25,2,3241,24,Adult-Child,1,1,1,RGBBGGYRGRBRY,GRBBYGBRBYGYB,0.3076923076923077,0.3076923076923077
S2_D25_P2,S2_D25,2,3241,24,Adult-Child,1,2,2,BBBBBBBBBBBBB,BBBBBBBBBBBBB,1.0,1.0
S2_D25_P2,S2_D25,2,3241,24,Adult-Child,1,3,3,RBBYGBRYGBBBG,RBGBYBBBRGYBR,0.4615384615384615,0.46153846153846156
S2_D25_P2,S2_D25,2,3241,24,Adult-Child,1,4,4,BBBBBBBBBBBBB,BBBBBBBBBBBBB,1.0,1.0
S2_D25_P2,S2_D25,2,3241,24,Adult-Child,1,5,5,RBYBBGRRBBBGY,RBYRBBBGYBBRR,0.4615384615384615,0.46153846153846156
S2_D25_P2,S2_D25,2,3241,24,Adult-Child,1,6,6,BBBBBBBBBBBBB,BBBBBBBBBBBBB,1.0,1.0
S2_D25_P2,S2_D25,2,3241,24,Adult-Child,1,7,7,RBBRGYRBYRBBB,RBBYGRBBYGRRY,0.4615384615384615,0.46153846153846156
S2_D25_P2,S2_D25,2,3241,24,Adult-Child,1,8,8,BBBBBBBBBBBBB,BBBBBBBBBBBBB,1.0,1.0
S2_D25_P2,S2_D25,2,3241,24,Adult-Child,2,1,9,RRRBBBBGGYYYR,RRRBBBBGGYYRR,0.9230769230769232,0.9230769230769231
S2_D25_P2,S2_D25,2,3241,24,Adult-Child,2,2,10,YYYBGYYBRYRBY,YYYBGRRBYYYBG,0.6153846153846154,0.6153846153846154
S2_D25_P2,S2_D25,2,3241,24,Adult-Child,2,3,11,RRRBBBYYRRBBR,RRRBBBYYRRBBY,0.9230769230769232,0.9230769230769231
S2_D25_P2,S2_D25,2,3241,24,Adult-Child,2,4,12,YYYRBGRBYYRBG,YYYBRGYYRRBBG,0.6153846153846154,0.6153846153846154
S2_D25_P2,S2_D25,2,3241,24,Adult-Child,2,5,13,RRRBBBYYRRBBY,RRRBBBYYRRBBY,1.0,1.0
S2_D25_P2,S2_D25,2,3241,24,Adult-Child,2,6,14,YYBRGYYBRGBGY,YYBRGYYBRGBBR,0.8461538461538461,0.8461538461538461
S2_D25_P2,S2_D25,2,3241,24,Adult-Child,2,7,15,RRRBBBYYRRBBY,RRRBBBYYRRBBY,1.0,1.0
S2_D25_P2,S2_D25,2,3241,24,Adult-Child,2,8,16,YYBRGYYBRGYBB,YYBRGYYBRGBBY,0.8461538461538461,0.8461538461538461
S2_D26_P1,S2_D26,1,3250,25,Adult-Child,1,1,1,GBBYYBRYRRBGG,BBGYYBBRGYYBB,0.3846153846153846,0.3846153846153846
S2_D26_P1,S2_D26,1,3250,25,Adult-Child,1,2,2,RRGGYGBGGGYBG,RRGBBYYBGGRBB,0.5384615384615384,0.5384615384615384
S2_D26_P1,S2_D26,1,3250,25,Adult-Child,1,3,3,BBGYYBRGGYBBG,BBBYYGGYRBGGY,0.5384615384615384,0.5384615384615384
S2_D26_P1,S2_D26,1,3250,25,Adult-Child,1,4,4,RRGYBRYGBRRGR,RBBGYYRRGBBYB,0.3846153846153846,0.3846153846153846
S2_D26_P1,S2_D26,1,3250,25,Adult-Child,1,5,5,BBBYYGRYYGRBB,BBBYGRYGBBRBB,0.6923076923076923,0.6923076923076923
S2_D26_P1,S2_D26,1,3250,25,Adult-Child,1,6,6,RRBGGYBGRYGBB,BBGRYBGYRBGYY,0.4615384615384615,0.46153846153846156
S2_D26_P1,S2_D26,1,3250,25,Adult-Child,1,7,7,BBYGBBRYGYGRB,BBYGRYRGBBYRR,0.4615384615384615,0.46153846153846156
S2_D26_P1,S2_D26,1,3250,25,Adult-Child,1,8,8,BBGRYBBGRYYGR,BBGRYBGRYGBRB,0.6923076923076923,0.6923076923076923
S2_D26_P1,S2_D26,1,3250,25,Adult-Child,2,1,9,YYYYYYGBBRYYR,YYYYYYBGBYYYG,0.6923076923076923,0.6923076923076923
S2_D26_P1,S2_D26,1,3250,25,Adult-Child,2,2,10,BBYGRYGRGYRRB,BBYRGRYBRGRGR,0.6153846153846154,0.6153846153846154
S2_D26_P1,S2_D26,1,3250,25,Adult-Child,2,3,11,YYYYYYYBGBYYY,YYYYYYYBGYYYY,0.9230769230769232,0.9230769230769231
S2_D26_P1,S2_D26,1,3250,25,Adult-Child,2,4,12,BBYGRYBGYYGRG,BBGYRRBGYGYYR,0.5384615384615384,0.5384615384615384
S2_D26_P1,S2_D26,1,3250,25,Adult-Child,2,5,13,YYYYYYYBGYYYY,YYYYYYYBGGYYY,0.9230769230769232,0.9230769230769231
S2_D26_P1,S2_D26,1,3250,25,Adult-Child,2,6,14,BBGYRRGYBGYGG,BBBBYRYBYRYGG,0.5384615384615384,0.5384615384615384
S2_D26_P1,S2_D26,1,3250,25,Adult-Child,2,7,15,YYYYYYYBGGYYY,YYYYYYYBGGYYY,1.0,1.0
S2_D26_P1,S2_D26,1,3250,25,Adult-Child,2,8,16,BBBBYRYRBYGGG,BBBBBYRYRYGGG,0.8461538461538461,0.8461538461538461
S2_D26_P2,S2_D26,2,3251,25,Adult-Child,1,1,1,RRGGRYGGGBBGB,RRGGYGBGGGYBG,0.6153846153846154,0.6153846153846154
S2_D26_P2,S2_D26,2,3251,25,Adult-Child,1,2,2,BBGYYBBRGYYBB,BBGYYBRGGYBBG,0.7692307692307692,0.7692307692307692
S2_D26_P2,S2_D26,2,3251,25,Adult-Child,1,3,3,RRGBBYYBGGRBB,RRGYBRYGBRRGR,0.4615384615384615,0.46153846153846156
S2_D26_P2,S2_D26,2,3251,25,Adult-Child,1,4,4,BBBYYGGYRBGGY,BBBYYGRYYGRBB,0.5384615384615384,0.5384615384615384
S2_D26_P2,S2_D26,2,3251,25,Adult-Child,1,5,5,RBBGYYRRGBBYB,RRBGGYBGRYGBB,0.4615384615384615,0.46153846153846156
S2_D26_P2,S2_D26,2,3251,25,Adult-Child,1,6,6,BBBYGRYGBBRBB,BBYGBBRYGYGRB,0.5384615384615384,0.5384615384615384
S2_D26_P2,S2_D26,2,3251,25,Adult-Child,1,7,7,BBGRYBGYRBGYY,BBGRYBBGRYYGR,0.5384615384615384,0.5384615384615384
S2_D26_P2,S2_D26,2,3251,25,Adult-Child,1,8,8,BBYGRYRGBBYRR,BBGYRYGRBYBRR,0.6153846153846154,0.6153846153846154
S2_D26_P2,S2_D26,2,3251,25,Adult-Child,2,1,9,BRRYGRRBBRGBR,BBYGRYGRGYRRB,0.3846153846153846,0.3846153846153846
S2_D26_P2,S2_D26,2,3251,25,Adult-Child,2,2,10,YYYYYYBGBYYYG,YYYYYYYBGBYYY,0.8461538461538461,0.8461538461538461
S2_D26_P2,S2_D26,2,3251,25,Adult-Child,2,3,11,BBYRGRYBRGRGR,BBYGRYBGYYGRG,0.6153846153846154,0.6153846153846154
S2_D26_P2,S2_D26,2,3251,25,Adult-Child,2,4,12,YYYYYYYBGYYYY,YYYYYYYBGYYYY,1.0,1.0
S2_D26_P2,S2_D26,2,3251,25,Adult-Child,2,5,13,BBGYRRBGYGYYR,BBGYRRGYBGYGG,0.6923076923076923,0.6923076923076923
S2_D26_P2,S2_D26,2,3251,25,Adult-Child,2,6,14,YYYYYYYBGGYYY,YYYYYYYBGGYYY,1.0,1.0
S2_D26_P2,S2_D26,2,3251,25,Adult-Child,2,7,15,BBBBYRYBYRYGG,BBBBYRYRBYGGG,0.7692307692307692,0.7692307692307692
S2_D26_P2,S2_D26,2,3251,25,Adult-Child,2,8,16,YYYYYYYBGGYYY,YYYYYYYBGGYYY,1.0,1.0
S2_D27_P1,S2_D27,1,3260,26,Adult-Child,1,1,1,RYBRRBGRRRYRB,BBBRRYRRRBYRR,0.5384615384615384,0.5384615384615384
S2_D27_P1,S2_D27,1,3260,26,Adult-Child,1,2,2,YYBRBGRBYYYBY,YYBRYYYBRRYYB,0.5384615384615384,0.5384615384615384
S2_D27_P1,S2_D27,1,3260,26,Adult-Child,1,3,3,BRRRBYRYBBBBB,BBRYYBBRYBRYY,0.3846153846153846,0.3846153846153846
S2_D27_P1,S2_D27,1,3260,26,Adult-Child,1,4,4,YBRYBRRYBYYYY,YBRRYYBRYYYYB,0.6153846153846154,0.6153846153846154
S2_D27_P1,S2_D27,1,3260,26,Adult-Child,1,5,5,BBRYYBYBBYYYY,BYBBYYYYBYYYY,0.6923076923076923,0.6923076923076923
S2_D27_P1,S2_D27,1,3260,26,Adult-Child,1,6,6,YBRYBRRRYBRYY,RYBRYBRRRRYBR,0.6923076923076923,0.6923076923076923
S2_D27_P1,S2_D27,1,3260,26,Adult-Child,1,7,7,BYBBYYYYBYYYY,BBYBYYYYBYBYY,0.7692307692307692,0.7692307692307692
S2_D27_P1,S2_D27,1,3260,26,Adult-Child,1,8,8,BRYBRRRRYBRRR,BBBRRYBRRRRRR,0.5384615384615384,0.5384615384615384
S2_D27_P1,S2_D27,1,3260,26,Adult-Child,2,1,9,BBGGRYGGBRGRY,BBRGGBGRYBBGG,0.3846153846153846,0.3846153846153846
S2_D27_P1,S2_D27,1,3260,26,Adult-Child,2,2,10,RRBGRBYYBBBBB,BBRGYBRYBBBBB,0.6153846153846154,0.6153846153846154
S2_D27_P1,S2_D27,1,3260,26,Adult-Child,2,3,11,BRRGBRGBBRYBR,BBBRGGBBRRGYR,0.4615384615384615,0.46153846153846156
S2_D27_P1,S2_D27,1,3260,26,Adult-Child,2,4,12,BGYBBBBGYBBBB,BGYBGYBBBBBGY,0.5384615384615384,0.5384615384615384
S2_D27_P1,S2_D27,1,3260,26,Adult-Child,2,5,13,BBRGGYBBRGYBB,BBRRRRRRRRRRR,0.3076923076923077,0.3076923076923077
S2_D27_P1,S2_D27,1,3260,26,Adult-Child,2,6,14,BGYBYBBBBBGYB,BBRRGYBRYBRRB,0.3076923076923077,0.3076923076923077
S2_D27_P1,S2_D27,1,3260,26,Adult-Child,2,7,15,BBRRRRRRRRRRR,BBRRRRRRRRRBB,0.8461538461538461,0.8461538461538461
S2_D27_P1,S2_D27,1,3260,26,Adult-Child,2,8,16,BBRRGYBBRYBBB,BBRRYBBYBRYBR,0.6153846153846154,0.6153846153846154
S2_D27_P2,S2_D27,2,3261,26,Adult-Child,1,1,1,YYBGRYRGBBBGR,YYBRBGRBYYYBY,0.3076923076923077,0.3076923076923077
S2_D27_P2,S2_D27,2,3261,26,Adult-Child,1,2,2,BBBRRYRRRBYRR,BRRRBYRYBBBBB,0.3846153846153846,0.3846153846153846
S2_D27_P2,S2_D27,2,3261,26,Adult-Child,1,3,3,YYBRYYYBRRYYB,YBRYBRRYBYYYY,0.4615384615384615,0.46153846153846156
S2_D27_P2,S2_D27,2,3261,26,Adult-Child,1,4,4,BBRYYBBRYBRYY,BBRYYBYBBYYYY,0.6923076923076923,0.6923076923076923
S2_D27_P2,S2_D27,2,3261,26,Adult-Child,1,5,5,YBRRYYBRYYYYB,YBRYBRRRYBRYY,0.4615384615384615,0.46153846153846156
S2_D27_P2,S2_D27,2,3261,26,Adult-Child,1,6,6,BYBBYYYYBYYYY,BYBBYYYYBYYYY,1.0,1.0
S2_D27_P2,S2_D27,2,3261,26,Adult-Child,1,7,7,RYBRYBRRRRYBR,BRYBRRRRYBRRR,0.6923076923076923,0.6923076923076923
S2_D27_P2,S2_D27,2,3261,26,Adult-Child,1,8,8,BBYBYYYYBYBYY,BBBYYYYYYBYBB,0.6923076923076923,0.6923076923076923
S2_D27_P2,S2_D27,2,3261,26,Adult-Child,2,1,9,BGRRGRRBYBYYR,RRBGRBYYBBBBB,0.3076923076923077,0.3076923076923077
S2_D27_P2,S2_D27,2,3261,26,Adult-Child,2,2,10,BBRGGBGRYBBGG,BRRGBRGBBRYBR,0.4615384615384615,0.46153846153846156
S2_D27_P2,S2_D27,2,3261,26,Adult-Child,2,3,11,BBRGYBRYBBBBB,BGYBBBBGYBBBB,0.5384615384615384,0.5384615384615384
S2_D27_P2,S2_D27,2,3261,26,Adult-Child,2,4,12,BBBRGGBBRRGYR,BBRGGYBBRGYBB,0.6153846153846154,0.6153846153846154
S2_D27_P2,S2_D27,2,3261,26,Adult-Child,2,5,13,BGYBGYBBBBBGY,BGYBYBBBBBGYB,0.8461538461538461,0.8461538461538461
S2_D27_P2,S2_D27,2,3261,26,Adult-Child,2,6,14,BBRRRRRRRRRRR,BBRRRRRRRRRRR,1.0,1.0
S2_D27_P2,S2_D27,2,3261,26,Adult-Child,2,7,15,BBRRGYBRYBRRB,BBRRGYBBRYBBB,0.7692307692307692,0.7692307692307692
S2_D27_P2,S2_D27,2,3261,26,Adult-Child,2,8,16,BBRRRRRRRRRBB,BBRRRRRBBBBBB,0.6923076923076923,0.6923076923076923
S2_D28_P1,S2_D28,1,3270,27,Adult-Child,1,1,1,RRYYYGBBGGGGG,RRBYYYGBRRRGY,0.5384615384615384,0.5384615384615384
S2_D28_P1,S2_D28,1,3270,27,Adult-Child,1,2,2,YRRYRYGYGGYRB,YYRYRYGYBRRYG,0.5384615384615384,0.5384615384615384
S2_D28_P1,S2_D28,1,3270,27,Adult-Child,1,3,3,RYRYYGYGRRRYG,RYRYYBYRGYYYG,0.6153846153846154,0.6153846153846154
S2_D28_P1,S2_D28,1,3270,27,Adult-Child,1,4,4,YGYGYYRYGBBBG,YGYGYYBRYGYYR,0.6153846153846154,0.6153846153846154
S2_D28_P1,S2_D28,1,3270,27,Adult-Child,1,5,5,RYRYYBYGGGGGG,RYRYYBGGGGGGG,0.9230769230769232,0.9230769230769231
S2_D28_P1,S2_D28,1,3270,27,Adult-Child,1,6,6,YGYGYYBBGYYGY,YGYGYBRYGYYGY,0.7692307692307692,0.7692307692307692
S2_D28_P1,S2_D28,1,3270,27,Adult-Child,1,7,7,RYRYYBGGGGGGG,RYRYYYBGGGGGG,0.8461538461538461,0.8461538461538461
S2_D28_P1,S2_D28,1,3270,27,Adult-Child,1,8,8,YGYGYBRYYGYYY,YGYGYGBRYGYYY,0.8461538461538461,0.8461538461538461
S2_D28_P1,S2_D28,1,3270,27,Adult-Child,2,1,9,YYBYYGBGGRBBB,YYYBGYRBBBBBB,0.5384615384615384,0.5384615384615384
S2_D28_P1,S2_D28,1,3270,27,Adult-Child,2,2,10,GYBRRBBRRBYGR,GYBRBRYYGGYBR,0.4615384615384615,0.46153846153846156
S2_D28_P1,S2_D28,1,3270,27,Adult-Child,2,3,11,YYYYYRGYBBBBB,YYYYYRGYYBYYY,0.6923076923076923,0.6923076923076923
S2_D28_P1,S2_D28,1,3270,27,Adult-Child,2,4,12,GYGGRYBRRBBBB,YGYGGRRBYBRBY,0.5384615384615384,0.5384615384615384
S2_D28_P1,S2_D28,1,3270,27,Adult-Child,2,5,13,YYYYYBRGYBYYY,YYYYYBRGYBBRG,0.7692307692307692,0.7692307692307692
S2_D28_P1,S2_D28,1,3270,27,Adult-Child,2,6,14,YGYGGRYYYBYYY,YGYGGGRBBYYYY,0.6923076923076923,0.6923076923076923
S2_D28_P1,S2_D28,1,3270,27,Adult-Child,2,7,15,YYYYYBYRYBGGG,YYYYYBGYBYRGY,0.6153846153846154,0.6153846153846154
S2_D28_P1,S2_D28,1,3270,27,Adult-Child,2,8,16,YGYGGRYYYBYYY,YGYGYGGRRBYYY,0.6153846153846154,0.6153846153846154
S2_D28_P2,S2_D28,2,3271,27,Adult-Child,1,1,1,RYGGYRYRYBRYB,YRRYRYGYGGYRB,0.4615384615384615,0.46153846153846156
S2_D28_P2,S2_D28,2,3271,27,Adult-Child,1,2,2,RRBYYYGBRRRGY,RYRYYGYGRRRYG,0.5384615384615384,0.5384615384615384
S2_D28_P2,S2_D28,2,3271,27,Adult-Child,1,3,3,YYRYRYGYBRRYG,YGYGYYRYGBBBG,0.4615384615384615,0.46153846153846156
S2_D28_P2,S2_D28,2,3271,27,Adult-Child,1,4,4,RYRYYBYRGYYYG,RYRYYBYGGGGGG,0.6923076923076923,0.6923076923076923
S2_D28_P2,S2_D28,2,3271,27,Adult-Child,1,5,5,YGYGYYBRYGYYR,YGYGYYBBGYYGY,0.6923076923076923,0.6923076923076923
S2_D28_P2,S2_D28,2,3271,27,Adult-Child,1,6,6,RYRYYBGGGGGGG,RYRYYBGGGGGGG,1.0,1.0
S2_D28_P2,S2_D28,2,3271,27,Adult-Child,1,7,7,YGYGYBRYGYYGY,YGYGYBRYYGYYY,0.8461538461538461,0.8461538461538461
S2_D28_P2,S2_D28,2,3271,27,Adult-Child,1,8,8,RYRYYYBGGGGGG,RYRYYYBGGGGGG,1.0,1.0
S2_D28_P2,S2_D28,2,3271,27,Adult-Child,2,1,9,GYBRRRRBBYYBR,GYBRRBBRRBYGR,0.6153846153846154,0.6153846153846154
S2_D28_P2,S2_D28,2,3271,27,Adult-Child,2,2,10,YYYBGYRBBBBBB,YYYYYRGYBBBBB,0.6923076923076923,0.6923076923076923
S2_D28_P2,S2_D28,2,3271,27,Adult-Child,2,3,11,GYBRBRYYGGYBR,GYGGRYBRRBBBB,0.3076923076923077,0.3076923076923077
S2_D28_P2,S2_D28,2,3271,27,Adult-Child,2,4,12,YYYYYRGYYBYYY,YYYYYBRGYBYYY,0.8461538461538461,0.8461538461538461
S2_D28_P2,S2_D28,2,3271,27,Adult-Child,2,5,13,YGYGGRRBYBRBY,YGYGGRYYYBYYY,0.6923076923076923,0.6923076923076923
S2_D28_P2,S2_D28,2,3271,27,Adult-Child,2,6,14,YYYYYBRGYBBRG,YYYYYBYRYBGGG,0.6923076923076923,0.6923076923076923
S2_D28_P2,S2_D28,2,3271,27,Adult-Child,2,7,15,YGYGGGRBBYYYY,YGYGGRYYYBYYY,0.6923076923076923,0.6923076923076923
S2_D28_P2,S2_D28,2,3271,27,Adult-Child,2,8,16,YYYYYBGYBYRGY,YYYYYBYGYRYYY,0.6923076923076923,0.6923076923076923
S2_D29_P1,S2_D29,1,3280,28,Adult-Child,1,1,1,BRRGYBBGBRGBB,BBRGYBBGYRBBG,0.6923076923076923,0.6923076923076923
S2_D29_P1,S2_D29,1,3280,28,Adult-Child,1,2,2,GBBGGRRBGYBGG,BBGYBRGBBYRRB,0.3846153846153846,0.3846153846153846
S2_D29_P1,S2_D29,1,3280,28,Adult-Child,1,3,3,BBGBYRBGBYBGR,BBGYRBBGBGRYB,0.6153846153846154,0.6153846153846154
S2_D29_P1,S2_D29,1,3280,28,Adult-Child,1,4,4,BBGBYRYBGBBRY,BBGYRBBGYGYBB,0.4615384615384615,0.46153846153846156
S2_D29_P1,S2_D29,1,3280,28,Adult-Child,1,5,5,BBGBYBGBBRBGY,BBGYBBGBBGYGR,0.6153846153846154,0.6153846153846154
S2_D29_P1,S2_D29,1,3280,28,Adult-Child,1,6,6,BBGBRBGYBBGRY,BBGYBRBBGRGYB,0.5384615384615384,0.5384615384615384
S2_D29_P1,S2_D29,1,3280,28,Adult-Child,1,7,7,BBGBYBGBBYGRR,BBGYBRBBGYRBG,0.5384615384615384,0.5384615384615384
S2_D29_P1,S2_D29,1,3280,28,Adult-Child,1,8,8,BBGYGRBYRBGBR,BBGYBBGRBYRBB,0.6923076923076923,0.6923076923076923
S2_D29_P1,S2_D29,1,3280,28,Adult-Child,2,1,9,BGYYYGYRYYRRY,BBGYYYRGYRBRY,0.6153846153846154,0.6153846153846154
S2_D29_P1,S2_D29,1,3280,28,Adult-Child,2,2,10,GGGYGBRYGRRBR,GGGYRBGYRGBBY,0.5384615384615384,0.5384615384615384
S2_D29_P1,S2_D29,1,3280,28,Adult-Child,2,3,11,GGYGBGRYBRBBG,GGGYBRGRBRYGY,0.4615384615384615,0.46153846153846156
S2_D29_P1,S2_D29,1,3280,28,Adult-Child,2,4,12,GGGYRGRGYRBGR,GGGYBRGYRBGYG,0.6923076923076923,0.6923076923076923
S2_D29_P1,S2_D29,1,3280,28,Adult-Child,2,5,13,YBRBGGYGBRGRG,YRGYBGRYYBGRY,0.4615384615384615,0.46153846153846156
S2_D29_P1,S2_D29,1,3280,28,Adult-Child,2,6,14,GGGYBRGRYBGYG,YBRYGBRYGYBRY,0.3846153846153846,0.3846153846153846
S2_D29_P1,S2_D29,1,3280,28,Adult-Child,2,7,15,YYBRGYRGBYRYG,YYRBYGRBRGYBG,0.4615384615384615,0.46153846153846156
S2_D29_P1,S2_D29,1,3280,28,Adult-Child,2,8,16,YYBRYRYGYRYBG,BGYRYBGYGYRYB,0.5384615384615384,0.5384615384615384
S2_D29_P2,S2_D29,2,3281,28,Adult-Child,1,1,1,GBBGYBGRRBBRG,GBBGGRRBGYBGG,0.6153846153846154,0.6153846153846154
S2_D29_P2,S2_D29,2,3281,28,Adult-Child,1,2,2,BBRGYBBGYRBBG,BBGBYRBGBYBGR,0.4615384615384615,0.46153846153846156
S2_D29_P2,S2_D29,2,3281,28,Adult-Child,1,3,3,BBGYBRGBBYRRB,BBGBYRYBGBBRY,0.4615384615384615,0.46153846153846156
S2_D29_P2,S2_D29,2,3281,28,Adult-Child,1,4,4,BBGYRBBGBGRYB,BBGBYBGBBRBGY,0.5384615384615384,0.5384615384615384
S2_D29_P2,S2_D29,2,3281,28,Adult-Child,1,5,5,BBGYRBBGYGYBB,BBGBRBGYBBGRY,0.4615384615384615,0.46153846153846156
S2_D29_P2,S2_D29,2,3281,28,Adult-Child,1,6,6,BBGYBBGBBGYGR,BBGBYBGBBYGRR,0.6923076923076923,0.6923076923076923
S2_D29_P2,S2_D29,2,3281,28,Adult-Child,1,7,7,BBGYBRBBGRGYB,BBGYGRBYRBGBR,0.5384615384615384,0.5384615384615384
S2_D29_P2,S2_D29,2,3281,28,Adult-Child,1,8,8,BBGYBRBBGYRBG,BBGBYRBBGYRBR,0.7692307692307692,0.7692307692307692
S2_D29_P2,S2_D29,2,3281,28,Adult-Child,2,1,9,GGYGYGBYRRGBR,GGGYGBRYGRRBR,0.6923076923076923,0.6923076923076923
S2_D29_P2,S2_D29,2,3281,28,Adult-Child,2,2,10,BBGYYYRGYRBRY,GGYGBGRYBRBBG,0.3076923076923077,0.3076923076923077
S2_D29_P2,S2_D29,2,3281,28,Adult-Child,2,3,11,GGGYRBGYRGBBY,GGGYRGRGYRBGR,0.6153846153846154,0.6153846153846154
S2_D29_P2,S2_D29,2,3281,28,Adult-Child,2,4,12,GGGYBRGRBRYGY,YBRBGGYGBRGRG,0.3076923076923077,0.3076923076923077
S2_D29_P2,S2_D29,2,3281,28,Adult-Child,2,5,13,GGGYBRGYRBGYG,GGGYBRGRYBGYG,0.8461538461538461,0.8461538461538461
S2_D29_P2,S2_D29,2,3281,28,Adult-Child,2,6,14,YRGYBGRYYBGRY,YYBRGYRGBYRYG,0.3846153846153846,0.3846153846153846
S2_D29_P2,S2_D29,2,3281,28,Adult-Child,2,7,15,YBRYGBRYGYBRY,YYBRYRYGYRYBG,0.5384615384615384,0.5384615384615384
S2_D29_P2,S2_D29,2,3281,28,Adult-Child,2,8,16,YYRBYGRBRGYBG,YYRBGBRBGBYRB,0.5384615384615384,0.5384615384615384
S2_D30_P1,S2_D30,1,3290,29,Adult-Child,1,1,1,RBYBYGGRYYGGB,RBBYYGYYGRYGB,0.6153846153846154,0.6153846153846154
S2_D30_P1,S2_D30,1,3290,29,Adult-Child,1,2,2,GYRRYGBYRGYYR,GYRRYGBYGRYYG,0.7692307692307692,0.7692307692307692
S2_D30_P1,S2_D30,1,3290,29,Adult-Child,1,3,3,RBYGRYYYYGRBY,RBYGYYYYBGRBY,0.8461538461538461,0.8461538461538461
S2_D30_P1,S2_D30,1,3290,29,Adult-Child,1,4,4,GYYRBYYYRGYYY,GYYBYGRYGBBBR,0.3846153846153846,0.3846153846153846
S2_D30_P1,S2_D30,1,3290,29,Adult-Child,1,5,5,RBGYYYRGYYYRB,RBYGYYGYYRBBB,0.5384615384615384,0.5384615384615384
S2_D30_P1,S2_D30,1,3290,29,Adult-Child,1,6,6,GYBYYYBYRBYBG,YYYBYRYYYGGYB,0.4615384615384615,0.46153846153846156
S2_D30_P1,S2_D30,1,3290,29,Adult-Child,1,7,7,RBYGYYYRBBBBB,RBYGYYYYRBBBB,0.8461538461538461,0.8461538461538461
S2_D30_P1,S2_D30,1,3290,29,Adult-Child,1,8,8,YYYRBYYYGGGBG,RYYYYGBBBBGYG,0.3076923076923077,0.3076923076923077
S2_D30_P1,S2_D30,1,3290,29,Adult-Child,2,1,9,GBRGRRGRBRBBY,GBBRYGBBRGYRR,0.3846153846153846,0.3846153846153846
S2_D30_P1,S2_D30,1,3290,29,Adult-Child,2,2,10,GBGRYGBGBGBRY,GYRGBGBGBGBGB,0.5384615384615384,0.5384615384615384
S2_D30_P1,S2_D30,1,3290,29,Adult-Child,2,3,11,GBYRGGGBYRGBB,GYBRGBGBYRBGY,0.5384615384615384,0.5384615384615384
S2_D30_P1,S2_D30,1,3290,29,Adult-Child,2,4,12,GYRGGGBGBGGGB,GGYRBGGYRBGBR,0.4615384615384615,0.46153846153846156
S2_D30_P1,S2_D30,1,3290,29,Adult-Child,2,5,13,GBYGBGBYGRGGB,GBYRGBRYYRGBR,0.5384615384615384,0.5384615384615384
S2_D30_P1,S2_D30,1,3290,29,Adult-Child,2,6,14,GGYBRGGYRBGRY,GGYBRGGRBYGGB,0.6923076923076923,0.6923076923076923
S2_D30_P1,S2_D30,1,3290,29,Adult-Child,2,7,15,GBYRGBYRBRYRY,GYBRGYBRBGYRB,0.5384615384615384,0.5384615384615384
S2_D30_P1,S2_D30,1,3290,29,Adult-Child,2,8,16,GGYBRGYBGGBRB,GGYBRGBRGBYRG,0.6923076923076923,0.6923076923076923
S2_D30_P2,S2_D30,2,3291,29,Adult-Child,1,1,1,RGYRYYGYRRYYB,GYRRYGBYRGYYR,0.6153846153846154,0.6153846153846154
S2_D30_P2,S2_D30,2,3291,29,Adult-Child,1,2,2,RBBYYGYYGRYGB,RBYGRYYYYGRBY,0.4615384615384615,0.46153846153846156
S2_D30_P2,S2_D30,2,3291,29,Adult-Child,1,3,3,GYRRYGBYGRYYG,GYYRBYYYRGYYY,0.4615384615384615,0.46153846153846156
S2_D30_P2,S2_D30,2,3291,29,Adult-Child,1,4,4,RBYGYYYYBGRBY,RBGYYYRGYYYRB,0.5384615384615384,0.5384615384615384
S2_D30_P2,S2_D30,2,3291,29,Adult-Child,1,5,5,GYYBYGRYGBBBR,GYBYYYBYRBYBG,0.4615384615384615,0.46153846153846156
S2_D30_P2,S2_D30,2,3291,29,Adult-Child,1,6,6,RBYGYYGYYRBBB,RBYGYYYRBBBBB,0.6923076923076923,0.6923076923076923
S2_D30_P2,S2_D30,2,3291,29,Adult-Child,1,7,7,YYYBYRYYYGGYB,YYYRBYYYGGGBG,0.6153846153846154,0.6153846153846154
S2_D30_P2,S2_D30,2,3291,29,Adult-Child,1,8,8,RBYGYYYYRBBBB,RBYGYYYYRBBBB,1.0,1.0
S2_D30_P2,S2_D30,2,3291,29,Adult-Child,2,1,9,GBGRYRYRYRGGR,GBGRYGBGBGBRY,0.4615384615384615,0.46153846153846156
S2_D30_P2,S2_D30,2,3291,29,Adult-Child,2,2,10,GBBRYGBBRGYRR,GBYRGGGBYRGBB,0.4615384615384615,0.46153846153846156
S2_D30_P2,S2_D30,2,3291,29,Adult-Child,2,3,11,GYRGBGBGBGBGB,GYRGGGBGBGGGB,0.8461538461538461,0.8461538461538461
S2_D30_P2,S2_D30,2,3291,29,Adult-Child,2,4,12,GYBRGBGBYRBGY,GBYGBGBYGRGGB,0.6153846153846154,0.6153846153846154
S2_D30_P2,S2_D30,2,3291,29,Adult-Child,2,5,13,GGYRBGGYRBGBR,GGYBRGGYRBGRY,0.6923076923076923,0.6923076923076923
S2_D30_P2,S2_D30,2,3291,29,Adult-Child,2,6,14,GBYRGBRYYRGBR,GBYRGBYRBRYRY,0.5384615384615384,0.5384615384615384
S2_D30_P2,S2_D30,2,3291,29,Adult-Child,2,7,15,GGYBRGGRBYGGB,GGYBRGYBGGBRB,0.6153846153846154,0.6153846153846154
S2_D30_P2,S2_D30,2,3291,29,Adult-Child,2,8,16,GYBRGYBRBGYRB,GYBRGBRBGYBRB,0.8461538461538461,0.8461538461538461
S2_D31_P1,S2_D31,1,3300,30,Adult-Child,1,1,1,BYGRRGYYBYGRR,BYGRRBYGRRBYG,0.5384615384615384,0.5384615384615384
S2_D31_P1,S2_D31,1,3300,30,Adult-Child,1,2,2,GBGGBRRBYGRBY,GGBGRYBGGBRYB,0.3846153846153846,0.3846153846153846
S2_D31_P1,S2_D31,1,3300,30,Adult-Child,1,3,3,BYRBYGYYGRBYB,BYRBYGYYGRBGR,0.8461538461538461,0.8461538461538461
S2_D31_P1,S2_D31,1,3300,30,Adult-Child,1,4,4,GGBRYBGGBRYBR,GGBRYGBYGGYBG,0.6153846153846154,0.6153846153846154
S2_D31_P1,S2_D31,1,3300,30,Adult-Child,1,5,5,RGYYRGBYYRYYY,RGYYRGBYGRYYY,0.9230769230769232,0.9230769230769231
S2_D31_P1,S2_D31,1,3300,30,Adult-Child,1,6,6,GGBYRRBYRRGGB,GGBYRYBGRBGRY,0.6153846153846154,0.6153846153846154
S2_D31_P1,S2_D31,1,3300,30,Adult-Child,1,7,7,RBYGGRBYGGYBY,RBYGGRBYGYBYB,0.8461538461538461,0.8461538461538461
S2_D31_P1,S2_D31,1,3300,30,Adult-Child,1,8,8,GGRYBGRBYGBYR,GGRYGGBYGRYGB,0.6153846153846154,0.6153846153846154
S2_D31_P1,S2_D31,1,3300,30,Adult-Child,2,1,9,RGGBGGYRGGGRG,RGGYBRBGGRGGY,0.4615384615384615,0.46153846153846156
S2_D31_P1,S2_D31,1,3300,30,Adult-Child,2,2,10,GYBYGRGYBYBYB,GGBYGRYBYBYBY,0.7692307692307692,0.7692307692307692
S2_D31_P1,S2_D31,1,3300,30,Adult-Child,2,3,11,RBYGGRYGRBYBY,RBYGGRYRBYBYB,0.8461538461538461,0.8461538461538461
S2_D31_P1,S2_D31,1,3300,30,Adult-Child,2,4,12,GRYYGRYBYBYBY,GRYYGRBBYBYBY,0.9230769230769232,0.9230769230769231
S2_D31_P1,S2_D31,1,3300,30,Adult-Child,2,5,13,RBYGGRBYGRBYB,RBYGGRBYGRBYB,1.0,1.0
S2_D31_P1,S2_D31,1,3300,30,Adult-Child,2,6,14,GRYYGRYBYBYBY,GRYYGRBBGRYBY,0.7692307692307692,0.7692307692307692
S2_D31_P1,S2_D31,1,3300,30,Adult-Child,2,7,15,BYGGRBYGRBYBY,BYGGRBYGRYBYB,0.8461538461538461,0.8461538461538461
S2_D31_P1,S2_D31,1,3300,30,Adult-Child,2,8,16,GRYYGRBBGRYBY,GRYYGRBBGRYBY,1.0,1.0
S2_D31_P2,S2_D31,2,3301,30,Adult-Child,1,1,1,GBGBRRYYRYYGR,GBGGBRRBYGRBY,0.5384615384615384,0.5384615384615384
S2_D31_P2,S2_D31,2,3301,30,Adult-Child,1,2,2,BYGRRBYGRRBYG,BYRBYGYYGRBYB,0.5384615384615384,0.5384615384615384
S2_D31_P2,S2_D31,2,3301,30,Adult-Child,1,3,3,GGBGRYBGGBRYB,GGBRYBGGBRYBR,0.8461538461538461,0.8461538461538461
S2_D31_P2,S2_D31,2,3301,30,Adult-Child,1,4,4,BYRBYGYYGRBGR,RGYYRGBYYRYYY,0.2307692307692307,0.23076923076923073
S2_D31_P2,S2_D31,2,3301,30,Adult-Child,1,5,5,GGBRYGBYGGYBG,GGBYRRBYRRGGB,0.4615384615384615,0.46153846153846156
S2_D31_P2,S2_D31,2,3301,30,Adult-Child,1,6,6,RGYYRGBYGRYYY,RBYGGRBYGGYBY,0.5384615384615384,0.5384615384615384
S2_D31_P2,S2_D31,2,3301,30,Adult-Child,1,7,7,GGBYRYBGRBGRY,GGRYBGRBYGBYR,0.6153846153846154,0.6153846153846154
S2_D31_P2,S2_D31,2,3301,30,Adult-Child,1,8,8,RBYGGRBYGYBYB,RBYGGRBYGYBRG,0.8461538461538461,0.8461538461538461
S2_D31_P2,S2_D31,2,3301,30,Adult-Child,2,1,9,GRYRYGRYGRBGY,GYBYGRGYBYBYB,0.4615384615384615,0.46153846153846156
S2_D31_P2,S2_D31,2,3301,30,Adult-Child,2,2,10,RGGYBRBGGRGGY,RBYGGRYGRBYBY,0.3076923076923077,0.3076923076923077
S2_D31_P2,S2_D31,2,3301,30,Adult-Child,2,3,11,GGBYGRYBYBYBY,GRYYGRYBYBYBY,0.8461538461538461,0.8461538461538461
S2_D31_P2,S2_D31,2,3301,30,Adult-Child,2,4,12,RBYGGRYRBYBYB,RBYGGRBYGRBYB,0.6923076923076923,0.6923076923076923
S2_D31_P2,S2_D31,2,3301,30,Adult-Child,2,5,13,GRYYGRBBYBYBY,GRYYGRYBYBYBY,0.9230769230769232,0.9230769230769231
S2_D31_P2,S2_D31,2,3301,30,Adult-Child,2,6,14,RBYGGRBYGRBYB,BYGGRBYGRBYBY,0.8461538461538461,0.8461538461538461
S2_D31_P2,S2_D31,2,3301,30,Adult-Child,2,7,15,GRYYGRBBGRYBY,GRYYGRBBGRYBY,1.0,1.0
S2_D31_P2,S2_D31,2,3301,30,Adult-Child,2,8,16,BYGGRBYGRYBYB,BYGGRBYGRYBYB,1.0,1.0
S2_D32_P1,S2_D32,1,3310,31,Adult-Child,1,1,1,BYRRBRBYGGRRB,YRBBRRGYBYGGY,0.3846153846153846,0.3846153846153846
S2_D32_P1,S2_D32,1,3310,31,Adult-Child,1,2,2,BRYGRRBYGBRGY,BGRBGBRGYBBYR,0.3846153846153846,0.3846153846153846
S2_D32_P1,S2_D32,1,3310,31,Adult-Child,1,3,3,RBBYGYRBGYBRR,RGRBYYGRYBGYR,0.4615384615384615,0.46153846153846156
S2_D32_P1,S2_D32,1,3310,31,Adult-Child,1,4,4,RGBRYGRYGBRYG,GRRBRGYBRYYGB,0.4615384615384615,0.46153846153846156
S2_D32_P1,S2_D32,1,3310,31,Adult-Child,1,5,5,RGBYRBYGRGBYY,RBRYGYBBBBBBG,0.2307692307692307,0.23076923076923073
S2_D32_P1,S2_D32,1,3310,31,Adult-Child,1,6,6,RGBYYGRYGBRBY,RBBBRYBGBYYBB,0.3846153846153846,0.3846153846153846
S2_D32_P1,S2_D32,1,3310,31,Adult-Child,1,7,7,RGYBBBBBGBBBB,BBBGBBYYBBBGB,0.4615384615384615,0.46153846153846156
S2_D32_P1,S2_D32,1,3310,31,Adult-Child,1,8,8,RGBBBYBBGBBBY,RGBBYBBBBBBGB,0.6923076923076923,0.6923076923076923
S2_D32_P1,S2_D32,1,3310,31,Adult-Child,2,1,9,GBBBYYYRRGRYB,GBBBRYRRGYBGR,0.6153846153846154,0.6153846153846154
S2_D32_P1,S2_D32,1,3310,31,Adult-Child,2,2,10,RBBGGYYRBBGGY,RBBBBGGGYYRRY,0.4615384615384615,0.46153846153846156
S2_D32_P1,S2_D32,1,3310,31,Adult-Child,2,3,11,RGGBBYRGGBYBY,RGGGBBBYYRYBG,0.4615384615384615,0.46153846153846156
S2_D32_P1,S2_D32,1,3310,31,Adult-Child,2,4,12,RBBBBGGGYYYRB,RRBBYYGGBBYRG,0.5384615384615384,0.5384615384615384
S2_D32_P1,S2_D32,1,3310,31,Adult-Child,2,5,13,RBBBGGGYYRRBG,RBBBBBBBBBGYG,0.3846153846153846,0.3846153846153846
S2_D32_P1,S2_D32,1,3310,31,Adult-Child,2,6,14,RRBBYYGGRRBBY,RRBBGYYRBGYGR,0.4615384615384615,0.46153846153846156
S2_D32_P1,S2_D32,1,3310,31,Adult-Child,2,7,15,RBBBBBBBBBGYG,RRRBBBBGGYYYY,0.4615384615384615,0.46153846153846156
S2_D32_P1,S2_D32,1,3310,31,Adult-Child,2,8,16,RRBBYYGGYGRRY,RBBYYGGGYGGRR,0.6923076923076923,0.6923076923076923
S2_D32_P2,S2_D32,2,3311,31,Adult-Child,1,1,1,BYGRYRYBYRGBG,BRYGRRBYGBRGY,0.5384615384615384,0.5384615384615384
S2_D32_P2,S2_D32,2,3311,31,Adult-Child,1,2,2,YRBBRRGYBYGGY,RBBYGYRBGYBRR,0.3846153846153846,0.3846153846153846
S2_D32_P2,S2_D32,2,3311,31,Adult-Child,1,3,3,BGRBGBRGYBBYR,RGBRYGRYGBRYG,0.3846153846153846,0.3846153846153846
S2_D32_P2,S2_D32,2,3311,31,Adult-Child,1,4,4,RGRBYYGRYBGYR,RGBYRBYGRGBYY,0.5384615384615384,0.5384615384615384
S2_D32_P2,S2_D32,2,3311,31,Adult-Child,1,5,5,GRRBRGYBRYYGB,RGBYYGRYGBRBY,0.3076923076923077,0.3076923076923077
S2_D32_P2,S2_D32,2,3311,31,Adult-Child,1,6,6,RBRYGYBBBBBBG,RGYBBBBBGBBBB,0.5384615384615384,0.5384615384615384
S2_D32_P2,S2_D32,2,3311,31,Adult-Child,1,7,7,RBBBRYBGBYYBB,RGBBBYBBGBBBY,0.5384615384615384,0.5384615384615384
S2_D32_P2,S2_D32,2,3311,31,Adult-Child,1,8,8,BBBGBBYYBBBGB,RBBBBBBYBBBGB,0.7692307692307692,0.7692307692307692
S2_D32_P2,S2_D32,2,3311,31,Adult-Child,2,1,9,BBGGRBYYBYRYY,RBBGGYYRBBGGY,0.4615384615384615,0.46153846153846156
S2_D32_P2,S2_D32,2,3311,31,Adult-Child,2,2,10,GBBBRYRRGYBGR,RGGBBYRGGBYBY,0.4615384615384615,0.46153846153846156
S2_D32_P2,S2_D32,2,3311,31,Adult-Child,2,3,11,RBBBBGGGYYRRY,RBBBBGGGYYYRB,0.8461538461538461,0.8461538461538461
S2_D32_P2,S2_D32,2,3311,31,Adult-Child,2,4,12,RGGGBBBYYRYBG,RBBBGGGYYRRBG,0.4615384615384615,0.46153846153846156
S2_D32_P2,S2_D32,2,3311,31,Adult-Child,2,5,13,RRBBYYGGBBYRG,RRBBYYGGRRBBY,0.6923076923076923,0.6923076923076923
S2_D32_P2,S2_D32,2,3311,31,Adult-Child,2,6,14,RBBBBBBBBBGYG,RBBBBBBBBBGYG,1.0,1.0
S2_D32_P2,S2_D32,2,3311,31,Adult-Child,2,7,15,RRBBGYYRBGYGR,RRBBYYGGYGRRY,0.6153846153846154,0.6153846153846154
S2_D32_P2,S2_D32,2,3311,31,Adult-Child,2,8,16,RRRBBBBGGYYYY,RRRRBBGGYYYGR,0.6923076923076923,0.6923076923076923
S2_D33_P1,S2_D33,1,3320,32,Adult-Child,1,1,1,RRBBRYGBRBYYB,BBRYBBRGYBBRR,0.4615384615384615,0.46153846153846156
S2_D33_P1,S2_D33,1,3320,32,Adult-Child,1,2,2,BBBBBRRYGGYRB,BBBBRYBBRYRBB,0.5384615384615384,0.5384615384615384
S2_D33_P1,S2_D33,1,3320,32,Adult-Child,1,3,3,BBRRGYYBBRYGB,BBRYGBBRRYBRG,0.4615384615384615,0.46153846153846156
S2_D33_P1,S2_D33,1,3320,32,Adult-Child,1,4,4,BBBBRYBBRRYYB,BBBBRRYBBRYBR,0.6923076923076923,0.6923076923076923
S2_D33_P1,S2_D33,1,3320,32,Adult-Child,1,5,5,BBRYGBBRGBYBB,BBRRYGBBRRYBB,0.7692307692307692,0.7692307692307692
S2_D33_P1,S2_D33,1,3320,32,Adult-Child,1,6,6,BBBBRYBRRYBBR,BBBBRYBBRRYBR,0.8461538461538461,0.8461538461538461
S2_D33_P1,S2_D33,1,3320,32,Adult-Child,1,7,7,BBRYBGYYBBRGB,BBRRGYBBRGGBB,0.6153846153846154,0.6153846153846154
S2_D33_P1,S2_D33,1,3320,32,Adult-Child,1,8,8,BBBRYBRYBRRYB,BBBRRYBRRYBRR,0.6923076923076923,0.6923076923076923
S2_D33_P1,S2_D33,1,3320,32,Adult-Child,2,1,9,RBBRRRBBYRRRB,RRBBYRBRRRYBR,0.4615384615384615,0.46153846153846156
S2_D33_P1,S2_D33,1,3320,32,Adult-Child,2,2,10,YGYRGYBBRGBYG,YGYGBBRYGYBBR,0.5384615384615384,0.5384615384615384
S2_D33_P1,S2_D33,1,3320,32,Adult-Child,2,3,11,RRBBYRBYYRBRR,BBRRYYBRRBBYR,0.3846153846153846,0.3846153846153846
S2_D33_P1,S2_D33,1,3320,32,Adult-Child,2,4,12,GYGYBRRBGYBRB,GYGYBRGYGYRBB,0.6923076923076923,0.6923076923076923
S2_D33_P1,S2_D33,1,3320,32,Adult-Child,2,5,13,BBRRYYBRYBBRR,BBRRGYBBRRBBY,0.6153846153846154,0.6153846153846154
S2_D33_P1,S2_D33,1,3320,32,Adult-Child,2,6,14,GYGYRBRBGYRBR,GYGYRBRBGYRGY,0.8461538461538461,0.8461538461538461
S2_D33_P1,S2_D33,1,3320,32,Adult-Child,2,7,15,BBRRGYBBRRGYB,BBRRGYBBRGRYB,0.8461538461538461,0.8461538461538461
S2_D33_P1,S2_D33,1,3320,32,Adult-Child,2,8,16,GYGYRBRBGYRGR,GYRBGYRBBBGRY,0.5384615384615384,0.5384615384615384
S2_D33_P2,S2_D33,2,3321,32,Adult-Child,1,1,1,BBRBBGGRYGRBB,BBBBBRRYGGYRB,0.5384615384615384,0.5384615384615384
S2_D33_P2,S2_D33,2,3321,32,Adult-Child,1,2,2,BBRYBBRGYBBRR,BBRRGYYBBRYGB,0.4615384615384615,0.46153846153846156
S2_D33_P2,S2_D33,2,3321,32,Adult-Child,1,3,3,BBBBRYBBRYRBB,BBBBRYBBRRYYB,0.7692307692307692,0.7692307692307692
S2_D33_P2,S2_D33,2,3321,32,Adult-Child,1,4,4,BBRYGBBRRYBRG,BBRYGBBRGBYBB,0.6923076923076923,0.6923076923076923
S2_D33_P2,S2_D33,2,3321,32,Adult-Child,1,5,5,BBBBRRYBBRYBR,BBBBRYBRRYBBR,0.7692307692307692,0.7692307692307692
S2_D33_P2,S2_D33,2,3321,32,Adult-Child,1,6,6,BBRRYGBBRRYBB,BBRYBGYYBBRGB,0.4615384615384615,0.46153846153846156
S2_D33_P2,S2_D33,2,3321,32,Adult-Child,1,7,7,BBBBRYBBRRYBR,BBBRYBRYBRRYB,0.6923076923076923,0.6923076923076923
S2_D33_P2,S2_D33,2,3321,32,Adult-Child,1,8,8,BBRRGYBBRGGBB,BBRRGYBBRGYBR,0.8461538461538461,0.8461538461538461
S2_D33_P2,S2_D33,2,3321,32,Adult-Child,2,1,9,YGBYBYBBRBYGY,YGYRGYBBRGBYG,0.6153846153846154,0.6153846153846154
S2_D33_P2,S2_D33,2,3321,32,Adult-Child,2,2,10,RRBBYRBRRRYBR,RRBBYRBYYRBRR,0.6923076923076923,0.6923076923076923
S2_D33_P2,S2_D33,2,3321,32,Adult-Child,2,3,11,YGYGBBRYGYBBR,GYGYBRRBGYBRB,0.5384615384615384,0.5384615384615384
S2_D33_P2,S2_D33,2,3321,32,Adult-Child,2,4,12,BBRRYYBRRBBYR,BBRRYYBRYBBRR,0.8461538461538461,0.8461538461538461
S2_D33_P2,S2_D33,2,3321,32,Adult-Child,2,5,13,GYGYBRGYGYRBB,GYGYRBRBGYRBR,0.6923076923076923,0.6923076923076923
S2_D33_P2,S2_D33,2,3321,32,Adult-Child,2,6,14,BBRRGYBBRRBBY,BBRRGYBBRRGYB,0.7692307692307692,0.7692307692307692
S2_D33_P2,S2_D33,2,3321,32,Adult-Child,2,7,15,GYGYRBRBGYRGY,GYGYRBRBGYRGR,0.9230769230769232,0.9230769230769231
S2_D33_P2,S2_D33,2,3321,32,Adult-Child,2,8,16,BBRRGYBBRGRYB,BBRRGYBBRGYRB,0.8461538461538461,0.8461538461538461
S2_D34_P1,S2_D34,1,3330,33,Adult-Child,1,1,1,GRRYRBBRRYGRR,GRYBBBBBBBBBG,0.3076923076923077,0.3076923076923077
S2_D34_P1,S2_D34,1,3330,33,Adult-Child,1,2,2,YRRBGRRRBYYYY,YRBBGGYBBRBGY,0.4615384615384615,0.46153846153846156
S2_D34_P1,S2_D34,1,3330,33,Adult-Child,1,3,3,YGRBBBBBBBBBY,YRBBGBBBBBBBB,0.7692307692307692,0.7692307692307692
S2_D34_P1,S2_D34,1,3330,33,Adult-Child,1,4,4,YRBBGGBRBBBYB,YRBBBGGYBBGGR,0.5384615384615384,0.5384615384615384
S2_D34_P1,S2_D34,1,3330,33,Adult-Child,1,5,5,YRBBGGBBBBBBB,YRBBBGGBBBBBB,0.8461538461538461,0.8461538461538461
S2_D34_P1,S2_D34,1,3330,33,Adult-Child,1,6,6,YRBBBGYGBBBBY,YRRBGGRRBBBYR,0.5384615384615384,0.5384615384615384
S2_D34_P1,S2_D34,1,3330,33,Adult-Child,1,7,7,YRBBBGGBBBBBB,YRBBBBGGGBBBB,0.7692307692307692,0.7692307692307692
S2_D34_P1,S2_D34,1,3330,33,Adult-Child,1,8,8,YRRBGGRBBBBBB,YRBBGGRRBBGGB,0.6923076923076923,0.6923076923076923
S2_D34_P1,S2_D34,1,3330,33,Adult-Child,2,1,9,GRGBBYGYGBGYY,YRBBBRGBBRYGR,0.3846153846153846,0.3846153846153846
S2_D34_P1,S2_D34,1,3330,33,Adult-Child,2,2,10,RYBBGRRYBBBGR,YRGBBGRYYRGBB,0.4615384615384615,0.46153846153846156
S2_D34_P1,S2_D34,1,3330,33,Adult-Child,2,3,11,YRBBBGRYGRBBB,YRBBBGBBBBBBB,0.6923076923076923,0.6923076923076923
S2_D34_P1,S2_D34,1,3330,33,Adult-Child,2,4,12,YRBGRBYBBGRYB,YRGBBGRYBBGBB,0.6153846153846154,0.6153846153846154
S2_D34_P1,S2_D34,1,3330,33,Adult-Child,2,5,13,YRBBBGRBBBBBB,YRGBBRBBBBBBB,0.7692307692307692,0.7692307692307692
S2_D34_P1,S2_D34,1,3330,33,Adult-Child,2,6,14,YRBGBRYYGRBBB,YRBBGGBYBBRGB,0.4615384615384615,0.46153846153846156
S2_D34_P1,S2_D34,1,3330,33,Adult-Child,2,7,15,YRGBBGRBBBBBB,YRGGBBBBBBBBB,0.7692307692307692,0.7692307692307692
S2_D34_P1,S2_D34,1,3330,33,Adult-Child,2,8,16,YRBBGGBBRYBBY,YRBBGBBYRBBRB,0.6153846153846154,0.6153846153846154
S2_D34_P2,S2_D34,2,3331,33,Adult-Child,1,1,1,YRRGRBBYBRRBY,YRRBGRRRBYYYY,0.4615384615384615,0.46153846153846156
S2_D34_P2,S2_D34,2,3331,33,Adult-Child,1,2,2,GRYBBBBBBBBBG,YGRBBBBBBBBBY,0.7692307692307692,0.7692307692307692
S2_D34_P2,S2_D34,2,3331,33,Adult-Child,1,3,3,YRBBGGYBBRBGY,YRBBGGBRBBBYB,0.6153846153846154,0.6153846153846154
S2_D34_P2,S2_D34,2,3331,33,Adult-Child,1,4,4,YRBBGBBBBBBBB,YRBBGGBBBBBBB,0.9230769230769232,0.9230769230769231
S2_D34_P2,S2_D34,2,3331,33,Adult-Child,1,5,5,YRBBBGGYBBGGR,YRBBBGYGBBBBY,0.6153846153846154,0.6153846153846154
S2_D34_P2,S2_D34,2,3331,33,Adult-Child,1,6,6,YRBBBGGBBBBBB,YRBBBGGBBBBBB,1.0,1.0
S2_D34_P2,S2_D34,2,3331,33,Adult-Child,1,7,7,YRRBGGRRBBBYR,YRRBGGRBBBBBB,0.7692307692307692,0.7692307692307692
S2_D34_P2,S2_D34,2,3331,33,Adult-Child,1,8,8,YRBBBBGGGBBBB,YRBBBGGGBBBBB,0.8461538461538461,0.8461538461538461
S2_D34_P2,S2_D34,2,3331,33,Adult-Child,2,1,9,BYRYYGRBRRGBB,RYBBGRRYBBBGR,0.3076923076923077,0.3076923076923077
S2_D34_P2,S2_D34,2,3331,33,Adult-Child,2,2,10,YRBBBRGBBRYGR,YRBBBGRYGRBBB,0.5384615384615384,0.5384615384615384
S2_D34_P2,S2_D34,2,3331,33,Adult-Child,2,3,11,YRGBBGRYYRGBB,YRBGRBYBBGRYB,0.4615384615384615,0.46153846153846156
S2_D34_P2,S2_D34,2,3331,33,Adult-Child,2,4,12,YRBBBGBBBBBBB,YRBBBGRBBBBBB,0.9230769230769232,0.9230769230769231
S2_D34_P2,S2_D34,2,3331,33,Adult-Child,2,5,13,YRGBBGRYBBGBB,YRBGBRYYGRBBB,0.4615384615384615,0.46153846153846156
S2_D34_P2,S2_D34,2,3331,33,Adult-Child,2,6,14,YRGBBRBBBBBBB,YRGBBGRBBBBBB,0.8461538461538461,0.8461538461538461
S2_D34_P2,S2_D34,2,3331,33,Adult-Child,2,7,15,YRBBGGBYBBRGB,YRBBGGBBRYBBY,0.6153846153846154,0.6153846153846154
S2_D34_P2,S2_D34,2,3331,33,Adult-Child,2,8,16,YRGGBBBBBBBBB,YRGBBBBBBBBBB,0.9230769230769232,0.9230769230769231
S2_D35_P1,S2_D35,1,3340,34,Adult-Child,1,1,1,RYYYYBYBGRYBG,RYYYYBBGYRYYB,0.6923076923076923,0.6923076923076923
S2_D35_P1,S2_D35,1,3340,34,Adult-Child,1,2,2,YGGRGYYGGGYYY,RYYYYBBBYGYBR,0.1538461538461538,0.15384615384615385
S2_D35_P1,S2_D35,1,3340,34,Adult-Child,1,3,3,RYYBBYYYYYGYR,RYYYYBRRYYYBB,0.4615384615384615,0.46153846153846156
S2_D35_P1,S2_D35,1,3340,34,Adult-Child,1,4,4,RYYYYBBBGYYYR,RYYYGYYYRYYYB,0.5384615384615384,0.5384615384615384
S2_D35_P1,S2_D35,1,3340,34,Adult-Child,1,5,5,RYYYYBBRYYGYR,RYYYYGYYYRGBY,0.5384615384615384,0.5384615384615384
S2_D35_P1,S2_D35,1,3340,34,Adult-Child,1,6,6,YYYRYYYYYYYGB,YYYYRYYYYYYBB,0.7692307692307692,0.7692307692307692
S2_D35_P1,S2_D35,1,3340,34,Adult-Child,1,7,7,RYYYGYYYRYYYB,YRRRBGRYBBRYG,0.2307692307692307,0.23076923076923073
S2_D35_P1,S2_D35,1,3340,34,Adult-Child,1,8,8,YYYRYYYYYYYBG,YYYYYBYYYYRBG,0.7692307692307692,0.7692307692307692
S2_D35_P1,S2_D35,1,3340,34,Adult-Child,2,1,9,GBYYYRBRRRYRR,GBBYYYYYYGBYR,0.4615384615384615,0.46153846153846156
S2_D35_P1,S2_D35,1,3340,34,Adult-Child,2,2,10,YBYBRYBYBBBBB,YYBBBBBBBBBBR,0.6153846153846154,0.6153846153846154
S2_D35_P1,S2_D35,1,3340,34,Adult-Child,2,3,11,GBBYYYGBYGYBY,GBYYBYYYGYBGY,0.6153846153846154,0.6153846153846154
S2_D35_P1,S2_D35,1,3340,34,Adult-Child,2,4,12,YYBBBRBBBBBBB,YBBBBBBBYYBRB,0.6153846153846154,0.6153846153846154
S2_D35_P1,S2_D35,1,3340,34,Adult-Child,2,5,13,GBYYGBYYBBYGG,YBBBBBYBBYGBY,0.4615384615384615,0.46153846153846156
S2_D35_P1,S2_D35,1,3340,34,Adult-Child,2,6,14,YYBBBBYGYGYGR,RBYYGBRBYYGBR,0.4615384615384615,0.46153846153846156
S2_D35_P1,S2_D35,1,3340,34,Adult-Child,2,7,15,YBBBBBBYYBBBY,YBBBBBYBBBBYB,0.7692307692307692,0.7692307692307692
S2_D35_P1,S2_D35,1,3340,34,Adult-Child,2,8,16,RBBYBYYRBRYBG,YGBBRYBRBYGYB,0.3846153846153846,0.3846153846153846
S2_D35_P2,S2_D35,2,3341,34,Adult-Child,1,1,1,YGGRRGGRYGRBY,YGGRGYYGGGYYY,0.4615384615384615,0.46153846153846156
S2_D35_P2,S2_D35,2,3341,34,Adult-Child,1,2,2,RYYYYBBGYRYYB,RYYBBYYYYYGYR,0.4615384615384615,0.46153846153846156
S2_D35_P2,S2_D35,2,3341,34,Adult-Child,1,3,3,RYYYYBBBYGYBR,RYYYYBBBGYYYR,0.7692307692307692,0.7692307692307692
S2_D35_P2,S2_D35,2,3341,34,Adult-Child,1,4,4,RYYYYBRRYYYBB,RYYYYBBRYYGYR,0.6923076923076923,0.6923076923076923
S2_D35_P2,S2_D35,2,3341,34,Adult-Child,1,5,5,RYYYGYYYRYYYB,YYYRYYYYYYYGB,0.6923076923076923,0.6923076923076923
S2_D35_P2,S2_D35,2,3341,34,Adult-Child,1,6,6,RYYYYGYYYRGBY,RYYYGYYYRYYYB,0.6923076923076923,0.6923076923076923
S2_D35_P2,S2_D35,2,3341,34,Adult-Child,1,7,7,YYYYRYYYYYYBB,YYYRYYYYYYYBG,0.7692307692307692,0.7692307692307692
S2_D35_P2,S2_D35,2,3341,34,Adult-Child,1,8,8,YRRRBGRYBBRYG,YRRRBGYRRBGYR,0.6153846153846154,0.6153846153846154
S2_D35_P2,S2_D35,2,3341,34,Adult-Child,2,1,9,YBRYBRYBBBBBB,YBYBRYBYBBBBB,0.8461538461538461,0.8461538461538461
S2_D35_P2,S2_D35,2,3341,34,Adult-Child,2,2,10,GBBYYYYYYGBYR,GBBYYYGBYGYBY,0.6923076923076923,0.6923076923076923
S2_D35_P2,S2_D35,2,3341,34,Adult-Child,2,3,11,YYBBBBBBBBBBR,YYBBBRBBBBBBB,0.8461538461538461,0.8461538461538461
S2_D35_P2,S2_D35,2,3341,34,Adult-Child,2,4,12,GBYYBYYYGYBGY,GBYYGBYYBBYGG,0.6153846153846154,0.6153846153846154
S2_D35_P2,S2_D35,2,3341,34,Adult-Child,2,5,13,YBBBBBBBYYBRB,YYBBBBYGYGYGR,0.5384615384615384,0.5384615384615384
S2_D35_P2,S2_D35,2,3341,34,Adult-Child,2,6,14,YBBBBBYBBYGBY,YBBBBBBYYBBBY,0.6923076923076923,0.6923076923076923
S2_D35_P2,S2_D35,2,3341,34,Adult-Child,2,7,15,RBYYGBRBYYGBR,RBBYBYYRBRYBG,0.4615384615384615,0.46153846153846156
S2_D35_P2,S2_D35,2,3341,34,Adult-Child,2,8,16,YBBBBBYBBBBYB,YBBBBYYGYBYYG,0.6153846153846154,0.6153846153846154
S2_D36_P1,S2_D36,1,3350,35,Adult-Child,1,1,1,GBGGGRRYBRBBB,GBBGGRYBBRGBB,0.6923076923076923,0.6923076923076923
S2_D36_P1,S2_D36,1,3350,35,Adult-Child,1,2,2,RYYRBYGRBYRRY,BBRRYGYBBBGRB,0.3076923076923077,0.3076923076923077
S2_D36_P1,S2_D36,1,3350,35,Adult-Child,1,3,3,GGBRYGBRYBGYB,GGRYRBGGBYRYY,0.4615384615384615,0.46153846153846156
S2_D36_P1,S2_D36,1,3350,35,Adult-Child,1,4,4,BBRRYGRRBBGYR,BBRRGRRBBBYYR,0.7692307692307692,0.7692307692307692
S2_D36_P1,S2_D36,1,3350,35,Adult-Child,1,5,5,GGRRBYGRGGRRB,GGRGYYBGRYBBG,0.3846153846153846,0.3846153846153846
S2_D36_P1,S2_D36,1,3350,35,Adult-Child,1,6,6,BBRRGYBBBRRYG,BBRRGYBBBRRYG,1.0,1.0
S2_D36_P1,S2_D36,1,3350,35,Adult-Child,1,7,7,GGRYBBGRYBGGY,GGRYBBGYBBRGY,0.7692307692307692,0.7692307692307692
S2_D36_P1,S2_D36,1,3350,35,Adult-Child,1,8,8,BBRRYGBBBRYGG,BBRGBYRGGRGGB,0.3846153846153846,0.3846153846153846
S2_D36_P1,S2_D36,1,3350,35,Adult-Child,2,1,9,GRRRYBGGRRGGR,GRYRBGRRYGGRR,0.6153846153846154,0.6153846153846154
S2_D36_P1,S2_D36,1,3350,35,Adult-Child,2,2,10,YRBYRBBGRYBRG,RGYRGBYRRGBBB,0.3846153846153846,0.3846153846153846
S2_D36_P1,S2_D36,1,3350,35,Adult-Child,2,3,11,GRYBRGRGGGGGG,YYRBBYRBBGGGG,0.4615384615384615,0.46153846153846156
S2_D36_P1,S2_D36,1,3350,35,Adult-Child,2,4,12,GRBRGYGRBYGBR,YBBGRBBGGRYRB,0.3846153846153846,0.3846153846153846
S2_D36_P1,S2_D36,1,3350,35,Adult-Child,2,5,13,YYRBYRBBGGGGG,YRRBRYBGGGGGB,0.6923076923076923,0.6923076923076923
S2_D36_P1,S2_D36,1,3350,35,Adult-Child,2,6,14,YYRBYGRYBRYBB,YYGRBBYYRBBGY,0.4615384615384615,0.46153846153846156
S2_D36_P1,S2_D36,1,3350,35,Adult-Child,2,7,15,YRRBYRBGGGGGB,RGYBRYYGRBBYR,0.1538461538461538,0.15384615384615385
S2_D36_P1,S2_D36,1,3350,35,Adult-Child,2,8,16,YYGRBYRGYBBGB,BBYRGBBYYGBRY,0.3076923076923077,0.3076923076923077
S2_D36_P2,S2_D36,2,3351,35,Adult-Child,1,1,1,RYYBRRBBYYRBG,RYYRBYGRBYRRY,0.4615384615384615,0.46153846153846156
S2_D36_P2,S2_D36,2,3351,35,Adult-Child,1,2,2,GBBGGRYBBRGBB,GGBRYGBRYBGYB,0.4615384615384615,0.46153846153846156
S2_D36_P2,S2_D36,2,3351,35,Adult-Child,1,3,3,BBRRYGYBBBGRB,BBRRYGRRBBGYR,0.6923076923076923,0.6923076923076923
S2_D36_P2,S2_D36,2,3351,35,Adult-Child,1,4,4,GGRYRBGGBYRYY,GGRRBYGRGGRRB,0.4615384615384615,0.46153846153846156
S2_D36_P2,S2_D36,2,3351,35,Adult-Child,1,5,5,BBRRGRRBBBYYR,BBRRGYBBBRRYG,0.6153846153846154,0.6153846153846154
S2_D36_P2,S2_D36,2,3351,35,Adult-Child,1,6,6,GGRGYYBGRYBBG,GGRYBBGRYBGGY,0.6923076923076923,0.6923076923076923
S2_D36_P2,S2_D36,2,3351,35,Adult-Child,1,7,7,BBRRGYBBBRRYG,BBRRYGBBBRYGG,0.6923076923076923,0.6923076923076923
S2_D36_P2,S2_D36,2,3351,35,Adult-Child,1,8,8,GGRYBBGYBBRGY,GGBRYGGRBYYGG,0.4615384615384615,0.46153846153846156
S2_D36_P2,S2_D36,2,3351,35,Adult-Child,2,1,9,YBRYBBRYRGYBG,YRBYRBBGRYBRG,0.4615384615384615,0.46153846153846156
S2_D36_P2,S2_D36,2,3351,35,Adult-Child,2,2,10,GRYRBGRRYGGRR,GRYBRGRGGGGGG,0.5384615384615384,0.5384615384615384
S2_D36_P2,S2_D36,2,3351,35,Adult-Child,2,3,11,RGYRGBYRRGBBB,GRBRGYGRBYGBR,0.3076923076923077,0.3076923076923077
S2_D36_P2,S2_D36,2,3351,35,Adult-Child,2,4,12,YYRBBYRBBGGGG,YYRBYRBBGGGGG,0.8461538461538461,0.8461538461538461
S2_D36_P2,S2_D36,2,3351,35,Adult-Child,2,5,13,YBBGRBBGGRYRB,YYRBYGRYBRYBB,0.4615384615384615,0.46153846153846156
S2_D36_P2,S2_D36,2,3351,35,Adult-Child,2,6,14,YRRBRYBGGGGGB,YRRBYRBGGGGGB,0.8461538461538461,0.8461538461538461
S2_D36_P2,S2_D36,2,3351,35,Adult-Child,2,7,15,YYGRBBYYRBBGY,YYGRBYRGYBBGB,0.6153846153846154,0.6153846153846154
S2_D36_P2,S2_D36,2,3351,35,Adult-Child,2,8,16,RGYBRYYGRBBYR,RGYBRGYBRGBBB,0.6153846153846154,0.6153846153846154
S2_D37_P1,S2_D37,1,3360,36,Child-Child,1,1,1,GBRRBRYBYYRYR,BRRBGBRBGBGBR,0.3846153846153846,0.3846153846153846
S2_D37_P1,S2_D37,1,3360,36,Child-Child,1,2,2,BBBBRRYGRGBYR,BBBRYGBRYBGRY,0.5384615384615384,0.5384615384615384
S2_D37_P1,S2_D37,1,3360,36,Child-Child,1,3,3,BRRGBRYBRGBRY,GBBRGRBGBYRBY,0.4615384615384615,0.46153846153846156
S2_D37_P1,S2_D37,1,3360,36,Child-Child,1,4,4,BBRYGBYRGGYRB,BYYRBGYBRYRRY,0.3076923076923077,0.3076923076923077
S2_D37_P1,S2_D37,1,3360,36,Child-Child,1,5,5,GBBRYRBRBBRRB,GBRRBYRBGRBYG,0.4615384615384615,0.46153846153846156
S2_D37_P1,S2_D37,1,3360,36,Child-Child,1,6,6,BGYRBRGRYRGBR,BRGRBBRBYRBYR,0.4615384615384615,0.46153846153846156
S2_D37_P1,S2_D37,1,3360,36,Child-Child,1,7,7,BBBRRGYBBBRGY,BBBRGBBBRGYBR,0.6923076923076923,0.6923076923076923
S2_D37_P1,S2_D37,1,3360,36,Child-Child,1,8,8,BRBBRGBYYYRYY,RRGYRYYYBBYRG,0.3076923076923077,0.3076923076923077
S2_D37_P1,S2_D37,1,3360,36,Child-Child,2,1,9,YRGGYGBGRYGGG,BRGBRYRBGYBRG,0.4615384615384615,0.46153846153846156
S2_D37_P1,S2_D37,1,3360,36,Child-Child,2,2,10,RBGBYRBGRYBGR,RGBBRYGBRYBGR,0.6923076923076923,0.6923076923076923
S2_D37_P1,S2_D37,1,3360,36,Child-Child,2,3,11,BBBRGBBYRBRBG,BBBGRYBBRYGRB,0.5384615384615384,0.5384615384615384
S2_D37_P1,S2_D37,1,3360,36,Child-Child,2,4,12,BRGBBRYGBRYBB,BRGBBRBRBGYRR,0.6153846153846154,0.6153846153846154
S2_D37_P1,S2_D37,1,3360,36,Child-Child,2,5,13,BBBRGBYRBBGYB,BBBRRBYRRBYGR,0.6153846153846154,0.6153846153846154
S2_D37_P1,S2_D37,1,3360,36,Child-Child,2,6,14,BRBBRGYRBRYBG,BRBBGRYBGRBBY,0.5384615384615384,0.5384615384615384
S2_D37_P1,S2_D37,1,3360,36,Child-Child,2,7,15,BBRGYRBYBYGRB,BBRYGBYBGGRYB,0.6923076923076923,0.6923076923076923
S2_D37_P1,S2_D37,1,3360,36,Child-Child,2,8,16,BBRYBBRGYBRBG,BBRGYBBYBRGYR,0.5384615384615384,0.5384615384615384
S2_D37_P2,S2_D37,2,3361,36,Child-Child,1,1,1,YRBRBYRRYRGYB,BBBBRRYGRGBYR,0.4615384615384615,0.46153846153846156
S2_D37_P2,S2_D37,2,3361,36,Child-Child,1,2,2,BRRBGBRBGBGBR,BRRGBRYBRGBRY,0.6153846153846154,0.6153846153846154
S2_D37_P2,S2_D37,2,3361,36,Child-Child,1,3,3,BBBRYGBRYBGRY,BBRYGBYRGGYRB,0.5384615384615384,0.5384615384615384
S2_D37_P2,S2_D37,2,3361,36,Child-Child,1,4,4,GBBRGRBGBYRBY,GBBRYRBRBBRRB,0.6153846153846154,0.6153846153846154
S2_D37_P2,S2_D37,2,3361,36,Child-Child,1,5,5,BYYRBGYBRYRRY,BGYRBRGRYRGBR,0.4615384615384615,0.46153846153846156
S2_D37_P2,S2_D37,2,3361,36,Child-Child,1,6,6,GBRRBYRBGRBYG,BBBRRGYBBBRGY,0.4615384615384615,0.46153846153846156
S2_D37_P2,S2_D37,2,3361,36,Child-Child,1,7,7,BRGRBBRBYRBYR,BRBBRGBYYYRYY,0.4615384615384615,0.46153846153846156
S2_D37_P2,S2_D37,2,3361,36,Child-Child,1,8,8,BBBRGBBBRGYBR,BBBRGGBRYBGBB,0.5384615384615384,0.5384615384615384
S2_D37_P2,S2_D37,2,3361,36,Child-Child,2,1,9,RGBGRRYBRBYRY,RBGBYRBGRYBGR,0.3846153846153846,0.3846153846153846
S2_D37_P2,S2_D37,2,3361,36,Child-Child,2,2,10,BRGBRYRBGYBRG,BBBRGBBYRBRBG,0.5384615384615384,0.5384615384615384
S2_D37_P2,S2_D37,2,3361,36,Child-Child,2,3,11,RGBBRYGBRYBGR,BRGBBRYGBRYBB,0.7692307692307692,0.7692307692307692
S2_D37_P2,S2_D37,2,3361,36,Child-Child,2,4,12,BBBGRYBBRYGRB,BBBRGBYRBBGYB,0.5384615384615384,0.5384615384615384
S2_D37_P2,S2_D37,2,3361,36,Child-Child,2,5,13,BRGBBRBRBGYRR,BRBBRGYRBRYBG,0.5384615384615384,0.5384615384615384
S2_D37_P2,S2_D37,2,3361,36,Child-Child,2,6,14,BBBRRBYRRBYGR,BBRGYRBYBYGRB,0.5384615384615384,0.5384615384615384
S2_D37_P2,S2_D37,2,3361,36,Child-Child,2,7,15,BRBBGRYBGRBBY,BBRYBBRGYBRBG,0.4615384615384615,0.46153846153846156
S2_D37_P2,S2_D37,2,3361,36,Child-Child,2,8,16,BBRYGBYBGGRYB,BBRGYRBBGBYRB,0.5384615384615384,0.5384615384615384
S2_D38_P1,S2_D38,1,3370,37,Adult-Child,1,1,1,BRYBBBRBYRRBR,BRBBRBYBGRRBB,0.6153846153846154,0.6153846153846154
S2_D38_P1,S2_D38,1,3370,37,Adult-Child,1,2,2,BYRBYRGBYGYBR,RBRYGYBGRRBBY,0.2307692307692307,0.23076923076923073
S2_D38_P1,S2_D38,1,3370,37,Adult-Child,1,3,3,BRRBBRRBYGYRB,RBRBBBRBRBYGB,0.6153846153846154,0.6153846153846154
S2_D38_P1,S2_D38,1,3370,37,Adult-Child,1,4,4,BRYBYGYYRYYGR,BRBYYGRBYYRYY,0.5384615384615384,0.5384615384615384
S2_D38_P1,S2_D38,1,3370,37,Adult-Child,1,5,5,BRBRBRBYGYBYG,RRBRBRBGRBGYR,0.6153846153846154,0.6153846153846154
S2_D38_P1,S2_D38,1,3370,37,Adult-Child,1,6,6,BBYYRYRGYRYGY,RBRBRGRBGGRBY,0.3846153846153846,0.3846153846153846
S2_D38_P1,S2_D38,1,3370,37,Adult-Child,1,7,7,RBRBBGRRBYRYB,RBRRRYRGBYGYG,0.5384615384615384,0.5384615384615384
S2_D38_P1,S2_D38,1,3370,37,Adult-Child,1,8,8,BRBRGBRYYBRGB,RBRYGBRYRBGYY,0.5384615384615384,0.5384615384615384
S2_D38_P1,S2_D38,1,3370,37,Adult-Child,2,1,9,BYBGRRRGRGGGR,YRYRRBYRBYGRY,0.3846153846153846,0.3846153846153846
S2_D38_P1,S2_D38,1,3370,37,Adult-Child,2,2,10,GYRGYRRYYGRYB,YRYGBRBRGYRBG,0.3846153846153846,0.3846153846153846
S2_D38_P1,S2_D38,1,3370,37,Adult-Child,2,3,11,YRYRRYBRYRYGB,RYRYRYRYGYRYB,0.6153846153846154,0.6153846153846154
S2_D38_P1,S2_D38,1,3370,37,Adult-Child,2,4,12,YRYGBYRBGYRBG,RBBBGYBBBBBBB,0.3076923076923077,0.3076923076923077
S2_D38_P1,S2_D38,1,3370,37,Adult-Child,2,5,13,RYRYRYGYRYGBB,YRYRYRRYGRYGY,0.6153846153846154,0.6153846153846154
S2_D38_P1,S2_D38,1,3370,37,Adult-Child,2,6,14,RBBBGYBBBBBBB,RYRGBBBBBBBBB,0.6153846153846154,0.6153846153846154
S2_D38_P1,S2_D38,1,3370,37,Adult-Child,2,7,15,YRYRYRYRYGRYG,YRYRYRYYRGYRY,0.6923076923076923,0.6923076923076923
S2_D38_P1,S2_D38,1,3370,37,Adult-Child,2,8,16,RYGBBBBBBBBBB,RYGBBBBBBBBBB,1.0,1.0
S2_D38_P2,S2_D38,2,3371,37,Adult-Child,1,1,1,BYRYYBGBYGYGY,BYRBYRGBYGYBR,0.6923076923076923,0.6923076923076923
S2_D38_P2,S2_D38,2,3371,37,Adult-Child,1,2,2,BRBBRBYBGRRBB,BRRBBRRBYGYRB,0.6153846153846154,0.6153846153846154
S2_D38_P2,S2_D38,2,3371,37,Adult-Child,1,3,3,RBRYGYBGRRBBY,BRYBYGYYRYYGR,0.3076923076923077,0.3076923076923077
S2_D38_P2,S2_D38,2,3371,37,Adult-Child,1,4,4,RBRBBBRBRBYGB,BRBRBRBYGYBYG,0.5384615384615384,0.5384615384615384
S2_D38_P2,S2_D38,2,3371,37,Adult-Child,1,5,5,BRBYYGRBYYRYY,BBYYRYRGYRYGY,0.5384615384615384,0.5384615384615384
S2_D38_P2,S2_D38,2,3371,37,Adult-Child,1,6,6,RRBRBRBGRBGYR,RBRBBGRRBYRYB,0.5384615384615384,0.5384615384615384
S2_D38_P2,S2_D38,2,3371,37,Adult-Child,1,7,7,RBRBRGRBGGRBY,BRBRGBRYYBRGB,0.4615384615384615,0.46153846153846156
S2_D38_P2,S2_D38,2,3371,37,Adult-Child,1,8,8,RBRRRYRGBYGYG,RBRRRBRYRYYRG,0.6153846153846154,0.6153846153846154
S2_D38_P2,S2_D38,2,3371,37,Adult-Child,2,1,9,GYRGYRGRRYYRG,GYRGYRRYYGRYB,0.6153846153846154,0.6153846153846154
S2_D38_P2,S2_D38,2,3371,37,Adult-Child,2,2,10,YRYRRBYRBYGRY,YRYRRYBRYRYGB,0.6153846153846154,0.6153846153846154
S2_D38_P2,S2_D38,2,3371,37,Adult-Child,2,3,11,YRYGBRBRGYRBG,YRYGBYRBGYRBG,0.8461538461538461,0.8461538461538461
S2_D38_P2,S2_D38,2,3371,37,Adult-Child,2,4,12,RYRYRYRYGYRYB,RYRYRYGYRYGBB,0.6923076923076923,0.6923076923076923
S2_D38_P2,S2_D38,2,3371,37,Adult-Child,2,5,13,RBBBGYBBBBBBB,RBBBGYBBBBBBB,1.0,1.0
S2_D38_P2,S2_D38,2,3371,37,Adult-Child,2,6,14,YRYRYRRYGRYGY,YRYRYRYRYGRYG,0.8461538461538461,0.8461538461538461
S2_D38_P2,S2_D38,2,3371,37,Adult-Child,2,7,15,RYRGBBBBBBBBB,RYGBBBBBBBBBB,0.8461538461538461,0.8461538461538461
S2_D38_P2,S2_D38,2,3371,37,Adult-Child,2,8,16,YRYRYRYYRGYRY,YRYRYYRGYRYGY,0.6923076923076923,0.6923076923076923
S2_D39_P1,S2_D39,1,3380,38,Adult-Child,1,1,1,RRYYGRGGYYYYR,RRRYYGRRGRGGG,0.4615384615384615,0.46153846153846156
S2_D39_P1,S2_D39,1,3380,38,Adult-Child,1,2,2,YGGGBYGGRYYGG,YYGBBBBGGGGRY,0.3076923076923077,0.3076923076923077
S2_D39_P1,S2_D39,1,3380,38,Adult-Child,1,3,3,RYGGGBYRGGGGY,RGGGGYYGGRYYG,0.5384615384615384,0.5384615384615384
S2_D39_P1,S2_D39,1,3380,38,Adult-Child,1,4,4,YGGYGGRGGBBYG,RGGYYGGYBYYGY,0.5384615384615384,0.5384615384615384
S2_D39_P1,S2_D39,1,3380,38,Adult-Child,1,5,5,RGGGGYRGYGGGG,RYGGGYGGGGGGY,0.6923076923076923,0.6923076923076923
S2_D39_P1,S2_D39,1,3380,38,Adult-Child,1,6,6,RGGGRGGGYBGGG,RRGGGGBBBBBGG,0.5384615384615384,0.5384615384615384
S2_D39_P1,S2_D39,1,3380,38,Adult-Child,1,7,7,RGGGRYGGGGGGY,RGYGGGGGGYGGG,0.6153846153846154,0.6153846153846154
S2_D39_P1,S2_D39,1,3380,38,Adult-Child,1,8,8,RRGGGBGGGGBBR,RRGGGGBBBBBBB,0.5384615384615384,0.5384615384615384
S2_D39_P1,S2_D39,1,3380,38,Adult-Child,2,1,9,RBGYGBRGGGGGB,RYYYBGBGGBBGG,0.4615384615384615,0.46153846153846156
S2_D39_P1,S2_D39,1,3380,38,Adult-Child,2,2,10,RYBRGGRBYGRBY,RBYGGGGBRBBGY,0.4615384615384615,0.46153846153846156
S2_D39_P1,S2_D39,1,3380,38,Adult-Child,2,3,11,RGRGGGBYGBBGB,RGGGYRGBBGYRY,0.4615384615384615,0.46153846153846156
S2_D39_P1,S2_D39,1,3380,38,Adult-Child,2,4,12,RBGGGRBYGGBBB,RBGGGGYRBGYGG,0.5384615384615384,0.5384615384615384
S2_D39_P1,S2_D39,1,3380,38,Adult-Child,2,5,13,GYGGRYGBBRGYY,RBYGGRGYBBBRY,0.5384615384615384,0.5384615384615384
S2_D39_P1,S2_D39,1,3380,38,Adult-Child,2,6,14,RGYBBRYGGBGGB,RYGGRYRBBGYBB,0.4615384615384615,0.46153846153846156
S2_D39_P1,S2_D39,1,3380,38,Adult-Child,2,7,15,RBGGRBYYGRBBG,RBGYRBGBBYBBG,0.6153846153846154,0.6153846153846154
S2_D39_P1,S2_D39,1,3380,38,Adult-Child,2,8,16,YGRBYGGBRYGBG,YGBRYYRGYYBYY,0.3846153846153846,0.3846153846153846
S2_D39_P2,S2_D39,2,3381,38,Adult-Child,1,1,1,GGGYGBBYGYYGB,YGGGBYGGRYYGG,0.5384615384615384,0.5384615384615384
S2_D39_P2,S2_D39,2,3381,38,Adult-Child,1,2,2,RRRYYGRRGRGGG,RYGGGBYRGGGGY,0.3846153846153846,0.3846153846153846
S2_D39_P2,S2_D39,2,3381,38,Adult-Child,1,3,3,YYGBBBBGGGGRY,YGGYGGRGGBBYG,0.3076923076923077,0.3076923076923077
S2_D39_P2,S2_D39,2,3381,38,Adult-Child,1,4,4,RGGGGYYGGRYYG,RGGGGYRGYGGGG,0.6153846153846154,0.6153846153846154
S2_D39_P2,S2_D39,2,3381,38,Adult-Child,1,5,5,RGGYYGGYBYYGY,RGGGRGGGYBGGG,0.5384615384615384,0.5384615384615384
S2_D39_P2,S2_D39,2,3381,38,Adult-Child,1,6,6,RYGGGYGGGGGGY,RGGGRYGGGGGGY,0.8461538461538461,0.8461538461538461
S2_D39_P2,S2_D39,2,3381,38,Adult-Child,1,7,7,RRGGGGBBBBBGG,RRGGGBGGGGBBR,0.5384615384615384,0.5384615384615384
S2_D39_P2,S2_D39,2,3381,38,Adult-Child,1,8,8,RGYGGGGGGYGGG,RGYGGGGGYGGGY,0.8461538461538461,0.8461538461538461
S2_D39_P2,S2_D39,2,3381,38,Adult-Child,2,1,9,RYBRGBGBRRBRB,RYBRGGRBYGRBY,0.5384615384615384,0.5384615384615384
S2_D39_P2,S2_D39,2,3381,38,Adult-Child,2,2,10,RYYYBGBGGBBGG,RGRGGGBYGBBGB,0.5384615384615384,0.5384615384615384
S2_D39_P2,S2_D39,2,3381,38,Adult-Child,2,3,11,RBYGGGGBRBBGY,RBGGGRBYGGBBB,0.4615384615384615,0.46153846153846156
S2_D39_P2,S2_D39,2,3381,38,Adult-Child,2,4,12,RGGGYRGBBGYRY,GYGGRYGBBRGYY,0.5384615384615384,0.5384615384615384
S2_D39_P2,S2_D39,2,3381,38,Adult-Child,2,5,13,RBGGGGYRBGYGG,RGYBBRYGGBGGB,0.3076923076923077,0.3076923076923077
S2_D39_P2,S2_D39,2,3381,38,Adult-Child,2,6,14,RBYGGRGYBBBRY,RBGGRBYYGRBBG,0.4615384615384615,0.46153846153846156
S2_D39_P2,S2_D39,2,3381,38,Adult-Child,2,7,15,RYGGRYRBBGYBB,YGRBYGGBRYGBG,0.3846153846153846,0.3846153846153846
S2_D39_P2,S2_D39,2,3381,38,Adult-Child,2,8,16,RBGYRBGBBYBBG,RBYGRBYRBGGBG,0.5384615384615384,0.5384615384615384
S2_D40_P1,S2_D40,1,3390,39,Adult-Child,1,1,1,YRYBGGRGBBBGR,YRYRGGRBBBGYR,0.7692307692307692,0.7692307692307692
S2_D40_P1,S2_D40,1,3390,39,Adult-Child,1,2,2,GYBYRYGYYBYBB,YGYRYBYGYYGBR,0.5384615384615384,0.5384615384615384
S2_D40_P1,S2_D40,1,3390,39,Adult-Child,1,3,3,YRYRGYBYGYRBY,GYRYBYGYRBYGY,0.6153846153846154,0.6153846153846154
S2_D40_P1,S2_D40,1,3390,39,Adult-Child,1,4,4,YRYGBGBYYRBGY,YRYRGBYGBRYGB,0.5384615384615384,0.5384615384615384
S2_D40_P1,S2_D40,1,3390,39,Adult-Child,1,5,5,YGRYBGYRYRYBG,RYRYGBRBYGYGR,0.3846153846153846,0.3846153846153846
S2_D40_P1,S2_D40,1,3390,39,Adult-Child,1,6,6,YRYRGBGBRYRBY,RYRYGBGBBYGBY,0.6923076923076923,0.6923076923076923
S2_D40_P1,S2_D40,1,3390,39,Adult-Child,1,7,7,RYRYGBGRYRBGY,RYRYGBGRGBYGY,0.7692307692307692,0.7692307692307692
S2_D40_P1,S2_D40,1,3390,39,Adult-Child,1,8,8,RYRYGBGBGBYBG,RYRYGBGBGRBGY,0.7692307692307692,0.7692307692307692
S2_D40_P1,S2_D40,1,3390,39,Adult-Child,2,1,9,GBGYRGYGGYGGG,GBGYGGYGGGYGG,0.7692307692307692,0.7692307692307692
S2_D40_P1,S2_D40,1,3390,39,Adult-Child,2,2,10,GYGYRBGBRBGGG,GYRRRBGRBYGGG,0.6923076923076923,0.6923076923076923
S2_D40_P1,S2_D40,1,3390,39,Adult-Child,2,3,11,GBYGBRGGYBGGG,GBRYBYGGGGGGG,0.6153846153846154,0.6153846153846154
S2_D40_P1,S2_D40,1,3390,39,Adult-Child,2,4,12,GYRGGBYRGGGYG,GYRRBGBBRYGGG,0.6153846153846154,0.6153846153846154
S2_D40_P1,S2_D40,1,3390,39,Adult-Child,2,5,13,GBYRBYGGGGGGR,GRBYGRBGGGGGG,0.6923076923076923,0.6923076923076923
S2_D40_P1,S2_D40,1,3390,39,Adult-Child,2,6,14,GYBRGYBGGGYGR,GYRBGRGBYGGGG,0.5384615384615384,0.5384615384615384
S2_D40_P1,S2_D40,1,3390,39,Adult-Child,2,7,15,GRBGRBYGGRBGY,GRBYGRBGYRGGG,0.6153846153846154,0.6153846153846154
S2_D40_P1,S2_D40,1,3390,39,Adult-Child,2,8,16,GYRBYGYGYBGYR,YGBRBGYGRBGYB,0.6153846153846154,0.6153846153846154
S2_D40_P2,S2_D40,2,3391,39,Adult-Child,1,1,1,GYBYBBGRRBRYG,GYBYRYGYYBYBB,0.4615384615384615,0.46153846153846156
S2_D40_P2,S2_D40,2,3391,39,Adult-Child,1,2,2,YRYRGGRBBBGYR,YRYRGYBYGYRBY,0.5384615384615384,0.5384615384615384
S2_D40_P2,S2_D40,2,3391,39,Adult-Child,1,3,3,YGYRYBYGYYGBR,YRYGBGBYYRBGY,0.3846153846153846,0.3846153846153846
S2_D40_P2,S2_D40,2,3391,39,Adult-Child,1,4,4,GYRYBYGYRBYGY,YGRYBGYRYRYBG,0.4615384615384615,0.46153846153846156
S2_D40_P2,S2_D40,2,3391,39,Adult-Child,1,5,5,YRYRGBYGBRYGB,YRYRGBGBRYRBY,0.7692307692307692,0.7692307692307692
S2_D40_P2,S2_D40,2,3391,39,Adult-Child,1,6,6,RYRYGBRBYGYGR,RYRYGBGRYRBGY,0.6153846153846154,0.6153846153846154
S2_D40_P2,S2_D40,2,3391,39,Adult-Child,1,7,7,RYRYGBGBBYGBY,RYRYGBGBGBYBG,0.7692307692307692,0.7692307692307692
S2_D40_P2,S2_D40,2,3391,39,Adult-Child,1,8,8,RYRYGBGRGBYGY,RYRYGBGRYBYBY,0.8461538461538461,0.8461538461538461
S2_D40_P2,S2_D40,2,3391,39,Adult-Child,2,1,9,YGYGRBRYRGGGG,GYGYRBGBRBGGG,0.6153846153846154,0.6153846153846154
S2_D40_P2,S2_D40,2,3391,39,Adult-Child,2,2,10,GBGYGGYGGGYGG,GBYGBRGGYBGGG,0.5384615384615384,0.5384615384615384
S2_D40_P2,S2_D40,2,3391,39,Adult-Child,2,3,11,GYRRRBGRBYGGG,GYRGGBYRGGGYG,0.5384615384615384,0.5384615384615384
S2_D40_P2,S2_D40,2,3391,39,Adult-Child,2,4,12,GBRYBYGGGGGGG,GBYRBYGGGGGGR,0.7692307692307692,0.7692307692307692
S2_D40_P2,S2_D40,2,3391,39,Adult-Child,2,5,13,GYRRBGBBRYGGG,GYBRGYBGGGYGR,0.4615384615384615,0.46153846153846156
S2_D40_P2,S2_D40,2,3391,39,Adult-Child,2,6,14,GRBYGRBGGGGGG,GRBGRBYGGRBGY,0.6153846153846154,0.6153846153846154
S2_D40_P2,S2_D40,2,3391,39,Adult-Child,2,7,15,GYRBGRGBYGGGG,GYRBYGYGYBGYR,0.5384615384615384,0.5384615384615384
S2_D40_P2,S2_D40,2,3391,39,Adult-Child,2,8,16,GRBYGRBGYRGGG,GRBYGRBGRBGYG,0.7692307692307692,0.7692307692307692
S2_D41_P1,S2_D41,1,3400,40,Adult-Child,1,1,1,BRYBYBRYBBYBB,BRYGYRGBRBGYB,0.5384615384615384,0.5384615384615384
S2_D41_P1,S2_D41,1,3400,40,Adult-Child,1,2,2,BGBBBYGBGBBRY,BGBBBYGRBGBYG,0.6923076923076923,0.6923076923076923
S2_D41_P1,S2_D41,1,3400,40,Adult-Child,1,3,3,BRYGBRGYBRYBG,BRYGYRGRBGYBB,0.6923076923076923,0.6923076923076923
S2_D41_P1,S2_D41,1,3400,40,Adult-Child,1,4,4,BGBBBYRGBYRBB,BGBBBRYGBBGBB,0.6923076923076923,0.6923076923076923
S2_D41_P1,S2_D41,1,3400,40,Adult-Child,1,5,5,BRYGBRGYRBYBG,BRYGBRGYBRYGB,0.6923076923076923,0.6923076923076923
S2_D41_P1,S2_D41,1,3400,40,Adult-Child,1,6,6,BBGBBRBYRBBBB,BBYRGBYGRBYRG,0.3846153846153846,0.3846153846153846
S2_D41_P1,S2_D41,1,3400,40,Adult-Child,1,7,7,BRYGBRGYBRYGB,BRYGBRYYBRGYB,0.7692307692307692,0.7692307692307692
S2_D41_P1,S2_D41,1,3400,40,Adult-Child,1,8,8,BYRGBYRGBYRGB,BYRGBYRGBYRGB,1.0,1.0
S2_D41_P1,S2_D41,1,3400,40,Adult-Child,2,1,9,RBYGGBGYRGGRY,RBYGRBGRYGBRY,0.6923076923076923,0.6923076923076923
S2_D41_P1,S2_D41,1,3400,40,Adult-Child,2,2,10,GBBYBGBYBBBBB,BGYBBBBGBBBBB,0.6153846153846154,0.6153846153846154
S2_D41_P1,S2_D41,1,3400,40,Adult-Child,2,3,11,RBYGRBGRRBYRG,RBYGBRGGBYRGB,0.6153846153846154,0.6153846153846154
S2_D41_P1,S2_D41,1,3400,40,Adult-Child,2,4,12,BGYBGYBBBBBBB,BGYBBGYBBBBBB,0.8461538461538461,0.8461538461538461
S2_D41_P1,S2_D41,1,3400,40,Adult-Child,2,5,13,RBYGRBGGRBYRB,RBGYRBYGGRYBR,0.5384615384615384,0.5384615384615384
S2_D41_P1,S2_D41,1,3400,40,Adult-Child,2,6,14,BGYBGYBBBBBBB,BRGYBGBBBBRYB,0.6923076923076923,0.6923076923076923
S2_D41_P1,S2_D41,1,3400,40,Adult-Child,2,7,15,RBGYRBYGRBYGR,RBGYRBYGRBGYR,0.8461538461538461,0.8461538461538461
S2_D41_P1,S2_D41,1,3400,40,Adult-Child,2,8,16,BRYGBBBYBBBRB,BRGYBBBYGRBBB,0.6153846153846154,0.6153846153846154
S2_D41_P2,S2_D41,2,3401,40,Adult-Child,1,1,1,BGBBBGYBYYRGB,BGBBBYGBGBBRY,0.4615384615384615,0.46153846153846156
S2_D41_P2,S2_D41,2,3401,40,Adult-Child,1,2,2,BRYGYRGBRBGYB,BRYGBRGYBRYBG,0.6153846153846154,0.6153846153846154
S2_D41_P2,S2_D41,2,3401,40,Adult-Child,1,3,3,BGBBBYGRBGBYG,BGBBBYRGBYRBB,0.6153846153846154,0.6153846153846154
S2_D41_P2,S2_D41,2,3401,40,Adult-Child,1,4,4,BRYGYRGRBGYBB,BRYGBRGYRBYBG,0.6923076923076923,0.6923076923076923
S2_D41_P2,S2_D41,2,3401,40,Adult-Child,1,5,5,BGBBBRYGBBGBB,BBGBBRBYRBBBB,0.6153846153846154,0.6153846153846154
S2_D41_P2,S2_D41,2,3401,40,Adult-Child,1,6,6,BRYGBRGYBRYGB,BRYGBRGYBRYGB,1.0,1.0
S2_D41_P2,S2_D41,2,3401,40,Adult-Child,1,7,7,BBYRGBYGRBYRG,BYRGBYRGBYRGB,0.6923076923076923,0.6923076923076923
S2_D41_P2,S2_D41,2,3401,40,Adult-Child,1,8,8,BRYGBRYYBRGYB,BRYGBRYYBRYGB,0.8461538461538461,0.8461538461538461
S2_D41_P2,S2_D41,2,3401,40,Adult-Child,2,1,9,BGBYYBYBGRYBB,GBBYBGBYBBBBB,0.4615384615384615,0.46153846153846156
S2_D41_P2,S2_D41,2,3401,40,Adult-Child,2,2,10,RBYGRBGRYGBRY,RBYGRBGRRBYRG,0.6923076923076923,0.6923076923076923
S2_D41_P2,S2_D41,2,3401,40,Adult-Child,2,3,11,BGYBBBBGBBBBB,BGYBGYBBBBBBB,0.7692307692307692,0.7692307692307692
S2_D41_P2,S2_D41,2,3401,40,Adult-Child,2,4,12,RBYGBRGGBYRGB,RBYGRBGGRBYRB,0.6923076923076923,0.6923076923076923
S2_D41_P2,S2_D41,2,3401,40,Adult-Child,2,5,13,BGYBBGYBBBBBB,BGYBGYBBBBBBB,0.8461538461538461,0.8461538461538461
S2_D41_P2,S2_D41,2,3401,40,Adult-Child,2,6,14,RBGYRBYGGRYBR,RBGYRBYGRBYGR,0.7692307692307692,0.7692307692307692
S2_D41_P2,S2_D41,2,3401,40,Adult-Child,2,7,15,BRGYBGBBBBRYB,BRYGBBBYBBBRB,0.6153846153846154,0.6153846153846154
S2_D41_P2,S2_D41,2,3401,40,Adult-Child,2,8,16,RBGYRBYGRBGYR,RBYGRBGYRBYGR,0.5384615384615384,0.5384615384615384
S2_D42_P1,S2_D42,1,3410,41,Adult-Child,1,1,1,RYYYRGGRGGRGG,RYYYRGGGRYGRY,0.6923076923076923,0.6923076923076923
S2_D42_P1,S2_D42,1,3410,41,Adult-Child,1,2,2,BBRGBBRGYBYRR,BRGYYBRGGYBYB,0.5384615384615384,0.5384615384615384
S2_D42_P1,S2_D42,1,3410,41,Adult-Child,1,3,3,RYYGGGRGBRGRB,BBYGRBYRGRYBR,0.3846153846153846,0.3846153846153846
S2_D42_P1,S2_D42,1,3410,41,Adult-Child,1,4,4,BRGYYGRBRGRBB,BRGYYGRBBRGBY,0.7692307692307692,0.7692307692307692
S2_D42_P1,S2_D42,1,3410,41,Adult-Child,1,5,5,BBYGGYRGBBBYY,BYYGGRYGGBYYG,0.5384615384615384,0.5384615384615384
S2_D42_P1,S2_D42,1,3410,41,Adult-Child,1,6,6,BRGYBBYGGRBBG,BRGYYBYGRGBGG,0.6923076923076923,0.6923076923076923
S2_D42_P1,S2_D42,1,3410,41,Adult-Child,1,7,7,BGYYGGGRYGGBB,BBBBBBBBBRGYB,0.2307692307692307,0.23076923076923073
S2_D42_P1,S2_D42,1,3410,41,Adult-Child,1,8,8,BYGRYYBBGYRRY,BRGYGRYYBGGRR,0.6153846153846154,0.6153846153846154
S2_D42_P1,S2_D42,1,3410,41,Adult-Child,2,1,9,YGGBRBYGRRRGR,YYGGRYGRRRRGR,0.6923076923076923,0.6923076923076923
S2_D42_P1,S2_D42,1,3410,41,Adult-Child,2,2,10,YYYRRGRGBYGRY,YYYGRGYRBRRRG,0.5384615384615384,0.5384615384615384
S2_D42_P1,S2_D42,1,3410,41,Adult-Child,2,3,11,YRRGGGYRYGGYR,YYYYGRYGBGRRG,0.3846153846153846,0.3846153846153846
S2_D42_P1,S2_D42,1,3410,41,Adult-Child,2,4,12,YYYRGRYYGGBGY,YYYYGGRGRGYGB,0.4615384615384615,0.46153846153846156
S2_D42_P1,S2_D42,1,3410,41,Adult-Child,2,5,13,YYYRYGGGRRYRY,YYYGGGRYGYGRB,0.5384615384615384,0.5384615384615384
S2_D42_P1,S2_D42,1,3410,41,Adult-Child,2,6,14,YYYRGYYRYGBYR,YYYRRRGGBYRGY,0.5384615384615384,0.5384615384615384
S2_D42_P1,S2_D42,1,3410,41,Adult-Child,2,7,15,YYYRYGYRYRBYB,YYYRGGYRGBYBB,0.6923076923076923,0.6923076923076923
S2_D42_P1,S2_D42,1,3410,41,Adult-Child,2,8,16,YYYYRYBGYRYRY,YYYYRBGGYRYRB,0.7692307692307692,0.7692307692307692
S2_D42_P2,S2_D42,2,3411,41,Adult-Child,1,1,1,BRGBBRGYGRGGG,BBRGBBRGYBYRR,0.5384615384615384,0.5384615384615384
S2_D42_P2,S2_D42,2,3411,41,Adult-Child,1,2,2,RYYYRGGGRYGRY,RYYGGGRGBRGRB,0.5384615384615384,0.5384615384615384
S2_D42_P2,S2_D42,2,3411,41,Adult-Child,1,3,3,BRGYYBRGGYBYB,BRGYYGRBRGRBB,0.6153846153846154,0.6153846153846154
S2_D42_P2,S2_D42,2,3411,41,Adult-Child,1,4,4,BBYGRBYRGRYBR,BBYGGYRGBBBYY,0.5384615384615384,0.5384615384615384
S2_D42_P2,S2_D42,2,3411,41,Adult-Child,1,5,5,BRGYYGRBBRGBY,BRGYBBYGGRBBG,0.5384615384615384,0.5384615384615384
S2_D42_P2,S2_D42,2,3411,41,Adult-Child,1,6,6,BYYGGRYGGBYYG,BGYYGGGRYGGBB,0.6153846153846154,0.6153846153846154
S2_D42_P2,S2_D42,2,3411,41,Adult-Child,1,7,7,BRGYYBYGRGBGG,BYGRYYBBGYRRY,0.3846153846153846,0.3846153846153846
S2_D42_P2,S2_D42,2,3411,41,Adult-Child,1,8,8,BBBBBBBBBRGYB,BBBBBBBBBRBYY,0.8461538461538461,0.8461538461538461
S2_D42_P2,S2_D42,2,3411,41,Adult-Child,2,1,9,YRBYRBRGYBYYG,YYYRRGRGBYGRY,0.3846153846153846,0.3846153846153846
S2_D42_P2,S2_D42,2,3411,41,Adult-Child,2,2,10,YYGGRYGRRRRGR,YRRGGGYRYGGYR,0.3846153846153846,0.3846153846153846
S2_D42_P2,S2_D42,2,3411,41,Adult-Child,2,3,11,YYYGRGYRBRRRG,YYYRGRYYGGBGY,0.3846153846153846,0.3846153846153846
S2_D42_P2,S2_D42,2,3411,41,Adult-Child,2,4,12,YYYYGRYGBGRRG,YYYRYGGGRRYRY,0.5384615384615384,0.5384615384615384
S2_D42_P2,S2_D42,2,3411,41,Adult-Child,2,5,13,YYYYGGRGRGYGB,YYYRGYYRYGBYR,0.4615384615384615,0.46153846153846156
S2_D42_P2,S2_D42,2,3411,41,Adult-Child,2,6,14,YYYGGGRYGYGRB,YYYRYGYRYRBYB,0.4615384615384615,0.46153846153846156
S2_D42_P2,S2_D42,2,3411,41,Adult-Child,2,7,15,YYYRRRGGBYRGY,YYYYRYBGYRYRY,0.5384615384615384,0.5384615384615384
S2_D42_P2,S2_D42,2,3411,41,Adult-Child,2,8,16,YYYRGGYRGBYBB,YYRYRGBBBBBYB,0.5384615384615384,0.5384615384615384
S2_D43_P1,S2_D43,1,3420,42,Child-Child,1,1,1,RRGBBGRRBYBYY,RRBGRGGRRBBBY,0.6153846153846154,0.6153846153846154
S2_D43_P1,S2_D43,1,3420,42,Child-Child,1,2,2,YYGBYGBRBYGBB,YYGRYYBYYGRBY,0.5384615384615384,0.5384615384615384
S2_D43_P1,S2_D43,1,3420,42,Child-Child,1,3,3,RRBBGYYGGRRRB,RRYGGGBRRGYRB,0.4615384615384615,0.46153846153846156
S2_D43_P1,S2_D43,1,3420,42,Child-Child,1,4,4,YYGGBBRRBBRRG,YYRRBBYRRBGGY,0.4615384615384615,0.46153846153846156
S2_D43_P1,S2_D43,1,3420,42,Child-Child,1,5,5,RRRGGGYYYBBBG,RRRGGGYYYBBBG,1.0,1.0
S2_D43_P1,S2_D43,1,3420,42,Child-Child,1,6,6,YRRGGGBBBGGBY,YYRRGBBYYGBYR,0.5384615384615384,0.5384615384615384
S2_D43_P1,S2_D43,1,3420,42,Child-Child,1,7,7,RRRRRRGGGGGGY,RRRRRRGGGGGYY,0.9230769230769232,0.9230769230769231
S2_D43_P1,S2_D43,1,3420,42,Child-Child,1,8,8,GGGGGGYYYYYGG,GGGGGGGYGGGGG,0.6923076923076923,0.6923076923076923
S2_D43_P1,S2_D43,1,3420,42,Child-Child,2,1,9,YRRRYBYBYBRBY,YRRRBYBYBYBRY,0.8461538461538461,0.8461538461538461
S2_D43_P1,S2_D43,1,3420,42,Child-Child,2,2,10,BBBBRRGGGYYYR,BBBBBGGYYRRRR,0.5384615384615384,0.5384615384615384
S2_D43_P1,S2_D43,1,3420,42,Child-Child,2,3,11,RRRRRRRBBGGYY,RRRRRRRRRBBGG,0.6923076923076923,0.6923076923076923
S2_D43_P1,S2_D43,1,3420,42,Child-Child,2,4,12,BBBBGGYYRRRRY,BBBBBGYYRRRYR,0.7692307692307692,0.7692307692307692
S2_D43_P1,S2_D43,1,3420,42,Child-Child,2,5,13,RRRRRRRRBBGGG,RRRRRRRRRBBGG,0.8461538461538461,0.8461538461538461
S2_D43_P1,S2_D43,1,3420,42,Child-Child,2,6,14,BBBBBBRRRRYYY,RRBBBBBRRRRRY,0.6923076923076923,0.6923076923076923
S2_D43_P1,S2_D43,1,3420,42,Child-Child,2,7,15,RRRRRRRRBBBGG,RRRRRRRRBBBGG,1.0,1.0
S2_D43_P1,S2_D43,1,3420,42,Child-Child,2,8,16,RRBBBRRRRYRRB,BBBRRRBGRBYRB,0.5384615384615384,0.5384615384615384
S2_D43_P2,S2_D43,2,3421,42,Child-Child,1,1,1,YGBYBBGYBRYBG,YYGBYGBRBYGBB,0.4615384615384615,0.46153846153846156
S2_D43_P2,S2_D43,2,3421,42,Child-Child,1,2,2,RRBGRGGRRBBBY,RRBBGYYGGRRRB,0.5384615384615384,0.5384615384615384
S2_D43_P2,S2_D43,2,3421,42,Child-Child,1,3,3,YYGRYYBYYGRBY,YYGGBBRRBBRRG,0.3076923076923077,0.3076923076923077
S2_D43_P2,S2_D43,2,3421,42,Child-Child,1,4,4,RRYGGGBRRGYRB,RRRGGGYYYBBBG,0.3846153846153846,0.3846153846153846
S2_D43_P2,S2_D43,2,3421,42,Child-Child,1,5,5,YYRRBBYRRBGGY,YRRGGGBBBGGBY,0.4615384615384615,0.46153846153846156
S2_D43_P2,S2_D43,2,3421,42,Child-Child,1,6,6,RRRGGGYYYBBBG,RRRRRRGGGGGGY,0.2307692307692307,0.23076923076923073
S2_D43_P2,S2_D43,2,3421,42,Child-Child,1,7,7,YYRRGBBYYGBYR,GGGGGGYYYYYGG,0.2307692307692307,0.23076923076923073
S2_D43_P2,S2_D43,2,3421,42,Child-Child,1,8,8,RRRRRRGGGGGYY,RRRRRGGGGYYGY,0.7692307692307692,0.7692307692307692
S2_D43_P2,S2_D43,2,3421,42,Child-Child,2,1,9,BBGYRBBBRYRYB,BBBBRRGGGYYYR,0.3846153846153846,0.3846153846153846
S2_D43_P2,S2_D43,2,3421,42,Child-Child,2,2,10,YRRRBYBYBYBRY,RRRRRRRBBGGYY,0.3846153846153846,0.3846153846153846
S2_D43_P2,S2_D43,2,3421,42,Child-Child,2,3,11,BBBBBGGYYRRRR,BBBBGGYYRRRRY,0.8461538461538461,0.8461538461538461
S2_D43_P2,S2_D43,2,3421,42,Child-Child,2,4,12,RRRRRRRRRBBGG,RRRRRRRRBBGGG,0.8461538461538461,0.8461538461538461
S2_D43_P2,S2_D43,2,3421,42,Child-Child,2,5,13,BBBBBGYYRRRYR,BBBBBBRRRRYYY,0.6153846153846154,0.6153846153846154
S2_D43_P2,S2_D43,2,3421,42,Child-Child,2,6,14,RRRRRRRRRBBGG,RRRRRRRRBBBGG,0.9230769230769232,0.9230769230769231
S2_D43_P2,S2_D43,2,3421,42,Child-Child,2,7,15,RRBBBBBRRRRRY,RRBBBRRRRYRRB,0.6923076923076923,0.6923076923076923
S2_D43_P2,S2_D43,2,3421,42,Child-Child,2,8,16,RRRRRRRRBBBGG,RRRRRRRRBBBBG,0.9230769230769232,0.9230769230769231
S2_D44_P1,S2_D44,1,3430,43,Child-Child,1,1,1,BYYYGBRYYYYRY,YYYYGBRYBBGBB,0.5384615384615384,0.5384615384615384
S2_D44_P1,S2_D44,1,3430,43,Child-Child,1,2,2,BRYBGRYYBBRRB,BRBGRBBGBBRGB,0.6153846153846154,0.6153846153846154
S2_D44_P1,S2_D44,1,3430,43,Child-Child,1,3,3,YYGBBBBYGBRYB,YYBBBBRYGBBBB,0.6923076923076923,0.6923076923076923
S2_D44_P1,S2_D44,1,3430,43,Child-Child,1,4,4,GBRBBRYRBBGBY,GGBYRBBYBBBBY,0.6153846153846154,0.6153846153846154
S2_D44_P1,S2_D44,1,3430,43,Child-Child,1,5,5,BRGBGRBYYBYRG,BRGGGBGBRGBRG,0.5384615384615384,0.5384615384615384
S2_D44_P1,S2_D44,1,3430,43,Child-Child,1,6,6,BGGRRYYRGRBYB,RYGBYGBYBRGYY,0.2307692307692307,0.23076923076923073
S2_D44_P1,S2_D44,1,3430,43,Child-Child,1,7,7,BRBGRBGRGGBRG,RRGGBYGRYBBYB,0.3846153846153846,0.3846153846153846
S2_D44_P1,S2_D44,1,3430,43,Child-Child,1,8,8,BRBYGBRGGBRYB,YBGRBBGRRYBRR,0.3846153846153846,0.3846153846153846
S2_D44_P1,S2_D44,1,3430,43,Child-Child,2,1,9,BBBBGYYYRBGYG,BYGYRRYGGBRYG,0.3846153846153846,0.3846153846153846
S2_D44_P1,S2_D44,1,3430,43,Child-Child,2,2,10,GGRYRBYRYGGYY,YRRGBBGRBYRGB,0.3076923076923077,0.3076923076923077
S2_D44_P1,S2_D44,1,3430,43,Child-Child,2,3,11,BBGGRYBGBBYRG,BGGYGRYRBGYGB,0.4615384615384615,0.46153846153846156
S2_D44_P1,S2_D44,1,3430,43,Child-Child,2,4,12,GBRGBRGBYGBYG,BGYRGBRRGBYRG,0.5384615384615384,0.5384615384615384
S2_D44_P1,S2_D44,1,3430,43,Child-Child,2,5,13,GRYBRYBGYGRBG,YBRYBRGYGRRBY,0.6153846153846154,0.6153846153846154
S2_D44_P1,S2_D44,1,3430,43,Child-Child,2,6,14,YGBBBGBBBRBGY,BRYBRGGGRYYBR,0.1538461538461538,0.15384615384615385
S2_D44_P1,S2_D44,1,3430,43,Child-Child,2,7,15,YRBGYBGRYBGRY,BRGYRYYBGBRYY,0.4615384615384615,0.46153846153846156
S2_D44_P1,S2_D44,1,3430,43,Child-Child,2,8,16,BRGYBRYGBYRYB,GYBRGYRBGYBGB,0.4615384615384615,0.46153846153846156
S2_D44_P2,S2_D44,2,3431,43,Child-Child,1,1,1,RGYGRRBYBYYBY,BRYBGRYYBBRRB,0.3076923076923077,0.3076923076923077
S2_D44_P2,S2_D44,2,3431,43,Child-Child,1,2,2,YYYYGBRYBBGBB,YYGBBBBYGBRYB,0.4615384615384615,0.46153846153846156
S2_D44_P2,S2_D44,2,3431,43,Child-Child,1,3,3,BRBGRBBGBBRGB,GBRBBRYRBBGBY,0.4615384615384615,0.46153846153846156
S2_D44_P2,S2_D44,2,3431,43,Child-Child,1,4,4,YYBBBBRYGBBBB,BRGBGRBYYBYRG,0.2307692307692307,0.23076923076923073
S2_D44_P2,S2_D44,2,3431,43,Child-Child,1,5,5,GGBYRBBYBBBBY,BGGRRYYRGRBYB,0.3076923076923077,0.3076923076923077
S2_D44_P2,S2_D44,2,3431,43,Child-Child,1,6,6,BRGGGBGBRGBRG,BRBGRBGRGGBRG,0.6923076923076923,0.6923076923076923
S2_D44_P2,S2_D44,2,3431,43,Child-Child,1,7,7,RYGBYGBYBRGYY,BRBYGBRGGBRYB,0.4615384615384615,0.46153846153846156
S2_D44_P2,S2_D44,2,3431,43,Child-Child,1,8,8,RRGGBYGRYBBYB,RBGYRRGYRBYRG,0.3846153846153846,0.3846153846153846
S2_D44_P2,S2_D44,2,3431,43,Child-Child,2,1,9,GGRYBGRBGYRBB,GGRYRBYRYGGYY,0.4615384615384615,0.46153846153846156
S2_D44_P2,S2_D44,2,3431,43,Child-Child,2,2,10,BYGYRRYGGBRYG,BBGGRYBGBBYRG,0.5384615384615384,0.5384615384615384
S2_D44_P2,S2_D44,2,3431,43,Child-Child,2,3,11,YRRGBBGRBYRGB,GBRGBRGBYGBYG,0.4615384615384615,0.46153846153846156
S2_D44_P2,S2_D44,2,3431,43,Child-Child,2,4,12,BGGYGRYRBGYGB,GRYBRYBGYGRBG,0.5384615384615384,0.5384615384615384
S2_D44_P2,S2_D44,2,3431,43,Child-Child,2,5,13,BGYRGBRRGBYRG,YGBBBGBBBRBGY,0.3076923076923077,0.3076923076923077
S2_D44_P2,S2_D44,2,3431,43,Child-Child,2,6,14,YBRYBRGYGRRBY,YRBGYBGRYBGRY,0.4615384615384615,0.46153846153846156
S2_D44_P2,S2_D44,2,3431,43,Child-Child,2,7,15,BRYBRGGGRYYBR,BRGYBRYGBYRYB,0.5384615384615384,0.5384615384615384
S2_D44_P2,S2_D44,2,3431,43,Child-Child,2,8,16,BRGYRYYBGBRYY,GYRGBYGYRGRRR,0.3076923076923077,0.3076923076923077
S2_D45_P1,S2_D45,1,3440,44,Adult-Adult,1,1,1,GRYRRRYYRRYYB,RBRRYRGRRYRGR,0.3846153846153846,0.3846153846153846
S2_D45_P1,S2_D45,1,3440,44,Adult-Adult,1,2,2,BBBGYBBBGYBGB,BBBBGGGYGBBBY,0.4615384615384615,0.46153846153846156
S2_D45_P1,S2_D45,1,3440,44,Adult-Adult,1,3,3,BBBRYYGBBRYRB,BBBBBRYGGRRBG,0.4615384615384615,0.46153846153846156
S2_D45_P1,S2_D45,1,3440,44,Adult-Adult,1,4,4,BBBBGGGYBGGGY,BBBBGGYGGBBGY,0.6923076923076923,0.6923076923076923
S2_D45_P1,S2_D45,1,3440,44,Adult-Adult,1,5,5,BBBBBRYGGRRRB,BBBBGGGYRGRBB,0.5384615384615384,0.5384615384615384
S2_D45_P1,S2_D45,1,3440,44,Adult-Adult,1,6,6,BBBBBGGGBBYGY,BBBGGGYGGYYBB,0.4615384615384615,0.46153846153846156
S2_D45_P1,S2_D45,1,3440,44,Adult-Adult,1,7,7,BBBBBGGGGYRGG,BBBBBGGGGYRYG,0.9230769230769232,0.9230769230769231
S2_D45_P1,S2_D45,1,3440,44,Adult-Adult,1,8,8,BBBGGGYGBGGYY,BBBBGGYGGBGYG,0.6923076923076923,0.6923076923076923
S2_D45_P1,S2_D45,1,3440,44,Adult-Adult,2,1,9,BBBYRBRYRYYRB,BBBYYYBBRYRBB,0.5384615384615384,0.5384615384615384
S2_D45_P1,S2_D45,1,3440,44,Adult-Adult,2,2,10,GYRGGBBRGBBRR,GGGYRYGBBGYGR,0.4615384615384615,0.46153846153846156
S2_D45_P1,S2_D45,1,3440,44,Adult-Adult,2,3,11,BBBYYYRRYYBRG,BBBYYRYYBRYYB,0.6153846153846154,0.6153846153846154
S2_D45_P1,S2_D45,1,3440,44,Adult-Adult,2,4,12,GGGYYRGYBGRGB,GGGYYGRGYRYGR,0.6153846153846154,0.6153846153846154
S2_D45_P1,S2_D45,1,3440,44,Adult-Adult,2,5,13,BBBRYGBBRGYBR,BBBGYGGRGYRBR,0.6923076923076923,0.6923076923076923
S2_D45_P1,S2_D45,1,3440,44,Adult-Adult,2,6,14,GGGGYRGYYRGYR,GGGGYYYRGRRYG,0.6153846153846154,0.6153846153846154
S2_D45_P1,S2_D45,1,3440,44,Adult-Adult,2,7,15,BBBBBRGYRGYBR,BBBBBRGYGYRGR,0.7692307692307692,0.7692307692307692
S2_D45_P1,S2_D45,1,3440,44,Adult-Adult,2,8,16,GGGGYYYRGYYRG,GGGGYYRGRYYRG,0.8461538461538461,0.8461538461538461
S2_D45_P2,S2_D45,2,3441,44,Adult-Adult,1,1,1,BBGRGBGGYBBGY,BBBGYBBBGYBGB,0.5384615384615384,0.5384615384615384
S2_D45_P2,S2_D45,2,3441,44,Adult-Adult,1,2,2,RBRRYRGRRYRGR,BBBRYYGBBRYRB,0.4615384615384615,0.46153846153846156
S2_D45_P2,S2_D45,2,3441,44,Adult-Adult,1,3,3,BBBBGGGYGBBBY,BBBBGGGYBGGGY,0.6923076923076923,0.6923076923076923
S2_D45_P2,S2_D45,2,3441,44,Adult-Adult,1,4,4,BBBBBRYGGRRBG,BBBBBRYGGRRRB,0.8461538461538461,0.8461538461538461
S2_D45_P2,S2_D45,2,3441,44,Adult-Adult,1,5,5,BBBBGGYGGBBGY,BBBBBGGGBBYGY,0.7692307692307692,0.7692307692307692
S2_D45_P2,S2_D45,2,3441,44,Adult-Adult,1,6,6,BBBBGGGYRGRBB,BBBBBGGGGYRGG,0.6153846153846154,0.6153846153846154
S2_D45_P2,S2_D45,2,3441,44,Adult-Adult,1,7,7,BBBGGGYGGYYBB,BBBGGGYGBGGYY,0.6923076923076923,0.6923076923076923
S2_D45_P2,S2_D45,2,3441,44,Adult-Adult,1,8,8,BBBBBGGGGYRYG,BBBBBGGYRGYBB,0.6153846153846154,0.6153846153846154
S2_D45_P2,S2_D45,2,3441,44,Adult-Adult,2,1,9,GRYRRBBRRGBBR,GYRGGBBRGBBRR,0.6153846153846154,0.6153846153846154
S2_D45_P2,S2_D45,2,3441,44,Adult-Adult,2,2,10,BBBYYYBBRYRBB,BBBYYYRRYYBRG,0.6153846153846154,0.6153846153846154
S2_D45_P2,S2_D45,2,3441,44,Adult-Adult,2,3,11,GGGYRYGBBGYGR,GGGYYRGYBGRGB,0.6153846153846154,0.6153846153846154
S2_D45_P2,S2_D45,2,3441,44,Adult-Adult,2,4,12,BBBYYRYYBRYYB,BBBRYGBBRGYBR,0.5384615384615384,0.5384615384615384
S2_D45_P2,S2_D45,2,3441,44,Adult-Adult,2,5,13,GGGYYGRGYRYGR,GGGGYRGYYRGYR,0.6153846153846154,0.6153846153846154
S2_D45_P2,S2_D45,2,3441,44,Adult-Adult,2,6,14,BBBGYGGRGYRBR,BBBBBRGYRGYBR,0.6153846153846154,0.6153846153846154
S2_D45_P2,S2_D45,2,3441,44,Adult-Adult,2,7,15,GGGGYYYRGRRYG,GGGGYYYRGYYRG,0.7692307692307692,0.7692307692307692
S2_D45_P2,S2_D45,2,3441,44,Adult-Adult,2,8,16,BBBBBRGYGYRGR,BBBBRGYRGYYRG,0.6923076923076923,0.6923076923076923
S2_D46_P1,S2_D46,1,3450,45,Adult-Adult,1,1,1,RRGGYYBBGRGYY,RRRBRRRRRRGGB,0.3076923076923077,0.3076923076923077
S2_D46_P1,S2_D46,1,3450,45,Adult-Adult,1,2,2,RRRGGRGBGYRGR,RRRGGGBBBYRGR,0.7692307692307692,0.7692307692307692
S2_D46_P1,S2_D46,1,3450,45,Adult-Adult,1,3,3,RRRBRRGYRRRBG,RRRRRRBBBRGYB,0.4615384615384615,0.46153846153846156
S2_D46_P1,S2_D46,1,3450,45,Adult-Adult,1,4,4,RGGGRBBGRRRRR,RRRRGGBBBBBRR,0.3846153846153846,0.3846153846153846
S2_D46_P1,S2_D46,1,3450,45,Adult-Adult,1,5,5,RRRRGGRBRBRRG,RRRRGGGGBBRGR,0.6153846153846154,0.6153846153846154
S2_D46_P1,S2_D46,1,3450,45,Adult-Adult,1,6,6,RRRBGGRRRRRRR,RRRBGGRRRRRRR,1.0,1.0
S2_D46_P1,S2_D46,1,3450,45,Adult-Adult,1,7,7,RRRRGGGGGGRRB,RRRRGGGGGBRRR,0.8461538461538461,0.8461538461538461
S2_D46_P1,S2_D46,1,3450,45,Adult-Adult,1,8,8,RRBGGRRRRRRRR,RRRBGGRRRRRRR,0.8461538461538461,0.8461538461538461
S2_D46_P1,S2_D46,1,3450,45,Adult-Adult,2,1,9,BYYGYYBGGGYGR,BYYYBGGGRRRBR,0.5384615384615384,0.5384615384615384
S2_D46_P1,S2_D46,1,3450,45,Adult-Adult,2,2,10,YYGGBBRGRGBYG,BBYYGGYBRBYRY,0.3846153846153846,0.3846153846153846
S2_D46_P1,S2_D46,1,3450,45,Adult-Adult,2,3,11,YBGGYYRBGRGRB,BBYYGGRGYBGBG,0.3076923076923077,0.3076923076923077
S2_D46_P1,S2_D46,1,3450,45,Adult-Adult,2,4,12,YYBBGGGRBRBGR,BYYBBGGGRGBRR,0.6923076923076923,0.6923076923076923
S2_D46_P1,S2_D46,1,3450,45,Adult-Adult,2,5,13,BBYYBGGBGBGRG,BBYYGGBGRGBBG,0.6923076923076923,0.6923076923076923
S2_D46_P1,S2_D46,1,3450,45,Adult-Adult,2,6,14,BYBYYRRGGRRBG,BYBYYGRBRRBGG,0.6923076923076923,0.6923076923076923
S2_D46_P1,S2_D46,1,3450,45,Adult-Adult,2,7,15,BYYBGBGRBBRGB,BYYBGBRBRBGBR,0.6923076923076923,0.6923076923076923
S2_D46_P1,S2_D46,1,3450,45,Adult-Adult,2,8,16,BYYGRBGRGBGYB,BYYBGBRYBGBYG,0.5384615384615384,0.5384615384615384
S2_D46_P2,S2_D46,2,3451,45,Adult-Adult,1,1,1,RRBGYYRRGRRGG,RRRGGRGBGYRGR,0.4615384615384615,0.46153846153846156
S2_D46_P2,S2_D46,2,3451,45,Adult-Adult,1,2,2,RRRBRRRRRRGGB,RRRBRRGYRRRBG,0.6923076923076923,0.6923076923076923
S2_D46_P2,S2_D46,2,3451,45,Adult-Adult,1,3,3,RRRGGGBBBYRGR,RGGGRBBGRRRRR,0.4615384615384615,0.46153846153846156
S2_D46_P2,S2_D46,2,3451,45,Adult-Adult,1,4,4,RRRRRRBBBRGYB,RRRRGGRBRBRRG,0.5384615384615384,0.5384615384615384
S2_D46_P2,S2_D46,2,3451,45,Adult-Adult,1,5,5,RRRRGGBBBBBRR,RRRBGGRRRRRRR,0.5384615384615384,0.5384615384615384
S2_D46_P2,S2_D46,2,3451,45,Adult-Adult,1,6,6,RRRRGGGGBBRGR,RRRRGGGGGGRRB,0.6923076923076923,0.6923076923076923
S2_D46_P2,S2_D46,2,3451,45,Adult-Adult,1,7,7,RRRBGGRRRRRRR,RRBGGRRRRRRRR,0.8461538461538461,0.8461538461538461
S2_D46_P2,S2_D46,2,3451,45,Adult-Adult,1,8,8,RRRRGGGGGBRRR,RRRRGGGGGBRRR,1.0,1.0
S2_D46_P2,S2_D46,2,3451,45,Adult-Adult,2,1,9,YYGRGGRYBYGYG,YYGGBBRGRGBYG,0.4615384615384615,0.46153846153846156
S2_D46_P2,S2_D46,2,3451,45,Adult-Adult,2,2,10,BYYYBGGGRRRBR,YBGGYYRBGRGRB,0.3846153846153846,0.3846153846153846
S2_D46_P2,S2_D46,2,3451,45,Adult-Adult,2,3,11,BBYYGGYBRBYRY,YYBBGGGRBRBGR,0.4615384615384615,0.46153846153846156
S2_D46_P2,S2_D46,2,3451,45,Adult-Adult,2,4,12,BBYYGGRGYBGBG,BBYYBGGBGBGRG,0.6923076923076923,0.6923076923076923
S2_D46_P2,S2_D46,2,3451,45,Adult-Adult,2,5,13,BYYBBGGGRGBRR,BYBYYRRGGRRBG,0.4615384615384615,0.46153846153846156
S2_D46_P2,S2_D46,2,3451,45,Adult-Adult,2,6,14,BBYYGGBGRGBBG,BYYBGBGRBBRGB,0.6153846153846154,0.6153846153846154
S2_D46_P2,S2_D46,2,3451,45,Adult-Adult,2,7,15,BYBYYGRBRRBGG,BYYGRBGRGBGYB,0.5384615384615384,0.5384615384615384
S2_D46_P2,S2_D46,2,3451,45,Adult-Adult,2,8,16,BYYBGBRBRBGBR,BYBGBRBRBGRBG,0.7692307692307692,0.7692307692307692
S2_D47_P1,S2_D47,1,3460,46,Child-Child,1,1,1,GYRYGBBRBRBRG,YYYRBRYRYGYRY,0.3076923076923077,0.3076923076923077
S2_D47_P1,S2_D47,1,3460,46,Child-Child,1,2,2,YYRBGYYRRRBYR,BYGYRGBGYBBBY,0.3846153846153846,0.3846153846153846
S2_D47_P1,S2_D47,1,3460,46,Child-Child,1,3,3,YYYRBRBRYGYRY,YYRGYRGRBGGYR,0.5384615384615384,0.5384615384615384
S2_D47_P1,S2_D47,1,3460,46,Child-Child,1,4,4,BBYRBGRYYRBRY,YYRBGBGRBRYBR,0.4615384615384615,0.46153846153846156
S2_D47_P1,S2_D47,1,3460,46,Child-Child,1,5,5,YYRYRGBYRYGBR,YYRBYBGYBBGYY,0.4615384615384615,0.46153846153846156
S2_D47_P1,S2_D47,1,3460,46,Child-Child,1,6,6,YYRGBGRYBGBYR,YYRBGYYGRYGBR,0.6153846153846154,0.6153846153846154
S2_D47_P1,S2_D47,1,3460,46,Child-Child,1,7,7,YRBYBGBRGYBYR,YGYRYYRGYGRBY,0.3846153846153846,0.3846153846153846
S2_D47_P1,S2_D47,1,3460,46,Child-Child,1,8,8,YYRBYGRYGBRYR,YRYBGYBRYYGYR,0.4615384615384615,0.46153846153846156
S2_D47_P1,S2_D47,1,3460,46,Child-Child,2,1,9,BBYYYRBGYBRGY,YRGYBRGGRYBRB,0.3846153846153846,0.3846153846153846
S2_D47_P1,S2_D47,1,3460,46,Child-Child,2,2,10,RYBGRYBGYBRYG,YBGYGRGYRBYGR,0.4615384615384615,0.46153846153846156
S2_D47_P1,S2_D47,1,3460,46,Child-Child,2,3,11,YRGYRBGYRGYBR,RGBYGYRBGYBRG,0.5384615384615384,0.5384615384615384
S2_D47_P1,S2_D47,1,3460,46,Child-Child,2,4,12,BRYGRBYGRYGRB,GBYGYRBYGBYRG,0.5384615384615384,0.5384615384615384
S2_D47_P1,S2_D47,1,3460,46,Child-Child,2,5,13,BRGYGYRBBRGYB,RGYRYRBGYRBGY,0.5384615384615384,0.5384615384615384
S2_D47_P1,S2_D47,1,3460,46,Child-Child,2,6,14,YBGRYGRBYGRYB,BRYBRGYYRBGRY,0.4615384615384615,0.46153846153846156
S2_D47_P1,S2_D47,1,3460,46,Child-Child,2,7,15,RYGRYRBGRYRBG,RGYBGRYYBYBGY,0.4615384615384615,0.46153846153846156
S2_D47_P1,S2_D47,1,3460,46,Child-Child,2,8,16,BRGYBYRYGYBGR,RGYBYGRYGRYGR,0.6923076923076923,0.6923076923076923
S2_D47_P2,S2_D47,2,3461,46,Child-Child,1,1,1,YYRYBRGGYRRRB,YYRBGYYRRRBYR,0.6153846153846154,0.6153846153846154
S2_D47_P2,S2_D47,2,3461,46,Child-Child,1,2,2,YYYRBRYRYGYRY,YYYRBRBRYGYRY,0.9230769230769232,0.9230769230769231
S2_D47_P2,S2_D47,2,3461,46,Child-Child,1,3,3,BYGYRGBGYBBBY,BBYRBGRYYRBRY,0.4615384615384615,0.46153846153846156
S2_D47_P2,S2_D47,2,3461,46,Child-Child,1,4,4,YYRGYRGRBGGYR,YYRYRGBYRYGBR,0.5384615384615384,0.5384615384615384
S2_D47_P2,S2_D47,2,3461,46,Child-Child,1,5,5,YYRBGBGRBRYBR,YYRGBGRYBGBYR,0.6153846153846154,0.6153846153846154
S2_D47_P2,S2_D47,2,3461,46,Child-Child,1,6,6,YYRBYBGYBBGYY,YRBYBGBRGYBYR,0.6153846153846154,0.6153846153846154
S2_D47_P2,S2_D47,2,3461,46,Child-Child,1,7,7,YYRBGYYGRYGBR,YYRBYGRYGBRYR,0.6923076923076923,0.6923076923076923
S2_D47_P2,S2_D47,2,3461,46,Child-Child,1,8,8,YGYRYYRGYGRBY,YRYGYGRYGYRBG,0.5384615384615384,0.5384615384615384
S2_D47_P2,S2_D47,2,3461,46,Child-Child,2,1,9,RGYGBYYRBGGGY,RYBGRYBGYBRYG,0.3076923076923077,0.3076923076923077
S2_D47_P2,S2_D47,2,3461,46,Child-Child,2,2,10,YRGYBRGGRYBRB,YRGYRBGYRGYBR,0.6153846153846154,0.6153846153846154
S2_D47_P2,S2_D47,2,3461,46,Child-Child,2,3,11,YBGYGRGYRBYGR,BRYGRBYGRYGRB,0.5384615384615384,0.5384615384615384
S2_D47_P2,S2_D47,2,3461,46,Child-Child,2,4,12,RGBYGYRBGYBRG,BRGYGYRBBRGYB,0.5384615384615384,0.5384615384615384
S2_D47_P2,S2_D47,2,3461,46,Child-Child,2,5,13,GBYGYRBYGBYRG,YBGRYGRBYGRYB,0.4615384615384615,0.46153846153846156
S2_D47_P2,S2_D47,2,3461,46,Child-Child,2,6,14,RGYRYRBGYRBGY,RYGRYRBGRYRBG,0.6923076923076923,0.6923076923076923
S2_D47_P2,S2_D47,2,3461,46,Child-Child,2,7,15,BRYBRGYYRBGRY,BRGYBYRYGYBGR,0.5384615384615384,0.5384615384615384
S2_D47_P2,S2_D47,2,3461,46,Child-Child,2,8,16,RGYBGRYYBYBGY,RGYBRYGBYRYBG,0.6153846153846154,0.6153846153846154
S2_D48_P1,S2_D48,1,3470,47,Child-Child,1,1,1,RYYBYBYYBBBBY,RGYGYBRBGRGBR,0.3846153846153846,0.3846153846153846
S2_D48_P1,S2_D48,1,3470,47,Child-Child,1,2,2,RBYYYRBGRYBGB,YYYYYYYYYRGBR,0.3846153846153846,0.3846153846153846
S2_D48_P1,S2_D48,1,3470,47,Child-Child,1,3,3,RGBRGBYYRBGBY,BRBRYRGYGRBGR,0.3846153846153846,0.3846153846153846
S2_D48_P1,S2_D48,1,3470,47,Child-Child,1,4,4,YYYYYYYYRRBGB,YGRBGBRGRBBGB,0.3846153846153846,0.3846153846153846
S2_D48_P1,S2_D48,1,3470,47,Child-Child,1,5,5,BRBRBRYGBRYGB,RGYRGRBYBBYGR,0.3846153846153846,0.3846153846153846
S2_D48_P1,S2_D48,1,3470,47,Child-Child,1,6,6,GYRBRYGGYGYYR,GYRGBBBRRRYRG,0.3076923076923077,0.3076923076923077
S2_D48_P1,S2_D48,1,3470,47,Child-Child,1,7,7,RGYYRGYBBBRGY,GRBBYBYRRRYGG,0.2307692307692307,0.23076923076923073
S2_D48_P1,S2_D48,1,3470,47,Child-Child,1,8,8,RGYYRBGYYRGBY,GYBRGBBGRBRRR,0.3076923076923077,0.3076923076923077
S2_D48_P1,S2_D48,1,3470,47,Child-Child,2,1,9,RRYGGBGRBRGRB,RRYGBRGRYGBRG,0.5384615384615384,0.5384615384615384
S2_D48_P1,S2_D48,1,3470,47,Child-Child,2,2,10,GBRRYRBGBRYBR,RRGYBRGGYBRGG,0.3076923076923077,0.3076923076923077
S2_D48_P1,S2_D48,1,3470,47,Child-Child,2,3,11,RGYYBRGYYGBRG,GBRGBRGYBGYRR,0.4615384615384615,0.46153846153846156
S2_D48_P1,S2_D48,1,3470,47,Child-Child,2,4,12,RGGYRBGYYGBRY,RGBRGYGBYRGGY,0.4615384615384615,0.46153846153846156
S2_D48_P1,S2_D48,1,3470,47,Child-Child,2,5,13,GYRBGYBRRBGYR,RGYBGGGGBYGRB,0.3076923076923077,0.3076923076923077
S2_D48_P1,S2_D48,1,3470,47,Child-Child,2,6,14,RGBRGBYRGBYYG,GYBGYGGGGGGGG,0.2307692307692307,0.23076923076923073
S2_D48_P1,S2_D48,1,3470,47,Child-Child,2,7,15,GYBRGYBRGGGGY,RBYGGGGGGGGGG,0.3846153846153846,0.3846153846153846
S2_D48_P1,S2_D48,1,3470,47,Child-Child,2,8,16,GYBGGGGGGGGGG,RBBBBBBBBYGGG,0.3076923076923077,0.3076923076923077
S2_D48_P2,S2_D48,2,3471,47,Child-Child,1,1,1,RBBYYYBRRBGRR,RBYYYRBGRYBGB,0.5384615384615384,0.5384615384615384
S2_D48_P2,S2_D48,2,3471,47,Child-Child,1,2,2,RGYGYBRBGRGBR,RGBRGBYYRBGBY,0.4615384615384615,0.46153846153846156
S2_D48_P2,S2_D48,2,3471,47,Child-Child,1,3,3,YYYYYYYYYRGBR,YYYYYYYYRRBGB,0.7692307692307692,0.7692307692307692
S2_D48_P2,S2_D48,2,3471,47,Child-Child,1,4,4,BRBRYRGYGRBGR,BRBRBRYGBRYGB,0.6153846153846154,0.6153846153846154
S2_D48_P2,S2_D48,2,3471,47,Child-Child,1,5,5,YGRBGBRGRBBGB,GYRBRYGGYGYYR,0.2307692307692307,0.23076923076923073
S2_D48_P2,S2_D48,2,3471,47,Child-Child,1,6,6,RGYRGRBYBBYGR,RGYYRGYBBBRGY,0.6153846153846154,0.6153846153846154
S2_D48_P2,S2_D48,2,3471,47,Child-Child,1,7,7,GYRGBBBRRRYRG,RGYYRBGYYRGBY,0.2307692307692307,0.23076923076923073
S2_D48_P2,S2_D48,2,3471,47,Child-Child,1,8,8,GRBBYBYRRRYGG,RGYBBRGYRBGYR,0.3846153846153846,0.3846153846153846
S2_D48_P2,S2_D48,2,3471,47,Child-Child,2,1,9,YRBGGRBGBGYBG,GBRRYRBGBRYBR,0.4615384615384615,0.46153846153846156
S2_D48_P2,S2_D48,2,3471,47,Child-Child,2,2,10,RRYGBRGRYGBRG,RGYYBRGYYGBRG,0.7692307692307692,0.7692307692307692
S2_D48_P2,S2_D48,2,3471,47,Child-Child,2,3,11,RRGYBRGGYBRGG,RGGYRBGYYGBRY,0.4615384615384615,0.46153846153846156
S2_D48_P2,S2_D48,2,3471,47,Child-Child,2,4,12,GBRGBRGYBGYRR,GYRBGYBRRBGYR,0.5384615384615384,0.5384615384615384
S2_D48_P2,S2_D48,2,3471,47,Child-Child,2,5,13,RGBRGYGBYRGGY,RGBRGBYRGBYYG,0.6153846153846154,0.6153846153846154
S2_D48_P2,S2_D48,2,3471,47,Child-Child,2,6,14,RGYBGGGGBYGRB,GYBRGYBRGGGGY,0.3846153846153846,0.3846153846153846
S2_D48_P2,S2_D48,2,3471,47,Child-Child,2,7,15,GYBGYGGGGGGGG,GYBGGGGGGGGGG,0.9230769230769232,0.9230769230769231
S2_D48_P2,S2_D48,2,3471,47,Child-Child,2,8,16,RBYGGGGGGGGGG,RBYGGGGGGGGGG,1.0,1.0
S2_D49_P1,S2_D49,1,3480,48,Adult-Adult,1,1,1,BGGGRYYRRBGRG,BGGGYRYYRGBYY,0.6153846153846154,0.6153846153846154
S2_D49_P1,S2_D49,1,3480,48,Adult-Adult,1,2,2,RRRBBYYGGBYYG,BRRYYGGRYBGGG,0.4615384615384615,0.46153846153846156
S2_D49_P1,S2_D49,1,3480,48,Adult-Adult,1,3,3,RRYYYBBGGYYRR,RYBYGGRBBYYGG,0.3076923076923077,0.3076923076923077
S2_D49_P1,S2_D49,1,3480,48,Adult-Adult,1,4,4,BBRRYYGGRBBGG,BBRYYGGBRYGRB,0.5384615384615384,0.5384615384615384
S2_D49_P1,S2_D49,1,3480,48,Adult-Adult,1,5,5,RRYYBBGGYYGGB,RRYYBBGGYRBYR,0.6923076923076923,0.6923076923076923
S2_D49_P1,S2_D49,1,3480,48,Adult-Adult,1,6,6,RRBBYYRRBBYYG,RRBBYYRRBBGGG,0.8461538461538461,0.8461538461538461
S2_D49_P1,S2_D49,1,3480,48,Adult-Adult,1,7,7,RRBBYYGGBBGGR,RRBBYYGGBBGGR,1.0,1.0
S2_D49_P1,S2_D49,1,3480,48,Adult-Adult,1,8,8,RRBBYYRRBBGGG,RRBYYRBBGGGGG,0.6923076923076923,0.6923076923076923
S2_D49_P1,S2_D49,1,3480,48,Adult-Adult,2,1,9,RBBBGRYGRYBRY,RBBBGYRBYBRGY,0.6923076923076923,0.6923076923076923
S2_D49_P1,S2_D49,1,3480,48,Adult-Adult,2,2,10,RRGGBBGGBBYYR,RRGGBBRRYYGGB,0.4615384615384615,0.46153846153846156
S2_D49_P1,S2_D49,1,3480,48,Adult-Adult,2,3,11,RRBBYYGGBBGGR,RRBBYYGGBBGRR,0.9230769230769232,0.9230769230769231
S2_D49_P1,S2_D49,1,3480,48,Adult-Adult,2,4,12,RRGGBBYYRRBBG,RRYYBBGGBBRRR,0.3076923076923077,0.3076923076923077
S2_D49_P1,S2_D49,1,3480,48,Adult-Adult,2,5,13,RRBBYYGGBBGGR,RRBBYYGGBBGGR,1.0,1.0
S2_D49_P1,S2_D49,1,3480,48,Adult-Adult,2,6,14,RRYYBBGGBBRRR,RRYYBBGGBBRRR,1.0,1.0
S2_D49_P1,S2_D49,1,3480,48,Adult-Adult,2,7,15,RRBBYYGGRRGGB,RRBBYYGGRRGGR,0.9230769230769232,0.9230769230769231
S2_D49_P1,S2_D49,1,3480,48,Adult-Adult,2,8,16,RRYYBBGGBBRRR,RRBBYYGGBBGGR,0.5384615384615384,0.5384615384615384
S2_D49_P2,S2_D49,2,3481,48,Adult-Adult,1,1,1,RYGRGBBGBGGBY,RRRBBYYGGBYYG,0.4615384615384615,0.46153846153846156
S2_D49_P2,S2_D49,2,3481,48,Adult-Adult,1,2,2,BGGGYRYYRGBYY,RRYYYBBGGYYRR,0.2307692307692307,0.23076923076923073
S2_D49_P2,S2_D49,2,3481,48,Adult-Adult,1,3,3,BRRYYGGRYBGGG,BBRRYYGGRBBGG,0.7692307692307692,0.7692307692307692
S2_D49_P2,S2_D49,2,3481,48,Adult-Adult,1,4,4,RYBYGGRBBYYGG,RRYYBBGGYYGGB,0.4615384615384615,0.46153846153846156
S2_D49_P2,S2_D49,2,3481,48,Adult-Adult,1,5,5,BBRYYGGBRYGRB,RRBBYYRRBBYYG,0.3076923076923077,0.3076923076923077
S2_D49_P2,S2_D49,2,3481,48,Adult-Adult,1,6,6,RRYYBBGGYRBYR,RRBBYYGGBBGGR,0.3846153846153846,0.3846153846153846
S2_D49_P2,S2_D49,2,3481,48,Adult-Adult,1,7,7,RRBBYYRRBBGGG,RRBBYYRRBBGGG,1.0,1.0
S2_D49_P2,S2_D49,2,3481,48,Adult-Adult,1,8,8,RRBBYYGGBBGGR,RRBBYYGGBBGGR,1.0,1.0
S2_D49_P2,S2_D49,2,3481,48,Adult-Adult,2,1,9,RGBGGBGGYYBYY,RRGGBBGGBBYYR,0.5384615384615384,0.5384615384615384
S2_D49_P2,S2_D49,2,3481,48,Adult-Adult,2,2,10,RBBBGYRBYBRGY,RRBBYYGGBBGGR,0.4615384615384615,0.46153846153846156
S2_D49_P2,S2_D49,2,3481,48,Adult-Adult,2,3,11,RRGGBBRRYYGGB,RRGGBBYYRRBBG,0.5384615384615384,0.5384615384615384
S2_D49_P2,S2_D49,2,3481,48,Adult-Adult,2,4,12,RRBBYYGGBBGRR,RRBBYYGGBBGGR,0.9230769230769232,0.9230769230769231
S2_D49_P2,S2_D49,2,3481,48,Adult-Adult,2,5,13,RRYYBBGGBBRRR,RRYYBBGGBBRRR,1.0,1.0
S2_D49_P2,S2_D49,2,3481,48,Adult-Adult,2,6,14,RRBBYYGGBBGGR,RRBBYYGGRRGGB,0.7692307692307692,0.7692307692307692
S2_D49_P2,S2_D49,2,3481,48,Adult-Adult,2,7,15,RRYYBBGGBBRRR,RRYYBBGGBBRRR,1.0,1.0
S2_D49_P2,S2_D49,2,3481,48,Adult-Adult,2,8,16,RRBBYYGGRRGGR,RRBBYYGGRRGGR,1.0,1.0
S2_D50_P1,S2_D50,1,3490,49,Adult-Child,1,1,1,RBYBYBRBRBGYG,BYBGRBBBGBBBB,0.3846153846153846,0.3846153846153846
S2_D50_P1,S2_D50,1,3490,49,Adult-Child,1,2,2,GBRRBBGYRBYRR,GBBBRBBYGBRBB,0.4615384615384615,0.46153846153846156
S2_D50_P1,S2_D50,1,3490,49,Adult-Child,1,3,3,BYYBBGRRYYBBR,BYYBBYYBGRRBR,0.5384615384615384,0.5384615384615384
S2_D50_P1,S2_D50,1,3490,49,Adult-Child,1,4,4,GBBBGYYYRBBBG,GBGBBGBRRBGYY,0.4615384615384615,0.46153846153846156
S2_D50_P1,S2_D50,1,3490,49,Adult-Child,1,5,5,YBBBYYYBBGGBB,YBBYYBYBBYBBB,0.6923076923076923,0.6923076923076923
S2_D50_P1,S2_D50,1,3490,49,Adult-Child,1,6,6,BBGGBBYYRYGBB,GBBBYBYGRRRRR,0.3076923076923077,0.3076923076923077
S2_D50_P1,S2_D50,1,3490,49,Adult-Child,1,7,7,YBYYBYYYBBBYB,YBBYYYYBBYYYB,0.6923076923076923,0.6923076923076923
S2_D50_P1,S2_D50,1,3490,49,Adult-Child,1,8,8,BBBYBYYYBBGGB,YYBBYBBBBYBGB,0.4615384615384615,0.46153846153846156
S2_D50_P1,S2_D50,1,3490,49,Adult-Child,2,1,9,YRGGYRYRBGBBY,YRGYYRYBGBYRB,0.6153846153846154,0.6153846153846154
S2_D50_P1,S2_D50,1,3490,49,Adult-Child,2,2,10,BBGYYYRRRGYGB,BYBGBYYBGBBRB,0.3846153846153846,0.3846153846153846
S2_D50_P1,S2_D50,1,3490,49,Adult-Child,2,3,11,BBBGYYYBYYBBG,BBBGBBBGBBBBB,0.4615384615384615,0.46153846153846156
S2_D50_P1,S2_D50,1,3490,49,Adult-Child,2,4,12,BGYGGBBYYGRBR,BGBGGBGBYRRRR,0.6153846153846154,0.6153846153846154
S2_D50_P1,S2_D50,1,3490,49,Adult-Child,2,5,13,BGBBBGBBBBBBB,BBGBBBBBBBBBB,0.8461538461538461,0.8461538461538461
S2_D50_P1,S2_D50,1,3490,49,Adult-Child,2,6,14,BBBYYRRRRRRRR,BBBYYRRRRRRRR,1.0,1.0
S2_D50_P1,S2_D50,1,3490,49,Adult-Child,2,7,15,BGBBBBBBBBBBB,BBBBBBBBBBBBB,0.9230769230769232,0.9230769230769231
S2_D50_P1,S2_D50,1,3490,49,Adult-Child,2,8,16,BBYYRRRRRRRRR,BBBYYRRRRRRRR,0.8461538461538461,0.8461538461538461
S2_D50_P2,S2_D50,2,3491,49,Adult-Child,1,1,1,GBRYGGBRRGBRG,GBRRBBGYRBYRR,0.3846153846153846,0.3846153846153846
S2_D50_P2,S2_D50,2,3491,49,Adult-Child,1,2,2,BYBGRBBBGBBBB,BYYBBGRRYYBBR,0.3846153846153846,0.3846153846153846
S2_D50_P2,S2_D50,2,3491,49,Adult-Child,1,3,3,GBBBRBBYGBRBB,GBBBGYYYRBBBG,0.5384615384615384,0.5384615384615384
S2_D50_P2,S2_D50,2,3491,49,Adult-Child,1,4,4,BYYBBYYBGRRBR,YBBBYYYBBGGBB,0.4615384615384615,0.46153846153846156
S2_D50_P2,S2_D50,2,3491,49,Adult-Child,1,5,5,GBGBBGBRRBGYY,BBGGBBYYRYGBB,0.3846153846153846,0.3846153846153846
S2_D50_P2,S2_D50,2,3491,49,Adult-Child,1,6,6,YBBYYBYBBYBBB,YBYYBYYYBBBYB,0.6153846153846154,0.6153846153846154
S2_D50_P2,S2_D50,2,3491,49,Adult-Child,1,7,7,GBBBYBYGRRRRR,BBBYBYYYBBGGB,0.3846153846153846,0.3846153846153846
S2_D50_P2,S2_D50,2,3491,49,Adult-Child,1,8,8,YBBYYYYBBYYYB,YBBBYYBBYYYBY,0.7692307692307692,0.7692307692307692
S2_D50_P2,S2_D50,2,3491,49,Adult-Child,2,1,9,GYYGBGYYRGRYG,BBGYYYRRRGYGB,0.3846153846153846,0.3846153846153846
S2_D50_P2,S2_D50,2,3491,49,Adult-Child,2,2,10,YRGYYRYBGBYRB,BBBGYYYBYYBBG,0.3846153846153846,0.3846153846153846
S2_D50_P2,S2_D50,2,3491,49,Adult-Child,2,3,11,BYBGBYYBGBBRB,BGYGGBBYYGRBR,0.5384615384615384,0.5384615384615384
S2_D50_P2,S2_D50,2,3491,49,Adult-Child,2,4,12,BBBGBBBGBBBBB,BGBBBGBBBBBBB,0.6923076923076923,0.6923076923076923
S2_D50_P2,S2_D50,2,3491,49,Adult-Child,2,5,13,BGBGGBGBYRRRR,BBBYYRRRRRRRR,0.4615384615384615,0.46153846153846156
S2_D50_P2,S2_D50,2,3491,49,Adult-Child,2,6,14,BBGBBBBBBBBBB,BGBBBBBBBBBBB,0.8461538461538461,0.8461538461538461
S2_D50_P2,S2_D50,2,3491,49,Adult-Child,2,7,15,BBBYYRRRRRRRR,BBYYRRRRRRRRR,0.8461538461538461,0.8461538461538461
S2_D50_P2,S2_D50,2,3491,49,Adult-Child,2,8,16,BBBBBBBBBBBBB,BBBBBBBBBBBBB,1.0,1.0
S2_D51_P1,S2_D51,1,3500,50,Adult-Adult,1,1,1,BBBGGRGGRBBBR,BBBBRBRRGBBRR,0.5384615384615384,0.5384615384615384
S2_D51_P1,S2_D51,1,3500,50,Adult-Adult,1,2,2,RRYYYRYGYBYGB,RRYYRYGRBYGBB,0.7692307692307692,0.7692307692307692
S2_D51_P1,S2_D51,1,3500,50,Adult-Adult,1,3,3,BBBRBRBGYBGRB,BBBRBRGBYRBBB,0.6153846153846154,0.6153846153846154
S2_D51_P1,S2_D51,1,3500,50,Adult-Adult,1,4,4,RRRYRGYRRGYYR,RRRYRYRGYRYRR,0.6923076923076923,0.6923076923076923
S2_D51_P1,S2_D51,1,3500,50,Adult-Adult,1,5,5,BBBRBGYBRGBBB,BBBRBRGYBGYBB,0.7692307692307692,0.7692307692307692
S2_D51_P1,S2_D51,1,3500,50,Adult-Adult,1,6,6,RRRYRYRGBYGYR,RRRYRYRBYGYGR,0.8461538461538461,0.8461538461538461
S2_D51_P1,S2_D51,1,3500,50,Adult-Adult,1,7,7,BBBRBRBYGRBRG,BBBRBRBYGRBRG,1.0,1.0
S2_D51_P1,S2_D51,1,3500,50,Adult-Adult,1,8,8,RRRRYRYRGBYGR,RRRRYRYRBYGRB,0.8461538461538461,0.8461538461538461
S2_D51_P1,S2_D51,1,3500,50,Adult-Adult,2,1,9,YBRGRGGYYBGRR,YBRGYBYYRGYRR,0.6153846153846154,0.6153846153846154
S2_D51_P1,S2_D51,1,3500,50,Adult-Adult,2,2,10,GGRGBGRBGRBYY,GGRGBGRBGRBGR,0.8461538461538461,0.8461538461538461
S2_D51_P1,S2_D51,1,3500,50,Adult-Adult,2,3,11,YBRGYYBGRYBGR,YBRGYBGRBGRRR,0.6923076923076923,0.6923076923076923
S2_D51_P1,S2_D51,1,3500,50,Adult-Adult,2,4,12,GGRGBRGBRGRBR,GGRBGRBGRRRRG,0.4615384615384615,0.46153846153846156
S2_D51_P1,S2_D51,1,3500,50,Adult-Adult,2,5,13,YBRGYBGRYRGBR,YBRGYBGRYBGRR,0.8461538461538461,0.8461538461538461
S2_D51_P1,S2_D51,1,3500,50,Adult-Adult,2,6,14,GBRGGGBRYGRBG,GGBRGRYGBGRRG,0.5384615384615384,0.5384615384615384
S2_D51_P1,S2_D51,1,3500,50,Adult-Adult,2,7,15,YBRGYBGRYBGRR,YBRGYBGRYBGRR,1.0,1.0
S2_D51_P1,S2_D51,1,3500,50,Adult-Adult,2,8,16,YGBYGRGYBRYBY,YBGYGRYBRGYYY,0.6153846153846154,0.6153846153846154
S2_D51_P2,S2_D51,2,3501,50,Adult-Adult,1,1,1,RYYRRRYYRBGBY,RRYYYRYGYBYGB,0.4615384615384615,0.46153846153846156
S2_D51_P2,S2_D51,2,3501,50,Adult-Adult,1,2,2,BBBBRBRRGBBRR,BBBRBRBGYBGRB,0.6153846153846154,0.6153846153846154
S2_D51_P2,S2_D51,2,3501,50,Adult-Adult,1,3,3,RRYYRYGRBYGBB,RRRYRGYRRGYYR,0.4615384615384615,0.46153846153846156
S2_D51_P2,S2_D51,2,3501,50,Adult-Adult,1,4,4,BBBRBRGBYRBBB,BBBRBGYBRGBBB,0.6923076923076923,0.6923076923076923
S2_D51_P2,S2_D51,2,3501,50,Adult-Adult,1,5,5,RRRYRYRGYRYRR,RRRYRYRGBYGYR,0.7692307692307692,0.7692307692307692
S2_D51_P2,S2_D51,2,3501,50,Adult-Adult,1,6,6,BBBRBRGYBGYBB,BBBRBRBYGRBRG,0.6153846153846154,0.6153846153846154
S2_D51_P2,S2_D51,2,3501,50,Adult-Adult,1,7,7,RRRYRYRBYGYGR,RRRRYRYRGBYGR,0.6923076923076923,0.6923076923076923
S2_D51_P2,S2_D51,2,3501,50,Adult-Adult,1,8,8,BBBRBRBYGRBRG,BBBBRRYGBRBRG,0.7692307692307692,0.7692307692307692
S2_D51_P2,S2_D51,2,3501,50,Adult-Adult,2,1,9,GRRBRRBGGRGBY,GGRGBGRBGRBYY,0.5384615384615384,0.5384615384615384
S2_D51_P2,S2_D51,2,3501,50,Adult-Adult,2,2,10,YBRGYBYYRGYRR,YBRGYYBGRYBGR,0.5384615384615384,0.5384615384615384
S2_D51_P2,S2_D51,2,3501,50,Adult-Adult,2,3,11,GGRGBGRBGRBGR,GGRGBRGBRGRBR,0.6923076923076923,0.6923076923076923
S2_D51_P2,S2_D51,2,3501,50,Adult-Adult,2,4,12,YBRGYBGRBGRRR,YBRGYBGRYRGBR,0.6923076923076923,0.6923076923076923
S2_D51_P2,S2_D51,2,3501,50,Adult-Adult,2,5,13,GGRBGRBGRRRRG,GBRGGGBRYGRBG,0.4615384615384615,0.46153846153846156
S2_D51_P2,S2_D51,2,3501,50,Adult-Adult,2,6,14,YBRGYBGRYBGRR,YBRGYBGRYBGRR,1.0,1.0
S2_D51_P2,S2_D51,2,3501,50,Adult-Adult,2,7,15,GGBRGRYGBGRRG,YGBYGRGYBRYBY,0.3846153846153846,0.3846153846153846
S2_D51_P2,S2_D51,2,3501,50,Adult-Adult,2,8,16,YBRGYBGRYBGRR,YBRGYBGRYBGRR,1.0,1.0
S2_D52_P1,S2_D52,1,3510,51,Adult-Child,1,1,1,GRRGRYGRBYGBR,YGYYRBGRYGRGY,0.3846153846153846,0.3846153846153846
S2_D52_P1,S2_D52,1,3510,51,Adult-Child,1,2,2,YBRRBGRYBRBYG,GBYRBGRYBGRRG,0.6153846153846154,0.6153846153846154
S2_D52_P1,S2_D52,1,3510,51,Adult-Child,1,3,3,YBRGYBRBGYBRB,YGBRYGBRGRBYR,0.4615384615384615,0.46153846153846156
S2_D52_P1,S2_D52,1,3510,51,Adult-Child,1,4,4,YRGBYBGRYBRRG,RGYGBYGRYRGBR,0.3846153846153846,0.3846153846153846
S2_D52_P1,S2_D52,1,3510,51,Adult-Child,1,5,5,YGRBRYGYGBRGB,GRGYYRGYYRGBR,0.4615384615384615,0.46153846153846156
S2_D52_P1,S2_D52,1,3510,51,Adult-Child,1,6,6,YRGBYBRGYRGBB,YGRGYBRGYBRYG,0.5384615384615384,0.5384615384615384
S2_D52_P1,S2_D52,1,3510,51,Adult-Child,1,7,7,GRYRGYGRYGRBR,YGRGGRBRGGRBR,0.5384615384615384,0.5384615384615384
S2_D52_P1,S2_D52,1,3510,51,Adult-Child,1,8,8,YGRBGRGYBGRGY,YGBGYRGBRGYGR,0.5384615384615384,0.5384615384615384
S2_D52_P1,S2_D52,1,3510,51,Adult-Child,2,1,9,BBYGRGYYGBGYB,RYGYBGYGYBRGY,0.3846153846153846,0.3846153846153846
S2_D52_P1,S2_D52,1,3510,51,Adult-Child,2,2,10,RRRBRBGYGBRBB,GYGYBRGYGRBGR,0.3846153846153846,0.3846153846153846
S2_D52_P1,S2_D52,1,3510,51,Adult-Child,2,3,11,RBGBRBYGGRBRB,YGRRBRBBGYBRR,0.3846153846153846,0.3846153846153846
S2_D52_P1,S2_D52,1,3510,51,Adult-Child,2,4,12,GYBRBGRBYGBRB,RBRGYRGRBGYRR,0.3846153846153846,0.3846153846153846
S2_D52_P1,S2_D52,1,3510,51,Adult-Child,2,5,13,YGBRRBYGYBRBR,YBRRGYBRBBRGY,0.5384615384615384,0.5384615384615384
S2_D52_P1,S2_D52,1,3510,51,Adult-Child,2,6,14,RBGRBGYGBGBRR,GYBRBRGBRBYRR,0.4615384615384615,0.46153846153846156
S2_D52_P1,S2_D52,1,3510,51,Adult-Child,2,7,15,RBYGRRBRGYGRB,RBGRBGYRBRBGY,0.4615384615384615,0.46153846153846156
S2_D52_P1,S2_D52,1,3510,51,Adult-Child,2,8,16,YGRBRYRBGRBYB,RBGYGGRYBRGYR,0.3076923076923077,0.3076923076923077
S2_D52_P2,S2_D52,2,3511,51,Adult-Child,1,1,1,YBGGRGRGBRBGG,YBRRBGRYBRBYG,0.6153846153846154,0.6153846153846154
S2_D52_P2,S2_D52,2,3511,51,Adult-Child,1,2,2,YGYYRBGRYGRGY,YBRGYBRBGYBRB,0.4615384615384615,0.46153846153846156
S2_D52_P2,S2_D52,2,3511,51,Adult-Child,1,3,3,GBYRBGRYBGRRG,YRGBYBGRYBRRG,0.6923076923076923,0.6923076923076923
S2_D52_P2,S2_D52,2,3511,51,Adult-Child,1,4,4,YGBRYGBRGRBYR,YGRBRYGYGBRGB,0.5384615384615384,0.5384615384615384
S2_D52_P2,S2_D52,2,3511,51,Adult-Child,1,5,5,RGYGBYGRYRGBR,YRGBYBRGYRGBB,0.5384615384615384,0.5384615384615384
S2_D52_P2,S2_D52,2,3511,51,Adult-Child,1,6,6,GRGYYRGYYRGBR,GRYRGYGRYGRBR,0.6153846153846154,0.6153846153846154
S2_D52_P2,S2_D52,2,3511,51,Adult-Child,1,7,7,YGRGYBRGYBRYG,YGRBGRGYBGRGY,0.5384615384615384,0.5384615384615384
S2_D52_P2,S2_D52,2,3511,51,Adult-Child,1,8,8,YGRGGRBRGGRBR,YGRBRGGBGRBRG,0.5384615384615384,0.5384615384615384
S2_D52_P2,S2_D52,2,3511,51,Adult-Child,2,1,9,RRRRBYGYYRRGR,RRRBRBGYGBRBB,0.5384615384615384,0.5384615384615384
S2_D52_P2,S2_D52,2,3511,51,Adult-Child,2,2,10,RYGYBGYGYBRGY,RBGBRBYGGRBRB,0.3846153846153846,0.3846153846153846
S2_D52_P2,S2_D52,2,3511,51,Adult-Child,2,3,11,GYGYBRGYGRBGR,GYBRBGRBYGBRB,0.4615384615384615,0.46153846153846156
S2_D52_P2,S2_D52,2,3511,51,Adult-Child,2,4,12,YGRRBRBBGYBRR,YGBRRBYGYBRBR,0.6923076923076923,0.6923076923076923
S2_D52_P2,S2_D52,2,3511,51,Adult-Child,2,5,13,RBRGYRGRBGYRR,RBGRBGYGBGBRR,0.6153846153846154,0.6153846153846154
S2_D52_P2,S2_D52,2,3511,51,Adult-Child,2,6,14,YBRRGYBRBBRGY,RBYGRRBRGYGRB,0.3076923076923077,0.3076923076923077
S2_D52_P2,S2_D52,2,3511,51,Adult-Child,2,7,15,GYBRBRGBRBYRR,YGRBRYRBGRBYB,0.4615384615384615,0.46153846153846156
S2_D52_P2,S2_D52,2,3511,51,Adult-Child,2,8,16,RBGRBGYRBRBGY,RBGRBGRYGBRGR,0.6923076923076923,0.6923076923076923
S2_D53_P1,S2_D53,1,3520,52,Adult-Child,1,1,1,GBYBYBRGBGRBB,GBBYBYYRGBYRB,0.6923076923076923,0.6923076923076923
S2_D53_P1,S2_D53,1,3520,52,Adult-Child,1,2,2,RRYRGYYYBBBRR,RRYYYBBBGRRRR,0.5384615384615384,0.5384615384615384
S2_D53_P1,S2_D53,1,3520,52,Adult-Child,1,3,3,GGBBRGGGGGGGG,GGBBRGGGGGGGG,1.0,1.0
S2_D53_P1,S2_D53,1,3520,52,Adult-Child,1,4,4,RRYYBYYBGRRRG,RRYYBYBYRRRRR,0.6923076923076923,0.6923076923076923
S2_D53_P1,S2_D53,1,3520,52,Adult-Child,1,5,5,GGBRGGGGGGGGG,GBRGGGGGGGGGG,0.8461538461538461,0.8461538461538461
S2_D53_P1,S2_D53,1,3520,52,Adult-Child,1,6,6,RYYBYYRRRRRRR,YYBYYRRRRRRRR,0.8461538461538461,0.8461538461538461
S2_D53_P1,S2_D53,1,3520,52,Adult-Child,1,7,7,GRGGGGGGGGGGG,GRGGGGGGGGGGG,1.0,1.0
S2_D53_P1,S2_D53,1,3520,52,Adult-Child,1,8,8,YYYYRRRRRRRRR,YYYYYRRRRRRRR,0.9230769230769232,0.9230769230769231
S2_D53_P1,S2_D53,1,3520,52,Adult-Child,2,1,9,BGYRRBYGRYRBG,GYBRRBYGYYBRG,0.6153846153846154,0.6153846153846154
S2_D53_P1,S2_D53,1,3520,52,Adult-Child,2,2,10,GBRGGYRYRBGRG,GRBRGYGGRBBRG,0.6153846153846154,0.6153846153846154
S2_D53_P1,S2_D53,1,3520,52,Adult-Child,2,3,11,GYRBRGBRYGGRB,GYBRGRYBRGYBG,0.5384615384615384,0.5384615384615384
S2_D53_P1,S2_D53,1,3520,52,Adult-Child,2,4,12,GBRYBBRGYRGRR,GYBRRGRBYGBRR,0.4615384615384615,0.46153846153846156
S2_D53_P1,S2_D53,1,3520,52,Adult-Child,2,5,13,GYBYRGYBRGYBR,GBYGYBRGYBRGY,0.6923076923076923,0.6923076923076923
S2_D53_P1,S2_D53,1,3520,52,Adult-Child,2,6,14,GYBRGYGBRGBRG,GYBRGYBRGGYBR,0.6923076923076923,0.6923076923076923
S2_D53_P1,S2_D53,1,3520,52,Adult-Child,2,7,15,GBYGBBYGRBRYB,GBBYGBYGRBYGY,0.6153846153846154,0.6153846153846154
S2_D53_P1,S2_D53,1,3520,52,Adult-Child,2,8,16,GYBRGBRGGYBRG,GYBRGGYBRGYBR,0.6923076923076923,0.6923076923076923
S2_D53_P2,S2_D53,2,3521,52,Adult-Child,1,1,1,RRRGYYBBRBGRR,RRYRGYYYBBBRR,0.6923076923076923,0.6923076923076923
S2_D53_P2,S2_D53,2,3521,52,Adult-Child,1,2,2,GBBYBYYRGBYRB,GGBBRGGGGGGGG,0.2307692307692307,0.23076923076923073
S2_D53_P2,S2_D53,2,3521,52,Adult-Child,1,3,3,RRYYYBBBGRRRR,RRYYBYYBGRRRG,0.6923076923076923,0.6923076923076923
S2_D53_P2,S2_D53,2,3521,52,Adult-Child,1,4,4,GGBBRGGGGGGGG,GGBRGGGGGGGGG,0.8461538461538461,0.8461538461538461
S2_D53_P2,S2_D53,2,3521,52,Adult-Child,1,5,5,RRYYBYBYRRRRR,RYYBYYRRRRRRR,0.6923076923076923,0.6923076923076923
S2_D53_P2,S2_D53,2,3521,52,Adult-Child,1,6,6,GBRGGGGGGGGGG,GRGGGGGGGGGGG,0.8461538461538461,0.8461538461538461
S2_D53_P2,S2_D53,2,3521,52,Adult-Child,1,7,7,YYBYYRRRRRRRR,YYYYRRRRRRRRR,0.8461538461538461,0.8461538461538461
S2_D53_P2,S2_D53,2,3521,52,Adult-Child,1,8,8,GRGGGGGGGGGGG,GRGRGGGGGGGGG,0.9230769230769232,0.9230769230769231
S2_D53_P2,S2_D53,2,3521,52,Adult-Child,2,1,9,GYRYRGGGRRBRR,GBRGGYRYRBGRG,0.4615384615384615,0.46153846153846156
S2_D53_P2,S2_D53,2,3521,52,Adult-Child,2,2,10,GYBRRBYGYYBRG,GYRBRGBRYGGRB,0.4615384615384615,0.46153846153846156
S2_D53_P2,S2_D53,2,3521,52,Adult-Child,2,3,11,GRBRGYGGRBBRG,GBRYBBRGYRGRR,0.4615384615384615,0.46153846153846156
S2_D53_P2,S2_D53,2,3521,52,Adult-Child,2,4,12,GYBRGRYBRGYBG,GYBYRGYBRGYBR,0.7692307692307692,0.7692307692307692
S2_D53_P2,S2_D53,2,3521,52,Adult-Child,2,5,13,GYBRRGRBYGBRR,GYBRGYGBRGBRG,0.6153846153846154,0.6153846153846154
S2_D53_P2,S2_D53,2,3521,52,Adult-Child,2,6,14,GBYGYBRGYBRGY,GBYGBBYGRBRYB,0.6153846153846154,0.6153846153846154
S2_D53_P2,S2_D53,2,3521,52,Adult-Child,2,7,15,GYBRGYBRGGYBR,GYBRGBRGGYBRG,0.8461538461538461,0.8461538461538461
S2_D53_P2,S2_D53,2,3521,52,Adult-Child,2,8,16,GBBYGBYGRBYGY,GBYYGBYRBGRYR,0.6153846153846154,0.6153846153846154
S2_D54_P1,S2_D54,1,3530,53,Child-Child,1,1,1,RRYYRBYRYRBRY,RRYYRBRYRYBGR,0.6923076923076923,0.6923076923076923
S2_D54_P1,S2_D54,1,3530,53,Child-Child,1,2,2,YGGRBYYGGBBRR,YGBRYYGGBRBBY,0.6153846153846154,0.6153846153846154
S2_D54_P1,S2_D54,1,3530,53,Child-Child,1,3,3,YYRRYYRBGYRYR,YYRRYYRBGRBGR,0.7692307692307692,0.7692307692307692
S2_D54_P1,S2_D54,1,3530,53,Child-Child,1,4,4,YGBRYGBYGGBRR,YGBRYGBYGGBRR,1.0,1.0
S2_D54_P1,S2_D54,1,3530,53,Child-Child,1,5,5,YYRRYYRRBGRBG,YYRRYYRRBGBRB,0.8461538461538461,0.8461538461538461
S2_D54_P1,S2_D54,1,3530,53,Child-Child,1,6,6,YGBRYGBRYGGBB,YGBRYGBRYGGBB,1.0,1.0
S2_D54_P1,S2_D54,1,3530,53,Child-Child,1,7,7,YYRRYYRRGBRBB,YYRRYYRRGBBRB,0.8461538461538461,0.8461538461538461
S2_D54_P1,S2_D54,1,3530,53,Child-Child,1,8,8,YRBGYRBGGGBBR,YGBRYGBRGGBBR,0.6923076923076923,0.6923076923076923
S2_D54_P1,S2_D54,1,3530,53,Child-Child,2,1,9,GRGGRGBGRRBBB,GRGGGBBGGRGGB,0.6153846153846154,0.6153846153846154
S2_D54_P1,S2_D54,1,3530,53,Child-Child,2,2,10,BBBYRGRGRBYGG,BRBBBGRBYRBGB,0.4615384615384615,0.46153846153846156
S2_D54_P1,S2_D54,1,3530,53,Child-Child,2,3,11,GRGRGGBGRGRBB,GRGRBGGGRBBGR,0.6153846153846154,0.6153846153846154
S2_D54_P1,S2_D54,1,3530,53,Child-Child,2,4,12,BBRGGRGYBRGYB,BBBGRGBRYGBRY,0.4615384615384615,0.46153846153846156
S2_D54_P1,S2_D54,1,3530,53,Child-Child,2,5,13,BBGBGRRGGBBGR,BBBGRGBBRGBRB,0.5384615384615384,0.5384615384615384
S2_D54_P1,S2_D54,1,3530,53,Child-Child,2,6,14,BBBBYGGBRYGRB,BBBBGYGBYGRBY,0.6923076923076923,0.6923076923076923
S2_D54_P1,S2_D54,1,3530,53,Child-Child,2,7,15,BBBGRBGRBBGRB,BBBBBGRBGRBBG,0.6923076923076923,0.6923076923076923
S2_D54_P1,S2_D54,1,3530,53,Child-Child,2,8,16,BBBBGGYGBRGYG,BBBBGGYGBGYRB,0.7692307692307692,0.7692307692307692
S2_D54_P2,S2_D54,2,3531,53,Child-Child,1,1,1,YGRRGYRYBRBRB,YGGRBYYGGBBRR,0.4615384615384615,0.46153846153846156
S2_D54_P2,S2_D54,2,3531,53,Child-Child,1,2,2,RRYYRBRYRYBGR,YYRRYYRBGYRYR,0.6153846153846154,0.6153846153846154
S2_D54_P2,S2_D54,2,3531,53,Child-Child,1,3,3,YGBRYYGGBRBBY,YGBRYGBYGGBRR,0.6153846153846154,0.6153846153846154
S2_D54_P2,S2_D54,2,3531,53,Child-Child,1,4,4,YYRRYYRBGRBGR,YYRRYYRRBGRBG,0.8461538461538461,0.8461538461538461
S2_D54_P2,S2_D54,2,3531,53,Child-Child,1,5,5,YGBRYGBYGGBRR,YGBRYGBRYGGBB,0.7692307692307692,0.7692307692307692
S2_D54_P2,S2_D54,2,3531,53,Child-Child,1,6,6,YYRRYYRRBGBRB,YYRRYYRRGBRBB,0.8461538461538461,0.8461538461538461
S2_D54_P2,S2_D54,2,3531,53,Child-Child,1,7,7,YGBRYGBRYGGBB,YRBGYRBGGGBBR,0.5384615384615384,0.5384615384615384
S2_D54_P2,S2_D54,2,3531,53,Child-Child,1,8,8,YYRRYYRRGBBRB,YYRRYYRRGBBRR,0.9230769230769232,0.9230769230769231
S2_D54_P2,S2_D54,2,3531,53,Child-Child,2,1,9,GBRGRBYGGRYYY,BBBYRGRGRBYGG,0.3076923076923077,0.3076923076923077
S2_D54_P2,S2_D54,2,3531,53,Child-Child,2,2,10,GRGGGBBGGRGGB,GRGRGGBGRGRBB,0.6153846153846154,0.6153846153846154
S2_D54_P2,S2_D54,2,3531,53,Child-Child,2,3,11,BRBBBGRBYRBGB,BBRGGRGYBRGYB,0.4615384615384615,0.46153846153846156
S2_D54_P2,S2_D54,2,3531,53,Child-Child,2,4,12,GRGRBGGGRBBGR,BBGBGRRGGBBGR,0.5384615384615384,0.5384615384615384
S2_D54_P2,S2_D54,2,3531,53,Child-Child,2,5,13,BBBGRGBRYGBRY,BBBBYGGBRYGRB,0.6153846153846154,0.6153846153846154
S2_D54_P2,S2_D54,2,3531,53,Child-Child,2,6,14,BBBGRGBBRGBRB,BBBGRBGRBBGRB,0.6923076923076923,0.6923076923076923
S2_D54_P2,S2_D54,2,3531,53,Child-Child,2,7,15,BBBBGYGBYGRBY,BBBBGGYGBRGYG,0.6153846153846154,0.6153846153846154
S2_D54_P2,S2_D54,2,3531,53,Child-Child,2,8,16,BBBBBGRBGRBBG,BBBGRGRBBGRBB,0.6923076923076923,0.6923076923076923
S2_D55_P1,S2_D55,1,3540,54,Child-Child,1,1,1,GGBGGBBBBYGYB,GGGBBGGBYRYYY,0.4615384615384615,0.46153846153846156
S2_D55_P1,S2_D55,1,3540,54,Child-Child,1,2,2,YYGRRBYYRBRRG,YYYGRBYYRYYYR,0.5384615384615384,0.5384615384615384
S2_D55_P1,S2_D55,1,3540,54,Child-Child,1,3,3,GGBBGGYYGGRYY,GGBBYYRRYGGBB,0.4615384615384615,0.46153846153846156
S2_D55_P1,S2_D55,1,3540,54,Child-Child,1,4,4,YYYGRBYYRYYRG,YYYGRBYRYYGRY,0.7692307692307692,0.7692307692307692
S2_D55_P1,S2_D55,1,3540,54,Child-Child,1,5,5,GGBBRYYGGRYBB,GGBBRYRBYRRYR,0.5384615384615384,0.5384615384615384
S2_D55_P1,S2_D55,1,3540,54,Child-Child,1,6,6,YYYGRBYRGBBRR,YYYGRBYYRYGBY,0.6153846153846154,0.6153846153846154
S2_D55_P1,S2_D55,1,3540,54,Child-Child,1,7,7,GGBRYRRBYYYGG,GGGRYYRYGGRYB,0.3846153846153846,0.3846153846153846
S2_D55_P1,S2_D55,1,3540,54,Child-Child,1,8,8,YYYBRBYRGBYYG,YYYRBGRRYYYYY,0.5384615384615384,0.5384615384615384
S2_D55_P1,S2_D55,1,3540,54,Child-Child,2,1,9,GRGBYBGBBRRYG,GGRRBYGRBYGGG,0.4615384615384615,0.46153846153846156
S2_D55_P1,S2_D55,1,3540,54,Child-Child,2,2,10,YGYRGGYYRGBRG,YYYGRYGYRGYRB,0.5384615384615384,0.5384615384615384
S2_D55_P1,S2_D55,1,3540,54,Child-Child,2,3,11,GGRRBYGGRYGGG,GGRBYGRYBYGGG,0.6923076923076923,0.6923076923076923
S2_D55_P1,S2_D55,1,3540,54,Child-Child,2,4,12,YYRGYYGRGRBBB,YGRYRGYGRBBBB,0.6153846153846154,0.6153846153846154
S2_D55_P1,S2_D55,1,3540,54,Child-Child,2,5,13,GGRBYRYBRYGGG,GRBYGGRBRYGGG,0.6923076923076923,0.6923076923076923
S2_D55_P1,S2_D55,1,3540,54,Child-Child,2,6,14,YRGRGYRGYGBBB,YGRRYGRYGBBBB,0.6153846153846154,0.6153846153846154
S2_D55_P1,S2_D55,1,3540,54,Child-Child,2,7,15,GRBGRYRBGGGGG,GRBYRBYRGGGGG,0.7692307692307692,0.7692307692307692
S2_D55_P1,S2_D55,1,3540,54,Child-Child,2,8,16,YRGYYGRBYRBBB,YGRYRGYBRGBBB,0.5384615384615384,0.5384615384615384
S2_D55_P2,S2_D55,2,3541,54,Child-Child,1,1,1,YYGRYRRBBGRRY,YYGRRBYYRBRRG,0.5384615384615384,0.5384615384615384
S2_D55_P2,S2_D55,2,3541,54,Child-Child,1,2,2,GGGBBGGBYRYYY,GGBBGGYYGGRYY,0.6153846153846154,0.6153846153846154
S2_D55_P2,S2_D55,2,3541,54,Child-Child,1,3,3,YYYGRBYYRYYYR,YYYGRBYYRYYRG,0.8461538461538461,0.8461538461538461
S2_D55_P2,S2_D55,2,3541,54,Child-Child,1,4,4,GGBBYYRRYGGBB,GGBBRYYGGRYBB,0.6153846153846154,0.6153846153846154
S2_D55_P2,S2_D55,2,3541,54,Child-Child,1,5,5,YYYGRBYRYYGRY,YYYGRBYRGBBRR,0.6923076923076923,0.6923076923076923
S2_D55_P2,S2_D55,2,3541,54,Child-Child,1,6,6,GGBBRYRBYRRYR,GGBRYRRBYYYGG,0.5384615384615384,0.5384615384615384
S2_D55_P2,S2_D55,2,3541,54,Child-Child,1,7,7,YYYGRBYYRYGBY,YYYBRBYRGBYYG,0.6153846153846154,0.6153846153846154
S2_D55_P2,S2_D55,2,3541,54,Child-Child,1,8,8,GGGRYYRYGGRYB,GGRYYYRRGYRGB,0.6153846153846154,0.6153846153846154
S2_D55_P2,S2_D55,2,3541,54,Child-Child,2,1,9,GYGGYYRRYGYGB,YGYRGGYYRGBRG,0.4615384615384615,0.46153846153846156
S2_D55_P2,S2_D55,2,3541,54,Child-Child,2,2,10,GGRRBYGRBYGGG,GGRRBYGGRYGGG,0.8461538461538461,0.8461538461538461
S2_D55_P2,S2_D55,2,3541,54,Child-Child,2,3,11,YYYGRYGYRGYRB,YYRGYYGRGRBBB,0.5384615384615384,0.5384615384615384
S2_D55_P2,S2_D55,2,3541,54,Child-Child,2,4,12,GGRBYGRYBYGGG,GGRBYRYBRYGGG,0.8461538461538461,0.8461538461538461
S2_D55_P2,S2_D55,2,3541,54,Child-Child,2,5,13,YGRYRGYGRBBBB,YRGRGYRGYGBBB,0.6923076923076923,0.6923076923076923
S2_D55_P2,S2_D55,2,3541,54,Child-Child,2,6,14,GRBYGGRBRYGGG,GRBGRYRBGGGGG,0.6153846153846154,0.6153846153846154
S2_D55_P2,S2_D55,2,3541,54,Child-Child,2,7,15,YGRRYGRYGBBBB,YRGYYGRBYRBBB,0.5384615384615384,0.5384615384615384
S2_D55_P2,S2_D55,2,3541,54,Child-Child,2,8,16,GRBYRBYRGGGGG,RBYGRBYGGGGGG,0.7692307692307692,0.7692307692307692
S2_D56_P1,S2_D56,1,3550,55,Adult-Adult,1,1,1,BYYGYYRRYBRRY,BBGGRRYBBGRYG,0.4615384615384615,0.46153846153846156
S2_D56_P1,S2_D56,1,3550,55,Adult-Adult,1,2,2,YRYRYBYGYBRYB,YRYRBGYRYBRGY,0.6153846153846154,0.6153846153846154
S2_D56_P1,S2_D56,1,3550,55,Adult-Adult,1,3,3,BBGGYYRBBGYRB,BBGGYYRBYGRYY,0.6923076923076923,0.6923076923076923
S2_D56_P1,S2_D56,1,3550,55,Adult-Adult,1,4,4,BGBGYRBGYRGBY,BGBGYRYRBYRGB,0.6923076923076923,0.6923076923076923
S2_D56_P1,S2_D56,1,3550,55,Adult-Adult,1,5,5,BBGGYYRRBYGRY,BBGGYYRRBYGRB,0.9230769230769232,0.9230769230769231
S2_D56_P1,S2_D56,1,3550,55,Adult-Adult,1,6,6,BGBGYRYRBYGRY,BGBGYRYRBYGRB,0.9230769230769232,0.9230769230769231
S2_D56_P1,S2_D56,1,3550,55,Adult-Adult,1,7,7,BBGGYYRRBYGRB,BBGGYYRRBYGRB,1.0,1.0
S2_D56_P1,S2_D56,1,3550,55,Adult-Adult,1,8,8,BGBGYRYRBYGRB,BGBGYRYRBYGRB,1.0,1.0
S2_D56_P1,S2_D56,1,3550,55,Adult-Adult,2,1,9,BBYGBBRYYRYGB,BBYGRYBYGRBYG,0.5384615384615384,0.5384615384615384
S2_D56_P1,S2_D56,1,3550,55,Adult-Adult,2,2,10,BRBBRRRBBYGYG,BBRRBBRRRYGYG,0.6923076923076923,0.6923076923076923
S2_D56_P1,S2_D56,1,3550,55,Adult-Adult,2,3,11,BBYGRYGRBYGRY,BBYGRBYGRBYGR,0.8461538461538461,0.8461538461538461
S2_D56_P1,S2_D56,1,3550,55,Adult-Adult,2,4,12,BBRRBBRYGYGYG,BRRBBRRYGYGRB,0.6923076923076923,0.6923076923076923
S2_D56_P1,S2_D56,1,3550,55,Adult-Adult,2,5,13,BBYGRBYGRBYGR,BBYGRBYGRBYGR,1.0,1.0
S2_D56_P1,S2_D56,1,3550,55,Adult-Adult,2,6,14,BRRBBRRYGYGYR,BBRRBBBYYGGYG,0.6153846153846154,0.6153846153846154
S2_D56_P1,S2_D56,1,3550,55,Adult-Adult,2,7,15,BBYGRBYGRBYGR,BBYGRBYGRBYGR,1.0,1.0
S2_D56_P1,S2_D56,1,3550,55,Adult-Adult,2,8,16,BBRRBBBYYGGYG,BBRRBBBYYGGYG,1.0,1.0
S2_D56_P2,S2_D56,2,3551,55,Adult-Adult,1,1,1,YRYBRYBYRGYBY,YRYRYBYGYBRYB,0.6923076923076923,0.6923076923076923
S2_D56_P2,S2_D56,2,3551,55,Adult-Adult,1,2,2,BBGGRRYBBGRYG,BBGGYYRBBGYRB,0.5384615384615384,0.5384615384615384
S2_D56_P2,S2_D56,2,3551,55,Adult-Adult,1,3,3,YRYRBGYRYBRGY,BGBGYRBGYRGBY,0.4615384615384615,0.46153846153846156
S2_D56_P2,S2_D56,2,3551,55,Adult-Adult,1,4,4,BBGGYYRBYGRYY,BBGGYYRRBYGRY,0.8461538461538461,0.8461538461538461
S2_D56_P2,S2_D56,2,3551,55,Adult-Adult,1,5,5,BGBGYRYRBYRGB,BGBGYRYRBYGRY,0.7692307692307692,0.7692307692307692
S2_D56_P2,S2_D56,2,3551,55,Adult-Adult,1,6,6,BBGGYYRRBYGRB,BBGGYYRRBYGRB,1.0,1.0
S2_D56_P2,S2_D56,2,3551,55,Adult-Adult,1,7,7,BGBGYRYRBYGRB,BGBGYRYRBYGRB,1.0,1.0
S2_D56_P2,S2_D56,2,3551,55,Adult-Adult,1,8,8,BBGGYYRRBYGRB,BBGGYYRRBYGRB,1.0,1.0
S2_D56_P2,S2_D56,2,3551,55,Adult-Adult,2,1,9,BRBBBRRRBBYGY,BRBBRRRBBYGYG,0.8461538461538461,0.8461538461538461
S2_D56_P2,S2_D56,2,3551,55,Adult-Adult,2,2,10,BBYGRYBYGRBYG,BBYGRYGRBYGRY,0.6923076923076923,0.6923076923076923
S2_D56_P2,S2_D56,2,3551,55,Adult-Adult,2,3,11,BBRRBBRRRYGYG,BBRRBBRYGYGYG,0.8461538461538461,0.8461538461538461
S2_D56_P2,S2_D56,2,3551,55,Adult-Adult,2,4,12,BBYGRBYGRBYGR,BBYGRBYGRBYGR,1.0,1.0
S2_D56_P2,S2_D56,2,3551,55,Adult-Adult,2,5,13,BRRBBRRYGYGRB,BRRBBRRYGYGYR,0.8461538461538461,0.8461538461538461
S2_D56_P2,S2_D56,2,3551,55,Adult-Adult,2,6,14,BBYGRBYGRBYGR,BBYGRBYGRBYGR,1.0,1.0
S2_D56_P2,S2_D56,2,3551,55,Adult-Adult,2,7,15,BBRRBBBYYGGYG,BBRRBBBYYGGYG,1.0,1.0
S2_D56_P2,S2_D56,2,3551,55,Adult-Adult,2,8,16,BBYGRBYGRBYGR,BBYGRBYGRBYGR,1.0,1.0
S2_D57_P1,S2_D57,1,3560,56,Adult-Adult,1,1,1,YBYGYBBRGYRRR,YBGYBRYGYBRGG,0.5384615384615384,0.5384615384615384
S2_D57_P1,S2_D57,1,3560,56,Adult-Adult,1,2,2,GRGRYGRGGRBYG,GRGRYGRBGRYGG,0.7692307692307692,0.7692307692307692
S2_D57_P1,S2_D57,1,3560,56,Adult-Adult,1,3,3,YBGBRYGBRYGBB,YBRYGBRYGBYGB,0.6923076923076923,0.6923076923076923
S2_D57_P1,S2_D57,1,3560,56,Adult-Adult,1,4,4,GRGRYGRGRRBRG,RGRYGRGRBGRGR,0.6923076923076923,0.6923076923076923
S2_D57_P1,S2_D57,1,3560,56,Adult-Adult,1,5,5,YBRYGYBRYGGYR,YBYRYGYBYGRYB,0.6923076923076923,0.6923076923076923
S2_D57_P1,S2_D57,1,3560,56,Adult-Adult,1,6,6,RGRYGRBGYGRGY,RYRGRRYRGRGGY,0.5384615384615384,0.5384615384615384
S2_D57_P1,S2_D57,1,3560,56,Adult-Adult,1,7,7,YBYRYBGYBRYBG,YBYRGBGYRYBRG,0.7692307692307692,0.7692307692307692
S2_D57_P1,S2_D57,1,3560,56,Adult-Adult,1,8,8,YRGRRYRGRYGGR,YRRGRRYRGRRYR,0.6923076923076923,0.6923076923076923
S2_D57_P1,S2_D57,1,3560,56,Adult-Adult,2,1,9,GBYRGBGRRYYBB,GBRBRRRYYBBBY,0.6153846153846154,0.6153846153846154
S2_D57_P1,S2_D57,1,3560,56,Adult-Adult,2,2,10,YBYGGRRBBGRYG,BYGRRBGGYYRGG,0.5384615384615384,0.5384615384615384
S2_D57_P1,S2_D57,1,3560,56,Adult-Adult,2,3,11,GBGRRGYRGBBBY,GBBGRYBGRBBBB,0.5384615384615384,0.5384615384615384
S2_D57_P1,S2_D57,1,3560,56,Adult-Adult,2,4,12,BYGRRBGGYRBYG,YGRGGBYRGBBYG,0.5384615384615384,0.5384615384615384
S2_D57_P1,S2_D57,1,3560,56,Adult-Adult,2,5,13,GGRRYGRYBBBBB,GRRYGRRYGBBBB,0.7692307692307692,0.7692307692307692
S2_D57_P1,S2_D57,1,3560,56,Adult-Adult,2,6,14,GRGGBYGRYBGYY,GRBYGGRRBYGRR,0.4615384615384615,0.46153846153846156
S2_D57_P1,S2_D57,1,3560,56,Adult-Adult,2,7,15,GRYRGRRBBBBBB,GRYGRRYBBBBBB,0.8461538461538461,0.8461538461538461
S2_D57_P1,S2_D57,1,3560,56,Adult-Adult,2,8,16,GRBYGGRRBYRBB,GRBYGRRYYBBBB,0.6923076923076923,0.6923076923076923
S2_D57_P2,S2_D57,2,3561,56,Adult-Adult,1,1,1,GRGRYYRGYGRBR,GRGRYGRGGRBYG,0.6923076923076923,0.6923076923076923
S2_D57_P2,S2_D57,2,3561,56,Adult-Adult,1,2,2,YBGYBRYGYBRGG,YBGBRYGBRYGBB,0.6153846153846154,0.6153846153846154
S2_D57_P2,S2_D57,2,3561,56,Adult-Adult,1,3,3,GRGRYGRBGRYGG,GRGRYGRGRRBRG,0.6923076923076923,0.6923076923076923
S2_D57_P2,S2_D57,2,3561,56,Adult-Adult,1,4,4,YBRYGBRYGBYGB,YBRYGYBRYGGYR,0.6923076923076923,0.6923076923076923
S2_D57_P2,S2_D57,2,3561,56,Adult-Adult,1,5,5,RGRYGRGRBGRGR,RGRYGRBGYGRGY,0.6923076923076923,0.6923076923076923
S2_D57_P2,S2_D57,2,3561,56,Adult-Adult,1,6,6,YBYRYGYBYGRYB,YBYRYBGYBRYBG,0.6923076923076923,0.6923076923076923
S2_D57_P2,S2_D57,2,3561,56,Adult-Adult,1,7,7,RYRGRRYRGRGGY,YRGRRYRGRYGGR,0.7692307692307692,0.7692307692307692
S2_D57_P2,S2_D57,2,3561,56,Adult-Adult,1,8,8,YBYRGBGYRYBRG,YBYRGYBRGYRBG,0.6923076923076923,0.6923076923076923
S2_D57_P2,S2_D57,2,3561,56,Adult-Adult,2,1,9,YBGBBGGRRYGYR,YBYGGRRBBGRYG,0.4615384615384615,0.46153846153846156
S2_D57_P2,S2_D57,2,3561,56,Adult-Adult,2,2,10,GBRBRRRYYBBBY,GBGRRGYRGBBBY,0.6153846153846154,0.6153846153846154
S2_D57_P2,S2_D57,2,3561,56,Adult-Adult,2,3,11,BYGRRBGGYYRGG,BYGRRBGGYRBYG,0.7692307692307692,0.7692307692307692
S2_D57_P2,S2_D57,2,3561,56,Adult-Adult,2,4,12,GBBGRYBGRBBBB,GGRRYGRYBBBBB,0.5384615384615384,0.5384615384615384
S2_D57_P2,S2_D57,2,3561,56,Adult-Adult,2,5,13,YGRGGBYRGBBYG,GRGGBYGRYBGYY,0.6153846153846154,0.6153846153846154
S2_D57_P2,S2_D57,2,3561,56,Adult-Adult,2,6,14,GRRYGRRYGBBBB,GRYRGRRBBBBBB,0.6923076923076923,0.6923076923076923
S2_D57_P2,S2_D57,2,3561,56,Adult-Adult,2,7,15,GRBYGGRRBYGRR,GRBYGGRRBYRBB,0.7692307692307692,0.7692307692307692
S2_D57_P2,S2_D57,2,3561,56,Adult-Adult,2,8,16,GRYGRRYBBBBBB,GRGRRYGRBBBYB,0.6923076923076923,0.6923076923076923
S2_D58_P1,S2_D58,1,3570,57,Child-Child,1,1,1,YRBGYGGYGBBRB,YRBGYGGBRYGBB,0.6923076923076923,0.6923076923076923
S2_D58_P1,S2_D58,1,3570,57,Child-Child,1,2,2,BGBRBRBRBBBRG,BGBRBRBRGBBRB,0.8461538461538461,0.8461538461538461
S2_D58_P1,S2_D58,1,3570,57,Child-Child,1,3,3,YGBBRYGRGRYBB,YRGBBYRBBGRBB,0.5384615384615384,0.5384615384615384
S2_D58_P1,S2_D58,1,3570,57,Child-Child,1,4,4,BRBRBGRBBRBGR,GBRBRGBRGGGRB,0.4615384615384615,0.46153846153846156
S2_D58_P1,S2_D58,1,3570,57,Child-Child,1,5,5,RGBRGBBBRYBGR,RBGRBYRGBBRGY,0.4615384615384615,0.46153846153846156
S2_D58_P1,S2_D58,1,3570,57,Child-Child,1,6,6,BBGBRBGBGBRBG,BGRBBGRBBGGBR,0.3846153846153846,0.3846153846153846
S2_D58_P1,S2_D58,1,3570,57,Child-Child,1,7,7,BRBGBRRGRGBGR,BRBGRBGBRGRBG,0.6153846153846154,0.6153846153846154
S2_D58_P1,S2_D58,1,3570,57,Child-Child,1,8,8,BGRBBBBGBGRBG,BGRBBBBBGRBGB,0.8461538461538461,0.8461538461538461
S2_D58_P1,S2_D58,1,3570,57,Child-Child,2,1,9,BRRRBGBRRYRBR,BRBRYGRBGRYBR,0.6153846153846154,0.6153846153846154
S2_D58_P1,S2_D58,1,3570,57,Child-Child,2,2,10,BYGBBYGBYYBYB,BGYBBYGBYGBGY,0.6153846153846154,0.6153846153846154
S2_D58_P1,S2_D58,1,3570,57,Child-Child,2,3,11,BGRBBGRBBGRBB,BGRBRRGBRGBGR,0.5384615384615384,0.5384615384615384
S2_D58_P1,S2_D58,1,3570,57,Child-Child,2,4,12,YBGBYGGBYBYGB,YBGGYBYBGYBGY,0.5384615384615384,0.5384615384615384
S2_D58_P1,S2_D58,1,3570,57,Child-Child,2,5,13,BRGBRRRBRGBRG,BRGBRRRGBRGBR,0.8461538461538461,0.8461538461538461
S2_D58_P1,S2_D58,1,3570,57,Child-Child,2,6,14,BGYBGBYGBYGBY,BYGBYYGBYGBYG,0.6923076923076923,0.6923076923076923
S2_D58_P1,S2_D58,1,3570,57,Child-Child,2,7,15,BRGBRRBRGBRGB,BRBRRBRBGBRGR,0.7692307692307692,0.7692307692307692
S2_D58_P1,S2_D58,1,3570,57,Child-Child,2,8,16,BYGBYYGBYGBYG,BYGBYYGBYGBYG,1.0,1.0
S2_D58_P2,S2_D58,2,3571,57,Child-Child,1,1,1,BGBRBRBRBBBGR,BGBRBRBRBBBRG,0.8461538461538461,0.8461538461538461
S2_D58_P2,S2_D58,2,3571,57,Child-Child,1,2,2,YRBGYGGBRYGBB,YGBBRYGRGRYBB,0.5384615384615384,0.5384615384615384
S2_D58_P2,S2_D58,2,3571,57,Child-Child,1,3,3,BGBRBRBRGBBRB,BRBRBGRBBRBGR,0.5384615384615384,0.5384615384615384
S2_D58_P2,S2_D58,2,3571,57,Child-Child,1,4,4,YRGBBYRBBGRBB,RGBRGBBBRYBGR,0.4615384615384615,0.46153846153846156
S2_D58_P2,S2_D58,2,3571,57,Child-Child,1,5,5,GBRBRGBRGGGRB,BBGBRBGBGBRBG,0.4615384615384615,0.46153846153846156
S2_D58_P2,S2_D58,2,3571,57,Child-Child,1,6,6,RBGRBYRGBBRGY,BRBGBRRGRGBGR,0.4615384615384615,0.46153846153846156
S2_D58_P2,S2_D58,2,3571,57,Child-Child,1,7,7,BGRBBGRBBGGBR,BGRBBBBGBGRBG,0.6153846153846154,0.6153846153846154
S2_D58_P2,S2_D58,2,3571,57,Child-Child,1,8,8,BRBGRBGBRGRBG,BBRBGGBGRBRGR,0.6153846153846154,0.6153846153846154
S2_D58_P2,S2_D58,2,3571,57,Child-Child,2,1,9,BYYGYBBBGGBBG,BYGBBYGBYYBYB,0.3846153846153846,0.3846153846153846
S2_D58_P2,S2_D58,2,3571,57,Child-Child,2,2,10,BRBRYGRBGRYBR,BGRBBGRBBGRBB,0.5384615384615384,0.5384615384615384
S2_D58_P2,S2_D58,2,3571,57,Child-Child,2,3,11,BGYBBYGBYGBGY,YBGBYGGBYBYGB,0.4615384615384615,0.46153846153846156
S2_D58_P2,S2_D58,2,3571,57,Child-Child,2,4,12,BGRBRRGBRGBGR,BRGBRRRBRGBRG,0.6153846153846154,0.6153846153846154
S2_D58_P2,S2_D58,2,3571,57,Child-Child,2,5,13,YBGGYBYBGYBGY,BGYBGBYGBYGBY,0.4615384615384615,0.46153846153846156
S2_D58_P2,S2_D58,2,3571,57,Child-Child,2,6,14,BRGBRRRGBRGBR,BRGBRRBRGBRGB,0.8461538461538461,0.8461538461538461
S2_D58_P2,S2_D58,2,3571,57,Child-Child,2,7,15,BYGBYYGBYGBYG,BYGBYYGBYGBYG,1.0,1.0
S2_D58_P2,S2_D58,2,3571,57,Child-Child,2,8,16,BRBRRBRBGBRGR,BRRBBRGBGRBRB,0.5384615384615384,0.5384615384615384
S2_D59_P1,S2_D59,1,3580,58,Adult-Adult,1,1,1,RGYBRYRBGRYBB,RRGYBRYBGRYBB,0.8461538461538461,0.8461538461538461
S2_D59_P1,S2_D59,1,3580,58,Adult-Adult,1,2,2,YGRRYGBBBRGYY,YGRRYBGBRYBRB,0.5384615384615384,0.5384615384615384
S2_D59_P1,S2_D59,1,3580,58,Adult-Adult,1,3,3,RGYGRRBYRGRGY,RGYRGYBBRRGYB,0.5384615384615384,0.5384615384615384
S2_D59_P1,S2_D59,1,3580,58,Adult-Adult,1,4,4,YGRRYGRBRGYYG,YGRYGRRYGBRYR,0.5384615384615384,0.5384615384615384
S2_D59_P1,S2_D59,1,3580,58,Adult-Adult,1,5,5,RGYRGYBBRGYRB,RGYRGBRGYBBRY,0.6153846153846154,0.6153846153846154
S2_D59_P1,S2_D59,1,3580,58,Adult-Adult,1,6,6,YGRYGRRGYBBRG,YGRRYGRBRBRYG,0.5384615384615384,0.5384615384615384
S2_D59_P1,S2_D59,1,3580,58,Adult-Adult,1,7,7,RGYRGRRYBBRGY,RGYRGYRBBRGBR,0.6923076923076923,0.6923076923076923
S2_D59_P1,S2_D59,1,3580,58,Adult-Adult,1,8,8,YGRYGRRBRYGYG,YGRYGRRYGBBRY,0.5384615384615384,0.5384615384615384
S2_D59_P1,S2_D59,1,3580,58,Adult-Adult,2,1,9,GYGRBYRYGGBRG,GYRGYBBRYGBRY,0.6153846153846154,0.6153846153846154
S2_D59_P1,S2_D59,1,3580,58,Adult-Adult,2,2,10,GBYGBYRRBRGYB,GYBGYRBBRGYBR,0.6153846153846154,0.6153846153846154
S2_D59_P1,S2_D59,1,3580,58,Adult-Adult,2,3,11,GYRGYBBRGYGBR,GYRGYRBBRYGBR,0.8461538461538461,0.8461538461538461
S2_D59_P1,S2_D59,1,3580,58,Adult-Adult,2,4,12,GYRGYBBRBGYRG,GYRGYRBBGYRBG,0.7692307692307692,0.7692307692307692
S2_D59_P1,S2_D59,1,3580,58,Adult-Adult,2,5,13,GYRGYBBRBGYRG,GYRGYBBGYRGYB,0.6923076923076923,0.6923076923076923
S2_D59_P1,S2_D59,1,3580,58,Adult-Adult,2,6,14,GYRGYBBRBYGGR,GYRGYBBRBYGBY,0.8461538461538461,0.8461538461538461
S2_D59_P1,S2_D59,1,3580,58,Adult-Adult,2,7,15,GYRGYBBRBRGYR,GYRGYBBRBYGBR,0.8461538461538461,0.8461538461538461
S2_D59_P1,S2_D59,1,3580,58,Adult-Adult,2,8,16,GYRGYBBRBBGYR,GYRGYBBRBGYRB,0.8461538461538461,0.8461538461538461
S2_D59_P2,S2_D59,2,3581,58,Adult-Adult,1,1,1,YGRGRBGBYBRYY,YGRRYGBBBRGYY,0.6923076923076923,0.6923076923076923
S2_D59_P2,S2_D59,2,3581,58,Adult-Adult,1,2,2,RRGYBRYBGRYBB,RGYGRRBYRGRGY,0.3846153846153846,0.3846153846153846
S2_D59_P2,S2_D59,2,3581,58,Adult-Adult,1,3,3,YGRRYBGBRYBRB,YGRRYGRBRGYYG,0.5384615384615384,0.5384615384615384
S2_D59_P2,S2_D59,2,3581,58,Adult-Adult,1,4,4,RGYRGYBBRRGYB,RGYRGYBBRGYRB,0.8461538461538461,0.8461538461538461
S2_D59_P2,S2_D59,2,3581,58,Adult-Adult,1,5,5,YGRYGRRYGBRYR,YGRYGRRGYBBRG,0.6923076923076923,0.6923076923076923
S2_D59_P2,S2_D59,2,3581,58,Adult-Adult,1,6,6,RGYRGBRGYBBRY,RGYRGRRYBBRGY,0.7692307692307692,0.7692307692307692
S2_D59_P2,S2_D59,2,3581,58,Adult-Adult,1,7,7,YGRRYGRBRBRYG,YGRYGRRBRYGYG,0.6923076923076923,0.6923076923076923
S2_D59_P2,S2_D59,2,3581,58,Adult-Adult,1,8,8,RGYRGYRBBRGBR,RGYRGYBBRBRGY,0.6923076923076923,0.6923076923076923
S2_D59_P2,S2_D59,2,3581,58,Adult-Adult,2,1,9,GBYYRYGBBYRYB,GBYGBYRRBRGYB,0.5384615384615384,0.5384615384615384
S2_D59_P2,S2_D59,2,3581,58,Adult-Adult,2,2,10,GYRGYBBRYGBRY,GYRGYBBRGYGBR,0.8461538461538461,0.8461538461538461
S2_D59_P2,S2_D59,2,3581,58,Adult-Adult,2,3,11,GYBGYRBBRGYBR,GYRGYBBRBGYRG,0.6153846153846154,0.6153846153846154
S2_D59_P2,S2_D59,2,3581,58,Adult-Adult,2,4,12,GYRGYRBBRYGBR,GYRGYBBRBGYRG,0.6923076923076923,0.6923076923076923
S2_D59_P2,S2_D59,2,3581,58,Adult-Adult,2,5,13,GYRGYRBBGYRBG,GYRGYBBRBYGGR,0.5384615384615384,0.5384615384615384
S2_D59_P2,S2_D59,2,3581,58,Adult-Adult,2,6,14,GYRGYBBGYRGYB,GYRGYBBRBRGYR,0.7692307692307692,0.7692307692307692
S2_D59_P2,S2_D59,2,3581,58,Adult-Adult,2,7,15,GYRGYBBRBYGBY,GYRGYBBRBBGYR,0.7692307692307692,0.7692307692307692
S2_D59_P2,S2_D59,2,3581,58,Adult-Adult,2,8,16,GYRGYBBRBYGBR,GYRGYBBRBRBYG,0.6923076923076923,0.6923076923076923
S2_D60_P1,S2_D60,1,3590,59,Child-Child,1,1,1,YYRRBGRRYBBGB,YYRRBGRYBRGYR,0.6923076923076923,0.6923076923076923
S2_D60_P1,S2_D60,1,3590,59,Child-Child,1,2,2,RRRRRRRRRRGBB,RRRRRRRRRRRRR,0.7692307692307692,0.7692307692307692
S2_D60_P1,S2_D60,1,3590,59,Child-Child,1,3,3,YYRGBRYRYGBYR,YRBGYGRBGGRGY,0.3076923076923077,0.3076923076923077
S2_D60_P1,S2_D60,1,3590,59,Child-Child,1,4,4,RRRRRRRRRRRRR,RRRRRRRRRRRRR,1.0,1.0
S2_D60_P1,S2_D60,1,3590,59,Child-Child,1,5,5,YRGBYRBYYGRYG,YRBBYRGBYRBGY,0.5384615384615384,0.5384615384615384
S2_D60_P1,S2_D60,1,3590,59,Child-Child,1,6,6,RRRRRRRRRRRRR,RRRRRRRRRRRRR,1.0,1.0
S2_D60_P1,S2_D60,1,3590,59,Child-Child,1,7,7,YRBYRGBYRGBYR,YRBYRGYBGRYBB,0.6153846153846154,0.6153846153846154
S2_D60_P1,S2_D60,1,3590,59,Child-Child,1,8,8,RRRRRRRRRRRRR,RRRRRRRRRRRRR,1.0,1.0
S2_D60_P1,S2_D60,1,3590,59,Child-Child,2,1,9,RYBYGRRGBRRYG,YRBRGRYGBGYGR,0.4615384615384615,0.46153846153846156
S2_D60_P1,S2_D60,1,3590,59,Child-Child,2,2,10,RRRGBYRRRBYRG,RRRRGBYRRRRGY,0.6923076923076923,0.6923076923076923
S2_D60_P1,S2_D60,1,3590,59,Child-Child,2,3,11,YRBGYRGYRBYGB,YRBGRYRGYGBBY,0.6153846153846154,0.6153846153846154
S2_D60_P1,S2_D60,1,3590,59,Child-Child,2,4,12,RRRRGBYRRRRGY,RRRGBYRRRGYRB,0.6923076923076923,0.6923076923076923
S2_D60_P1,S2_D60,1,3590,59,Child-Child,2,5,13,RYYGRBYRGYRGB,RGBYGBYRBGRYB,0.5384615384615384,0.5384615384615384
S2_D60_P1,S2_D60,1,3590,59,Child-Child,2,6,14,RRRGYBRRRGYBR,RRRRGYBRRRGYB,0.8461538461538461,0.8461538461538461
S2_D60_P1,S2_D60,1,3590,59,Child-Child,2,7,15,RGBYYBRGBBRYG,RGBYRGBBRGYBY,0.6153846153846154,0.6153846153846154
S2_D60_P1,S2_D60,1,3590,59,Child-Child,2,8,16,RRRGYBRRRRGYB,RRRGYBRRRRGYR,0.9230769230769232,0.9230769230769231
S2_D60_P2,S2_D60,2,3591,59,Child-Child,1,1,1,RGBGRYYGYYRGB,RRRRRRRRRRGBB,0.3076923076923077,0.3076923076923077
S2_D60_P2,S2_D60,2,3591,59,Child-Child,1,2,2,YYRRBGRYBRGYR,YYRGBRYRYGBYR,0.6153846153846154,0.6153846153846154
S2_D60_P2,S2_D60,2,3591,59,Child-Child,1,3,3,RRRRRRRRRRRRR,RRRRRRRRRRRRR,1.0,1.0
S2_D60_P2,S2_D60,2,3591,59,Child-Child,1,4,4,YRBGYGRBGGRGY,YRGBYRBYYGRYG,0.4615384615384615,0.46153846153846156
S2_D60_P2,S2_D60,2,3591,59,Child-Child,1,5,5,RRRRRRRRRRRRR,RRRRRRRRRRRRR,1.0,1.0
S2_D60_P2,S2_D60,2,3591,59,Child-Child,1,6,6,YRBBYRGBYRBGY,YRBYRGBYRGBYR,0.6923076923076923,0.6923076923076923
S2_D60_P2,S2_D60,2,3591,59,Child-Child,1,7,7,RRRRRRRRRRRRR,RRRRRRRRRRRRR,1.0,1.0
S2_D60_P2,S2_D60,2,3591,59,Child-Child,1,8,8,YRBYRGYBGRYBB,YRBGYBGYRBGYR,0.5384615384615384,0.5384615384615384
S2_D60_P2,S2_D60,2,3591,59,Child-Child,2,1,9,RGRRBRYYBBBRR,RRRGBYRRRBYRG,0.3846153846153846,0.3846153846153846
S2_D60_P2,S2_D60,2,3591,59,Child-Child,2,2,10,YRBRGRYGBGYGR,YRBGYRGYRBYGB,0.5384615384615384,0.5384615384615384
S2_D60_P2,S2_D60,2,3591,59,Child-Child,2,3,11,RRRRGBYRRRRGY,RRRRGBYRRRRGY,1.0,1.0
S2_D60_P2,S2_D60,2,3591,59,Child-Child,2,4,12,YRBGRYRGYGBBY,RYYGRBYRGYRGB,0.4615384615384615,0.46153846153846156
S2_D60_P2,S2_D60,2,3591,59,Child-Child,2,5,13,RRRGBYRRRGYRB,RRRGYBRRRGYBR,0.6923076923076923,0.6923076923076923
S2_D60_P2,S2_D60,2,3591,59,Child-Child,2,6,14,RGBYGBYRBGRYB,RGBYYBRGBBRYG,0.6153846153846154,0.6153846153846154
S2_D60_P2,S2_D60,2,3591,59,Child-Child,2,7,15,RRRRGYBRRRGYB,RRRGYBRRRRGYB,0.8461538461538461,0.8461538461538461
S2_D60_P2,S2_D60,2,3591,59,Child-Child,2,8,16,RGBYRGBBRGYBY,RGBYRGBBRGYYB,0.8461538461538461,0.8461538461538461
S2_D61_P1,S2_D61,1,3600,60,Child-Child,1,1,1,BBRBBYYGBRBRB,BRBRBYYGBRBRB,0.8461538461538461,0.8461538461538461
S2_D61_P1,S2_D61,1,3600,60,Child-Child,1,2,2,RGYGBBBRYGRRY,RYGBBBGYRGYRB,0.6153846153846154,0.6153846153846154
S2_D61_P1,S2_D61,1,3600,60,Child-Child,1,3,3,BBRBRBYYBGBRB,BBRGYBRBGBYBR,0.5384615384615384,0.5384615384615384
S2_D61_P1,S2_D61,1,3600,60,Child-Child,1,4,4,RRYGBBRYGBBYR,RYBBRYGBRYYRB,0.6153846153846154,0.6153846153846154
S2_D61_P1,S2_D61,1,3600,60,Child-Child,1,5,5,BBRGYBRBGBYBR,BBRYGBRRYBGYB,0.5384615384615384,0.5384615384615384
S2_D61_P1,S2_D61,1,3600,60,Child-Child,1,6,6,RRYBYGBRRGYRB,RRBYRBGYRRBYG,0.4615384615384615,0.46153846153846156
S2_D61_P1,S2_D61,1,3600,60,Child-Child,1,7,7,BBBYGBBYGRYYB,BBBYGBBGYBRGB,0.6923076923076923,0.6923076923076923
S2_D61_P1,S2_D61,1,3600,60,Child-Child,1,8,8,RBBYBBGRRBBYG,RRBBBYGBBRYGB,0.4615384615384615,0.46153846153846156
S2_D61_P1,S2_D61,1,3600,60,Child-Child,2,1,9,GBGBRBYRBBYRG,GBGBRBRBBYGRB,0.7692307692307692,0.7692307692307692
S2_D61_P1,S2_D61,1,3600,60,Child-Child,2,2,10,BBYBBGRRYBBBG,BGYRRRYBGRYGY,0.3846153846153846,0.3846153846153846
S2_D61_P1,S2_D61,1,3600,60,Child-Child,2,3,11,GBBGBRBBRBYBB,GBBBRBBYRBGYR,0.6153846153846154,0.6153846153846154
S2_D61_P1,S2_D61,1,3600,60,Child-Child,2,4,12,BRBBRYGRRRYBG,RBBGYRRRBGYRB,0.4615384615384615,0.46153846153846156
S2_D61_P1,S2_D61,1,3600,60,Child-Child,2,5,13,GBBBRBBBBBBBB,GBBBBRBBBBBBB,0.8461538461538461,0.8461538461538461
S2_D61_P1,S2_D61,1,3600,60,Child-Child,2,6,14,BBGGRYBRYBGRB,BBGGYRRGBYBGR,0.6153846153846154,0.6153846153846154
S2_D61_P1,S2_D61,1,3600,60,Child-Child,2,7,15,BBBBRRBBBBBBB,BBBBRRBBBBBBB,1.0,1.0
S2_D61_P1,S2_D61,1,3600,60,Child-Child,2,8,16,BBBGGYRRBYBGY,BBBGYRRYBGYRB,0.6923076923076923,0.6923076923076923
S2_D61_P2,S2_D61,2,3601,60,Child-Child,1,1,1,RGYGBRRBYGYYR,RGYGBBBRYGRRY,0.5384615384615384,0.5384615384615384
S2_D61_P2,S2_D61,2,3601,60,Child-Child,1,2,2,BRBRBYYGBRBRB,BBRBRBYYBGBRB,0.7692307692307692,0.7692307692307692
S2_D61_P2,S2_D61,2,3601,60,Child-Child,1,3,3,RYGBBBGYRGYRB,RRYGBBRYGBBYR,0.4615384615384615,0.46153846153846156
S2_D61_P2,S2_D61,2,3601,60,Child-Child,1,4,4,BBRGYBRBGBYBR,BBRGYBRBGBYBR,1.0,1.0
S2_D61_P2,S2_D61,2,3601,60,Child-Child,1,5,5,RYBBRYGBRYYRB,RRYBYGBRRGYRB,0.6153846153846154,0.6153846153846154
S2_D61_P2,S2_D61,2,3601,60,Child-Child,1,6,6,BBRYGBRRYBGYB,BBBYGBBYGRYYB,0.5384615384615384,0.5384615384615384
S2_D61_P2,S2_D61,2,3601,60,Child-Child,1,7,7,RRBYRBGYRRBYG,RBBYBBGRRBBYG,0.6923076923076923,0.6923076923076923
S2_D61_P2,S2_D61,2,3601,60,Child-Child,1,8,8,BBBYGBBGYBRGB,BBBGYBBGYBBRY,0.6153846153846154,0.6153846153846154
S2_D61_P2,S2_D61,2,3601,60,Child-Child,2,1,9,BYBYBGRRBGRRY,BBYBBGRRYBBBG,0.4615384615384615,0.46153846153846156
S2_D61_P2,S2_D61,2,3601,60,Child-Child,2,2,10,GBGBRBRBBYGRB,GBBGBRBBRBYBB,0.6153846153846154,0.6153846153846154
S2_D61_P2,S2_D61,2,3601,60,Child-Child,2,3,11,BGYRRRYBGRYGY,BRBBRYGRRRYBG,0.3076923076923077,0.3076923076923077
S2_D61_P2,S2_D61,2,3601,60,Child-Child,2,4,12,GBBBRBBYRBGYR,GBBBRBBBBBBBB,0.6153846153846154,0.6153846153846154
S2_D61_P2,S2_D61,2,3601,60,Child-Child,2,5,13,RBBGYRRRBGYRB,BBGGRYBRYBGRB,0.5384615384615384,0.5384615384615384
S2_D61_P2,S2_D61,2,3601,60,Child-Child,2,6,14,GBBBBRBBBBBBB,BBBBRRBBBBBBB,0.8461538461538461,0.8461538461538461
S2_D61_P2,S2_D61,2,3601,60,Child-Child,2,7,15,BBGGYRRGBYBGR,BBBGGYRRBYBGY,0.7692307692307692,0.7692307692307692
S2_D61_P2,S2_D61,2,3601,60,Child-Child,2,8,16,BBBBRRBBBBBBB,BBRRBBBBBBBBB,0.6923076923076923,0.6923076923076923
S2_D62_P1,S2_D62,1,3610,61,Adult-Adult,1,1,1,BBYGBBBRRYBRB,BBYRBBGYBYRRG,0.5384615384615384,0.5384615384615384
S2_D62_P1,S2_D62,1,3610,61,Adult-Adult,1,2,2,GYGGRRYBBBRGY,GGYBRRYGRBYYY,0.4615384615384615,0.46153846153846156
S2_D62_P1,S2_D62,1,3610,61,Adult-Adult,1,3,3,BBYRBBYGYYRRB,BBYRBBYGBYRBG,0.7692307692307692,0.7692307692307692
S2_D62_P1,S2_D62,1,3610,61,Adult-Adult,1,4,4,GGYRGGYGYGBBB,YYGRYYGYYBBBG,0.4615384615384615,0.46153846153846156
S2_D62_P1,S2_D62,1,3610,61,Adult-Adult,1,5,5,BBYRBBYRBGYGB,BBYRBBYRBBYGY,0.8461538461538461,0.8461538461538461
S2_D62_P1,S2_D62,1,3610,61,Adult-Adult,1,6,6,YYGRYYGRBGYGB,BBYRBBYRBGYBR,0.3846153846153846,0.3846153846153846
S2_D62_P1,S2_D62,1,3610,61,Adult-Adult,1,7,7,YYRBYYBRYYGYB,YYRBYYGRYYGYR,0.8461538461538461,0.8461538461538461
S2_D62_P1,S2_D62,1,3610,61,Adult-Adult,1,8,8,BBYRBBYRBGYGB,BBYRBBYRBGYGY,0.9230769230769232,0.9230769230769231
S2_D62_P1,S2_D62,1,3610,61,Adult-Adult,2,1,9,RRRGGRYGRRBYB,RRGYRRYRBGBBY,0.3846153846153846,0.3846153846153846
S2_D62_P1,S2_D62,1,3610,61,Adult-Adult,2,2,10,RYGRYRYGBRBRG,RYGRYRGBRYGRB,0.6923076923076923,0.6923076923076923
S2_D62_P1,S2_D62,1,3610,61,Adult-Adult,2,3,11,RRYGRRYBGBRYB,RRYGRRYBGBRYG,0.9230769230769232,0.9230769230769231
S2_D62_P1,S2_D62,1,3610,61,Adult-Adult,2,4,12,RRYGRRYGBGYGB,RRYBRRYGRYGBB,0.6923076923076923,0.6923076923076923
S2_D62_P1,S2_D62,1,3610,61,Adult-Adult,2,5,13,RRYGRRYBYRGBB,RRYBRRYGBGBBB,0.6153846153846154,0.6153846153846154
S2_D62_P1,S2_D62,1,3610,61,Adult-Adult,2,6,14,RRYGRRYBRYGBB,RRYBRRYGBGBBG,0.6153846153846154,0.6153846153846154
S2_D62_P1,S2_D62,1,3610,61,Adult-Adult,2,7,15,RRYBRRYGBGYBB,RRYBRRYGYRBBB,0.7692307692307692,0.7692307692307692
S2_D62_P1,S2_D62,1,3610,61,Adult-Adult,2,8,16,RRYBRRYGBGGBB,RRYBRRYGGYBBB,0.7692307692307692,0.7692307692307692
S2_D62_P2,S2_D62,2,3611,61,Adult-Adult,1,1,1,GYRGYYGBRRBYY,GYGGRRYBBBRGY,0.4615384615384615,0.46153846153846156
S2_D62_P2,S2_D62,2,3611,61,Adult-Adult,1,2,2,BBYRBBGYBYRRG,BBYRBBYGYYRRB,0.7692307692307692,0.7692307692307692
S2_D62_P2,S2_D62,2,3611,61,Adult-Adult,1,3,3,GGYBRRYGRBYYY,GGYRGGYGYGBBB,0.3846153846153846,0.3846153846153846
S2_D62_P2,S2_D62,2,3611,61,Adult-Adult,1,4,4,BBYRBBYGBYRBG,BBYRBBYRBGYGB,0.6923076923076923,0.6923076923076923
S2_D62_P2,S2_D62,2,3611,61,Adult-Adult,1,5,5,YYGRYYGYYBBBG,YYGRYYGRBGYGB,0.6153846153846154,0.6153846153846154
S2_D62_P2,S2_D62,2,3611,61,Adult-Adult,1,6,6,BBYRBBYRBBYGY,YYRBYYBRYYGYB,0.4615384615384615,0.46153846153846156
S2_D62_P2,S2_D62,2,3611,61,Adult-Adult,1,7,7,BBYRBBYRBGYBR,BBYRBBYRBGYGB,0.8461538461538461,0.8461538461538461
S2_D62_P2,S2_D62,2,3611,61,Adult-Adult,1,8,8,YYRBYYGRYYGYR,YYRBYYRGYGYBB,0.6923076923076923,0.6923076923076923
S2_D62_P2,S2_D62,2,3611,61,Adult-Adult,2,1,9,RGYRRBYBRGGBG,RYGRYRYGBRBRG,0.3846153846153846,0.3846153846153846
S2_D62_P2,S2_D62,2,3611,61,Adult-Adult,2,2,10,RRGYRRYRBGBBY,RRYGRRYBGBRYB,0.6153846153846154,0.6153846153846154
S2_D62_P2,S2_D62,2,3611,61,Adult-Adult,2,3,11,RYGRYRGBRYGRB,RRYGRRYGBGYGB,0.6153846153846154,0.6153846153846154
S2_D62_P2,S2_D62,2,3611,61,Adult-Adult,2,4,12,RRYGRRYBGBRYG,RRYGRRYBYRGBB,0.6153846153846154,0.6153846153846154
S2_D62_P2,S2_D62,2,3611,61,Adult-Adult,2,5,13,RRYBRRYGRYGBB,RRYGRRYBRYGBB,0.8461538461538461,0.8461538461538461
S2_D62_P2,S2_D62,2,3611,61,Adult-Adult,2,6,14,RRYBRRYGBGBBB,RRYBRRYGBGYBB,0.9230769230769232,0.9230769230769231
S2_D62_P2,S2_D62,2,3611,61,Adult-Adult,2,7,15,RRYBRRYGBGBBG,RRYBRRYGBGGBB,0.8461538461538461,0.8461538461538461
S2_D62_P2,S2_D62,2,3611,61,Adult-Adult,2,8,16,RRYBRRYGYRBBB,RRYBRRYGYRBBB,1.0,1.0
S2_D63_P1,S2_D63,1,3620,62,Adult-Adult,1,1,1,BBYRRRBGGRYGY,BBRRBYYGGYRGY,0.5384615384615384,0.5384615384615384
S2_D63_P1,S2_D63,1,3620,62,Adult-Adult,1,2,2,YBBBYBGYRBYBG,YBBBYBYBGRGYR,0.5384615384615384,0.5384615384615384
S2_D63_P1,S2_D63,1,3620,62,Adult-Adult,1,3,3,BBRRBYGRBBGGR,BBRBBBYRGRYGR,0.5384615384615384,0.5384615384615384
S2_D63_P1,S2_D63,1,3620,62,Adult-Adult,1,4,4,YBBYBGRBYBGRR,YBBYBYGRGBRYG,0.5384615384615384,0.5384615384615384
S2_D63_P1,S2_D63,1,3620,62,Adult-Adult,1,5,5,BBGRBYBGRBYGR,BYRBYGRBYGRBY,0.6153846153846154,0.6153846153846154
S2_D63_P1,S2_D63,1,3620,62,Adult-Adult,1,6,6,YBBYBGRYBYGRY,YBYBGRYBGRYBG,0.6923076923076923,0.6923076923076923
S2_D63_P1,S2_D63,1,3620,62,Adult-Adult,1,7,7,BYBGRBYGRBYGR,BYBGRYBYGRBYG,0.8461538461538461,0.8461538461538461
S2_D63_P1,S2_D63,1,3620,62,Adult-Adult,1,8,8,YBYBGRYBGRGYG,YBYBGRYBGRYBG,0.8461538461538461,0.8461538461538461
S2_D63_P1,S2_D63,1,3620,62,Adult-Adult,2,1,9,YYRBGRGGGBBYB,YYRGBGRYGBGRB,0.6153846153846154,0.6153846153846154
S2_D63_P1,S2_D63,1,3620,62,Adult-Adult,2,2,10,YBGRYBYGRYBYY,YBGRYBYGBRYRY,0.7692307692307692,0.7692307692307692
S2_D63_P1,S2_D63,1,3620,62,Adult-Adult,2,3,11,YRGRYBYRGRYBY,YRGYRGBRGRYRY,0.6923076923076923,0.6923076923076923
S2_D63_P1,S2_D63,1,3620,62,Adult-Adult,2,4,12,YBGRYBYGRYBGR,YBGRYBYGRYGBR,0.8461538461538461,0.8461538461538461
S2_D63_P1,S2_D63,1,3620,62,Adult-Adult,2,5,13,YRGYRGBYRGYRY,YRGYRGBYRYGYR,0.8461538461538461,0.8461538461538461
S2_D63_P1,S2_D63,1,3620,62,Adult-Adult,2,6,14,YBGRYBGRYGRYB,YRGBYRGBYRGYR,0.4615384615384615,0.46153846153846156
S2_D63_P1,S2_D63,1,3620,62,Adult-Adult,2,7,15,YRGYBYRGYBYRG,YRGYBGYRGYBRY,0.7692307692307692,0.7692307692307692
S2_D63_P1,S2_D63,1,3620,62,Adult-Adult,2,8,16,YRGYBYRGYRGYB,YRGYRGYBYRGYB,0.6923076923076923,0.6923076923076923
S2_D63_P2,S2_D63,2,3621,62,Adult-Adult,1,1,1,YBBBGYYYRBRGB,YBBBYBGYRBYBG,0.5384615384615384,0.5384615384615384
S2_D63_P2,S2_D63,2,3621,62,Adult-Adult,1,2,2,BBRRBYYGGYRGY,BBRRBYGRBBGGR,0.5384615384615384,0.5384615384615384
S2_D63_P2,S2_D63,2,3621,62,Adult-Adult,1,3,3,YBBBYBYBGRGYR,YBBYBGRBYBGRR,0.6153846153846154,0.6153846153846154
S2_D63_P2,S2_D63,2,3621,62,Adult-Adult,1,4,4,BBRBBBYRGRYGR,BBGRBYBGRBYGR,0.6153846153846154,0.6153846153846154
S2_D63_P2,S2_D63,2,3621,62,Adult-Adult,1,5,5,YBBYBYGRGBRYG,YBBYBGRYBYGRY,0.6153846153846154,0.6153846153846154
S2_D63_P2,S2_D63,2,3621,62,Adult-Adult,1,6,6,BYRBYGRBYGRBY,BYBGRBYGRBYGR,0.6923076923076923,0.6923076923076923
S2_D63_P2,S2_D63,2,3621,62,Adult-Adult,1,7,7,YBYBGRYBGRYBG,YBYBGRYBGRGYG,0.8461538461538461,0.8461538461538461
S2_D63_P2,S2_D63,2,3621,62,Adult-Adult,1,8,8,BYBGRYBYGRBYG,BYBGRYBGRYBBG,0.7692307692307692,0.7692307692307692
S2_D63_P2,S2_D63,2,3621,62,Adult-Adult,2,1,9,YBYGRYBYYGBGY,YBGRYBYGRYBYY,0.6153846153846154,0.6153846153846154
S2_D63_P2,S2_D63,2,3621,62,Adult-Adult,2,2,10,YYRGBGRYGBGRB,YRGRYBYRGRYBY,0.3846153846153846,0.3846153846153846
S2_D63_P2,S2_D63,2,3621,62,Adult-Adult,2,3,11,YBGRYBYGBRYRY,YBGRYBYGRYBGR,0.6923076923076923,0.6923076923076923
S2_D63_P2,S2_D63,2,3621,62,Adult-Adult,2,4,12,YRGYRGBRGRYRY,YRGYRGBYRGYRY,0.8461538461538461,0.8461538461538461
S2_D63_P2,S2_D63,2,3621,62,Adult-Adult,2,5,13,YBGRYBYGRYGBR,YBGRYBGRYGRYB,0.6923076923076923,0.6923076923076923
S2_D63_P2,S2_D63,2,3621,62,Adult-Adult,2,6,14,YRGYRGBYRYGYR,YRGYBYRGYBYRG,0.6153846153846154,0.6153846153846154
S2_D63_P2,S2_D63,2,3621,62,Adult-Adult,2,7,15,YRGBYRGBYRGYR,YRGYBYRGYRGYB,0.7692307692307692,0.7692307692307692
S2_D63_P2,S2_D63,2,3621,62,Adult-Adult,2,8,16,YRGYBGYRGYBRY,YRGYRGYBYRGYB,0.6153846153846154,0.6153846153846154
S2_D64_P1,S2_D64,1,3630,63,Child-Child,1,1,1,YBRBBYBRYGRRY,YBRRGBRYGBBRB,0.5384615384615384,0.5384615384615384
S2_D64_P1,S2_D64,1,3630,63,Child-Child,1,2,2,RRBBGGYYGGRRR,RRBBGGYGGRBYY,0.6923076923076923,0.6923076923076923
S2_D64_P1,S2_D64,1,3630,63,Child-Child,1,3,3,BYGRRGGBBRRGY,YBBRGBRGYYRBG,0.3076923076923077,0.3076923076923077
S2_D64_P1,S2_D64,1,3630,63,Child-Child,1,4,4,RBYYGGGYYGGBR,RBGYGYYYBBRRG,0.4615384615384615,0.46153846153846156
S2_D64_P1,S2_D64,1,3630,63,Child-Child,1,5,5,RRBYGBBYYGRBB,RRBGYRRBGYRBG,0.5384615384615384,0.5384615384615384
S2_D64_P1,S2_D64,1,3630,63,Child-Child,1,6,6,RRYYYGGBBRGGY,RBYYGRBGGYRBG,0.3846153846153846,0.3846153846153846
S2_D64_P1,S2_D64,1,3630,63,Child-Child,1,7,7,RBGGYRRYYBGRB,RBYGRRYGBRRGB,0.6153846153846154,0.6153846153846154
S2_D64_P1,S2_D64,1,3630,63,Child-Child,1,8,8,RBYYGRRGGYRRB,RRYGBYGBYRGYB,0.4615384615384615,0.46153846153846156
S2_D64_P1,S2_D64,1,3630,63,Child-Child,2,1,9,BGYRGRYBGGRRB,RRBGYRYGRBBYR,0.3846153846153846,0.3846153846153846
S2_D64_P1,S2_D64,1,3630,63,Child-Child,2,2,10,BRYYGYYRGYRYY,RBYGRRYBGRYBB,0.3846153846153846,0.3846153846153846
S2_D64_P1,S2_D64,1,3630,63,Child-Child,2,3,11,BGRRYYRYGBYYR,RBYGRGBYRGBRY,0.4615384615384615,0.46153846153846156
S2_D64_P1,S2_D64,1,3630,63,Child-Child,2,4,12,RRYYGRRYBGBRY,RRGBRRGBYGRYR,0.4615384615384615,0.46153846153846156
S2_D64_P1,S2_D64,1,3630,63,Child-Child,2,5,13,RBYRRBGYBRBYG,GGGGGGGGGGGGG,0.1538461538461538,0.15384615384615385
S2_D64_P1,S2_D64,1,3630,63,Child-Child,2,6,14,RGBYGRBBRRGYG,RRYGBRGRBYGRB,0.3846153846153846,0.3846153846153846
S2_D64_P1,S2_D64,1,3630,63,Child-Child,2,7,15,GGGGGGGGGGGGG,GGGGGGGGGGGGG,1.0,1.0
S2_D64_P1,S2_D64,1,3630,63,Child-Child,2,8,16,RYBRGYYRBGGYY,RBYGBYGRBYRYB,0.4615384615384615,0.46153846153846156
S2_D64_P2,S2_D64,2,3631,63,Child-Child,1,1,1,RGGYBBGBRBYGG,RRBBGGYYGGRRR,0.3076923076923077,0.3076923076923077
S2_D64_P2,S2_D64,2,3631,63,Child-Child,1,2,2,YBRRGBRYGBBRB,BYGRRGGBBRRGY,0.3846153846153846,0.3846153846153846
S2_D64_P2,S2_D64,2,3631,63,Child-Child,1,3,3,RRBBGGYGGRBYY,RBYYGGGYYGGBR,0.3846153846153846,0.3846153846153846
S2_D64_P2,S2_D64,2,3631,63,Child-Child,1,4,4,YBBRGBRGYYRBG,RRBYGBBYYGRBB,0.4615384615384615,0.46153846153846156
S2_D64_P2,S2_D64,2,3631,63,Child-Child,1,5,5,RBGYGYYYBBRRG,RRYYYGGBBRGGY,0.4615384615384615,0.46153846153846156
S2_D64_P2,S2_D64,2,3631,63,Child-Child,1,6,6,RRBGYRRBGYRBG,RBGGYRRYYBGRB,0.5384615384615384,0.5384615384615384
S2_D64_P2,S2_D64,2,3631,63,Child-Child,1,7,7,RBYYGRBGGYRBG,RBYYGRRGGYRRB,0.7692307692307692,0.7692307692307692
S2_D64_P2,S2_D64,2,3631,63,Child-Child,1,8,8,RBYGRRYGBRRGB,RRBBYYGGRBGYR,0.3076923076923077,0.3076923076923077
S2_D64_P2,S2_D64,2,3631,63,Child-Child,2,1,9,BGRYYRYGYRBBR,BRYYGYYRGYRYY,0.4615384615384615,0.46153846153846156
S2_D64_P2,S2_D64,2,3631,63,Child-Child,2,2,10,RRBGYRYGRBBYR,BGRRYYRYGBYYR,0.5384615384615384,0.5384615384615384
S2_D64_P2,S2_D64,2,3631,63,Child-Child,2,3,11,RBYGRRYBGRYBB,RRYYGRRYBGBRY,0.6153846153846154,0.6153846153846154
S2_D64_P2,S2_D64,2,3631,63,Child-Child,2,4,12,RBYGRGBYRGBRY,RBYRRBGYBRBYG,0.4615384615384615,0.46153846153846156
S2_D64_P2,S2_D64,2,3631,63,Child-Child,2,5,13,RRGBRRGBYGRYR,RGBYGRBBRRGYG,0.3846153846153846,0.3846153846153846
S2_D64_P2,S2_D64,2,3631,63,Child-Child,2,6,14,GGGGGGGGGGGGG,GGGGGGGGGGGGG,1.0,1.0
S2_D64_P2,S2_D64,2,3631,63,Child-Child,2,7,15,RRYGBRGRBYGRB,RYBRGYYRBGGYY,0.4615384615384615,0.46153846153846156
S2_D64_P2,S2_D64,2,3631,63,Child-Child,2,8,16,GGGGGGGGGGGGG,GGGGGGGGGGGGG,1.0,1.0
S2_D65_P1,S2_D65,1,3640,64,Child-Child,1,1,1,BGBYRRYGGBRYY,BBGYRRRYYYBGY,0.4615384615384615,0.46153846153846156
S2_D65_P1,S2_D65,1,3640,64,Child-Child,1,2,2,BBYBRGYGRRYRR,BBBBYGRBYGBBR,0.4615384615384615,0.46153846153846156
S2_D65_P1,S2_D65,1,3640,64,Child-Child,1,3,3,BYRBGGYGBYRBG,BRYGGYRBBGBYR,0.4615384615384615,0.46153846153846156
S2_D65_P1,S2_D65,1,3640,64,Child-Child,1,4,4,BBYYGYGYYRGBR,BBYYGYGYYYRBG,0.7692307692307692,0.7692307692307692
S2_D65_P1,S2_D65,1,3640,64,Child-Child,1,5,5,YRGBGYBRBYGRR,YRGBBYRBGBYGG,0.6153846153846154,0.6153846153846154
S2_D65_P1,S2_D65,1,3640,64,Child-Child,1,6,6,YYYBYRGYGYYBB,YYYBGRYBYBGRR,0.4615384615384615,0.46153846153846156
S2_D65_P1,S2_D65,1,3640,64,Child-Child,1,7,7,RRYGRRYBYBRYG,RYBGYRRRBGYRY,0.4615384615384615,0.46153846153846156
S2_D65_P1,S2_D65,1,3640,64,Child-Child,1,8,8,YRGBBGBBRYYBY,YBGRYYYBGRRYB,0.3846153846153846,0.3846153846153846
S2_D65_P1,S2_D65,1,3640,64,Child-Child,2,1,9,GRBRBYYYRRYYY,GRBYBYYYYYRGY,0.6153846153846154,0.6153846153846154
S2_D65_P1,S2_D65,1,3640,64,Child-Child,2,2,10,BBBBGRRBYRRYB,BBBBYRBBBBGGY,0.4615384615384615,0.46153846153846156
S2_D65_P1,S2_D65,1,3640,64,Child-Child,2,3,11,BGBGBGRBRGYYB,BGBBGRGBGYBYG,0.6153846153846154,0.6153846153846154
S2_D65_P1,S2_D65,1,3640,64,Child-Child,2,4,12,YYBRRBGYRBGRY,BGRBGYRYBGYYG,0.5384615384615384,0.5384615384615384
S2_D65_P1,S2_D65,1,3640,64,Child-Child,2,5,13,BRGYYYGBYBRBY,BRGYYYYBRYYYG,0.6153846153846154,0.6153846153846154
S2_D65_P1,S2_D65,1,3640,64,Child-Child,2,6,14,BGRBBGBYYRGRB,BGRBBBYBGGRBG,0.6923076923076923,0.6923076923076923
S2_D65_P1,S2_D65,1,3640,64,Child-Child,2,7,15,BRGYYYYGBYRGY,BRGYYYYRRGBYB,0.6153846153846154,0.6153846153846154
S2_D65_P1,S2_D65,1,3640,64,Child-Child,2,8,16,BBRGYBRBGRRYG,BBRGYBGRYBRGB,0.5384615384615384,0.5384615384615384
S2_D65_P2,S2_D65,2,3641,64,Child-Child,1,1,1,BBYBGYRGGBBRB,BBYBRGYGRRYRR,0.5384615384615384,0.5384615384615384
S2_D65_P2,S2_D65,2,3641,64,Child-Child,1,2,2,BBGYRRRYYYBGY,BYRBGGYGBYRBG,0.3076923076923077,0.3076923076923077
S2_D65_P2,S2_D65,2,3641,64,Child-Child,1,3,3,BBBBYGRBYGBBR,BBYYGYGYYRGBR,0.4615384615384615,0.46153846153846156
S2_D65_P2,S2_D65,2,3641,64,Child-Child,1,4,4,BRYGGYRBBGBYR,YRGBGYBRBYGRR,0.4615384615384615,0.46153846153846156
S2_D65_P2,S2_D65,2,3641,64,Child-Child,1,5,5,BBYYGYGYYYRBG,YYYBYRGYGYYBB,0.4615384615384615,0.46153846153846156
S2_D65_P2,S2_D65,2,3641,64,Child-Child,1,6,6,YRGBBYRBGBYGG,RRYGRRYBYBRYG,0.3846153846153846,0.3846153846153846
S2_D65_P2,S2_D65,2,3641,64,Child-Child,1,7,7,YYYBGRYBYBGRR,YRGBBGBBRYYBY,0.3076923076923077,0.3076923076923077
S2_D65_P2,S2_D65,2,3641,64,Child-Child,1,8,8,RYBGYRRRBGYRY,YRRBGRYGRYBYY,0.4615384615384615,0.46153846153846156
S2_D65_P2,S2_D65,2,3641,64,Child-Child,2,1,9,BBBBGBRYYGYBR,BBBBGRRBYRRYB,0.6153846153846154,0.6153846153846154
S2_D65_P2,S2_D65,2,3641,64,Child-Child,2,2,10,GRBYBYYYYYRGY,BGBGBGRBRGYYB,0.2307692307692307,0.23076923076923073
S2_D65_P2,S2_D65,2,3641,64,Child-Child,2,3,11,BBBBYRBBBBGGY,YYBRRBGYRBGRY,0.3846153846153846,0.3846153846153846
S2_D65_P2,S2_D65,2,3641,64,Child-Child,2,4,12,BGBBGRGBGYBYG,BRGYYYGBYBRBY,0.3076923076923077,0.3076923076923077
S2_D65_P2,S2_D65,2,3641,64,Child-Child,2,5,13,BGRBGYRYBGYYG,BGRBBGBYYRGRB,0.4615384615384615,0.46153846153846156
S2_D65_P2,S2_D65,2,3641,64,Child-Child,2,6,14,BRGYYYYBRYYYG,BRGYYYYGBYRGY,0.6153846153846154,0.6153846153846154
S2_D65_P2,S2_D65,2,3641,64,Child-Child,2,7,15,BGRBBBYBGGRBG,BBRGYBRBGRRYG,0.5384615384615384,0.5384615384615384
S2_D65_P2,S2_D65,2,3641,64,Child-Child,2,8,16,BRGYYYYRRGBYB,BRGYYYYGRBYBY,0.7692307692307692,0.7692307692307692
S2_D66_P1,S2_D66,1,3650,65,Adult-Adult,1,1,1,YGYRBYYGRGBRY,YGYBBRYGRRBRY,0.7692307692307692,0.7692307692307692
S2_D66_P1,S2_D66,1,3650,65,Adult-Adult,1,2,2,RGRYRRRGRYRBR,RGRGRRRRGRYRB,0.7692307692307692,0.7692307692307692
S2_D66_P1,S2_D66,1,3650,65,Adult-Adult,1,3,3,YGYGYBRYGYBBR,YGYGYRGYYGGGY,0.4615384615384615,0.46153846153846156
S2_D66_P1,S2_D66,1,3650,65,Adult-Adult,1,4,4,RGRGRRRYRBRGR,RGRGRRRRBRRRR,0.7692307692307692,0.7692307692307692
S2_D66_P1,S2_D66,1,3650,65,Adult-Adult,1,5,5,YGGRRRYGYYGYR,RGGRYRBYYGRYR,0.6153846153846154,0.6153846153846154
S2_D66_P1,S2_D66,1,3650,65,Adult-Adult,1,6,6,RGRGRRRRBRBRR,RGRGRRRRRGGRR,0.7692307692307692,0.7692307692307692
S2_D66_P1,S2_D66,1,3650,65,Adult-Adult,1,7,7,RGGRYRBBRGRYR,RGRGYRRRBRBGR,0.4615384615384615,0.46153846153846156
S2_D66_P1,S2_D66,1,3650,65,Adult-Adult,1,8,8,RGRGRRRRGGRGR,RGRGRRRRGRGRR,0.8461538461538461,0.8461538461538461
S2_D66_P1,S2_D66,1,3650,65,Adult-Adult,2,1,9,YRRBGRGRBBBYR,YRBRRGGYYRBRG,0.3846153846153846,0.3846153846153846
S2_D66_P1,S2_D66,1,3650,65,Adult-Adult,2,2,10,GRRGRYRBRGRRB,RGGRRRYRRYGRB,0.5384615384615384,0.5384615384615384
S2_D66_P1,S2_D66,1,3650,65,Adult-Adult,2,3,11,GGRYBRRGYRYRR,GRGRYBGRYRRYB,0.5384615384615384,0.5384615384615384
S2_D66_P1,S2_D66,1,3650,65,Adult-Adult,2,4,12,RGRGRRRYRYGRB,RGRGRRRYRGRYB,0.8461538461538461,0.8461538461538461
S2_D66_P1,S2_D66,1,3650,65,Adult-Adult,2,5,13,RGRGRBRGGBBRB,RGRGRGRRGRRGB,0.6153846153846154,0.6153846153846154
S2_D66_P1,S2_D66,1,3650,65,Adult-Adult,2,6,14,RGRGRRRYRGRYR,RGRGRRRYRGRGB,0.8461538461538461,0.8461538461538461
S2_D66_P1,S2_D66,1,3650,65,Adult-Adult,2,7,15,GRGRRGGRGBRBB,GRGRRGGRRGRRB,0.7692307692307692,0.7692307692307692
S2_D66_P1,S2_D66,1,3650,65,Adult-Adult,2,8,16,RGRGRRRYRGRGB,RGRGRRRYRGRGB,1.0,1.0
S2_D66_P2,S2_D66,2,3651,65,Adult-Adult,1,1,1,RGRYRRRBRRGRR,RGRYRRRGRYRBR,0.6923076923076923,0.6923076923076923
S2_D66_P2,S2_D66,2,3651,65,Adult-Adult,1,2,2,YGYBBRYGRRBRY,YGYGYBRYGYBBR,0.6153846153846154,0.6153846153846154
S2_D66_P2,S2_D66,2,3651,65,Adult-Adult,1,3,3,RGRGRRRRGRYRB,RGRGRRRYRBRGR,0.6923076923076923,0.6923076923076923
S2_D66_P2,S2_D66,2,3651,65,Adult-Adult,1,4,4,YGYGYRGYYGGGY,YGGRRRYGYYGYR,0.4615384615384615,0.46153846153846156
S2_D66_P2,S2_D66,2,3651,65,Adult-Adult,1,5,5,RGRGRRRRBRRRR,RGRGRRRRBRBRR,0.9230769230769232,0.9230769230769231
S2_D66_P2,S2_D66,2,3651,65,Adult-Adult,1,6,6,RGGRYRBYYGRYR,RGGRYRBBRGRYR,0.8461538461538461,0.8461538461538461
S2_D66_P2,S2_D66,2,3651,65,Adult-Adult,1,7,7,RGRGRRRRRGGRR,RGRGRRRRGGRGR,0.8461538461538461,0.8461538461538461
S2_D66_P2,S2_D66,2,3651,65,Adult-Adult,1,8,8,RGRGYRRRBRBGR,RGRGRRRYRBRGR,0.7692307692307692,0.7692307692307692
S2_D66_P2,S2_D66,2,3651,65,Adult-Adult,2,1,9,GYGGRBRGBRYRB,GRRGRYRBRGRRB,0.5384615384615384,0.5384615384615384
S2_D66_P2,S2_D66,2,3651,65,Adult-Adult,2,2,10,YRBRRGGYYRBRG,GGRYBRRGYRYRR,0.4615384615384615,0.46153846153846156
S2_D66_P2,S2_D66,2,3651,65,Adult-Adult,2,3,11,RGGRRRYRRYGRB,RGRGRRRYRYGRB,0.8461538461538461,0.8461538461538461
S2_D66_P2,S2_D66,2,3651,65,Adult-Adult,2,4,12,GRGRYBGRYRRYB,RGRGRBRGGBBRB,0.4615384615384615,0.46153846153846156
S2_D66_P2,S2_D66,2,3651,65,Adult-Adult,2,5,13,RGRGRRRYRGRYB,RGRGRRRYRGRYR,0.9230769230769232,0.9230769230769231
S2_D66_P2,S2_D66,2,3651,65,Adult-Adult,2,6,14,RGRGRGRRGRRGB,GRGRRGGRGBRBB,0.6153846153846154,0.6153846153846154
S2_D66_P2,S2_D66,2,3651,65,Adult-Adult,2,7,15,RGRGRRRYRGRGB,RGRGRRRYRGRGB,1.0,1.0
S2_D66_P2,S2_D66,2,3651,65,Adult-Adult,2,8,16,GRGRRGGRRGRRB,RGRGRGGRRGGBR,0.6153846153846154,0.6153846153846154
S2_D67_P1,S2_D67,1,3660,66,Adult-Adult,1,1,1,GRRBYGBYRRBYB,GBBBGBBBBRBYG,0.4615384615384615,0.46153846153846156
S2_D67_P1,S2_D67,1,3660,66,Adult-Adult,1,2,2,GGYBRBYGRYBBG,GYBRBBYGBRYGG,0.6153846153846154,0.6153846153846154
S2_D67_P1,S2_D67,1,3660,66,Adult-Adult,1,3,3,GGBBBGBBBGRBY,GBBGGGBBBGRYB,0.6153846153846154,0.6153846153846154
S2_D67_P1,S2_D67,1,3660,66,Adult-Adult,1,4,4,YBBGBBYRBGYBY,YBBYBGGBYRBGY,0.6153846153846154,0.6153846153846154
S2_D67_P1,S2_D67,1,3660,66,Adult-Adult,1,5,5,GBGBBYGBGYRYB,GBGBYRGBRYRYR,0.6923076923076923,0.6923076923076923
S2_D67_P1,S2_D67,1,3660,66,Adult-Adult,1,6,6,YBBYGBYRGYGYG,YBYBBRYBYGYGY,0.5384615384615384,0.5384615384615384
S2_D67_P1,S2_D67,1,3660,66,Adult-Adult,1,7,7,GYGBYGBYGRYGY,GYGYBYRGYGBYG,0.6153846153846154,0.6153846153846154
S2_D67_P1,S2_D67,1,3660,66,Adult-Adult,1,8,8,YBYBYBRGYGYGY,YBYBYRBYGYGYG,0.7692307692307692,0.7692307692307692
S2_D67_P1,S2_D67,1,3660,66,Adult-Adult,2,1,9,RRBYYYYRRGBRY,RRBYYYYRBYGYG,0.6153846153846154,0.6153846153846154
S2_D67_P1,S2_D67,1,3660,66,Adult-Adult,2,2,10,GYRGYBGYGYBRG,GYRYRGBGYRRBB,0.5384615384615384,0.5384615384615384
S2_D67_P1,S2_D67,1,3660,66,Adult-Adult,2,3,11,RYRRYYYRGYBGY,RYRYYYRGBYRRR,0.6153846153846154,0.6153846153846154
S2_D67_P1,S2_D67,1,3660,66,Adult-Adult,2,4,12,GYBYRRYGBYGYG,GYBYGRYGYGYGY,0.7692307692307692,0.7692307692307692
S2_D67_P1,S2_D67,1,3660,66,Adult-Adult,2,5,13,RYRYRYBGYRYGY,RYRYRYBGYRBGY,0.9230769230769232,0.9230769230769231
S2_D67_P1,S2_D67,1,3660,66,Adult-Adult,2,6,14,GYBRYGYGYBGYG,GYBRYGYGYBRGY,0.8461538461538461,0.8461538461538461
S2_D67_P1,S2_D67,1,3660,66,Adult-Adult,2,7,15,RYRYRYBGYRGGY,RYRYBGYRYRYGY,0.6153846153846154,0.6153846153846154
S2_D67_P1,S2_D67,1,3660,66,Adult-Adult,2,8,16,GYBRGYRGYRGYB,GYBRGBRYGBGYR,0.6153846153846154,0.6153846153846154
S2_D67_P2,S2_D67,2,3661,66,Adult-Adult,1,1,1,GGBRBGBYBRGGY,GGYBRBYGRYBBG,0.5384615384615384,0.5384615384615384
S2_D67_P2,S2_D67,2,3661,66,Adult-Adult,1,2,2,GBBBGBBBBRBYG,GGBBBGBBBGRBY,0.7692307692307692,0.7692307692307692
S2_D67_P2,S2_D67,2,3661,66,Adult-Adult,1,3,3,GYBRBBYGBRYGG,YBBGBBYRBGYBY,0.4615384615384615,0.46153846153846156
S2_D67_P2,S2_D67,2,3661,66,Adult-Adult,1,4,4,GBBGGGBBBGRYB,GBGBBYGBGYRYB,0.5384615384615384,0.5384615384615384
S2_D67_P2,S2_D67,2,3661,66,Adult-Adult,1,5,5,YBBYBGGBYRBGY,YBBYGBYRGYGYG,0.6153846153846154,0.6153846153846154
S2_D67_P2,S2_D67,2,3661,66,Adult-Adult,1,6,6,GBGBYRGBRYRYR,GYGBYGBYGRYGY,0.5384615384615384,0.5384615384615384
S2_D67_P2,S2_D67,2,3661,66,Adult-Adult,1,7,7,YBYBBRYBYGYGY,YBYBYBRGYGYGY,0.7692307692307692,0.7692307692307692
S2_D67_P2,S2_D67,2,3661,66,Adult-Adult,1,8,8,GYGYBYRGYGBYG,GYGYBRYBRGYGY,0.6923076923076923,0.6923076923076923
S2_D67_P2,S2_D67,2,3661,66,Adult-Adult,2,1,9,GYRYRYBBBGYYR,GYRGYBGYGYBRG,0.5384615384615384,0.5384615384615384
S2_D67_P2,S2_D67,2,3661,66,Adult-Adult,2,2,10,RRBYYYYRBYGYG,RYRRYYYRGYBGY,0.5384615384615384,0.5384615384615384
S2_D67_P2,S2_D67,2,3661,66,Adult-Adult,2,3,11,GYRYRGBGYRRBB,GYBYRRYGBYGYG,0.3846153846153846,0.3846153846153846
S2_D67_P2,S2_D67,2,3661,66,Adult-Adult,2,4,12,RYRYYYRGBYRRR,RYRYRYBGYRYGY,0.5384615384615384,0.5384615384615384
S2_D67_P2,S2_D67,2,3661,66,Adult-Adult,2,5,13,GYBYGRYGYGYGY,GYBRYGYGYBGYG,0.6923076923076923,0.6923076923076923
S2_D67_P2,S2_D67,2,3661,66,Adult-Adult,2,6,14,RYRYRYBGYRBGY,RYRYRYBGYRGGY,0.9230769230769232,0.9230769230769231
S2_D67_P2,S2_D67,2,3661,66,Adult-Adult,2,7,15,GYBRYGYGYBRGY,GYBRGYRGYRGYB,0.6923076923076923,0.6923076923076923
S2_D67_P2,S2_D67,2,3661,66,Adult-Adult,2,8,16,RYRYBGYRYRYGY,RYRYGBYRGYBYG,0.6153846153846154,0.6153846153846154
S2_D68_P1,S2_D68,1,3670,67,Child-Child,1,1,1,YRBRGBBRYBRBY,YRBGYYRBBGYRR,0.3846153846153846,0.3846153846153846
S2_D68_P1,S2_D68,1,3670,67,Child-Child,1,2,2,RBYGYYYRBYGRY,RRBYGYYYRGBBY,0.6153846153846154,0.6153846153846154
S2_D68_P1,S2_D68,1,3670,67,Child-Child,1,3,3,YRBGYRRYBGRYB,YRBBGYRYBYGRY,0.6923076923076923,0.6923076923076923
S2_D68_P1,S2_D68,1,3670,67,Child-Child,1,4,4,RBYGRBGYYYRBG,RBBYGRBGYYYBB,0.7692307692307692,0.7692307692307692
S2_D68_P1,S2_D68,1,3670,67,Child-Child,1,5,5,YRBYYGRBYGYBR,RBYYGBBRYYGBR,0.6153846153846154,0.6153846153846154
S2_D68_P1,S2_D68,1,3670,67,Child-Child,1,6,6,RBGYYRBGYYRBY,RBGYBGYRBRBYB,0.6153846153846154,0.6153846153846154
S2_D68_P1,S2_D68,1,3670,67,Child-Child,1,7,7,YRBGYYRBBGYRB,RBGYGGBBYYRBB,0.6153846153846154,0.6153846153846154
S2_D68_P1,S2_D68,1,3670,67,Child-Child,1,8,8,RBYGRBYGYRBGR,RBYGRBYGRBGRR,0.8461538461538461,0.8461538461538461
S2_D68_P1,S2_D68,1,3670,67,Child-Child,2,1,9,RBYRRYBBYGGYY,RBYRRYYGRBYYR,0.6153846153846154,0.6153846153846154
S2_D68_P1,S2_D68,1,3670,67,Child-Child,2,2,10,RYGRYBGRBGYRB,RYGRBGRBYRGBY,0.6923076923076923,0.6923076923076923
S2_D68_P1,S2_D68,1,3670,67,Child-Child,2,3,11,RBYYGRBYRGRYR,RBGBYGRYBRGRG,0.5384615384615384,0.5384615384615384
S2_D68_P1,S2_D68,1,3670,67,Child-Child,2,4,12,RYGBRYGRBYGRY,YGBRYGRRGBRYR,0.6153846153846154,0.6153846153846154
S2_D68_P1,S2_D68,1,3670,67,Child-Child,2,5,13,RBYGRBYGGYRBY,RBYGRBYGGRBBY,0.8461538461538461,0.8461538461538461
S2_D68_P1,S2_D68,1,3670,67,Child-Child,2,6,14,RYGBYRBGRBYGG,RBGYRGBYRYGYB,0.4615384615384615,0.46153846153846156
S2_D68_P1,S2_D68,1,3670,67,Child-Child,2,7,15,RBYGGRBYYGRBY,RBYGGRBYYGRBY,1.0,1.0
S2_D68_P1,S2_D68,1,3670,67,Child-Child,2,8,16,RBYGRGBYRGYRB,RBYGRRBYRBBGY,0.6153846153846154,0.6153846153846154
S2_D68_P2,S2_D68,2,3671,67,Child-Child,1,1,1,RGRBGYYBRGBYY,RBYGYYYRBYGRY,0.4615384615384615,0.46153846153846156
S2_D68_P2,S2_D68,2,3671,67,Child-Child,1,2,2,YRBGYYRBBGYRR,YRBGYRRYBGRYB,0.6153846153846154,0.6153846153846154
S2_D68_P2,S2_D68,2,3671,67,Child-Child,1,3,3,RRBYGYYYRGBBY,RBYGRBGYYYRBG,0.4615384615384615,0.46153846153846156
S2_D68_P2,S2_D68,2,3671,67,Child-Child,1,4,4,YRBBGYRYBYGRY,YRBYYGRBYGYBR,0.4615384615384615,0.46153846153846156
S2_D68_P2,S2_D68,2,3671,67,Child-Child,1,5,5,RBBYGRBGYYYBB,RBGYYRBGYYRBY,0.6923076923076923,0.6923076923076923
S2_D68_P2,S2_D68,2,3671,67,Child-Child,1,6,6,RBYYGBBRYYGBR,YRBGYYRBBGYRB,0.4615384615384615,0.46153846153846156
S2_D68_P2,S2_D68,2,3671,67,Child-Child,1,7,7,RBGYBGYRBRBYB,RBYGRBYGYRBGR,0.4615384615384615,0.46153846153846156
S2_D68_P2,S2_D68,2,3671,67,Child-Child,1,8,8,RBGYGGBBYYRBB,BGYBBGRBYRYYG,0.3846153846153846,0.3846153846153846
S2_D68_P2,S2_D68,2,3671,67,Child-Child,2,1,9,RYGRGRBYBRGGY,RYGRYBGRBGYRB,0.4615384615384615,0.46153846153846156
S2_D68_P2,S2_D68,2,3671,67,Child-Child,2,2,10,RBYRRYYGRBYYR,RBYYGRBYRGRYR,0.5384615384615384,0.5384615384615384
S2_D68_P2,S2_D68,2,3671,67,Child-Child,2,3,11,RYGRBGRBYRGBY,RYGBRYGRBYGRY,0.6923076923076923,0.6923076923076923
S2_D68_P2,S2_D68,2,3671,67,Child-Child,2,4,12,RBGBYGRYBRGRG,RBYGRBYGGYRBY,0.4615384615384615,0.46153846153846156
S2_D68_P2,S2_D68,2,3671,67,Child-Child,2,5,13,YGBRYGRRGBRYR,RYGBYRBGRBYGG,0.3846153846153846,0.3846153846153846
S2_D68_P2,S2_D68,2,3671,67,Child-Child,2,6,14,RBYGRBYGGRBBY,RBYGGRBYYGRBY,0.7692307692307692,0.7692307692307692
S2_D68_P2,S2_D68,2,3671,67,Child-Child,2,7,15,RBGYRGBYRYGYB,RBYGRGBYRGYRB,0.6923076923076923,0.6923076923076923
S2_D68_P2,S2_D68,2,3671,67,Child-Child,2,8,16,RBYGGRBYYGRBY,RBYGGRBYYGRBY,1.0,1.0
S2_D69_P1,S2_D69,1,3680,68,Child-Child,1,1,1,RBBGBBBGGGYBG,RBBGGGYBBBGYR,0.4615384615384615,0.46153846153846156
S2_D69_P1,S2_D69,1,3680,68,Child-Child,1,2,2,RRBYGRRRRBGYR,RBYGRRRRBYRRB,0.6923076923076923,0.6923076923076923
S2_D69_P1,S2_D69,1,3680,68,Child-Child,1,3,3,RBYYGRBYRBRGB,RBYYRBYRBYGRB,0.7692307692307692,0.7692307692307692
S2_D69_P1,S2_D69,1,3680,68,Child-Child,1,4,4,RRRBRRYBRRBBY,RBRRRBYYRBYRB,0.3846153846153846,0.3846153846153846
S2_D69_P1,S2_D69,1,3680,68,Child-Child,1,5,5,BYRBYYYGRBYYY,RBYYYYGRBYYYY,0.6923076923076923,0.6923076923076923
S2_D69_P1,S2_D69,1,3680,68,Child-Child,1,6,6,RYBRBYRGRBYBY,RBYYRBYGRBYYR,0.6153846153846154,0.6153846153846154
S2_D69_P1,S2_D69,1,3680,68,Child-Child,1,7,7,RBYYYYRBYYYYG,RBYYYYRBYYYYG,1.0,1.0
S2_D69_P1,S2_D69,1,3680,68,Child-Child,1,8,8,RBYYYRBYYGRBY,RBYYYYYGYRBYB,0.6923076923076923,0.6923076923076923
S2_D69_P1,S2_D69,1,3680,68,Child-Child,2,1,9,RRYGGYGGRRBYG,RYYYGRYBBYGRB,0.3846153846153846,0.3846153846153846
S2_D69_P1,S2_D69,1,3680,68,Child-Child,2,2,10,BBBYBRBBBYGRB,RBYGRBYYGRBYG,0.4615384615384615,0.46153846153846156
S2_D69_P1,S2_D69,1,3680,68,Child-Child,2,3,11,RYYYGRBBYGRBR,RBYYYYGRBYYGR,0.6153846153846154,0.6153846153846154
S2_D69_P1,S2_D69,1,3680,68,Child-Child,2,4,12,RYGBBBRYBGRYB,RYGBRYGBYBBRY,0.5384615384615384,0.5384615384615384
S2_D69_P1,S2_D69,1,3680,68,Child-Child,2,5,13,GRBYYYYGRBYYG,GRBYYYYYYGRBY,0.6923076923076923,0.6923076923076923
S2_D69_P1,S2_D69,1,3680,68,Child-Child,2,6,14,BYYYYBRYBYBRR,BYYYYRBYYYRBY,0.5384615384615384,0.5384615384615384
S2_D69_P1,S2_D69,1,3680,68,Child-Child,2,7,15,GRBYYYYYYGRBY,GRBYYYYYYGRBY,1.0,1.0
S2_D69_P1,S2_D69,1,3680,68,Child-Child,2,8,16,RBYYYYRBYYYYR,RBYYYYGRBYRYY,0.7692307692307692,0.7692307692307692
S2_D69_P2,S2_D69,2,3681,68,Child-Child,1,1,1,GRBRBGRRRGBGY,RRBYGRRRRBGYR,0.6153846153846154,0.6153846153846154
S2_D69_P2,S2_D69,2,3681,68,Child-Child,1,2,2,RBBGGGYBBBGYR,RBYYGRBYRBRGB,0.3846153846153846,0.3846153846153846
S2_D69_P2,S2_D69,2,3681,68,Child-Child,1,3,3,RBYGRRRRBYRRB,RRRBRRYBRRBBY,0.3846153846153846,0.3846153846153846
S2_D69_P2,S2_D69,2,3681,68,Child-Child,1,4,4,RBYYRBYRBYGRB,BYRBYYYGRBYYY,0.4615384615384615,0.46153846153846156
S2_D69_P2,S2_D69,2,3681,68,Child-Child,1,5,5,RBRRRBYYRBYRB,RYBRBYRGRBYBY,0.4615384615384615,0.46153846153846156
S2_D69_P2,S2_D69,2,3681,68,Child-Child,1,6,6,RBYYYYGRBYYYY,RBYYYYRBYYYYG,0.8461538461538461,0.8461538461538461
S2_D69_P2,S2_D69,2,3681,68,Child-Child,1,7,7,RBYYRBYGRBYYR,RBYYYRBYYGRBY,0.6923076923076923,0.6923076923076923
S2_D69_P2,S2_D69,2,3681,68,Child-Child,1,8,8,RBYYYYRBYYYYG,RBYYYYGRBYYYY,0.8461538461538461,0.8461538461538461
S2_D69_P2,S2_D69,2,3681,68,Child-Child,2,1,9,BBGGYBRYBGBGY,BBBYBRBBBYGRB,0.4615384615384615,0.46153846153846156
S2_D69_P2,S2_D69,2,3681,68,Child-Child,2,2,10,RYYYGRYBBYGRB,RYYYGRBBYGRBR,0.8461538461538461,0.8461538461538461
S2_D69_P2,S2_D69,2,3681,68,Child-Child,2,3,11,RBYGRBYYGRBYG,RYGBBBRYBGRYB,0.4615384615384615,0.46153846153846156
S2_D69_P2,S2_D69,2,3681,68,Child-Child,2,4,12,RBYYYYGRBYYGR,GRBYYYYGRBYYG,0.8461538461538461,0.8461538461538461
S2_D69_P2,S2_D69,2,3681,68,Child-Child,2,5,13,RYGBRYGBYBBRY,BYYYYBRYBYBRR,0.4615384615384615,0.46153846153846156
S2_D69_P2,S2_D69,2,3681,68,Child-Child,2,6,14,GRBYYYYYYGRBY,GRBYYYYYYGRBY,1.0,1.0
S2_D69_P2,S2_D69,2,3681,68,Child-Child,2,7,15,BYYYYRBYYYRBY,RBYYYYRBYYYYR,0.6923076923076923,0.6923076923076923
S2_D69_P2,S2_D69,2,3681,68,Child-Child,2,8,16,GRBYYYYYYGRBY,GRBYYYYYYGRBY,1.0,1.0
S2_D70_P1,S2_D70,1,3690,69,Adult-Adult,1,1,1,RRGYYBYGGGYYY,RRGYBBYYGRGGY,0.6153846153846154,0.6153846153846154
S2_D70_P1,S2_D70,1,3690,69,Adult-Adult,1,2,2,BGRRBGRRYBRRB,BGRRRBRGGYGRB,0.5384615384615384,0.5384615384615384
S2_D70_P1,S2_D70,1,3690,69,Adult-Adult,1,3,3,RRGYBBRRGYBBG,RRGYBRBBYGBGR,0.6153846153846154,0.6153846153846154
S2_D70_P1,S2_D70,1,3690,69,Adult-Adult,1,4,4,BBGGRYBBGRRYB,BGRRBYGYRBBRG,0.3846153846153846,0.3846153846153846
S2_D70_P1,S2_D70,1,3690,69,Adult-Adult,1,5,5,RRGYBBRRGGBBY,RRGGBBYGRRBBY,0.6153846153846154,0.6153846153846154
S2_D70_P1,S2_D70,1,3690,69,Adult-Adult,1,6,6,BRRGYBBRRGYGY,BBRGYGRBRYGGY,0.6153846153846154,0.6153846153846154
S2_D70_P1,S2_D70,1,3690,69,Adult-Adult,1,7,7,RRGGBBYRRGGBB,RRGGBYGGYRBRG,0.4615384615384615,0.46153846153846156
S2_D70_P1,S2_D70,1,3690,69,Adult-Adult,1,8,8,BBRGYYBRRGGYY,BBRGYYBRRGYYB,0.8461538461538461,0.8461538461538461
S2_D70_P1,S2_D70,1,3690,69,Adult-Adult,2,1,9,GYRRRYBYYRRYB,GYRRRBYRYGBYB,0.6923076923076923,0.6923076923076923
S2_D70_P1,S2_D70,1,3690,69,Adult-Adult,2,2,10,GGGGYBGYGYRGY,GGGGYBGYRBYGB,0.6923076923076923,0.6923076923076923
S2_D70_P1,S2_D70,1,3690,69,Adult-Adult,2,3,11,GGYBRGYYGBGYR,GGYBRGYYRBBGY,0.7692307692307692,0.7692307692307692
S2_D70_P1,S2_D70,1,3690,69,Adult-Adult,2,4,12,GGGGYBGYRGYBG,GGGGYBGYRBGGY,0.6923076923076923,0.6923076923076923
S2_D70_P1,S2_D70,1,3690,69,Adult-Adult,2,5,13,GGYBRGYRBYGYG,GGYBRGYRBGYGR,0.8461538461538461,0.8461538461538461
S2_D70_P1,S2_D70,1,3690,69,Adult-Adult,2,6,14,GGGGYBRYGGYGY,GGGGYRBGYRGGY,0.6923076923076923,0.6923076923076923
S2_D70_P1,S2_D70,1,3690,69,Adult-Adult,2,7,15,GGYBRGGYRBGYR,GGYBRGYRGBYGG,0.6153846153846154,0.6153846153846154
S2_D70_P1,S2_D70,1,3690,69,Adult-Adult,2,8,16,GGGGYBRGGYRGY,GGGGYBRGYBRGG,0.7692307692307692,0.7692307692307692
S2_D70_P2,S2_D70,2,3691,69,Adult-Adult,1,1,1,BGRRBBGBYGRRB,BGRRBGRRYBRRB,0.6923076923076923,0.6923076923076923
S2_D70_P2,S2_D70,2,3691,69,Adult-Adult,1,2,2,RRGYBBYYGRGGY,RRGYBBRRGYBBG,0.5384615384615384,0.5384615384615384
S2_D70_P2,S2_D70,2,3691,69,Adult-Adult,1,3,3,BGRRRBRGGYGRB,BBGGRYBBGRRYB,0.3846153846153846,0.3846153846153846
S2_D70_P2,S2_D70,2,3691,69,Adult-Adult,1,4,4,RRGYBRBBYGBGR,RRGYBBRRGGBBY,0.5384615384615384,0.5384615384615384
S2_D70_P2,S2_D70,2,3691,69,Adult-Adult,1,5,5,BGRRBYGYRBBRG,BRRGYBBRRGYGY,0.3846153846153846,0.3846153846153846
S2_D70_P2,S2_D70,2,3691,69,Adult-Adult,1,6,6,RRGGBBYGRRBBY,RRGGBBYRRGGBB,0.6923076923076923,0.6923076923076923
S2_D70_P2,S2_D70,2,3691,69,Adult-Adult,1,7,7,BBRGYGRBRYGGY,BBRGYYBRRGGYY,0.6923076923076923,0.6923076923076923
S2_D70_P2,S2_D70,2,3691,69,Adult-Adult,1,8,8,RRGGBYGGYRBRG,RBBGYRRBBGYGG,0.2307692307692307,0.23076923076923073
S2_D70_P2,S2_D70,2,3691,69,Adult-Adult,2,1,9,GGGGYGBGRYRGY,GGGGYBGYGYRGY,0.7692307692307692,0.7692307692307692
S2_D70_P2,S2_D70,2,3691,69,Adult-Adult,2,2,10,GYRRRBYRYGBYB,GGYBRGYYGBGYR,0.4615384615384615,0.46153846153846156
S2_D70_P2,S2_D70,2,3691,69,Adult-Adult,2,3,11,GGGGYBGYRBYGB,GGGGYBGYRGYBG,0.7692307692307692,0.7692307692307692
S2_D70_P2,S2_D70,2,3691,69,Adult-Adult,2,4,12,GGYBRGYYRBBGY,GGYBRGYRBYGYG,0.7692307692307692,0.7692307692307692
S2_D70_P2,S2_D70,2,3691,69,Adult-Adult,2,5,13,GGGGYBGYRBGGY,GGGGYBRYGGYGY,0.6923076923076923,0.6923076923076923
S2_D70_P2,S2_D70,2,3691,69,Adult-Adult,2,6,14,GGYBRGYRBGYGR,GGYBRGGYRBGYR,0.8461538461538461,0.8461538461538461
S2_D70_P2,S2_D70,2,3691,69,Adult-Adult,2,7,15,GGGGYRBGYRGGY,GGGGYBRGGYRGY,0.7692307692307692,0.7692307692307692
S2_D70_P2,S2_D70,2,3691,69,Adult-Adult,2,8,16,GGYBRGYRGBYGG,GGYBRGYBRGYBR,0.6923076923076923,0.6923076923076923
S2_D71_P1,S2_D71,1,3700,70,Adult-Adult,1,1,1,YRRYRGBRYYGGY,YRRYRBGRYBGBY,0.6923076923076923,0.6923076923076923
S2_D71_P1,S2_D71,1,3700,70,Adult-Adult,1,2,2,BBYYRRGYBGRRB,BBYYRRGYBRYGB,0.7692307692307692,0.7692307692307692
S2_D71_P1,S2_D71,1,3700,70,Adult-Adult,1,3,3,RRRGYBRGYRBRY,RRRGYBRYYGRBY,0.7692307692307692,0.7692307692307692
S2_D71_P1,S2_D71,1,3700,70,Adult-Adult,1,4,4,BBYYGYBBRGYYB,BBRRGGYYBRGYB,0.6153846153846154,0.6153846153846154
S2_D71_P1,S2_D71,1,3700,70,Adult-Adult,1,5,5,RRRGYBRYGBRYB,RRRGYBRRYGYBR,0.6923076923076923,0.6923076923076923
S2_D71_P1,S2_D71,1,3700,70,Adult-Adult,1,6,6,BRRGGYYBRGBRG,RRGGYYBRGYBRG,0.8461538461538461,0.8461538461538461
S2_D71_P1,S2_D71,1,3700,70,Adult-Adult,1,7,7,RRRGYBRGYRBGR,RRRGYBRGYBRYB,0.6923076923076923,0.6923076923076923
S2_D71_P1,S2_D71,1,3700,70,Adult-Adult,1,8,8,RRGGYYBRGYBRG,RRGGYYBRGYBRG,1.0,1.0
S2_D71_P1,S2_D71,1,3700,70,Adult-Adult,2,1,9,YGGRRGGGGYYRY,YGRRGGGYRGYRG,0.6153846153846154,0.6153846153846154
S2_D71_P1,S2_D71,1,3700,70,Adult-Adult,2,2,10,RBRBGYRBGRBYG,RBRBGYRBGYRBG,0.8461538461538461,0.8461538461538461
S2_D71_P1,S2_D71,1,3700,70,Adult-Adult,2,3,11,YYGRYGRBRGYGR,YYGRYGRYBRGYY,0.7692307692307692,0.7692307692307692
S2_D71_P1,S2_D71,1,3700,70,Adult-Adult,2,4,12,RBRBGYRYRBGYR,RBRBGYRBYGYRB,0.6923076923076923,0.6923076923076923
S2_D71_P1,S2_D71,1,3700,70,Adult-Adult,2,5,13,YGYGRBGYRBYGR,YGYGRBYGYBRYG,0.6923076923076923,0.6923076923076923
S2_D71_P1,S2_D71,1,3700,70,Adult-Adult,2,6,14,RBGYRBYRBGYRB,RBGYBRBYGBRYB,0.6923076923076923,0.6923076923076923
S2_D71_P1,S2_D71,1,3700,70,Adult-Adult,2,7,15,YGYGBRYYRGBYG,YGYGRBRYBRBYG,0.7692307692307692,0.7692307692307692
S2_D71_P1,S2_D71,1,3700,70,Adult-Adult,2,8,16,RBRBYGBRYGRBR,RBRBYGBRBYGRB,0.8461538461538461,0.8461538461538461
S2_D71_P2,S2_D71,2,3701,70,Adult-Adult,1,1,1,BGGRGYBGGRGYR,BBYYRRGYBGRRB,0.3846153846153846,0.3846153846153846
S2_D71_P2,S2_D71,2,3701,70,Adult-Adult,1,2,2,YRRYRBGRYBGBY,RRRGYBRGYRBRY,0.3846153846153846,0.3846153846153846
S2_D71_P2,S2_D71,2,3701,70,Adult-Adult,1,3,3,BBYYRRGYBRYGB,BBYYGYBBRGYYB,0.6153846153846154,0.6153846153846154
S2_D71_P2,S2_D71,2,3701,70,Adult-Adult,1,4,4,RRRGYBRYYGRBY,RRRGYBRYGBRYB,0.6923076923076923,0.6923076923076923
S2_D71_P2,S2_D71,2,3701,70,Adult-Adult,1,5,5,BBRRGGYYBRGYB,BRRGGYYBRGBRG,0.6923076923076923,0.6923076923076923
S2_D71_P2,S2_D71,2,3701,70,Adult-Adult,1,6,6,RRRGYBRRYGYBR,RRRGYBRGYRBGR,0.6923076923076923,0.6923076923076923
S2_D71_P2,S2_D71,2,3701,70,Adult-Adult,1,7,7,RRGGYYBRGYBRG,RRGGYYBRGYBRG,1.0,1.0
S2_D71_P2,S2_D71,2,3701,70,Adult-Adult,1,8,8,RRRGYBRGYBRYB,RRRGYBRGYBRYB,1.0,1.0
S2_D71_P2,S2_D71,2,3701,70,Adult-Adult,2,1,9,RBRGBRBYGBBBR,RBRBGYRBGRBYG,0.5384615384615384,0.5384615384615384
S2_D71_P2,S2_D71,2,3701,70,Adult-Adult,2,2,10,YGRRGGGYRGYRG,YYGRYGRBRGYGR,0.4615384615384615,0.46153846153846156
S2_D71_P2,S2_D71,2,3701,70,Adult-Adult,2,3,11,RBRBGYRBGYRBG,RBRBGYRYRBGYR,0.6923076923076923,0.6923076923076923
S2_D71_P2,S2_D71,2,3701,70,Adult-Adult,2,4,12,YYGRYGRYBRGYY,YGYGRBGYRBYGR,0.4615384615384615,0.46153846153846156
S2_D71_P2,S2_D71,2,3701,70,Adult-Adult,2,5,13,RBRBGYRBYGYRB,RBGYRBYRBGYRB,0.6923076923076923,0.6923076923076923
S2_D71_P2,S2_D71,2,3701,70,Adult-Adult,2,6,14,YGYGRBYGYBRYG,YGYGBRYYRGBYG,0.6153846153846154,0.6153846153846154
S2_D71_P2,S2_D71,2,3701,70,Adult-Adult,2,7,15,RBGYBRBYGBRYB,RBRBYGBRYGRBR,0.5384615384615384,0.5384615384615384
S2_D71_P2,S2_D71,2,3701,70,Adult-Adult,2,8,16,YGYGRBRYBRBYG,YGYGRBYGBRGYR,0.6923076923076923,0.6923076923076923
